0,1,748,923,385,153,1.0,-1,-1,-1
0,2,1548,630,205,102,1.0,-1,-1,-1
0,3,568,774,252,147,1.0,-1,-1,-1
0,4,1447,861,358,166,1.0,-1,-1,-1
0,5,150,696,103,67,1.0,-1,-1,-1
0,6,1837,616,82,92,1.0,-1,-1,-1
0,7,34,657,76,61,1.0,-1,-1,-1
0,8,1208,835,114,79,1.0,-1,-1,-1
0,9,1028,874,114,97,1.0,-1,-1,-1
0,10,511,640,254,176,1.0,-1,-1,-1
0,11,1399,971,391,108,1.0,-1,-1,-1
0,12,799,755,74,59,1.0,-1,-1,-1
0,13,1206,579,200,86,1.0,-1,-1,-1
0,14,1055,700,66,58,1.0,-1,-1,-1
0,15,993,601,129,81,1.0,-1,-1,-1
0,16,1886,811,33,99,1.0,-1,-1,-1
0,17,1129,627,65,48,1.0,-1,-1,-1
0,18,702,559,140,95,1.0,-1,-1,-1
0,19,544,594,120,61,1.0,-1,-1,-1
0,20,1824,810,47,98,1.0,-1,-1,-1
0,21,422,587,105,55,1.0,-1,-1,-1
0,22,956,592,112,64,1.0,-1,-1,-1
0,23,953,711,85,57,1.0,-1,-1,-1
0,24,1519,604,74,55,1.0,-1,-1,-1
0,25,1723,607,94,68,1.0,-1,-1,-1
0,26,733,634,65,71,1.0,-1,-1,-1
0,27,1745,804,66,96,1.0,-1,-1,-1
0,28,1408,595,68,54,1.0,-1,-1,-1
0,29,118,765,34,52,1.0,-1,-1,-1
0,30,222,616,88,44,1.0,-1,-1,-1
0,31,1685,788,64,81,1.0,-1,-1,-1
0,32,842,705,64,78,1.0,-1,-1,-1
0,33,1263,644,71,46,1.0,-1,-1,-1
0,34,1281,437,140,85,1.0,-1,-1,-1
0,35,364,616,28,42,1.0,-1,-1,-1
0,36,1389,460,77,53,1.0,-1,-1,-1
0,37,126,649,47,49,1.0,-1,-1,-1
1,1,757,924,390,151,1.0,-1,-1,-1
1,2,1541,629,205,103,1.0,-1,-1,-1
1,3,573,768,257,155,1.0,-1,-1,-1
1,4,1411,864,429,213,1.0,-1,-1,-1
1,5,152,699,102,65,1.0,-1,-1,-1
1,6,1828,614,91,92,1.0,-1,-1,-1
1,7,36,661,75,57,1.0,-1,-1,-1
1,8,1221,834,115,83,1.0,-1,-1,-1
1,9,1043,886,116,86,1.0,-1,-1,-1
1,10,516,640,254,174,1.0,-1,-1,-1
1,12,813,753,69,62,1.0,-1,-1,-1
1,13,1197,578,203,86,1.0,-1,-1,-1
1,14,1055,699,66,59,1.0,-1,-1,-1
1,15,988,602,129,80,1.0,-1,-1,-1
1,16,1886,811,34,99,1.0,-1,-1,-1
1,17,1125,624,66,50,1.0,-1,-1,-1
1,18,701,559,139,95,1.0,-1,-1,-1
1,19,542,597,118,58,1.0,-1,-1,-1
1,20,1824,810,48,98,1.0,-1,-1,-1
1,21,421,590,96,52,1.0,-1,-1,-1
1,22,949,591,125,65,1.0,-1,-1,-1
1,23,956,709,82,58,1.0,-1,-1,-1
1,24,1511,595,88,64,1.0,-1,-1,-1
1,25,1727,603,82,72,1.0,-1,-1,-1
1,26,728,638,71,67,1.0,-1,-1,-1
1,27,1749,804,62,90,1.0,-1,-1,-1
1,28,1398,594,70,55,1.0,-1,-1,-1
1,29,119,765,35,53,1.0,-1,-1,-1
1,30,223,616,86,44,1.0,-1,-1,-1
1,31,1685,786,67,83,1.0,-1,-1,-1
1,32,864,709,44,74,1.0,-1,-1,-1
1,34,1281,438,138,84,1.0,-1,-1,-1
1,35,362,615,29,43,1.0,-1,-1,-1
1,36,1389,460,77,53,1.0,-1,-1,-1
1,37,128,652,47,45,1.0,-1,-1,-1
2,1,766,924,394,151,1.0,-1,-1,-1
2,2,1533,630,204,102,1.0,-1,-1,-1
2,3,580,774,257,151,1.0,-1,-1,-1
2,4,1488,865,363,209,1.0,-1,-1,-1
2,5,155,696,102,71,1.0,-1,-1,-1
2,6,1820,611,99,95,1.0,-1,-1,-1
2,7,36,662,75,56,1.0,-1,-1,-1
2,8,1233,840,114,78,1.0,-1,-1,-1
2,9,1061,888,117,91,1.0,-1,-1,-1
2,10,522,642,258,173,1.0,-1,-1,-1
2,11,1424,976,393,102,1.0,-1,-1,-1
2,12,821,757,73,59,1.0,-1,-1,-1
2,13,1194,577,203,87,1.0,-1,-1,-1
2,14,1055,699,66,60,1.0,-1,-1,-1
2,15,978,600,135,82,1.0,-1,-1,-1
2,16,1886,811,34,99,1.0,-1,-1,-1
2,17,1122,626,63,49,1.0,-1,-1,-1
2,18,716,559,119,95,1.0,-1,-1,-1
2,19,540,598,117,57,1.0,-1,-1,-1
2,20,1824,810,47,98,1.0,-1,-1,-1
2,21,419,589,97,54,1.0,-1,-1,-1
2,22,949,591,113,65,1.0,-1,-1,-1
2,23,956,711,85,56,1.0,-1,-1,-1
2,24,1502,593,80,66,1.0,-1,-1,-1
2,25,1712,605,89,70,1.0,-1,-1,-1
2,26,733,639,66,65,1.0,-1,-1,-1
2,27,1751,805,60,86,1.0,-1,-1,-1
2,28,1389,591,71,59,1.0,-1,-1,-1
2,29,121,755,37,63,1.0,-1,-1,-1
2,30,225,616,84,44,1.0,-1,-1,-1
2,31,1697,776,55,83,1.0,-1,-1,-1
2,31,1684,800,44,68,1.0,-1,-1,-1
2,33,1252,625,68,62,1.0,-1,-1,-1
2,34,1281,438,138,83,1.0,-1,-1,-1
2,35,364,623,25,36,1.0,-1,-1,-1
2,36,1390,460,76,53,1.0,-1,-1,-1
2,37,133,653,44,47,1.0,-1,-1,-1
3,1,766,924,394,151,1.0,-1,-1,-1
3,2,1533,630,204,102,1.0,-1,-1,-1
3,3,580,774,257,151,1.0,-1,-1,-1
3,4,1487,865,364,209,1.0,-1,-1,-1
3,5,155,696,102,70,1.0,-1,-1,-1
3,6,1820,611,99,95,1.0,-1,-1,-1
3,7,36,662,75,56,1.0,-1,-1,-1
3,8,1233,840,114,78,1.0,-1,-1,-1
3,9,1061,888,117,92,1.0,-1,-1,-1
3,10,522,642,258,173,1.0,-1,-1,-1
3,12,821,757,73,59,1.0,-1,-1,-1
3,13,1194,577,203,87,1.0,-1,-1,-1
3,14,1055,699,66,60,1.0,-1,-1,-1
3,15,979,600,134,82,1.0,-1,-1,-1
3,16,1886,811,34,99,1.0,-1,-1,-1
3,17,1122,626,63,49,1.0,-1,-1,-1
3,18,716,559,120,95,1.0,-1,-1,-1
3,19,540,598,117,57,1.0,-1,-1,-1
3,20,1824,810,47,98,1.0,-1,-1,-1
3,21,419,589,97,54,1.0,-1,-1,-1
3,22,950,591,112,65,1.0,-1,-1,-1
3,23,956,711,85,56,1.0,-1,-1,-1
3,24,1502,593,81,66,1.0,-1,-1,-1
3,25,1712,605,89,70,1.0,-1,-1,-1
3,26,733,639,66,65,1.0,-1,-1,-1
3,27,1751,805,60,86,1.0,-1,-1,-1
3,28,1389,591,71,59,1.0,-1,-1,-1
3,29,121,755,37,63,1.0,-1,-1,-1
3,30,225,616,84,43,1.0,-1,-1,-1
3,31,1697,776,55,83,1.0,-1,-1,-1
3,34,1281,437,139,84,1.0,-1,-1,-1
3,35,364,623,25,36,1.0,-1,-1,-1
3,37,133,653,44,47,1.0,-1,-1,-1
4,1,773,926,398,149,1.0,-1,-1,-1
4,2,1523,630,205,102,1.0,-1,-1,-1
4,3,587,774,258,154,1.0,-1,-1,-1
4,4,1501,865,367,195,1.0,-1,-1,-1
4,5,157,695,102,72,1.0,-1,-1,-1
4,6,1810,610,109,97,1.0,-1,-1,-1
4,7,39,660,75,59,1.0,-1,-1,-1
4,8,1248,842,115,80,1.0,-1,-1,-1
4,9,1078,889,113,96,1.0,-1,-1,-1
4,10,531,656,256,154,1.0,-1,-1,-1
4,11,1434,978,319,100,1.0,-1,-1,-1
4,12,832,756,72,61,1.0,-1,-1,-1
4,13,1188,577,202,88,1.0,-1,-1,-1
4,14,1055,700,66,59,1.0,-1,-1,-1
4,15,969,599,139,81,1.0,-1,-1,-1
4,16,1886,811,34,99,1.0,-1,-1,-1
4,17,1119,623,60,51,1.0,-1,-1,-1
4,18,699,559,138,95,1.0,-1,-1,-1
4,19,539,596,116,59,1.0,-1,-1,-1
4,20,1824,811,47,98,1.0,-1,-1,-1
4,21,418,588,95,55,1.0,-1,-1,-1
4,23,959,710,81,58,1.0,-1,-1,-1
4,24,1493,592,94,67,1.0,-1,-1,-1
4,25,1705,607,87,68,1.0,-1,-1,-1
4,26,735,640,63,61,1.0,-1,-1,-1
4,27,1750,806,61,84,1.0,-1,-1,-1
4,28,1386,594,67,55,1.0,-1,-1,-1
4,29,123,754,38,68,1.0,-1,-1,-1
4,30,226,616,83,43,1.0,-1,-1,-1
4,33,1247,636,68,51,1.0,-1,-1,-1
4,34,1281,437,138,85,1.0,-1,-1,-1
4,35,358,613,31,45,1.0,-1,-1,-1
4,37,133,651,47,48,1.0,-1,-1,-1
5,1,785,929,399,147,1.0,-1,-1,-1
5,2,1518,629,205,103,1.0,-1,-1,-1
5,3,596,779,258,152,1.0,-1,-1,-1
5,4,1543,863,344,211,1.0,-1,-1,-1
5,5,159,698,103,68,1.0,-1,-1,-1
5,6,1802,609,117,98,1.0,-1,-1,-1
5,7,42,661,76,60,1.0,-1,-1,-1
5,8,1261,844,115,77,1.0,-1,-1,-1
5,9,1092,898,119,87,1.0,-1,-1,-1
5,10,538,664,257,144,1.0,-1,-1,-1
5,11,1442,968,397,109,1.0,-1,-1,-1
5,12,846,762,67,59,1.0,-1,-1,-1
5,13,1183,576,199,87,1.0,-1,-1,-1
5,14,1055,700,66,58,1.0,-1,-1,-1
5,15,967,598,137,84,1.0,-1,-1,-1
5,16,1886,812,34,98,1.0,-1,-1,-1
5,17,1115,627,60,47,1.0,-1,-1,-1
5,18,690,559,150,96,1.0,-1,-1,-1
5,19,538,598,116,56,1.0,-1,-1,-1
5,20,1824,811,47,97,1.0,-1,-1,-1
5,21,418,590,97,53,1.0,-1,-1,-1
5,23,958,709,79,59,1.0,-1,-1,-1
5,24,1487,593,92,65,1.0,-1,-1,-1
5,25,1707,616,78,59,1.0,-1,-1,-1
5,26,736,637,63,65,1.0,-1,-1,-1
5,27,1748,805,63,88,1.0,-1,-1,-1
5,28,1380,593,66,54,1.0,-1,-1,-1
5,29,126,754,36,67,1.0,-1,-1,-1
5,30,225,616,83,43,1.0,-1,-1,-1
5,31,1683,794,59,76,1.0,-1,-1,-1
5,33,1241,638,68,49,1.0,-1,-1,-1
5,34,1281,437,139,85,1.0,-1,-1,-1
5,35,359,613,28,44,1.0,-1,-1,-1
5,37,144,653,38,48,1.0,-1,-1,-1
6,1,794,930,403,145,1.0,-1,-1,-1
6,2,1510,629,203,101,1.0,-1,-1,-1
6,3,603,776,260,157,1.0,-1,-1,-1
6,4,1565,867,353,193,1.0,-1,-1,-1
6,5,160,700,105,66,1.0,-1,-1,-1
6,6,1794,610,126,95,1.0,-1,-1,-1
6,7,44,664,76,58,1.0,-1,-1,-1
6,8,1274,846,116,79,1.0,-1,-1,-1
6,9,1108,903,123,86,1.0,-1,-1,-1
6,10,545,666,258,147,1.0,-1,-1,-1
6,11,1453,967,438,111,1.0,-1,-1,-1
6,12,861,760,56,59,1.0,-1,-1,-1
6,13,1175,574,200,88,1.0,-1,-1,-1
6,14,1055,700,66,59,1.0,-1,-1,-1
6,15,966,600,132,82,1.0,-1,-1,-1
6,16,1886,816,33,94,1.0,-1,-1,-1
6,17,1109,632,62,42,1.0,-1,-1,-1
6,18,689,561,143,93,1.0,-1,-1,-1
6,19,537,597,117,57,1.0,-1,-1,-1
6,20,1823,814,48,85,1.0,-1,-1,-1
6,21,415,589,96,54,1.0,-1,-1,-1
6,23,959,711,80,57,1.0,-1,-1,-1
6,24,1477,594,93,65,1.0,-1,-1,-1
6,25,1709,610,66,63,1.0,-1,-1,-1
6,26,738,637,61,66,1.0,-1,-1,-1
6,27,1747,802,62,80,1.0,-1,-1,-1
6,28,1370,593,68,54,1.0,-1,-1,-1
6,29,128,756,38,65,1.0,-1,-1,-1
6,31,1684,795,54,74,1.0,-1,-1,-1
6,33,1233,629,67,58,1.0,-1,-1,-1
6,34,1282,438,136,83,1.0,-1,-1,-1
6,35,357,615,29,43,1.0,-1,-1,-1
6,36,1389,460,77,53,1.0,-1,-1,-1
6,37,149,652,35,48,1.0,-1,-1,-1
7,1,805,933,405,142,1.0,-1,-1,-1
7,2,1501,629,203,101,1.0,-1,-1,-1
7,3,603,779,269,157,1.0,-1,-1,-1
7,4,1581,866,338,206,1.0,-1,-1,-1
7,5,162,699,107,68,1.0,-1,-1,-1
7,6,1785,608,134,98,1.0,-1,-1,-1
7,7,46,666,76,57,1.0,-1,-1,-1
7,8,1286,842,120,87,1.0,-1,-1,-1
7,9,1127,902,123,91,1.0,-1,-1,-1
7,10,550,667,264,148,1.0,-1,-1,-1
7,11,1464,969,406,108,1.0,-1,-1,-1
7,12,861,763,74,60,1.0,-1,-1,-1
7,13,1170,576,197,86,1.0,-1,-1,-1
7,14,1054,701,67,58,1.0,-1,-1,-1
7,15,959,600,137,82,1.0,-1,-1,-1
7,16,1885,812,35,98,1.0,-1,-1,-1
7,17,1106,624,63,48,1.0,-1,-1,-1
7,18,688,561,134,92,1.0,-1,-1,-1
7,19,536,597,116,57,1.0,-1,-1,-1
7,20,1824,814,46,84,1.0,-1,-1,-1
7,21,412,589,98,53,1.0,-1,-1,-1
7,23,959,709,81,58,1.0,-1,-1,-1
7,24,1470,593,93,66,1.0,-1,-1,-1
7,25,1692,611,74,63,1.0,-1,-1,-1
7,26,743,633,56,67,1.0,-1,-1,-1
7,27,1745,802,65,75,1.0,-1,-1,-1
7,28,1364,593,67,54,1.0,-1,-1,-1
7,29,130,755,38,68,1.0,-1,-1,-1
7,31,1685,788,69,81,1.0,-1,-1,-1
7,33,1230,626,66,61,1.0,-1,-1,-1
7,34,1282,438,135,83,1.0,-1,-1,-1
7,35,358,615,28,43,1.0,-1,-1,-1
7,36,1389,460,77,53,1.0,-1,-1,-1
8,1,813,935,409,140,1.0,-1,-1,-1
8,2,1493,629,204,102,1.0,-1,-1,-1
8,3,611,776,269,161,1.0,-1,-1,-1
8,4,1608,864,290,154,1.0,-1,-1,-1
8,5,164,699,108,68,1.0,-1,-1,-1
8,6,1777,605,142,101,1.0,-1,-1,-1
8,7,48,667,76,56,1.0,-1,-1,-1
8,8,1300,851,121,80,1.0,-1,-1,-1
8,9,1145,907,122,89,1.0,-1,-1,-1
8,10,557,667,264,151,1.0,-1,-1,-1
8,11,1478,973,329,104,1.0,-1,-1,-1
8,12,871,766,74,62,1.0,-1,-1,-1
8,13,1166,575,194,86,1.0,-1,-1,-1
8,14,1054,700,67,58,1.0,-1,-1,-1
8,15,955,600,135,82,1.0,-1,-1,-1
8,16,1885,812,35,99,1.0,-1,-1,-1
8,17,1099,620,70,53,1.0,-1,-1,-1
8,18,684,562,138,90,1.0,-1,-1,-1
8,19,534,598,116,56,1.0,-1,-1,-1
8,20,1824,814,48,83,1.0,-1,-1,-1
8,21,409,586,101,56,1.0,-1,-1,-1
8,23,956,709,80,58,1.0,-1,-1,-1
8,24,1462,593,92,65,1.0,-1,-1,-1
8,25,1687,612,71,63,1.0,-1,-1,-1
8,26,741,636,57,63,1.0,-1,-1,-1
8,27,1745,802,66,74,1.0,-1,-1,-1
8,28,1360,589,62,57,1.0,-1,-1,-1
8,29,135,780,37,49,1.0,-1,-1,-1
8,31,1690,776,63,91,1.0,-1,-1,-1
8,33,1225,637,65,49,1.0,-1,-1,-1
8,34,1282,436,139,85,1.0,-1,-1,-1
8,35,359,616,26,42,1.0,-1,-1,-1
8,36,1389,460,78,53,1.0,-1,-1,-1
9,1,813,935,409,140,1.0,-1,-1,-1
9,2,1493,628,204,103,1.0,-1,-1,-1
9,3,610,776,270,161,1.0,-1,-1,-1
9,4,1608,865,288,137,1.0,-1,-1,-1
9,5,165,700,107,67,1.0,-1,-1,-1
9,6,1777,605,142,101,1.0,-1,-1,-1
9,7,48,667,75,56,1.0,-1,-1,-1
9,8,1300,851,121,80,1.0,-1,-1,-1
9,9,1145,907,122,89,1.0,-1,-1,-1
9,10,557,668,264,150,1.0,-1,-1,-1
9,11,1478,973,328,104,1.0,-1,-1,-1
9,12,871,764,75,64,1.0,-1,-1,-1
9,13,1167,576,192,85,1.0,-1,-1,-1
9,14,1054,699,67,59,1.0,-1,-1,-1
9,15,955,599,135,83,1.0,-1,-1,-1
9,16,1885,812,35,99,1.0,-1,-1,-1
9,17,1099,620,71,54,1.0,-1,-1,-1
9,18,685,562,137,90,1.0,-1,-1,-1
9,19,533,597,119,57,1.0,-1,-1,-1
9,20,1823,814,49,82,1.0,-1,-1,-1
9,21,409,587,101,55,1.0,-1,-1,-1
9,23,955,708,79,59,1.0,-1,-1,-1
9,24,1461,594,93,65,1.0,-1,-1,-1
9,25,1686,610,72,65,1.0,-1,-1,-1
9,26,740,636,58,63,1.0,-1,-1,-1
9,27,1745,802,66,74,1.0,-1,-1,-1
9,28,1360,590,63,57,1.0,-1,-1,-1
9,29,135,780,38,50,1.0,-1,-1,-1
9,31,1690,776,63,91,1.0,-1,-1,-1
9,33,1225,635,65,51,1.0,-1,-1,-1
9,34,1282,436,138,85,1.0,-1,-1,-1
9,35,358,616,27,42,1.0,-1,-1,-1
9,36,1389,460,78,53,1.0,-1,-1,-1
10,1,821,936,412,139,1.0,-1,-1,-1
10,2,1487,630,202,101,1.0,-1,-1,-1
10,3,620,776,270,164,1.0,-1,-1,-1
10,4,1630,867,288,200,1.0,-1,-1,-1
10,5,167,698,108,71,1.0,-1,-1,-1
10,6,1768,605,151,102,1.0,-1,-1,-1
10,7,49,666,76,59,1.0,-1,-1,-1
10,8,1315,849,120,86,1.0,-1,-1,-1
10,9,1162,902,127,97,1.0,-1,-1,-1
10,10,565,652,266,164,1.0,-1,-1,-1
10,11,1491,976,332,102,1.0,-1,-1,-1
10,12,884,775,77,57,1.0,-1,-1,-1
10,13,1158,575,199,87,1.0,-1,-1,-1
10,14,1054,700,67,58,1.0,-1,-1,-1
10,15,956,600,131,82,1.0,-1,-1,-1
10,16,1885,811,35,87,1.0,-1,-1,-1
10,17,1099,622,60,51,1.0,-1,-1,-1
10,18,680,562,136,90,1.0,-1,-1,-1
10,19,529,593,131,61,1.0,-1,-1,-1
10,20,1821,790,53,97,1.0,-1,-1,-1
10,21,407,586,102,56,1.0,-1,-1,-1
10,23,958,710,78,57,1.0,-1,-1,-1
10,24,1452,596,91,63,1.0,-1,-1,-1
10,25,1665,603,85,72,1.0,-1,-1,-1
10,26,749,626,48,61,1.0,-1,-1,-1
10,27,1746,802,65,73,1.0,-1,-1,-1
10,28,1358,586,57,59,1.0,-1,-1,-1
10,29,136,756,38,70,1.0,-1,-1,-1
10,31,1689,774,65,94,1.0,-1,-1,-1
10,34,1282,434,142,87,1.0,-1,-1,-1
10,35,357,616,27,42,1.0,-1,-1,-1
10,36,1389,459,77,54,1.0,-1,-1,-1
10,37,154,654,36,50,1.0,-1,-1,-1
11,1,833,939,411,136,1.0,-1,-1,-1
11,2,1478,631,203,99,1.0,-1,-1,-1
11,3,629,781,270,162,1.0,-1,-1,-1
11,4,1655,872,264,194,1.0,-1,-1,-1
11,5,169,700,110,69,1.0,-1,-1,-1
11,6,1758,605,162,103,1.0,-1,-1,-1
11,7,50,663,77,63,1.0,-1,-1,-1
11,8,1326,853,126,82,1.0,-1,-1,-1
11,9,1180,911,125,95,1.0,-1,-1,-1
11,10,571,650,271,170,1.0,-1,-1,-1
11,11,1504,976,328,101,1.0,-1,-1,-1
11,12,895,782,78,52,1.0,-1,-1,-1
11,13,1153,576,198,86,1.0,-1,-1,-1
11,14,1054,701,67,57,1.0,-1,-1,-1
11,15,953,600,129,81,1.0,-1,-1,-1
11,16,1884,811,36,88,1.0,-1,-1,-1
11,17,1094,619,61,53,1.0,-1,-1,-1
11,18,676,562,137,90,1.0,-1,-1,-1
11,19,527,595,131,58,1.0,-1,-1,-1
11,20,1827,800,46,85,1.0,-1,-1,-1
11,21,405,587,102,54,1.0,-1,-1,-1
11,23,954,706,80,59,1.0,-1,-1,-1
11,24,1444,591,93,67,1.0,-1,-1,-1
11,25,1662,608,81,67,1.0,-1,-1,-1
11,26,748,625,48,61,1.0,-1,-1,-1
11,27,1746,802,65,76,1.0,-1,-1,-1
11,28,1344,584,63,61,1.0,-1,-1,-1
11,29,141,759,38,68,1.0,-1,-1,-1
11,31,1685,786,67,83,1.0,-1,-1,-1
11,34,1282,434,140,88,1.0,-1,-1,-1
11,35,355,616,29,41,1.0,-1,-1,-1
11,36,1389,460,78,53,1.0,-1,-1,-1
11,37,159,656,36,49,1.0,-1,-1,-1
12,1,845,941,414,134,1.0,-1,-1,-1
12,2,1470,628,202,101,1.0,-1,-1,-1
12,3,637,783,271,163,1.0,-1,-1,-1
12,4,1679,872,240,197,1.0,-1,-1,-1
12,5,172,698,108,72,1.0,-1,-1,-1
12,6,1751,605,169,103,1.0,-1,-1,-1
12,7,53,663,74,62,1.0,-1,-1,-1
12,8,1343,854,123,83,1.0,-1,-1,-1
12,9,1202,915,124,93,1.0,-1,-1,-1
12,10,578,650,273,167,1.0,-1,-1,-1
12,11,1515,977,360,101,1.0,-1,-1,-1
12,12,908,776,76,61,1.0,-1,-1,-1
12,13,1148,576,198,86,1.0,-1,-1,-1
12,14,1053,701,68,57,1.0,-1,-1,-1
12,15,953,600,126,79,1.0,-1,-1,-1
12,16,1884,811,36,84,1.0,-1,-1,-1
12,17,1090,624,62,49,1.0,-1,-1,-1
12,18,676,561,132,91,1.0,-1,-1,-1
12,19,525,589,131,64,1.0,-1,-1,-1
12,20,1827,785,47,97,1.0,-1,-1,-1
12,21,403,588,100,53,1.0,-1,-1,-1
12,23,962,708,77,56,1.0,-1,-1,-1
12,24,1437,590,93,68,1.0,-1,-1,-1
12,25,1662,607,72,67,1.0,-1,-1,-1
12,26,749,627,47,55,1.0,-1,-1,-1
12,27,1746,803,64,78,1.0,-1,-1,-1
12,28,1339,592,62,53,1.0,-1,-1,-1
12,29,143,757,39,71,1.0,-1,-1,-1
12,31,1693,774,59,91,1.0,-1,-1,-1
12,34,1282,432,141,90,1.0,-1,-1,-1
12,35,354,615,29,42,1.0,-1,-1,-1
12,36,1389,460,82,53,1.0,-1,-1,-1
12,37,161,655,39,52,1.0,-1,-1,-1
13,1,852,942,420,134,1.0,-1,-1,-1
13,2,1462,629,202,99,1.0,-1,-1,-1
13,3,641,778,276,171,1.0,-1,-1,-1
13,4,1699,869,220,199,1.0,-1,-1,-1
13,5,175,699,109,72,1.0,-1,-1,-1
13,6,1741,605,178,104,1.0,-1,-1,-1
13,7,54,665,76,61,1.0,-1,-1,-1
13,8,1354,852,129,87,1.0,-1,-1,-1
13,9,1219,914,129,96,1.0,-1,-1,-1
13,10,585,653,277,167,1.0,-1,-1,-1
13,11,1526,979,335,99,1.0,-1,-1,-1
13,12,918,780,79,60,1.0,-1,-1,-1
13,13,1143,577,194,84,1.0,-1,-1,-1
13,14,1053,701,68,57,1.0,-1,-1,-1
13,15,954,599,121,80,1.0,-1,-1,-1
13,16,1884,812,36,73,1.0,-1,-1,-1
13,17,1086,620,62,51,1.0,-1,-1,-1
13,18,673,562,134,90,1.0,-1,-1,-1
13,19,522,591,129,61,1.0,-1,-1,-1
13,20,1826,806,47,74,1.0,-1,-1,-1
13,21,401,589,102,51,1.0,-1,-1,-1
13,23,962,709,82,55,1.0,-1,-1,-1
13,24,1428,596,90,62,1.0,-1,-1,-1
13,25,1662,610,65,63,1.0,-1,-1,-1
13,26,747,626,52,48,1.0,-1,-1,-1
13,27,1745,806,66,88,1.0,-1,-1,-1
13,28,1336,593,58,52,1.0,-1,-1,-1
13,29,146,765,40,72,1.0,-1,-1,-1
13,31,1693,774,59,91,1.0,-1,-1,-1
13,33,1201,629,67,56,1.0,-1,-1,-1
13,34,1282,431,145,91,1.0,-1,-1,-1
13,35,353,614,30,43,1.0,-1,-1,-1
13,36,1389,460,82,53,1.0,-1,-1,-1
13,37,166,653,37,54,1.0,-1,-1,-1
14,1,861,945,421,131,1.0,-1,-1,-1
14,2,1455,628,201,101,1.0,-1,-1,-1
14,3,647,780,279,171,1.0,-1,-1,-1
14,4,1719,866,200,208,1.0,-1,-1,-1
14,5,176,699,112,74,1.0,-1,-1,-1
14,6,1733,606,186,102,1.0,-1,-1,-1
14,7,56,667,75,58,1.0,-1,-1,-1
14,8,1372,857,124,82,1.0,-1,-1,-1
14,9,1236,922,133,92,1.0,-1,-1,-1
14,10,593,655,276,159,1.0,-1,-1,-1
14,11,1537,981,335,96,1.0,-1,-1,-1
14,12,929,781,82,63,1.0,-1,-1,-1
14,13,1138,577,194,82,1.0,-1,-1,-1
14,14,1053,701,68,57,1.0,-1,-1,-1
14,15,954,596,116,84,1.0,-1,-1,-1
14,16,1883,811,37,75,1.0,-1,-1,-1
14,17,1082,619,62,52,1.0,-1,-1,-1
14,18,670,562,133,89,1.0,-1,-1,-1
14,19,522,590,126,63,1.0,-1,-1,-1
14,20,1827,806,46,75,1.0,-1,-1,-1
14,21,400,588,102,52,1.0,-1,-1,-1
14,23,954,707,87,58,1.0,-1,-1,-1
14,24,1420,592,92,66,1.0,-1,-1,-1
14,25,1627,604,90,69,1.0,-1,-1,-1
14,26,748,627,49,49,1.0,-1,-1,-1
14,27,1744,800,66,93,1.0,-1,-1,-1
14,28,1330,586,56,57,1.0,-1,-1,-1
14,29,147,759,41,75,1.0,-1,-1,-1
14,31,1685,789,67,80,1.0,-1,-1,-1
14,33,1194,632,70,53,1.0,-1,-1,-1
14,34,1281,431,145,91,1.0,-1,-1,-1
14,35,353,615,28,42,1.0,-1,-1,-1
14,36,1389,460,80,53,1.0,-1,-1,-1
14,37,156,651,48,54,1.0,-1,-1,-1
15,1,861,945,421,131,1.0,-1,-1,-1
15,2,1455,628,201,101,1.0,-1,-1,-1
15,3,647,779,279,172,1.0,-1,-1,-1
15,4,1719,865,200,209,1.0,-1,-1,-1
15,5,176,699,112,74,1.0,-1,-1,-1
15,6,1733,606,186,102,1.0,-1,-1,-1
15,7,56,667,75,59,1.0,-1,-1,-1
15,8,1372,857,124,82,1.0,-1,-1,-1
15,9,1236,923,133,91,1.0,-1,-1,-1
15,10,593,655,276,159,1.0,-1,-1,-1
15,11,1537,980,336,97,1.0,-1,-1,-1
15,12,929,781,82,63,1.0,-1,-1,-1
15,13,1138,577,194,82,1.0,-1,-1,-1
15,14,1053,702,68,56,1.0,-1,-1,-1
15,15,954,597,117,83,1.0,-1,-1,-1
15,16,1883,810,37,76,1.0,-1,-1,-1
15,17,1082,620,62,51,1.0,-1,-1,-1
15,18,671,562,133,90,1.0,-1,-1,-1
15,19,523,591,124,62,1.0,-1,-1,-1
15,20,1827,806,45,75,1.0,-1,-1,-1
15,21,400,588,103,52,1.0,-1,-1,-1
15,23,954,706,86,59,1.0,-1,-1,-1
15,24,1420,593,92,65,1.0,-1,-1,-1
15,25,1626,603,91,70,1.0,-1,-1,-1
15,26,748,627,49,49,1.0,-1,-1,-1
15,27,1745,800,65,91,1.0,-1,-1,-1
15,28,1330,586,56,57,1.0,-1,-1,-1
15,29,147,759,40,74,1.0,-1,-1,-1
15,31,1684,789,69,80,1.0,-1,-1,-1
15,33,1194,633,70,52,1.0,-1,-1,-1
15,34,1281,429,155,93,1.0,-1,-1,-1
15,35,353,615,28,42,1.0,-1,-1,-1
15,36,1389,460,81,53,1.0,-1,-1,-1
15,37,159,651,45,54,1.0,-1,-1,-1
15,39,850,708,77,73,1.0,-1,-1,-1
16,1,870,946,423,129,1.0,-1,-1,-1
16,2,1447,628,200,100,1.0,-1,-1,-1
16,3,655,780,282,174,1.0,-1,-1,-1
16,4,1743,876,176,189,1.0,-1,-1,-1
16,5,179,701,111,73,1.0,-1,-1,-1
16,6,1724,607,195,101,1.0,-1,-1,-1
16,7,58,668,74,58,1.0,-1,-1,-1
16,8,1387,857,126,86,1.0,-1,-1,-1
16,9,1256,915,135,101,1.0,-1,-1,-1
16,10,600,652,278,171,1.0,-1,-1,-1
16,11,1547,981,360,96,1.0,-1,-1,-1
16,12,940,783,84,61,1.0,-1,-1,-1
16,13,1134,576,190,88,1.0,-1,-1,-1
16,14,1053,701,68,58,1.0,-1,-1,-1
16,15,955,597,112,83,1.0,-1,-1,-1
16,16,1886,810,34,75,1.0,-1,-1,-1
16,17,1078,622,63,50,1.0,-1,-1,-1
16,18,667,564,134,87,1.0,-1,-1,-1
16,19,521,588,124,65,1.0,-1,-1,-1
16,20,1824,809,46,88,1.0,-1,-1,-1
16,21,399,589,100,53,1.0,-1,-1,-1
16,23,964,705,77,57,1.0,-1,-1,-1
16,24,1416,593,83,64,1.0,-1,-1,-1
16,25,1628,604,80,69,1.0,-1,-1,-1
16,26,748,625,52,49,1.0,-1,-1,-1
16,27,1746,801,62,81,1.0,-1,-1,-1
16,28,1318,591,61,53,1.0,-1,-1,-1
16,29,152,775,40,66,1.0,-1,-1,-1
16,31,1684,791,70,79,1.0,-1,-1,-1
16,33,1187,612,67,71,1.0,-1,-1,-1
16,34,1282,427,169,95,1.0,-1,-1,-1
16,37,172,652,33,54,1.0,-1,-1,-1
16,39,860,705,69,75,1.0,-1,-1,-1
17,1,883,948,418,129,1.0,-1,-1,-1
17,2,1440,629,200,98,1.0,-1,-1,-1
17,3,662,780,286,178,1.0,-1,-1,-1
17,4,1767,885,152,168,1.0,-1,-1,-1
17,5,181,702,112,72,1.0,-1,-1,-1
17,6,1715,605,204,102,1.0,-1,-1,-1
17,7,60,667,74,59,1.0,-1,-1,-1
17,8,1399,859,133,86,1.0,-1,-1,-1
17,9,1275,924,138,95,1.0,-1,-1,-1
17,10,608,651,284,169,1.0,-1,-1,-1
17,11,1557,982,355,95,1.0,-1,-1,-1
17,12,951,784,87,64,1.0,-1,-1,-1
17,13,1128,575,197,88,1.0,-1,-1,-1
17,14,1053,701,67,58,1.0,-1,-1,-1
17,15,952,594,111,85,1.0,-1,-1,-1
17,16,1883,810,37,71,1.0,-1,-1,-1
17,17,1075,621,59,50,1.0,-1,-1,-1
17,18,667,563,132,87,1.0,-1,-1,-1
17,19,519,586,124,67,1.0,-1,-1,-1
17,20,1822,812,49,87,1.0,-1,-1,-1
17,21,398,587,97,54,1.0,-1,-1,-1
17,24,1405,598,90,61,1.0,-1,-1,-1
17,25,1618,603,82,69,1.0,-1,-1,-1
17,26,748,621,51,52,1.0,-1,-1,-1
17,27,1747,802,60,80,1.0,-1,-1,-1
17,28,1315,590,57,52,1.0,-1,-1,-1
17,29,155,780,40,58,1.0,-1,-1,-1
17,31,1684,793,70,77,1.0,-1,-1,-1
17,33,1183,635,66,49,1.0,-1,-1,-1
17,34,1282,425,174,98,1.0,-1,-1,-1
17,39,861,703,67,75,1.0,-1,-1,-1
18,1,894,949,418,127,1.0,-1,-1,-1
18,2,1432,629,201,98,1.0,-1,-1,-1
18,3,669,782,287,178,1.0,-1,-1,-1
18,4,1790,886,129,190,1.0,-1,-1,-1
18,5,184,703,113,73,1.0,-1,-1,-1
18,6,1707,604,212,102,1.0,-1,-1,-1
18,7,61,666,75,62,1.0,-1,-1,-1
18,8,1415,861,129,85,1.0,-1,-1,-1
18,9,1297,927,137,94,1.0,-1,-1,-1
18,10,615,652,284,173,1.0,-1,-1,-1
18,11,1569,984,327,93,1.0,-1,-1,-1
18,12,964,789,85,60,1.0,-1,-1,-1
18,13,1122,575,192,88,1.0,-1,-1,-1
18,14,1052,701,68,58,1.0,-1,-1,-1
18,15,952,597,106,82,1.0,-1,-1,-1
18,16,1885,811,35,71,1.0,-1,-1,-1
18,17,1071,620,61,52,1.0,-1,-1,-1
18,18,666,564,140,87,1.0,-1,-1,-1
18,19,517,586,122,67,1.0,-1,-1,-1
18,20,1823,811,46,90,1.0,-1,-1,-1
18,21,398,588,95,54,1.0,-1,-1,-1
18,24,1398,594,90,63,1.0,-1,-1,-1
18,25,1612,607,81,65,1.0,-1,-1,-1
18,26,748,623,50,51,1.0,-1,-1,-1
18,27,1747,801,60,81,1.0,-1,-1,-1
18,28,1311,588,54,53,1.0,-1,-1,-1
18,29,160,796,40,48,1.0,-1,-1,-1
18,30,233,613,79,45,1.0,-1,-1,-1
18,31,1683,792,71,78,1.0,-1,-1,-1
18,33,1180,637,65,47,1.0,-1,-1,-1
18,34,1282,425,174,98,1.0,-1,-1,-1
18,39,867,707,62,72,1.0,-1,-1,-1
19,1,902,950,422,125,1.0,-1,-1,-1
19,2,1423,628,199,98,1.0,-1,-1,-1
19,3,678,783,288,180,1.0,-1,-1,-1
19,5,185,705,115,72,1.0,-1,-1,-1
19,6,1698,603,217,103,1.0,-1,-1,-1
19,7,64,669,74,59,1.0,-1,-1,-1
19,8,1432,859,129,88,1.0,-1,-1,-1
19,9,1320,932,136,94,1.0,-1,-1,-1
19,10,625,652,285,174,1.0,-1,-1,-1
19,11,1582,886,335,190,1.0,-1,-1,-1
19,12,977,789,85,64,1.0,-1,-1,-1
19,13,1121,574,188,86,1.0,-1,-1,-1
19,14,1052,701,68,58,1.0,-1,-1,-1
19,15,950,590,106,88,1.0,-1,-1,-1
19,16,1884,809,35,83,1.0,-1,-1,-1
19,17,1066,620,64,52,1.0,-1,-1,-1
19,18,663,564,136,88,1.0,-1,-1,-1
19,19,515,586,121,66,1.0,-1,-1,-1
19,20,1824,809,47,94,1.0,-1,-1,-1
19,21,397,585,94,57,1.0,-1,-1,-1
19,24,1392,593,83,65,1.0,-1,-1,-1
19,25,1612,605,70,68,1.0,-1,-1,-1
19,26,747,624,51,49,1.0,-1,-1,-1
19,27,1747,802,61,80,1.0,-1,-1,-1
19,28,1300,592,58,50,1.0,-1,-1,-1
19,29,163,790,39,52,1.0,-1,-1,-1
19,30,229,615,79,45,1.0,-1,-1,-1
19,31,1683,789,71,81,1.0,-1,-1,-1
19,33,1173,639,67,44,1.0,-1,-1,-1
19,34,1281,425,174,98,1.0,-1,-1,-1
19,40,592,553,73,33,1.0,-1,-1,-1
20,1,910,952,428,123,1.0,-1,-1,-1
20,2,1416,627,198,99,1.0,-1,-1,-1
20,3,685,784,290,183,1.0,-1,-1,-1
20,5,187,706,116,72,1.0,-1,-1,-1
20,6,1689,604,217,102,1.0,-1,-1,-1
20,7,66,666,76,62,1.0,-1,-1,-1
20,8,1446,866,130,82,1.0,-1,-1,-1
20,9,1341,936,138,93,1.0,-1,-1,-1
20,10,633,656,286,171,1.0,-1,-1,-1
20,11,1590,987,304,91,1.0,-1,-1,-1
20,12,990,791,86,64,1.0,-1,-1,-1
20,13,1116,575,186,83,1.0,-1,-1,-1
20,14,1051,701,69,58,1.0,-1,-1,-1
20,15,949,593,104,86,1.0,-1,-1,-1
20,16,1884,809,36,83,1.0,-1,-1,-1
20,17,1061,620,68,52,1.0,-1,-1,-1
20,18,660,563,135,90,1.0,-1,-1,-1
20,19,514,584,119,68,1.0,-1,-1,-1
20,20,1824,809,48,96,1.0,-1,-1,-1
20,21,395,583,93,59,1.0,-1,-1,-1
20,23,965,697,69,64,1.0,-1,-1,-1
20,24,1384,592,93,64,1.0,-1,-1,-1
20,25,1606,609,69,64,1.0,-1,-1,-1
20,26,746,625,51,49,1.0,-1,-1,-1
20,27,1747,802,61,79,1.0,-1,-1,-1
20,28,1291,591,62,51,1.0,-1,-1,-1
20,29,166,792,40,52,1.0,-1,-1,-1
20,31,1683,789,71,81,1.0,-1,-1,-1
20,33,1167,637,68,47,1.0,-1,-1,-1
20,34,1281,425,176,96,1.0,-1,-1,-1
20,40,591,553,78,35,1.0,-1,-1,-1
21,1,910,952,428,123,1.0,-1,-1,-1
21,2,1416,627,198,99,1.0,-1,-1,-1
21,3,685,784,290,183,1.0,-1,-1,-1
21,5,187,706,116,72,1.0,-1,-1,-1
21,6,1690,604,216,102,1.0,-1,-1,-1
21,7,66,666,76,63,1.0,-1,-1,-1
21,8,1446,866,130,82,1.0,-1,-1,-1
21,9,1341,936,138,93,1.0,-1,-1,-1
21,10,633,656,286,171,1.0,-1,-1,-1
21,11,1590,988,304,90,1.0,-1,-1,-1
21,12,990,791,86,64,1.0,-1,-1,-1
21,13,1116,576,186,82,1.0,-1,-1,-1
21,14,1051,702,69,57,1.0,-1,-1,-1
21,15,949,593,103,86,1.0,-1,-1,-1
21,16,1884,809,36,82,1.0,-1,-1,-1
21,17,1061,620,68,52,1.0,-1,-1,-1
21,18,661,563,134,90,1.0,-1,-1,-1
21,19,514,584,119,68,1.0,-1,-1,-1
21,20,1824,809,48,96,1.0,-1,-1,-1
21,21,395,583,93,59,1.0,-1,-1,-1
21,23,965,697,69,64,1.0,-1,-1,-1
21,24,1384,592,93,64,1.0,-1,-1,-1
21,25,1606,609,69,64,1.0,-1,-1,-1
21,26,746,626,51,48,1.0,-1,-1,-1
21,27,1745,801,63,81,1.0,-1,-1,-1
21,28,1291,591,62,51,1.0,-1,-1,-1
21,29,166,792,40,53,1.0,-1,-1,-1
21,31,1683,788,71,82,1.0,-1,-1,-1
21,33,1167,637,68,47,1.0,-1,-1,-1
21,34,1281,425,183,97,1.0,-1,-1,-1
21,40,591,553,75,34,1.0,-1,-1,-1
22,1,922,955,430,122,1.0,-1,-1,-1
22,2,1409,628,198,97,1.0,-1,-1,-1
22,3,692,787,293,181,1.0,-1,-1,-1
22,4,1854,901,65,155,1.0,-1,-1,-1
22,5,190,706,115,73,1.0,-1,-1,-1
22,6,1682,604,216,102,1.0,-1,-1,-1
22,7,67,665,77,65,1.0,-1,-1,-1
22,8,1458,866,135,85,1.0,-1,-1,-1
22,9,1361,935,141,97,1.0,-1,-1,-1
22,10,640,658,291,170,1.0,-1,-1,-1
22,11,1605,989,313,88,1.0,-1,-1,-1
22,12,1002,792,87,66,1.0,-1,-1,-1
22,13,1110,572,193,87,1.0,-1,-1,-1
22,14,1052,700,68,59,1.0,-1,-1,-1
22,15,948,592,99,86,1.0,-1,-1,-1
22,16,1884,809,36,85,1.0,-1,-1,-1
22,17,1060,617,61,54,1.0,-1,-1,-1
22,18,657,563,135,90,1.0,-1,-1,-1
22,19,512,584,117,67,1.0,-1,-1,-1
22,20,1824,808,47,99,1.0,-1,-1,-1
22,21,393,583,95,59,1.0,-1,-1,-1
22,23,962,699,73,63,1.0,-1,-1,-1
22,24,1377,598,91,58,1.0,-1,-1,-1
22,25,1592,613,73,58,1.0,-1,-1,-1
22,26,749,625,48,48,1.0,-1,-1,-1
22,27,1744,800,65,87,1.0,-1,-1,-1
22,28,1289,587,56,53,1.0,-1,-1,-1
22,29,170,789,40,59,1.0,-1,-1,-1
22,31,1682,788,70,82,1.0,-1,-1,-1
22,33,1162,636,66,48,1.0,-1,-1,-1
22,34,1281,423,186,99,1.0,-1,-1,-1
22,35,348,616,31,41,1.0,-1,-1,-1
22,40,590,553,79,34,1.0,-1,-1,-1
23,1,933,958,427,117,1.0,-1,-1,-1
23,2,1401,628,197,96,1.0,-1,-1,-1
23,3,701,788,295,183,1.0,-1,-1,-1
23,5,192,706,119,73,1.0,-1,-1,-1
23,6,1673,605,216,101,1.0,-1,-1,-1
23,7,70,666,75,63,1.0,-1,-1,-1
23,8,1475,864,134,90,1.0,-1,-1,-1
23,9,1382,943,143,93,1.0,-1,-1,-1
23,10,647,656,292,178,1.0,-1,-1,-1
23,11,1616,992,302,85,1.0,-1,-1,-1
23,12,1015,793,88,68,1.0,-1,-1,-1
23,13,1104,573,194,86,1.0,-1,-1,-1
23,14,1054,700,66,58,1.0,-1,-1,-1
23,15,949,593,94,85,1.0,-1,-1,-1
23,16,1884,809,36,85,1.0,-1,-1,-1
23,17,1056,618,62,53,1.0,-1,-1,-1
23,18,656,564,132,91,1.0,-1,-1,-1
23,19,511,582,116,69,1.0,-1,-1,-1
23,20,1824,809,47,98,1.0,-1,-1,-1
23,21,389,585,96,57,1.0,-1,-1,-1
23,23,965,700,74,61,1.0,-1,-1,-1
23,24,1372,590,89,65,1.0,-1,-1,-1
23,25,1587,601,69,70,1.0,-1,-1,-1
23,26,747,623,49,51,1.0,-1,-1,-1
23,27,1745,801,64,83,1.0,-1,-1,-1
23,28,1286,583,51,57,1.0,-1,-1,-1
23,29,175,801,40,51,1.0,-1,-1,-1
23,30,229,616,80,44,1.0,-1,-1,-1
23,31,1682,792,68,77,1.0,-1,-1,-1
23,33,1157,639,66,45,1.0,-1,-1,-1
23,34,1281,423,185,99,1.0,-1,-1,-1
23,35,348,615,30,43,1.0,-1,-1,-1
23,38,1528,591,54,49,1.0,-1,-1,-1
23,40,589,553,75,34,1.0,-1,-1,-1
24,1,942,960,431,116,1.0,-1,-1,-1
24,2,1394,629,195,96,1.0,-1,-1,-1
24,3,708,790,297,183,1.0,-1,-1,-1
24,5,197,707,116,72,1.0,-1,-1,-1
24,6,1663,606,219,100,1.0,-1,-1,-1
24,7,71,667,76,62,1.0,-1,-1,-1
24,8,1491,867,134,87,1.0,-1,-1,-1
24,9,1403,944,145,94,1.0,-1,-1,-1
24,10,655,654,293,178,1.0,-1,-1,-1
24,11,1627,991,292,86,1.0,-1,-1,-1
24,12,1027,796,91,68,1.0,-1,-1,-1
24,13,1098,573,190,86,1.0,-1,-1,-1
24,14,1056,700,65,57,1.0,-1,-1,-1
24,15,949,594,90,81,1.0,-1,-1,-1
24,16,1884,809,36,89,1.0,-1,-1,-1
24,17,1053,621,62,50,1.0,-1,-1,-1
24,18,654,564,130,91,1.0,-1,-1,-1
24,19,509,582,115,70,1.0,-1,-1,-1
24,20,1824,809,47,98,1.0,-1,-1,-1
24,21,387,587,95,55,1.0,-1,-1,-1
24,23,963,708,86,55,1.0,-1,-1,-1
24,24,1364,595,90,62,1.0,-1,-1,-1
24,25,1578,606,70,66,1.0,-1,-1,-1
24,26,747,625,49,47,1.0,-1,-1,-1
24,27,1745,801,64,83,1.0,-1,-1,-1
24,28,1284,593,48,47,1.0,-1,-1,-1
24,29,178,802,39,51,1.0,-1,-1,-1
24,30,229,616,78,44,1.0,-1,-1,-1
24,31,1682,793,66,77,1.0,-1,-1,-1
24,33,1151,640,68,43,1.0,-1,-1,-1
24,34,1281,423,184,99,1.0,-1,-1,-1
24,35,347,618,30,40,1.0,-1,-1,-1
24,38,1520,585,50,54,1.0,-1,-1,-1
24,40,589,554,76,33,1.0,-1,-1,-1
25,1,955,960,428,116,1.0,-1,-1,-1
25,2,1387,630,195,94,1.0,-1,-1,-1
25,3,716,793,299,184,1.0,-1,-1,-1
25,5,200,707,116,74,1.0,-1,-1,-1
25,6,1655,604,219,102,1.0,-1,-1,-1
25,7,72,667,77,63,1.0,-1,-1,-1
25,8,1508,875,134,82,1.0,-1,-1,-1
25,9,1427,950,142,89,1.0,-1,-1,-1
25,10,663,655,295,184,1.0,-1,-1,-1
25,11,1632,992,281,86,1.0,-1,-1,-1
25,12,1041,792,90,74,1.0,-1,-1,-1
25,13,1095,573,187,86,1.0,-1,-1,-1
25,14,1054,699,67,60,1.0,-1,-1,-1
25,15,948,594,88,82,1.0,-1,-1,-1
25,16,1885,809,35,94,1.0,-1,-1,-1
25,17,1050,617,61,54,1.0,-1,-1,-1
25,18,649,563,132,89,1.0,-1,-1,-1
25,19,505,585,117,67,1.0,-1,-1,-1
25,20,1824,808,47,99,1.0,-1,-1,-1
25,21,386,587,94,54,1.0,-1,-1,-1
25,23,961,706,89,57,1.0,-1,-1,-1
25,24,1356,593,87,63,1.0,-1,-1,-1
25,25,1570,603,69,68,1.0,-1,-1,-1
25,26,747,625,48,46,1.0,-1,-1,-1
25,27,1744,801,64,83,1.0,-1,-1,-1
25,28,1269,592,56,46,1.0,-1,-1,-1
25,29,180,801,40,51,1.0,-1,-1,-1
25,30,230,619,59,42,1.0,-1,-1,-1
25,31,1682,793,65,77,1.0,-1,-1,-1
25,33,1147,636,68,47,1.0,-1,-1,-1
25,34,1281,424,182,98,1.0,-1,-1,-1
25,35,346,619,30,38,1.0,-1,-1,-1
25,37,195,665,34,50,1.0,-1,-1,-1
25,38,1517,591,46,47,1.0,-1,-1,-1
25,40,589,553,78,35,1.0,-1,-1,-1
25,41,1852,566,45,42,1.0,-1,-1,-1
26,1,964,961,432,116,1.0,-1,-1,-1
26,2,1378,627,196,97,1.0,-1,-1,-1
26,3,726,795,298,184,1.0,-1,-1,-1
26,5,202,706,118,76,1.0,-1,-1,-1
26,6,1647,605,218,99,1.0,-1,-1,-1
26,7,74,668,78,62,1.0,-1,-1,-1
26,8,1525,873,132,87,1.0,-1,-1,-1
26,9,1449,950,144,92,1.0,-1,-1,-1
26,10,671,659,296,178,1.0,-1,-1,-1
26,11,1652,991,267,85,1.0,-1,-1,-1
26,12,1056,799,91,70,1.0,-1,-1,-1
26,13,1090,572,187,89,1.0,-1,-1,-1
26,14,1054,700,67,59,1.0,-1,-1,-1
26,15,949,596,83,80,1.0,-1,-1,-1
26,16,1885,809,35,94,1.0,-1,-1,-1
26,17,1047,616,61,55,1.0,-1,-1,-1
26,18,646,563,134,89,1.0,-1,-1,-1
26,19,504,584,115,68,1.0,-1,-1,-1
26,20,1824,808,47,99,1.0,-1,-1,-1
26,21,384,584,94,56,1.0,-1,-1,-1
26,23,944,696,97,66,1.0,-1,-1,-1
26,24,1348,591,89,64,1.0,-1,-1,-1
26,25,1565,605,66,66,1.0,-1,-1,-1
26,27,1744,801,64,84,1.0,-1,-1,-1
26,28,1271,588,48,50,1.0,-1,-1,-1
26,29,184,803,41,54,1.0,-1,-1,-1
26,30,231,619,58,42,1.0,-1,-1,-1
26,31,1681,793,67,77,1.0,-1,-1,-1
26,33,1141,616,66,66,1.0,-1,-1,-1
26,34,1281,423,188,99,1.0,-1,-1,-1
26,35,345,617,30,40,1.0,-1,-1,-1
26,37,196,664,36,49,1.0,-1,-1,-1
26,38,1500,588,52,47,1.0,-1,-1,-1
26,40,590,553,76,36,1.0,-1,-1,-1
26,41,1845,558,45,49,1.0,-1,-1,-1
27,1,963,961,433,116,1.0,-1,-1,-1
27,2,1378,627,196,97,1.0,-1,-1,-1
27,3,726,795,298,184,1.0,-1,-1,-1
27,5,202,706,118,76,1.0,-1,-1,-1
27,6,1647,605,218,99,1.0,-1,-1,-1
27,7,74,668,78,62,1.0,-1,-1,-1
27,8,1525,873,132,87,1.0,-1,-1,-1
27,9,1449,950,144,92,1.0,-1,-1,-1
27,10,671,659,297,179,1.0,-1,-1,-1
27,11,1652,991,267,85,1.0,-1,-1,-1
27,12,1056,799,91,70,1.0,-1,-1,-1
27,13,1089,572,188,90,1.0,-1,-1,-1
27,14,1054,700,67,59,1.0,-1,-1,-1
27,15,948,596,84,79,1.0,-1,-1,-1
27,16,1885,809,35,97,1.0,-1,-1,-1
27,17,1047,616,61,56,1.0,-1,-1,-1
27,18,646,563,134,89,1.0,-1,-1,-1
27,19,504,584,115,68,1.0,-1,-1,-1
27,20,1824,808,47,99,1.0,-1,-1,-1
27,21,384,584,94,56,1.0,-1,-1,-1
27,23,946,698,97,64,1.0,-1,-1,-1
27,24,1348,591,89,64,1.0,-1,-1,-1
27,25,1565,606,66,65,1.0,-1,-1,-1
27,27,1744,801,64,85,1.0,-1,-1,-1
27,28,1272,588,47,50,1.0,-1,-1,-1
27,29,184,803,41,54,1.0,-1,-1,-1
27,30,231,619,58,42,1.0,-1,-1,-1
27,31,1682,792,66,78,1.0,-1,-1,-1
27,33,1141,617,66,65,1.0,-1,-1,-1
27,34,1281,422,193,100,1.0,-1,-1,-1
27,35,345,617,30,40,1.0,-1,-1,-1
27,37,196,664,36,49,1.0,-1,-1,-1
27,38,1500,588,52,47,1.0,-1,-1,-1
27,40,590,553,76,35,1.0,-1,-1,-1
27,41,1845,558,45,49,1.0,-1,-1,-1
27,42,769,574,71,54,1.0,-1,-1,-1
28,1,974,963,433,114,1.0,-1,-1,-1
28,2,1371,627,196,93,1.0,-1,-1,-1
28,3,732,798,302,186,1.0,-1,-1,-1
28,5,205,706,120,76,1.0,-1,-1,-1
28,6,1639,606,215,98,1.0,-1,-1,-1
28,7,74,669,79,62,1.0,-1,-1,-1
28,8,1542,870,134,91,1.0,-1,-1,-1
28,9,1473,953,144,90,1.0,-1,-1,-1
28,10,679,660,298,178,1.0,-1,-1,-1
28,11,1657,992,259,85,1.0,-1,-1,-1
28,12,1067,800,95,72,1.0,-1,-1,-1
28,13,1082,573,190,87,1.0,-1,-1,-1
28,14,1053,699,68,60,1.0,-1,-1,-1
28,15,947,596,82,76,1.0,-1,-1,-1
28,16,1885,809,35,97,1.0,-1,-1,-1
28,17,1042,618,60,53,1.0,-1,-1,-1
28,18,645,563,134,87,1.0,-1,-1,-1
28,19,503,583,114,69,1.0,-1,-1,-1
28,20,1824,809,46,98,1.0,-1,-1,-1
28,21,383,585,91,56,1.0,-1,-1,-1
28,24,1343,590,87,64,1.0,-1,-1,-1
28,25,1559,618,62,53,1.0,-1,-1,-1
28,27,1744,802,64,82,1.0,-1,-1,-1
28,28,1265,589,45,49,1.0,-1,-1,-1
28,29,188,802,41,58,1.0,-1,-1,-1
28,30,232,616,72,43,1.0,-1,-1,-1
28,31,1683,786,70,84,1.0,-1,-1,-1
28,33,1137,633,65,51,1.0,-1,-1,-1
28,34,1282,423,194,99,1.0,-1,-1,-1
28,35,347,617,30,41,1.0,-1,-1,-1
28,37,199,663,34,51,1.0,-1,-1,-1
28,38,1493,589,50,45,1.0,-1,-1,-1
28,40,591,553,72,35,1.0,-1,-1,-1
28,41,1838,565,49,41,1.0,-1,-1,-1
28,42,766,573,72,55,1.0,-1,-1,-1
29,1,984,964,435,113,1.0,-1,-1,-1
29,2,1364,626,195,96,1.0,-1,-1,-1
29,3,741,804,304,182,1.0,-1,-1,-1
29,5,208,705,119,80,1.0,-1,-1,-1
29,6,1631,606,217,99,1.0,-1,-1,-1
29,7,77,666,80,66,1.0,-1,-1,-1
29,8,1563,879,126,84,1.0,-1,-1,-1
29,9,1496,955,145,91,1.0,-1,-1,-1
29,10,684,657,305,189,1.0,-1,-1,-1
29,11,1665,989,254,89,1.0,-1,-1,-1
29,12,1082,801,95,73,1.0,-1,-1,-1
29,13,1077,574,185,85,1.0,-1,-1,-1
29,14,1053,700,68,60,1.0,-1,-1,-1
29,15,948,596,76,74,1.0,-1,-1,-1
29,16,1885,809,35,97,1.0,-1,-1,-1
29,17,1039,618,61,52,1.0,-1,-1,-1
29,18,642,563,133,87,1.0,-1,-1,-1
29,19,501,584,115,68,1.0,-1,-1,-1
29,20,1824,809,47,98,1.0,-1,-1,-1
29,21,383,589,90,51,1.0,-1,-1,-1
29,24,1337,596,83,58,1.0,-1,-1,-1
29,25,1551,610,60,60,1.0,-1,-1,-1
29,27,1744,801,64,83,1.0,-1,-1,-1
29,28,1257,591,50,46,1.0,-1,-1,-1
29,29,192,804,42,60,1.0,-1,-1,-1
29,30,230,615,75,45,1.0,-1,-1,-1
29,31,1683,786,70,84,1.0,-1,-1,-1
29,33,1134,639,65,44,1.0,-1,-1,-1
29,34,1283,424,193,97,1.0,-1,-1,-1
29,35,348,617,29,41,1.0,-1,-1,-1
29,37,203,666,36,50,1.0,-1,-1,-1
29,38,1484,588,49,44,1.0,-1,-1,-1
29,40,591,554,67,34,1.0,-1,-1,-1
29,41,1837,564,49,41,1.0,-1,-1,-1
29,42,767,577,68,51,1.0,-1,-1,-1
29,43,0,633,19,98,1.0,-1,-1,-1
30,1,994,967,435,110,1.0,-1,-1,-1
30,2,1357,627,195,92,1.0,-1,-1,-1
30,3,749,799,306,191,1.0,-1,-1,-1
30,5,210,706,120,79,1.0,-1,-1,-1
30,6,1622,606,217,99,1.0,-1,-1,-1
30,7,79,669,80,63,1.0,-1,-1,-1
30,8,1577,877,130,87,1.0,-1,-1,-1
30,9,1519,957,147,92,1.0,-1,-1,-1
30,10,689,660,313,187,1.0,-1,-1,-1
30,11,1679,990,240,87,1.0,-1,-1,-1
30,12,1094,805,99,72,1.0,-1,-1,-1
30,13,1073,575,180,81,1.0,-1,-1,-1
30,14,1053,701,67,58,1.0,-1,-1,-1
30,15,950,597,71,71,1.0,-1,-1,-1
30,16,1885,809,35,98,1.0,-1,-1,-1
30,17,1036,616,64,54,1.0,-1,-1,-1
30,18,641,563,135,88,1.0,-1,-1,-1
30,19,500,586,114,66,1.0,-1,-1,-1
30,20,1824,809,46,98,1.0,-1,-1,-1
30,21,375,585,96,55,1.0,-1,-1,-1
30,24,1329,598,83,57,1.0,-1,-1,-1
30,25,1538,598,66,71,1.0,-1,-1,-1
30,27,1744,801,63,83,1.0,-1,-1,-1
30,28,1254,592,46,45,1.0,-1,-1,-1
30,29,194,808,44,59,1.0,-1,-1,-1
30,30,232,616,71,44,1.0,-1,-1,-1
30,31,1684,785,70,84,1.0,-1,-1,-1
30,33,1128,635,67,48,1.0,-1,-1,-1
30,34,1283,424,190,97,1.0,-1,-1,-1
30,35,348,615,30,43,1.0,-1,-1,-1
30,36,1390,459,79,54,1.0,-1,-1,-1
30,37,207,667,35,49,1.0,-1,-1,-1
30,38,1477,587,46,44,1.0,-1,-1,-1
30,41,1833,566,49,38,1.0,-1,-1,-1
30,42,766,576,66,51,1.0,-1,-1,-1
30,43,0,673,18,58,1.0,-1,-1,-1
31,1,1005,969,434,107,1.0,-1,-1,-1
31,2,1352,625,190,93,1.0,-1,-1,-1
31,3,756,811,309,180,1.0,-1,-1,-1
31,5,212,707,123,79,1.0,-1,-1,-1
31,6,1613,606,218,99,1.0,-1,-1,-1
31,7,82,670,79,63,1.0,-1,-1,-1
31,8,1590,882,135,86,1.0,-1,-1,-1
31,9,1540,960,151,91,1.0,-1,-1,-1
31,10,701,666,312,187,1.0,-1,-1,-1
31,11,1690,995,229,82,1.0,-1,-1,-1
31,12,1111,805,97,73,1.0,-1,-1,-1
31,13,1067,575,180,80,1.0,-1,-1,-1
31,14,1053,700,67,59,1.0,-1,-1,-1
31,15,948,592,70,75,1.0,-1,-1,-1
31,16,1885,809,35,97,1.0,-1,-1,-1
31,17,1034,619,62,50,1.0,-1,-1,-1
31,18,640,562,135,89,1.0,-1,-1,-1
31,19,498,585,113,66,1.0,-1,-1,-1
31,20,1824,809,46,98,1.0,-1,-1,-1
31,21,371,582,96,58,1.0,-1,-1,-1
31,24,1325,594,84,60,1.0,-1,-1,-1
31,25,1531,601,63,66,1.0,-1,-1,-1
31,27,1743,801,64,83,1.0,-1,-1,-1
31,28,1236,584,58,54,1.0,-1,-1,-1
31,29,197,811,43,56,1.0,-1,-1,-1
31,30,236,617,65,43,1.0,-1,-1,-1
31,31,1684,786,69,83,1.0,-1,-1,-1
31,33,1125,612,67,68,1.0,-1,-1,-1
31,34,1283,422,196,100,1.0,-1,-1,-1
31,35,348,614,30,43,1.0,-1,-1,-1
31,36,1390,459,78,54,1.0,-1,-1,-1
31,37,210,662,35,53,1.0,-1,-1,-1
31,38,1463,576,50,52,1.0,-1,-1,-1
31,41,1832,567,46,37,1.0,-1,-1,-1
31,42,764,575,63,51,1.0,-1,-1,-1
31,43,0,657,21,76,1.0,-1,-1,-1
32,1,1015,970,437,107,1.0,-1,-1,-1
32,2,1344,627,192,92,1.0,-1,-1,-1
32,3,762,808,313,186,1.0,-1,-1,-1
32,5,215,709,123,78,1.0,-1,-1,-1
32,6,1604,605,220,100,1.0,-1,-1,-1
32,7,84,668,79,65,1.0,-1,-1,-1
32,8,1610,886,133,84,1.0,-1,-1,-1
32,9,1566,959,147,94,1.0,-1,-1,-1
32,10,711,667,313,182,1.0,-1,-1,-1
32,11,1709,997,206,80,1.0,-1,-1,-1
32,12,1126,806,98,77,1.0,-1,-1,-1
32,13,1062,574,184,83,1.0,-1,-1,-1
32,14,1053,699,67,60,1.0,-1,-1,-1
32,15,948,592,67,75,1.0,-1,-1,-1
32,16,1885,809,35,98,1.0,-1,-1,-1
32,17,1029,619,64,52,1.0,-1,-1,-1
32,18,637,562,138,89,1.0,-1,-1,-1
32,19,495,586,115,65,1.0,-1,-1,-1
32,20,1824,810,46,97,1.0,-1,-1,-1
32,21,371,582,97,58,1.0,-1,-1,-1
32,24,1316,590,83,65,1.0,-1,-1,-1
32,25,1526,609,61,60,1.0,-1,-1,-1
32,27,1744,802,63,85,1.0,-1,-1,-1
32,28,1240,589,45,49,1.0,-1,-1,-1
32,29,199,805,44,63,1.0,-1,-1,-1
32,30,235,616,66,43,1.0,-1,-1,-1
32,31,1691,776,63,88,1.0,-1,-1,-1
32,33,1119,617,65,63,1.0,-1,-1,-1
32,34,1282,423,195,99,1.0,-1,-1,-1
32,35,351,614,26,43,1.0,-1,-1,-1
32,36,1390,459,79,54,1.0,-1,-1,-1
32,37,213,659,34,57,1.0,-1,-1,-1
32,38,1456,592,50,38,1.0,-1,-1,-1
32,41,1830,566,41,37,1.0,-1,-1,-1
32,42,762,574,62,51,1.0,-1,-1,-1
32,43,0,674,21,58,1.0,-1,-1,-1
33,1,1015,970,437,107,1.0,-1,-1,-1
33,2,1344,626,192,93,1.0,-1,-1,-1
33,3,762,808,313,186,1.0,-1,-1,-1
33,5,215,709,123,78,1.0,-1,-1,-1
33,6,1604,605,220,100,1.0,-1,-1,-1
33,7,84,668,79,65,1.0,-1,-1,-1
33,8,1611,886,132,84,1.0,-1,-1,-1
33,9,1566,959,147,94,1.0,-1,-1,-1
33,10,710,667,314,182,1.0,-1,-1,-1
33,11,1709,997,206,80,1.0,-1,-1,-1
33,12,1126,806,98,77,1.0,-1,-1,-1
33,13,1062,574,184,83,1.0,-1,-1,-1
33,14,1053,699,67,60,1.0,-1,-1,-1
33,15,948,593,66,74,1.0,-1,-1,-1
33,16,1885,809,35,98,1.0,-1,-1,-1
33,17,1029,619,64,52,1.0,-1,-1,-1
33,18,638,562,137,89,1.0,-1,-1,-1
33,19,495,585,115,66,1.0,-1,-1,-1
33,20,1824,810,46,97,1.0,-1,-1,-1
33,21,371,582,97,58,1.0,-1,-1,-1
33,24,1316,590,83,65,1.0,-1,-1,-1
33,25,1525,609,62,60,1.0,-1,-1,-1
33,27,1744,802,63,84,1.0,-1,-1,-1
33,28,1240,589,45,49,1.0,-1,-1,-1
33,29,199,805,44,63,1.0,-1,-1,-1
33,30,235,616,66,43,1.0,-1,-1,-1
33,31,1690,776,64,89,1.0,-1,-1,-1
33,33,1119,617,65,63,1.0,-1,-1,-1
33,34,1282,422,196,100,1.0,-1,-1,-1
33,35,350,613,28,44,1.0,-1,-1,-1
33,36,1390,459,78,54,1.0,-1,-1,-1
33,37,212,659,35,57,1.0,-1,-1,-1
33,38,1456,592,50,38,1.0,-1,-1,-1
33,41,1830,566,41,37,1.0,-1,-1,-1
33,42,762,574,62,51,1.0,-1,-1,-1
33,43,0,674,21,58,1.0,-1,-1,-1
34,1,1026,972,440,105,1.0,-1,-1,-1
34,2,1336,626,192,93,1.0,-1,-1,-1
34,3,771,811,314,187,1.0,-1,-1,-1
34,5,219,712,121,76,1.0,-1,-1,-1
34,6,1597,603,217,101,1.0,-1,-1,-1
34,7,85,668,80,65,1.0,-1,-1,-1
34,8,1628,882,130,89,1.0,-1,-1,-1
34,9,1588,962,148,94,1.0,-1,-1,-1
34,10,718,669,319,188,1.0,-1,-1,-1
34,11,1725,998,194,78,1.0,-1,-1,-1
34,12,1138,807,101,79,1.0,-1,-1,-1
34,13,1058,573,182,82,1.0,-1,-1,-1
34,14,1053,700,67,58,1.0,-1,-1,-1
34,15,950,596,60,71,1.0,-1,-1,-1
34,16,1885,809,35,98,1.0,-1,-1,-1
34,17,1025,615,63,57,1.0,-1,-1,-1
34,18,636,562,137,88,1.0,-1,-1,-1
34,19,495,585,111,66,1.0,-1,-1,-1
34,20,1824,809,46,98,1.0,-1,-1,-1
34,21,361,581,104,59,1.0,-1,-1,-1
34,24,1310,594,83,61,1.0,-1,-1,-1
34,25,1517,597,62,72,1.0,-1,-1,-1
34,26,751,628,45,49,1.0,-1,-1,-1
34,27,1747,802,62,81,1.0,-1,-1,-1
34,28,1242,592,39,45,1.0,-1,-1,-1
34,29,204,807,46,66,1.0,-1,-1,-1
34,30,235,617,68,43,1.0,-1,-1,-1
34,31,1704,772,52,81,1.0,-1,-1,-1
34,33,1115,634,64,48,1.0,-1,-1,-1
34,34,1282,422,197,99,1.0,-1,-1,-1
34,35,350,614,27,44,1.0,-1,-1,-1
34,36,1390,459,79,54,1.0,-1,-1,-1
34,37,214,660,36,57,1.0,-1,-1,-1
34,38,1451,585,48,45,1.0,-1,-1,-1
34,41,1829,553,36,48,1.0,-1,-1,-1
34,42,759,573,60,52,1.0,-1,-1,-1
34,43,0,675,22,57,1.0,-1,-1,-1
35,1,1036,974,439,103,1.0,-1,-1,-1
35,2,1329,625,193,92,1.0,-1,-1,-1
35,3,777,815,317,185,1.0,-1,-1,-1
35,5,222,712,123,77,1.0,-1,-1,-1
35,6,1590,603,217,100,1.0,-1,-1,-1
35,7,86,670,83,66,1.0,-1,-1,-1
35,8,1641,885,133,89,1.0,-1,-1,-1
35,9,1614,970,148,88,1.0,-1,-1,-1
35,10,728,670,321,189,1.0,-1,-1,-1
35,11,1739,999,180,78,1.0,-1,-1,-1
35,12,1154,811,101,78,1.0,-1,-1,-1
35,13,1054,573,186,83,1.0,-1,-1,-1
35,14,1053,699,67,59,1.0,-1,-1,-1
35,16,1885,809,35,97,1.0,-1,-1,-1
35,17,1024,617,60,54,1.0,-1,-1,-1
35,18,635,562,131,89,1.0,-1,-1,-1
35,19,493,588,112,61,1.0,-1,-1,-1
35,20,1825,810,45,97,1.0,-1,-1,-1
35,21,371,582,90,58,1.0,-1,-1,-1
35,24,1304,593,86,62,1.0,-1,-1,-1
35,25,1515,608,55,60,1.0,-1,-1,-1
35,26,682,650,88,81,1.0,-1,-1,-1
35,27,1751,800,60,82,1.0,-1,-1,-1
35,28,1238,592,35,43,1.0,-1,-1,-1
35,29,207,808,46,68,1.0,-1,-1,-1
35,30,238,618,63,42,1.0,-1,-1,-1
35,31,1705,774,51,78,1.0,-1,-1,-1
35,33,1113,638,62,44,1.0,-1,-1,-1
35,34,1282,422,198,99,1.0,-1,-1,-1
35,35,349,616,26,41,1.0,-1,-1,-1
35,36,1390,459,79,54,1.0,-1,-1,-1
35,37,217,659,36,62,1.0,-1,-1,-1
35,38,1438,575,50,53,1.0,-1,-1,-1
35,41,1824,564,36,37,1.0,-1,-1,-1
35,42,758,575,58,50,1.0,-1,-1,-1
35,43,0,674,23,60,1.0,-1,-1,-1
36,1,1048,975,431,102,1.0,-1,-1,-1
36,2,1322,626,194,90,1.0,-1,-1,-1
36,3,785,814,319,189,1.0,-1,-1,-1
36,5,222,711,127,80,1.0,-1,-1,-1
36,6,1581,604,217,99,1.0,-1,-1,-1
36,7,89,671,82,65,1.0,-1,-1,-1
36,8,1654,890,138,85,1.0,-1,-1,-1
36,9,1637,968,147,91,1.0,-1,-1,-1
36,10,737,670,321,188,1.0,-1,-1,-1
36,11,1749,1000,170,76,1.0,-1,-1,-1
36,12,1170,811,103,80,1.0,-1,-1,-1
36,13,1048,574,182,78,1.0,-1,-1,-1
36,14,1053,700,67,57,1.0,-1,-1,-1
36,16,1885,809,35,97,1.0,-1,-1,-1
36,17,1021,618,61,54,1.0,-1,-1,-1
36,18,632,564,133,87,1.0,-1,-1,-1
36,19,492,589,112,62,1.0,-1,-1,-1
36,20,1825,809,45,98,1.0,-1,-1,-1
36,21,371,583,90,57,1.0,-1,-1,-1
36,24,1298,593,80,60,1.0,-1,-1,-1
36,25,1504,606,58,62,1.0,-1,-1,-1
36,27,1753,799,59,82,1.0,-1,-1,-1
36,28,1223,583,44,54,1.0,-1,-1,-1
36,29,212,809,46,67,1.0,-1,-1,-1
36,30,239,618,66,41,1.0,-1,-1,-1
36,31,1687,775,70,91,1.0,-1,-1,-1
36,33,1107,637,64,44,1.0,-1,-1,-1
36,34,1282,422,200,99,1.0,-1,-1,-1
36,35,347,615,28,42,1.0,-1,-1,-1
36,37,221,662,34,59,1.0,-1,-1,-1
36,38,1427,588,54,41,1.0,-1,-1,-1
36,41,1820,562,38,38,1.0,-1,-1,-1
36,42,755,576,58,50,1.0,-1,-1,-1
36,43,0,632,26,102,1.0,-1,-1,-1
37,1,1057,975,438,102,1.0,-1,-1,-1
37,2,1316,625,191,92,1.0,-1,-1,-1
37,3,791,810,323,195,1.0,-1,-1,-1
37,5,226,712,125,80,1.0,-1,-1,-1
37,6,1573,604,216,99,1.0,-1,-1,-1
37,7,91,672,81,65,1.0,-1,-1,-1
37,8,1673,892,135,82,1.0,-1,-1,-1
37,9,1663,971,144,89,1.0,-1,-1,-1
37,10,745,672,324,188,1.0,-1,-1,-1
37,11,1768,1003,151,73,1.0,-1,-1,-1
37,12,1184,813,104,79,1.0,-1,-1,-1
37,13,1047,573,179,77,1.0,-1,-1,-1
37,14,1052,700,68,57,1.0,-1,-1,-1
37,16,1885,809,35,98,1.0,-1,-1,-1
37,17,1018,621,61,51,1.0,-1,-1,-1
37,18,629,563,134,88,1.0,-1,-1,-1
37,19,491,589,111,60,1.0,-1,-1,-1
37,20,1824,808,47,99,1.0,-1,-1,-1
37,21,368,579,91,61,1.0,-1,-1,-1
37,24,1293,595,85,57,1.0,-1,-1,-1
37,25,1492,598,63,71,1.0,-1,-1,-1
37,27,1754,797,58,83,1.0,-1,-1,-1
37,28,1219,578,42,58,1.0,-1,-1,-1
37,29,216,807,46,72,1.0,-1,-1,-1
37,31,1686,774,71,96,1.0,-1,-1,-1
37,33,1103,613,64,67,1.0,-1,-1,-1
37,34,1282,422,200,99,1.0,-1,-1,-1
37,35,336,612,37,44,1.0,-1,-1,-1
37,38,1420,572,49,55,1.0,-1,-1,-1
37,41,1819,563,36,36,1.0,-1,-1,-1
37,42,750,573,58,53,1.0,-1,-1,-1
37,43,0,650,27,86,1.0,-1,-1,-1
38,1,1067,976,405,100,1.0,-1,-1,-1
38,2,1309,624,192,92,1.0,-1,-1,-1
38,3,799,820,325,186,1.0,-1,-1,-1
38,5,230,713,125,81,1.0,-1,-1,-1
38,6,1566,603,217,100,1.0,-1,-1,-1
38,7,93,670,82,67,1.0,-1,-1,-1
38,8,1687,887,138,88,1.0,-1,-1,-1
38,9,1686,971,135,89,1.0,-1,-1,-1
38,10,754,673,328,188,1.0,-1,-1,-1
38,11,1782,1005,138,72,1.0,-1,-1,-1
38,12,1201,814,103,83,1.0,-1,-1,-1
38,13,1043,574,177,77,1.0,-1,-1,-1
38,14,1054,701,66,55,1.0,-1,-1,-1
38,15,950,596,47,69,1.0,-1,-1,-1
38,16,1885,809,35,98,1.0,-1,-1,-1
38,17,1016,620,59,50,1.0,-1,-1,-1
38,18,626,562,132,88,1.0,-1,-1,-1
38,19,490,586,109,63,1.0,-1,-1,-1
38,20,1824,808,47,100,1.0,-1,-1,-1
38,21,351,577,108,63,1.0,-1,-1,-1
38,22,741,632,58,59,1.0,-1,-1,-1
38,24,1284,594,88,58,1.0,-1,-1,-1
38,25,1485,599,61,69,1.0,-1,-1,-1
38,27,1749,799,63,84,1.0,-1,-1,-1
38,28,1182,566,73,68,1.0,-1,-1,-1
38,29,221,823,46,61,1.0,-1,-1,-1
38,31,1686,774,68,96,1.0,-1,-1,-1
38,33,1097,613,68,66,1.0,-1,-1,-1
38,34,1282,422,199,100,1.0,-1,-1,-1
38,35,336,611,36,45,1.0,-1,-1,-1
38,38,1415,571,46,55,1.0,-1,-1,-1
38,41,1814,562,38,36,1.0,-1,-1,-1
38,42,749,577,56,48,1.0,-1,-1,-1
38,43,0,671,29,65,1.0,-1,-1,-1
38,44,683,656,93,75,1.0,-1,-1,-1
39,1,1067,976,404,100,1.0,-1,-1,-1
39,2,1309,624,192,92,1.0,-1,-1,-1
39,3,799,820,325,186,1.0,-1,-1,-1
39,5,230,713,125,81,1.0,-1,-1,-1
39,6,1565,603,218,101,1.0,-1,-1,-1
39,7,93,670,81,67,1.0,-1,-1,-1
39,8,1687,887,138,88,1.0,-1,-1,-1
39,9,1686,971,135,89,1.0,-1,-1,-1
39,10,754,673,328,188,1.0,-1,-1,-1
39,11,1782,1005,138,72,1.0,-1,-1,-1
39,12,1201,814,103,83,1.0,-1,-1,-1
39,13,1043,574,177,77,1.0,-1,-1,-1
39,14,1054,701,66,55,1.0,-1,-1,-1
39,15,950,596,48,69,1.0,-1,-1,-1
39,16,1885,809,35,99,1.0,-1,-1,-1
39,17,1016,620,59,50,1.0,-1,-1,-1
39,18,626,561,132,89,1.0,-1,-1,-1
39,19,490,586,109,63,1.0,-1,-1,-1
39,20,1824,808,47,100,1.0,-1,-1,-1
39,21,352,577,107,63,1.0,-1,-1,-1
39,24,1284,594,88,58,1.0,-1,-1,-1
39,25,1486,599,60,69,1.0,-1,-1,-1
39,27,1749,798,63,85,1.0,-1,-1,-1
39,28,1182,566,73,68,1.0,-1,-1,-1
39,29,221,823,46,61,1.0,-1,-1,-1
39,31,1687,774,68,96,1.0,-1,-1,-1
39,33,1097,613,68,66,1.0,-1,-1,-1
39,34,1281,420,203,102,1.0,-1,-1,-1
39,35,336,611,36,45,1.0,-1,-1,-1
39,38,1415,571,46,55,1.0,-1,-1,-1
39,41,1814,562,38,36,1.0,-1,-1,-1
39,42,749,577,56,48,1.0,-1,-1,-1
39,43,0,671,29,65,1.0,-1,-1,-1
39,44,684,664,76,67,1.0,-1,-1,-1
40,1,1077,977,442,101,1.0,-1,-1,-1
40,2,1303,623,188,92,1.0,-1,-1,-1
40,3,805,813,329,196,1.0,-1,-1,-1
40,5,232,713,129,81,1.0,-1,-1,-1
40,6,1557,603,218,100,1.0,-1,-1,-1
40,7,95,667,83,70,1.0,-1,-1,-1
40,8,1705,888,134,86,1.0,-1,-1,-1
40,9,1710,974,127,85,1.0,-1,-1,-1
40,10,764,673,331,193,1.0,-1,-1,-1
40,11,1795,1003,125,74,1.0,-1,-1,-1
40,12,1215,819,108,80,1.0,-1,-1,-1
40,13,1038,576,171,74,1.0,-1,-1,-1
40,14,1056,687,63,68,1.0,-1,-1,-1
40,15,950,596,44,69,1.0,-1,-1,-1
40,16,1885,809,35,99,1.0,-1,-1,-1
40,17,1012,620,60,49,1.0,-1,-1,-1
40,18,625,562,130,88,1.0,-1,-1,-1
40,19,488,583,111,67,1.0,-1,-1,-1
40,20,1824,809,46,97,1.0,-1,-1,-1
40,21,360,575,97,66,1.0,-1,-1,-1
40,24,1278,595,84,58,1.0,-1,-1,-1
40,25,1477,603,62,66,1.0,-1,-1,-1
40,26,734,643,65,53,1.0,-1,-1,-1
40,29,225,818,47,68,1.0,-1,-1,-1
40,31,1687,774,69,96,1.0,-1,-1,-1
40,33,1094,613,64,65,1.0,-1,-1,-1
40,34,1280,420,203,102,1.0,-1,-1,-1
40,35,334,611,37,44,1.0,-1,-1,-1
40,38,1406,570,46,53,1.0,-1,-1,-1
40,41,1813,555,34,41,1.0,-1,-1,-1
40,42,745,574,57,51,1.0,-1,-1,-1
40,43,0,667,29,70,1.0,-1,-1,-1
40,44,684,671,70,61,1.0,-1,-1,-1
41,1,1089,979,435,98,1.0,-1,-1,-1
41,2,1297,623,189,93,1.0,-1,-1,-1
41,3,813,815,330,197,1.0,-1,-1,-1
41,5,234,711,129,84,1.0,-1,-1,-1
41,6,1549,600,217,101,1.0,-1,-1,-1
41,7,96,669,84,69,1.0,-1,-1,-1
41,8,1721,893,136,83,1.0,-1,-1,-1
41,9,1733,977,125,87,1.0,-1,-1,-1
41,10,774,674,332,197,1.0,-1,-1,-1
41,11,1824,1008,95,70,1.0,-1,-1,-1
41,12,1231,820,107,80,1.0,-1,-1,-1
41,13,1035,575,174,75,1.0,-1,-1,-1
41,14,1060,683,59,67,1.0,-1,-1,-1
41,15,949,596,42,67,1.0,-1,-1,-1
41,16,1885,809,35,98,1.0,-1,-1,-1
41,17,1009,617,60,53,1.0,-1,-1,-1
41,18,624,561,129,91,1.0,-1,-1,-1
41,19,485,584,110,65,1.0,-1,-1,-1
41,20,1824,811,45,90,1.0,-1,-1,-1
41,21,360,580,95,59,1.0,-1,-1,-1
41,24,1273,593,85,59,1.0,-1,-1,-1
41,25,1465,597,66,72,1.0,-1,-1,-1
41,26,735,642,64,56,1.0,-1,-1,-1
41,29,226,802,49,81,1.0,-1,-1,-1
41,31,1687,773,71,97,1.0,-1,-1,-1
41,33,1091,615,62,64,1.0,-1,-1,-1
41,34,1280,420,203,102,1.0,-1,-1,-1
41,35,334,612,36,43,1.0,-1,-1,-1
41,38,1395,572,49,51,1.0,-1,-1,-1
41,41,1812,555,33,40,1.0,-1,-1,-1
41,42,744,574,52,49,1.0,-1,-1,-1
41,43,0,670,31,67,1.0,-1,-1,-1
41,44,684,673,71,59,1.0,-1,-1,-1
42,1,1101,983,405,94,1.0,-1,-1,-1
42,2,1292,624,185,91,1.0,-1,-1,-1
42,3,821,818,332,197,1.0,-1,-1,-1
42,5,236,710,132,88,1.0,-1,-1,-1
42,6,1542,601,214,99,1.0,-1,-1,-1
42,7,98,670,84,69,1.0,-1,-1,-1
42,8,1737,895,132,79,1.0,-1,-1,-1
42,9,1757,983,148,84,1.0,-1,-1,-1
42,10,780,673,340,201,1.0,-1,-1,-1
42,12,1248,822,108,83,1.0,-1,-1,-1
42,13,1029,575,176,74,1.0,-1,-1,-1
42,14,1062,681,58,67,1.0,-1,-1,-1
42,16,1885,810,35,98,1.0,-1,-1,-1
42,17,1006,616,59,54,1.0,-1,-1,-1
42,18,620,562,132,88,1.0,-1,-1,-1
42,19,483,583,109,66,1.0,-1,-1,-1
42,20,1825,812,45,85,1.0,-1,-1,-1
42,21,350,582,104,58,1.0,-1,-1,-1
42,24,1268,598,79,56,1.0,-1,-1,-1
42,25,1462,599,61,69,1.0,-1,-1,-1
42,26,734,641,64,58,1.0,-1,-1,-1
42,29,234,831,48,62,1.0,-1,-1,-1
42,31,1683,787,81,84,1.0,-1,-1,-1
42,33,1087,611,61,67,1.0,-1,-1,-1
42,34,1281,420,199,101,1.0,-1,-1,-1
42,35,334,612,36,43,1.0,-1,-1,-1
42,38,1388,572,49,52,1.0,-1,-1,-1
42,42,742,576,51,47,1.0,-1,-1,-1
42,43,0,671,34,67,1.0,-1,-1,-1
42,44,684,669,72,62,1.0,-1,-1,-1
43,1,1108,983,432,94,1.0,-1,-1,-1
43,2,1284,623,187,90,1.0,-1,-1,-1
43,3,829,815,334,202,1.0,-1,-1,-1
43,5,240,710,132,88,1.0,-1,-1,-1
43,6,1534,599,215,103,1.0,-1,-1,-1
43,7,100,671,85,69,1.0,-1,-1,-1
43,8,1754,895,117,79,1.0,-1,-1,-1
43,9,1783,982,131,91,1.0,-1,-1,-1
43,10,794,673,338,202,1.0,-1,-1,-1
43,12,1263,821,109,85,1.0,-1,-1,-1
43,13,1024,574,179,74,1.0,-1,-1,-1
43,14,1059,680,61,68,1.0,-1,-1,-1
43,16,1885,810,35,98,1.0,-1,-1,-1
43,17,1003,618,59,52,1.0,-1,-1,-1
43,18,619,561,131,90,1.0,-1,-1,-1
43,19,481,582,112,67,1.0,-1,-1,-1
43,20,1832,800,41,91,1.0,-1,-1,-1
43,21,346,582,106,57,1.0,-1,-1,-1
43,24,1258,596,84,57,1.0,-1,-1,-1
43,25,1456,602,59,66,1.0,-1,-1,-1
43,26,731,657,67,48,1.0,-1,-1,-1
43,28,1194,596,36,37,1.0,-1,-1,-1
43,29,240,827,46,66,1.0,-1,-1,-1
43,31,1683,787,118,88,1.0,-1,-1,-1
43,33,1083,609,62,69,1.0,-1,-1,-1
43,34,1281,420,200,101,1.0,-1,-1,-1
43,35,334,611,35,44,1.0,-1,-1,-1
43,38,1381,567,47,57,1.0,-1,-1,-1
43,42,740,576,50,46,1.0,-1,-1,-1
43,43,0,672,34,66,1.0,-1,-1,-1
43,44,684,666,72,65,1.0,-1,-1,-1
44,1,1122,987,376,90,1.0,-1,-1,-1
44,2,1277,623,188,89,1.0,-1,-1,-1
44,3,835,824,338,194,1.0,-1,-1,-1
44,5,243,716,133,84,1.0,-1,-1,-1
44,6,1526,602,215,100,1.0,-1,-1,-1
44,7,102,669,85,71,1.0,-1,-1,-1
44,8,1775,896,135,81,1.0,-1,-1,-1
44,9,1806,980,114,93,1.0,-1,-1,-1
44,10,803,679,343,201,1.0,-1,-1,-1
44,12,1279,823,112,87,1.0,-1,-1,-1
44,13,1023,572,173,76,1.0,-1,-1,-1
44,14,1065,679,55,67,1.0,-1,-1,-1
44,16,1884,808,36,98,1.0,-1,-1,-1
44,17,1001,616,60,52,1.0,-1,-1,-1
44,18,617,563,131,87,1.0,-1,-1,-1
44,19,479,582,113,68,1.0,-1,-1,-1
44,20,1831,797,42,88,1.0,-1,-1,-1
44,21,339,577,111,62,1.0,-1,-1,-1
44,24,1252,593,84,59,1.0,-1,-1,-1
44,25,1443,595,65,73,1.0,-1,-1,-1
44,26,732,656,66,49,1.0,-1,-1,-1
44,29,240,829,52,68,1.0,-1,-1,-1
44,31,1683,785,80,86,1.0,-1,-1,-1
44,33,1081,609,61,68,1.0,-1,-1,-1
44,34,1281,420,200,101,1.0,-1,-1,-1
44,35,332,611,37,44,1.0,-1,-1,-1
44,38,1372,572,47,52,1.0,-1,-1,-1
44,42,737,576,48,47,1.0,-1,-1,-1
44,43,0,669,36,71,1.0,-1,-1,-1
44,44,684,668,70,64,1.0,-1,-1,-1
45,1,1120,986,389,91,1.0,-1,-1,-1
45,2,1278,623,186,89,1.0,-1,-1,-1
45,3,835,821,338,198,1.0,-1,-1,-1
45,5,244,716,131,83,1.0,-1,-1,-1
45,6,1526,601,215,101,1.0,-1,-1,-1
45,7,103,670,85,71,1.0,-1,-1,-1
45,8,1773,899,135,79,1.0,-1,-1,-1
45,9,1806,978,114,96,1.0,-1,-1,-1
45,10,803,678,343,202,1.0,-1,-1,-1
45,12,1279,824,111,85,1.0,-1,-1,-1
45,13,1021,569,177,79,1.0,-1,-1,-1
45,14,1064,679,56,67,1.0,-1,-1,-1
45,16,1884,808,36,98,1.0,-1,-1,-1
45,17,1000,617,61,52,1.0,-1,-1,-1
45,18,616,562,130,88,1.0,-1,-1,-1
45,19,479,581,112,68,1.0,-1,-1,-1
45,20,1831,791,43,94,1.0,-1,-1,-1
45,21,339,581,110,59,1.0,-1,-1,-1
45,24,1254,590,86,62,1.0,-1,-1,-1
45,25,1443,595,66,73,1.0,-1,-1,-1
45,26,735,644,62,59,1.0,-1,-1,-1
45,27,1746,798,64,89,1.0,-1,-1,-1
45,29,239,829,54,68,1.0,-1,-1,-1
45,31,1683,787,75,83,1.0,-1,-1,-1
45,33,1081,608,62,69,1.0,-1,-1,-1
45,34,1282,420,178,98,1.0,-1,-1,-1
45,35,332,611,36,44,1.0,-1,-1,-1
45,37,244,688,30,42,1.0,-1,-1,-1
45,38,1371,572,48,53,1.0,-1,-1,-1
45,41,1806,536,29,54,1.0,-1,-1,-1
45,42,737,577,48,46,1.0,-1,-1,-1
45,43,0,667,36,73,1.0,-1,-1,-1
45,44,683,665,74,66,1.0,-1,-1,-1
45,45,127,1016,76,64,1.0,-1,-1,-1
46,1,1136,986,381,91,1.0,-1,-1,-1
46,2,1271,623,186,89,1.0,-1,-1,-1
46,3,845,830,337,192,1.0,-1,-1,-1
46,5,247,715,134,86,1.0,-1,-1,-1
46,6,1518,599,216,103,1.0,-1,-1,-1
46,7,105,668,86,73,1.0,-1,-1,-1
46,8,1788,898,130,81,1.0,-1,-1,-1
46,9,1829,994,91,81,1.0,-1,-1,-1
46,10,807,677,353,206,1.0,-1,-1,-1
46,12,1297,832,111,82,1.0,-1,-1,-1
46,13,1017,576,171,73,1.0,-1,-1,-1
46,14,1066,678,56,67,1.0,-1,-1,-1
46,16,1884,810,36,89,1.0,-1,-1,-1
46,17,997,619,61,50,1.0,-1,-1,-1
46,18,613,562,132,89,1.0,-1,-1,-1
46,19,476,581,112,68,1.0,-1,-1,-1
46,20,1823,813,51,96,1.0,-1,-1,-1
46,21,345,583,101,57,1.0,-1,-1,-1
46,24,1247,591,86,60,1.0,-1,-1,-1
46,25,1439,594,63,73,1.0,-1,-1,-1
46,26,732,658,66,47,1.0,-1,-1,-1
46,27,1745,799,63,93,1.0,-1,-1,-1
46,29,245,828,53,73,1.0,-1,-1,-1
46,31,1683,788,75,82,1.0,-1,-1,-1
46,33,1075,607,63,70,1.0,-1,-1,-1
46,34,1282,420,177,98,1.0,-1,-1,-1
46,35,332,612,35,43,1.0,-1,-1,-1
46,37,246,685,31,48,1.0,-1,-1,-1
46,38,1363,570,48,54,1.0,-1,-1,-1
46,41,1803,534,30,56,1.0,-1,-1,-1
46,42,736,578,46,46,1.0,-1,-1,-1
46,43,0,661,37,80,1.0,-1,-1,-1
46,44,683,663,73,68,1.0,-1,-1,-1
47,1,1147,989,374,88,1.0,-1,-1,-1
47,2,1266,623,184,89,1.0,-1,-1,-1
47,3,852,824,340,200,1.0,-1,-1,-1
47,5,252,717,132,83,1.0,-1,-1,-1
47,6,1511,600,217,102,1.0,-1,-1,-1
47,7,107,667,85,75,1.0,-1,-1,-1
47,8,1807,896,111,87,1.0,-1,-1,-1
47,9,1853,999,66,75,1.0,-1,-1,-1
47,10,826,675,348,209,1.0,-1,-1,-1
47,12,1314,827,110,88,1.0,-1,-1,-1
47,13,1010,575,174,73,1.0,-1,-1,-1
47,14,1068,678,58,58,1.0,-1,-1,-1
47,16,1883,811,37,87,1.0,-1,-1,-1
47,17,993,621,63,49,1.0,-1,-1,-1
47,18,611,563,130,86,1.0,-1,-1,-1
47,19,475,580,111,68,1.0,-1,-1,-1
47,20,1824,810,50,95,1.0,-1,-1,-1
47,21,341,584,104,55,1.0,-1,-1,-1
47,24,1241,592,83,60,1.0,-1,-1,-1
47,25,1431,599,63,67,1.0,-1,-1,-1
47,26,732,658,66,47,1.0,-1,-1,-1
47,27,1744,798,64,97,1.0,-1,-1,-1
47,29,249,830,53,72,1.0,-1,-1,-1
47,31,1683,787,74,83,1.0,-1,-1,-1
47,33,1071,609,62,69,1.0,-1,-1,-1
47,34,1282,420,175,98,1.0,-1,-1,-1
47,35,331,612,36,43,1.0,-1,-1,-1
47,37,249,691,31,41,1.0,-1,-1,-1
47,38,1356,568,47,55,1.0,-1,-1,-1
47,40,591,556,52,33,1.0,-1,-1,-1
47,41,1803,536,27,50,1.0,-1,-1,-1
47,42,734,580,45,44,1.0,-1,-1,-1
47,43,0,666,39,75,1.0,-1,-1,-1
47,44,683,663,73,67,1.0,-1,-1,-1
48,1,1156,990,375,87,1.0,-1,-1,-1
48,2,1258,622,185,88,1.0,-1,-1,-1
48,3,860,825,342,201,1.0,-1,-1,-1
48,5,254,719,134,84,1.0,-1,-1,-1
48,6,1504,600,214,99,1.0,-1,-1,-1
48,7,109,668,86,75,1.0,-1,-1,-1
48,8,1825,900,95,83,1.0,-1,-1,-1
48,9,1876,998,43,79,1.0,-1,-1,-1
48,10,833,680,355,207,1.0,-1,-1,-1
48,12,1329,836,115,82,1.0,-1,-1,-1
48,13,1011,575,161,71,1.0,-1,-1,-1
48,16,1888,812,32,117,1.0,-1,-1,-1
48,17,990,621,63,50,1.0,-1,-1,-1
48,18,610,565,122,85,1.0,-1,-1,-1
48,19,472,579,112,69,1.0,-1,-1,-1
48,20,1824,810,49,94,1.0,-1,-1,-1
48,21,341,585,102,54,1.0,-1,-1,-1
48,24,1234,589,90,63,1.0,-1,-1,-1
48,25,1422,594,66,72,1.0,-1,-1,-1
48,26,732,658,66,47,1.0,-1,-1,-1
48,27,1744,798,64,96,1.0,-1,-1,-1
48,29,254,829,52,74,1.0,-1,-1,-1
48,31,1683,787,73,83,1.0,-1,-1,-1
48,33,1067,609,63,68,1.0,-1,-1,-1
48,34,1282,420,178,99,1.0,-1,-1,-1
48,35,331,613,35,42,1.0,-1,-1,-1
48,37,252,688,30,45,1.0,-1,-1,-1
48,38,1347,570,48,53,1.0,-1,-1,-1
48,40,591,556,52,33,1.0,-1,-1,-1
48,41,1800,537,28,49,1.0,-1,-1,-1
48,42,730,575,43,48,1.0,-1,-1,-1
48,43,0,664,40,79,1.0,-1,-1,-1
48,44,683,661,73,69,1.0,-1,-1,-1
49,1,1168,991,421,86,1.0,-1,-1,-1
49,2,1254,622,183,89,1.0,-1,-1,-1
49,3,867,822,345,208,1.0,-1,-1,-1
49,5,257,718,135,86,1.0,-1,-1,-1
49,6,1495,600,214,99,1.0,-1,-1,-1
49,7,110,664,88,80,1.0,-1,-1,-1
49,8,1841,907,79,76,1.0,-1,-1,-1
49,10,842,678,359,212,1.0,-1,-1,-1
49,12,1348,838,116,81,1.0,-1,-1,-1
49,13,1008,574,170,72,1.0,-1,-1,-1
49,16,1886,776,33,66,1.0,-1,-1,-1
49,17,985,621,66,49,1.0,-1,-1,-1
49,18,606,561,151,89,1.0,-1,-1,-1
49,19,470,579,112,69,1.0,-1,-1,-1
49,20,1823,810,49,98,1.0,-1,-1,-1
49,21,341,585,100,54,1.0,-1,-1,-1
49,24,1228,590,82,62,1.0,-1,-1,-1
49,25,1414,594,65,72,1.0,-1,-1,-1
49,26,737,658,63,47,1.0,-1,-1,-1
49,27,1744,803,66,96,1.0,-1,-1,-1
49,29,259,836,52,69,1.0,-1,-1,-1
49,31,1683,787,73,83,1.0,-1,-1,-1
49,33,1064,606,61,69,1.0,-1,-1,-1
49,34,1281,420,179,99,1.0,-1,-1,-1
49,35,330,612,36,43,1.0,-1,-1,-1
49,37,254,685,34,48,1.0,-1,-1,-1
49,38,1341,567,45,54,1.0,-1,-1,-1
49,40,591,556,52,33,1.0,-1,-1,-1
49,41,1800,538,26,48,1.0,-1,-1,-1
49,43,0,662,41,80,1.0,-1,-1,-1
49,44,683,662,73,68,1.0,-1,-1,-1
49,45,107,1017,90,63,1.0,-1,-1,-1
50,1,1179,994,392,83,1.0,-1,-1,-1
50,2,1247,622,184,88,1.0,-1,-1,-1
50,3,872,828,348,204,1.0,-1,-1,-1
50,5,258,718,138,86,1.0,-1,-1,-1
50,6,1490,599,213,100,1.0,-1,-1,-1
50,7,112,669,89,75,1.0,-1,-1,-1
50,8,1859,908,60,78,1.0,-1,-1,-1
50,10,861,674,355,217,1.0,-1,-1,-1
50,12,1366,831,115,92,1.0,-1,-1,-1
50,13,996,574,174,73,1.0,-1,-1,-1
50,16,1886,776,33,66,1.0,-1,-1,-1
50,17,982,621,66,49,1.0,-1,-1,-1
50,18,605,564,137,86,1.0,-1,-1,-1
50,19,469,582,111,66,1.0,-1,-1,-1
50,20,1824,809,47,99,1.0,-1,-1,-1
50,21,342,585,97,53,1.0,-1,-1,-1
50,24,1222,590,85,62,1.0,-1,-1,-1
50,25,1410,593,62,71,1.0,-1,-1,-1
50,26,737,658,63,47,1.0,-1,-1,-1
50,27,1745,803,66,96,1.0,-1,-1,-1
50,29,264,842,52,67,1.0,-1,-1,-1
50,31,1683,786,73,84,1.0,-1,-1,-1
50,33,1062,608,59,68,1.0,-1,-1,-1
50,34,1282,420,180,99,1.0,-1,-1,-1
50,35,332,619,35,36,1.0,-1,-1,-1
50,37,257,682,34,53,1.0,-1,-1,-1
50,38,1331,566,48,55,1.0,-1,-1,-1
50,40,592,556,49,32,1.0,-1,-1,-1
50,41,1799,538,25,47,1.0,-1,-1,-1
50,43,0,667,42,76,1.0,-1,-1,-1
50,44,683,661,73,69,1.0,-1,-1,-1
50,45,101,1019,91,61,1.0,-1,-1,-1
51,1,1179,994,390,83,1.0,-1,-1,-1
51,2,1247,622,184,88,1.0,-1,-1,-1
51,3,872,828,348,204,1.0,-1,-1,-1
51,5,258,718,138,86,1.0,-1,-1,-1
51,6,1490,599,212,100,1.0,-1,-1,-1
51,7,112,669,89,75,1.0,-1,-1,-1
51,8,1859,908,60,77,1.0,-1,-1,-1
51,10,861,675,355,215,1.0,-1,-1,-1
51,12,1365,831,116,92,1.0,-1,-1,-1
51,13,996,574,172,72,1.0,-1,-1,-1
51,16,1887,811,33,92,1.0,-1,-1,-1
51,17,982,620,66,50,1.0,-1,-1,-1
51,18,605,563,138,87,1.0,-1,-1,-1
51,19,469,582,111,66,1.0,-1,-1,-1
51,20,1824,810,47,98,1.0,-1,-1,-1
51,21,342,585,97,53,1.0,-1,-1,-1
51,24,1222,590,85,62,1.0,-1,-1,-1
51,25,1410,593,62,71,1.0,-1,-1,-1
51,26,737,658,63,47,1.0,-1,-1,-1
51,27,1745,804,65,96,1.0,-1,-1,-1
51,29,264,842,52,68,1.0,-1,-1,-1
51,31,1683,787,73,83,1.0,-1,-1,-1
51,33,1062,608,59,68,1.0,-1,-1,-1
51,34,1282,420,180,99,1.0,-1,-1,-1
51,35,332,619,35,36,1.0,-1,-1,-1
51,37,257,683,34,52,1.0,-1,-1,-1
51,38,1331,566,48,56,1.0,-1,-1,-1
51,40,592,556,49,32,1.0,-1,-1,-1
51,41,1799,539,24,46,1.0,-1,-1,-1
51,43,0,665,42,78,1.0,-1,-1,-1
51,44,683,661,73,69,1.0,-1,-1,-1
51,45,101,1018,91,62,1.0,-1,-1,-1
52,1,1193,994,381,83,1.0,-1,-1,-1
52,2,1241,621,182,88,1.0,-1,-1,-1
52,3,880,828,349,208,1.0,-1,-1,-1
52,5,262,719,137,87,1.0,-1,-1,-1
52,6,1483,600,212,99,1.0,-1,-1,-1
52,7,114,669,90,76,1.0,-1,-1,-1
52,8,1877,909,42,76,1.0,-1,-1,-1
52,10,870,676,359,216,1.0,-1,-1,-1
52,12,1383,840,115,87,1.0,-1,-1,-1
52,13,993,575,173,71,1.0,-1,-1,-1
52,16,1887,811,33,93,1.0,-1,-1,-1
52,17,980,618,64,53,1.0,-1,-1,-1
52,18,603,562,134,88,1.0,-1,-1,-1
52,19,470,580,108,68,1.0,-1,-1,-1
52,20,1824,810,47,98,1.0,-1,-1,-1
52,21,340,587,97,51,1.0,-1,-1,-1
52,24,1213,589,93,64,1.0,-1,-1,-1
52,25,1399,592,66,73,1.0,-1,-1,-1
52,26,732,659,67,46,1.0,-1,-1,-1
52,27,1745,804,65,95,1.0,-1,-1,-1
52,29,267,838,54,74,1.0,-1,-1,-1
52,31,1683,788,72,82,1.0,-1,-1,-1
52,33,1057,610,60,65,1.0,-1,-1,-1
52,34,1281,420,182,99,1.0,-1,-1,-1
52,35,337,624,29,31,1.0,-1,-1,-1
52,37,260,681,35,53,1.0,-1,-1,-1
52,38,1322,570,48,51,1.0,-1,-1,-1
52,40,591,557,46,32,1.0,-1,-1,-1
52,41,1797,538,25,45,1.0,-1,-1,-1
52,43,0,670,43,73,1.0,-1,-1,-1
52,44,683,663,73,67,1.0,-1,-1,-1
52,45,96,1023,90,57,1.0,-1,-1,-1
53,1,1201,995,397,82,1.0,-1,-1,-1
53,2,1235,621,183,88,1.0,-1,-1,-1
53,3,887,825,352,213,1.0,-1,-1,-1
53,5,266,721,137,85,1.0,-1,-1,-1
53,6,1474,599,213,100,1.0,-1,-1,-1
53,7,116,668,89,79,1.0,-1,-1,-1
53,8,1894,913,25,72,1.0,-1,-1,-1
53,10,878,682,368,213,1.0,-1,-1,-1
53,12,1397,845,121,84,1.0,-1,-1,-1
53,13,991,575,170,69,1.0,-1,-1,-1
53,16,1886,811,33,95,1.0,-1,-1,-1
53,17,976,616,64,53,1.0,-1,-1,-1
53,18,600,563,146,86,1.0,-1,-1,-1
53,19,468,586,109,62,1.0,-1,-1,-1
53,20,1824,810,46,98,1.0,-1,-1,-1
53,21,334,587,101,51,1.0,-1,-1,-1
53,24,1208,590,86,62,1.0,-1,-1,-1
53,25,1391,592,67,74,1.0,-1,-1,-1
53,26,732,660,67,45,1.0,-1,-1,-1
53,27,1744,804,66,97,1.0,-1,-1,-1
53,29,271,836,56,80,1.0,-1,-1,-1
53,31,1683,786,72,84,1.0,-1,-1,-1
53,33,1054,609,59,65,1.0,-1,-1,-1
53,34,1281,420,183,99,1.0,-1,-1,-1
53,37,264,682,33,54,1.0,-1,-1,-1
53,40,592,556,40,30,1.0,-1,-1,-1
53,41,1796,522,25,58,1.0,-1,-1,-1
53,43,0,672,46,71,1.0,-1,-1,-1
53,44,683,666,73,64,1.0,-1,-1,-1
53,45,91,1022,90,58,1.0,-1,-1,-1
54,1,1216,995,382,82,1.0,-1,-1,-1
54,2,1229,621,183,87,1.0,-1,-1,-1
54,3,895,826,353,215,1.0,-1,-1,-1
54,5,269,723,141,85,1.0,-1,-1,-1
54,6,1469,597,211,102,1.0,-1,-1,-1
54,7,118,670,90,77,1.0,-1,-1,-1
54,10,886,681,374,220,1.0,-1,-1,-1
54,12,1418,844,118,89,1.0,-1,-1,-1
54,13,985,571,180,74,1.0,-1,-1,-1
54,16,1886,811,34,94,1.0,-1,-1,-1
54,17,972,616,66,53,1.0,-1,-1,-1
54,18,598,561,138,88,1.0,-1,-1,-1
54,19,466,577,109,72,1.0,-1,-1,-1
54,20,1824,811,45,97,1.0,-1,-1,-1
54,21,332,586,101,53,1.0,-1,-1,-1
54,24,1203,590,85,61,1.0,-1,-1,-1
54,25,1388,592,63,73,1.0,-1,-1,-1
54,26,732,660,67,45,1.0,-1,-1,-1
54,27,1745,804,65,96,1.0,-1,-1,-1
54,29,278,843,54,74,1.0,-1,-1,-1
54,31,1683,787,72,83,1.0,-1,-1,-1
54,33,1052,608,57,65,1.0,-1,-1,-1
54,34,1281,420,182,99,1.0,-1,-1,-1
54,37,268,681,32,54,1.0,-1,-1,-1
54,40,591,557,44,32,1.0,-1,-1,-1
54,41,1794,515,27,64,1.0,-1,-1,-1
54,43,0,671,48,73,1.0,-1,-1,-1
54,44,684,665,72,65,1.0,-1,-1,-1
54,45,86,1016,89,63,1.0,-1,-1,-1
55,1,1227,996,388,81,1.0,-1,-1,-1
55,2,1224,621,182,86,1.0,-1,-1,-1
55,3,901,834,356,208,1.0,-1,-1,-1
55,5,272,725,141,85,1.0,-1,-1,-1
55,6,1462,595,211,102,1.0,-1,-1,-1
55,7,120,669,90,78,1.0,-1,-1,-1
55,10,907,684,369,218,1.0,-1,-1,-1
55,12,1436,849,119,84,1.0,-1,-1,-1
55,13,980,572,182,73,1.0,-1,-1,-1
55,16,1886,813,33,92,1.0,-1,-1,-1
55,17,971,620,64,49,1.0,-1,-1,-1
55,18,597,563,145,86,1.0,-1,-1,-1
55,19,467,581,107,67,1.0,-1,-1,-1
55,20,1824,810,45,98,1.0,-1,-1,-1
55,21,319,585,111,54,1.0,-1,-1,-1
55,24,1196,589,86,62,1.0,-1,-1,-1
55,25,1378,593,67,70,1.0,-1,-1,-1
55,26,732,661,66,44,1.0,-1,-1,-1
55,27,1745,804,65,95,1.0,-1,-1,-1
55,29,282,847,58,74,1.0,-1,-1,-1
55,31,1683,788,72,82,1.0,-1,-1,-1
55,33,1050,608,56,65,1.0,-1,-1,-1
55,34,1281,421,180,98,1.0,-1,-1,-1
55,37,271,688,31,47,1.0,-1,-1,-1
55,41,1794,515,25,62,1.0,-1,-1,-1
55,43,0,670,50,75,1.0,-1,-1,-1
55,44,684,668,72,62,1.0,-1,-1,-1
55,45,80,1011,88,69,1.0,-1,-1,-1
56,1,1241,997,405,80,1.0,-1,-1,-1
56,2,1219,620,180,86,1.0,-1,-1,-1
56,3,909,836,357,209,1.0,-1,-1,-1
56,5,277,725,140,84,1.0,-1,-1,-1
56,6,1455,597,210,100,1.0,-1,-1,-1
56,7,124,670,90,77,1.0,-1,-1,-1
56,10,920,696,372,210,1.0,-1,-1,-1
56,12,1452,847,121,89,1.0,-1,-1,-1
56,13,979,571,182,75,1.0,-1,-1,-1
56,16,1886,812,34,93,1.0,-1,-1,-1
56,17,970,617,61,52,1.0,-1,-1,-1
56,18,595,563,141,86,1.0,-1,-1,-1
56,19,465,583,107,66,1.0,-1,-1,-1
56,20,1824,810,45,98,1.0,-1,-1,-1
56,21,324,584,104,54,1.0,-1,-1,-1
56,22,788,606,56,45,1.0,-1,-1,-1
56,24,1189,588,95,63,1.0,-1,-1,-1
56,25,1370,592,68,72,1.0,-1,-1,-1
56,26,732,662,67,43,1.0,-1,-1,-1
56,27,1745,804,65,95,1.0,-1,-1,-1
56,29,287,851,58,72,1.0,-1,-1,-1
56,31,1683,787,72,83,1.0,-1,-1,-1
56,34,1281,421,180,98,1.0,-1,-1,-1
56,37,273,688,32,49,1.0,-1,-1,-1
56,41,1794,521,25,55,1.0,-1,-1,-1
56,43,0,675,51,71,1.0,-1,-1,-1
56,44,684,668,72,62,1.0,-1,-1,-1
56,45,73,1011,91,69,1.0,-1,-1,-1
57,1,1241,997,405,80,1.0,-1,-1,-1
57,2,1219,620,180,86,1.0,-1,-1,-1
57,3,909,836,357,209,1.0,-1,-1,-1
57,5,277,724,140,85,1.0,-1,-1,-1
57,6,1455,597,210,100,1.0,-1,-1,-1
57,7,124,670,90,77,1.0,-1,-1,-1
57,10,920,696,372,210,1.0,-1,-1,-1
57,12,1452,847,121,89,1.0,-1,-1,-1
57,13,979,571,182,75,1.0,-1,-1,-1
57,16,1886,812,33,94,1.0,-1,-1,-1
57,17,970,617,61,52,1.0,-1,-1,-1
57,18,595,561,139,88,1.0,-1,-1,-1
57,19,465,583,107,66,1.0,-1,-1,-1
57,20,1824,811,45,97,1.0,-1,-1,-1
57,21,324,584,104,54,1.0,-1,-1,-1
57,22,788,606,56,45,1.0,-1,-1,-1
57,24,1189,588,95,63,1.0,-1,-1,-1
57,25,1370,592,68,72,1.0,-1,-1,-1
57,26,732,662,67,43,1.0,-1,-1,-1
57,27,1745,804,65,95,1.0,-1,-1,-1
57,29,287,851,59,72,1.0,-1,-1,-1
57,31,1683,788,72,82,1.0,-1,-1,-1
57,34,1281,421,180,97,1.0,-1,-1,-1
57,37,273,688,32,49,1.0,-1,-1,-1
57,41,1794,520,25,56,1.0,-1,-1,-1
57,43,0,675,51,71,1.0,-1,-1,-1
57,44,684,668,72,62,1.0,-1,-1,-1
57,45,73,1011,91,69,1.0,-1,-1,-1
58,1,1250,999,400,78,1.0,-1,-1,-1
58,2,1213,619,181,88,1.0,-1,-1,-1
58,3,915,833,359,213,1.0,-1,-1,-1
58,5,280,727,141,85,1.0,-1,-1,-1
58,6,1449,597,209,99,1.0,-1,-1,-1
58,7,125,673,92,75,1.0,-1,-1,-1
58,10,929,703,377,203,1.0,-1,-1,-1
58,12,1473,853,119,85,1.0,-1,-1,-1
58,13,980,573,173,72,1.0,-1,-1,-1
58,14,1066,658,39,44,1.0,-1,-1,-1
58,16,1886,813,34,93,1.0,-1,-1,-1
58,17,966,613,62,56,1.0,-1,-1,-1
58,18,594,560,133,89,1.0,-1,-1,-1
58,19,464,583,107,65,1.0,-1,-1,-1
58,20,1824,811,45,97,1.0,-1,-1,-1
58,21,327,583,100,55,1.0,-1,-1,-1
58,22,784,606,61,44,1.0,-1,-1,-1
58,24,1183,589,97,63,1.0,-1,-1,-1
58,25,1366,592,64,72,1.0,-1,-1,-1
58,26,732,662,67,43,1.0,-1,-1,-1
58,27,1745,805,64,92,1.0,-1,-1,-1
58,29,291,850,60,76,1.0,-1,-1,-1
58,31,1683,788,72,82,1.0,-1,-1,-1
58,34,1281,421,179,97,1.0,-1,-1,-1
58,37,276,691,32,46,1.0,-1,-1,-1
58,39,882,706,49,71,1.0,-1,-1,-1
58,41,1792,516,25,57,1.0,-1,-1,-1
58,43,0,666,53,80,1.0,-1,-1,-1
58,44,684,666,72,64,1.0,-1,-1,-1
58,45,69,1007,89,72,1.0,-1,-1,-1
59,1,1265,1003,383,74,1.0,-1,-1,-1
59,2,1207,620,179,86,1.0,-1,-1,-1
59,3,922,832,361,218,1.0,-1,-1,-1
59,5,282,727,143,86,1.0,-1,-1,-1
59,6,1441,594,210,101,1.0,-1,-1,-1
59,7,127,676,92,73,1.0,-1,-1,-1
59,10,941,705,384,210,1.0,-1,-1,-1
59,12,1490,850,123,92,1.0,-1,-1,-1
59,13,978,574,173,71,1.0,-1,-1,-1
59,14,1066,653,38,49,1.0,-1,-1,-1
59,16,1886,813,34,93,1.0,-1,-1,-1
59,17,962,616,62,53,1.0,-1,-1,-1
59,18,592,561,141,88,1.0,-1,-1,-1
59,19,462,581,106,68,1.0,-1,-1,-1
59,20,1824,811,45,97,1.0,-1,-1,-1
59,21,329,584,95,56,1.0,-1,-1,-1
59,22,776,607,69,43,1.0,-1,-1,-1
59,24,1178,591,92,59,1.0,-1,-1,-1
59,25,1355,593,68,67,1.0,-1,-1,-1
59,26,735,637,63,65,1.0,-1,-1,-1
59,27,1745,804,64,93,1.0,-1,-1,-1
59,29,295,849,60,82,1.0,-1,-1,-1
59,31,1683,787,72,83,1.0,-1,-1,-1
59,34,1281,421,178,97,1.0,-1,-1,-1
59,37,280,689,32,52,1.0,-1,-1,-1
59,39,884,707,63,70,1.0,-1,-1,-1
59,41,1793,518,24,56,1.0,-1,-1,-1
59,43,0,676,55,71,1.0,-1,-1,-1
59,44,683,661,73,70,1.0,-1,-1,-1
59,45,63,1008,90,71,1.0,-1,-1,-1
60,1,1275,1002,406,76,1.0,-1,-1,-1
60,2,1202,619,179,88,1.0,-1,-1,-1
60,3,930,833,362,220,1.0,-1,-1,-1
60,5,286,726,145,89,1.0,-1,-1,-1
60,6,1435,599,210,96,1.0,-1,-1,-1
60,7,128,675,92,75,1.0,-1,-1,-1
60,10,954,703,387,212,1.0,-1,-1,-1
60,12,1510,856,124,88,1.0,-1,-1,-1
60,13,965,571,181,72,1.0,-1,-1,-1
60,16,1886,813,34,93,1.0,-1,-1,-1
60,17,959,617,61,53,1.0,-1,-1,-1
60,18,591,563,142,86,1.0,-1,-1,-1
60,19,460,583,105,66,1.0,-1,-1,-1
60,20,1823,814,45,94,1.0,-1,-1,-1
60,21,334,584,89,54,1.0,-1,-1,-1
60,22,776,600,67,50,1.0,-1,-1,-1
60,24,1173,591,93,59,1.0,-1,-1,-1
60,25,1351,594,67,69,1.0,-1,-1,-1
60,26,736,638,62,64,1.0,-1,-1,-1
60,27,1746,805,63,91,1.0,-1,-1,-1
60,29,301,850,61,84,1.0,-1,-1,-1
60,31,1683,787,73,83,1.0,-1,-1,-1
60,32,829,680,60,74,1.0,-1,-1,-1
60,34,1281,421,177,97,1.0,-1,-1,-1
60,37,282,687,34,56,1.0,-1,-1,-1
60,39,885,698,74,79,1.0,-1,-1,-1
60,41,1792,519,24,54,1.0,-1,-1,-1
60,43,0,672,55,75,1.0,-1,-1,-1
60,44,683,661,73,70,1.0,-1,-1,-1
60,45,59,1005,88,74,1.0,-1,-1,-1
61,1,1287,1004,381,74,1.0,-1,-1,-1
61,2,1196,619,179,89,1.0,-1,-1,-1
61,3,938,834,364,220,1.0,-1,-1,-1
61,5,290,729,146,86,1.0,-1,-1,-1
61,6,1426,598,212,96,1.0,-1,-1,-1
61,7,132,674,90,77,1.0,-1,-1,-1
61,10,968,705,388,216,1.0,-1,-1,-1
61,12,1529,857,123,87,1.0,-1,-1,-1
61,13,971,573,168,72,1.0,-1,-1,-1
61,16,1886,813,34,92,1.0,-1,-1,-1
61,17,958,615,60,54,1.0,-1,-1,-1
61,18,588,564,139,85,1.0,-1,-1,-1
61,19,458,586,105,63,1.0,-1,-1,-1
61,20,1823,814,45,94,1.0,-1,-1,-1
61,21,332,586,90,53,1.0,-1,-1,-1
61,22,773,605,69,46,1.0,-1,-1,-1
61,24,1167,591,92,61,1.0,-1,-1,-1
61,25,1344,590,67,74,1.0,-1,-1,-1
61,26,734,660,64,44,1.0,-1,-1,-1
61,27,1746,806,63,88,1.0,-1,-1,-1
61,29,310,862,58,75,1.0,-1,-1,-1
61,31,1683,786,73,84,1.0,-1,-1,-1
61,32,830,680,60,74,1.0,-1,-1,-1
61,34,1281,421,178,97,1.0,-1,-1,-1
61,37,285,683,33,60,1.0,-1,-1,-1
61,39,886,702,85,74,1.0,-1,-1,-1
61,41,1791,516,25,56,1.0,-1,-1,-1
61,43,0,667,57,80,1.0,-1,-1,-1
61,44,683,662,73,69,1.0,-1,-1,-1
61,45,53,1004,91,75,1.0,-1,-1,-1
62,1,1300,1007,403,71,1.0,-1,-1,-1
62,2,1192,619,178,88,1.0,-1,-1,-1
62,3,943,835,370,222,1.0,-1,-1,-1
62,5,294,728,145,90,1.0,-1,-1,-1
62,6,1421,597,210,98,1.0,-1,-1,-1
62,7,135,678,90,73,1.0,-1,-1,-1
62,10,983,706,392,217,1.0,-1,-1,-1
62,12,1546,856,127,89,1.0,-1,-1,-1
62,13,960,574,175,70,1.0,-1,-1,-1
62,16,1885,813,35,92,1.0,-1,-1,-1
62,17,958,616,58,53,1.0,-1,-1,-1
62,18,585,562,135,87,1.0,-1,-1,-1
62,19,456,586,104,62,1.0,-1,-1,-1
62,20,1823,814,45,94,1.0,-1,-1,-1
62,21,334,586,85,52,1.0,-1,-1,-1
62,22,771,605,70,46,1.0,-1,-1,-1
62,24,1160,592,91,60,1.0,-1,-1,-1
62,25,1336,594,68,69,1.0,-1,-1,-1
62,26,735,639,63,63,1.0,-1,-1,-1
62,27,1746,807,63,87,1.0,-1,-1,-1
62,29,313,861,61,80,1.0,-1,-1,-1
62,31,1683,786,74,84,1.0,-1,-1,-1
62,32,831,680,58,74,1.0,-1,-1,-1
62,33,1031,608,54,64,1.0,-1,-1,-1
62,34,1281,421,180,97,1.0,-1,-1,-1
62,37,287,683,35,62,1.0,-1,-1,-1
62,39,886,700,94,76,1.0,-1,-1,-1
62,41,1791,514,25,58,1.0,-1,-1,-1
62,43,0,666,58,82,1.0,-1,-1,-1
62,44,683,662,73,69,1.0,-1,-1,-1
62,45,48,1001,88,78,1.0,-1,-1,-1
63,1,1300,1007,403,71,1.0,-1,-1,-1
63,2,1192,619,178,88,1.0,-1,-1,-1
63,3,943,834,370,223,1.0,-1,-1,-1
63,5,294,728,145,90,1.0,-1,-1,-1
63,6,1421,598,210,97,1.0,-1,-1,-1
63,7,135,678,90,73,1.0,-1,-1,-1
63,10,983,706,392,217,1.0,-1,-1,-1
63,12,1546,857,127,88,1.0,-1,-1,-1
63,13,959,574,176,70,1.0,-1,-1,-1
63,16,1885,813,35,93,1.0,-1,-1,-1
63,17,957,616,59,53,1.0,-1,-1,-1
63,18,585,562,136,87,1.0,-1,-1,-1
63,19,456,587,104,61,1.0,-1,-1,-1
63,20,1823,814,45,94,1.0,-1,-1,-1
63,22,771,605,70,46,1.0,-1,-1,-1
63,24,1160,592,91,60,1.0,-1,-1,-1
63,25,1336,594,68,69,1.0,-1,-1,-1
63,26,735,639,63,64,1.0,-1,-1,-1
63,27,1747,807,62,86,1.0,-1,-1,-1
63,29,313,861,61,80,1.0,-1,-1,-1
63,31,1683,785,74,85,1.0,-1,-1,-1
63,32,830,680,59,74,1.0,-1,-1,-1
63,33,1031,608,54,64,1.0,-1,-1,-1
63,34,1280,421,183,97,1.0,-1,-1,-1
63,37,287,683,35,62,1.0,-1,-1,-1
63,38,1253,576,47,45,1.0,-1,-1,-1
63,39,886,700,93,76,1.0,-1,-1,-1
63,41,1791,514,25,58,1.0,-1,-1,-1
63,43,0,666,58,82,1.0,-1,-1,-1
63,44,683,662,73,69,1.0,-1,-1,-1
63,45,48,1001,88,78,1.0,-1,-1,-1
64,1,1313,1008,400,70,1.0,-1,-1,-1
64,2,1186,618,178,87,1.0,-1,-1,-1
64,3,950,839,373,222,1.0,-1,-1,-1
64,5,299,730,146,89,1.0,-1,-1,-1
64,6,1415,598,210,95,1.0,-1,-1,-1
64,7,137,679,92,73,1.0,-1,-1,-1
64,10,995,707,395,220,1.0,-1,-1,-1
64,12,1567,862,126,84,1.0,-1,-1,-1
64,13,956,574,172,67,1.0,-1,-1,-1
64,16,1886,813,34,94,1.0,-1,-1,-1
64,17,957,618,56,50,1.0,-1,-1,-1
64,18,584,566,137,83,1.0,-1,-1,-1
64,19,453,585,107,62,1.0,-1,-1,-1
64,20,1823,815,44,93,1.0,-1,-1,-1
64,22,770,595,71,56,1.0,-1,-1,-1
64,24,1155,588,88,62,1.0,-1,-1,-1
64,25,1328,590,69,71,1.0,-1,-1,-1
64,26,735,638,63,64,1.0,-1,-1,-1
64,27,1747,807,62,85,1.0,-1,-1,-1
64,29,320,858,60,86,1.0,-1,-1,-1
64,31,1684,784,73,86,1.0,-1,-1,-1
64,32,831,681,58,72,1.0,-1,-1,-1
64,33,1027,607,54,65,1.0,-1,-1,-1
64,34,1280,421,186,97,1.0,-1,-1,-1
64,37,292,691,32,56,1.0,-1,-1,-1
64,39,887,701,81,75,1.0,-1,-1,-1
64,41,1791,513,24,57,1.0,-1,-1,-1
64,43,0,675,59,74,1.0,-1,-1,-1
64,44,683,664,73,67,1.0,-1,-1,-1
64,45,44,1001,88,78,1.0,-1,-1,-1
65,1,1323,1010,399,68,1.0,-1,-1,-1
65,2,1182,619,177,83,1.0,-1,-1,-1
65,3,958,841,372,221,1.0,-1,-1,-1
65,5,302,731,145,90,1.0,-1,-1,-1
65,6,1408,597,210,96,1.0,-1,-1,-1
65,7,139,679,92,74,1.0,-1,-1,-1
65,10,1005,707,401,226,1.0,-1,-1,-1
65,12,1587,867,125,82,1.0,-1,-1,-1
65,13,961,572,163,71,1.0,-1,-1,-1
65,16,1886,813,33,93,1.0,-1,-1,-1
65,17,955,616,55,52,1.0,-1,-1,-1
65,18,581,562,139,88,1.0,-1,-1,-1
65,19,451,583,107,64,1.0,-1,-1,-1
65,20,1823,815,44,93,1.0,-1,-1,-1
65,22,768,595,73,56,1.0,-1,-1,-1
65,24,1151,589,88,62,1.0,-1,-1,-1
65,25,1322,589,71,72,1.0,-1,-1,-1
65,26,735,637,63,65,1.0,-1,-1,-1
65,27,1746,806,63,88,1.0,-1,-1,-1
65,29,322,850,65,96,1.0,-1,-1,-1
65,31,1683,785,74,85,1.0,-1,-1,-1
65,32,829,680,62,74,1.0,-1,-1,-1
65,33,1025,604,54,68,1.0,-1,-1,-1
65,34,1280,421,188,97,1.0,-1,-1,-1
65,37,295,693,31,55,1.0,-1,-1,-1
65,39,888,700,83,76,1.0,-1,-1,-1
65,41,1791,512,23,59,1.0,-1,-1,-1
65,43,0,672,61,78,1.0,-1,-1,-1
65,44,683,664,73,67,1.0,-1,-1,-1
65,45,36,1000,90,78,1.0,-1,-1,-1
66,1,1339,1011,386,67,1.0,-1,-1,-1
66,2,1176,620,178,82,1.0,-1,-1,-1
66,3,965,836,375,227,1.0,-1,-1,-1
66,5,304,731,151,91,1.0,-1,-1,-1
66,6,1404,597,208,96,1.0,-1,-1,-1
66,7,141,680,94,74,1.0,-1,-1,-1
66,10,1023,711,402,221,1.0,-1,-1,-1
66,12,1607,870,125,80,1.0,-1,-1,-1
66,13,949,572,168,70,1.0,-1,-1,-1
66,16,1885,813,34,94,1.0,-1,-1,-1
66,17,957,618,50,51,1.0,-1,-1,-1
66,18,579,562,139,86,1.0,-1,-1,-1
66,19,449,580,106,67,1.0,-1,-1,-1
66,20,1823,817,43,91,1.0,-1,-1,-1
66,22,765,594,76,57,1.0,-1,-1,-1
66,24,1144,591,92,61,1.0,-1,-1,-1
66,25,1316,595,68,67,1.0,-1,-1,-1
66,26,735,638,63,64,1.0,-1,-1,-1
66,27,1747,807,62,88,1.0,-1,-1,-1
66,29,330,864,64,86,1.0,-1,-1,-1
66,31,1684,790,69,80,1.0,-1,-1,-1
66,32,828,680,63,74,1.0,-1,-1,-1
66,33,1021,607,53,64,1.0,-1,-1,-1
66,34,1280,421,188,97,1.0,-1,-1,-1
66,37,297,696,33,53,1.0,-1,-1,-1
66,39,887,701,84,75,1.0,-1,-1,-1
66,41,1791,510,24,59,1.0,-1,-1,-1
66,43,0,682,64,68,1.0,-1,-1,-1
66,44,683,665,73,65,1.0,-1,-1,-1
66,45,33,991,88,87,1.0,-1,-1,-1
67,1,1352,1012,380,65,1.0,-1,-1,-1
67,2,1172,619,177,84,1.0,-1,-1,-1
67,3,972,842,379,224,1.0,-1,-1,-1
67,5,308,731,152,93,1.0,-1,-1,-1
67,6,1397,595,209,98,1.0,-1,-1,-1
67,7,143,680,95,74,1.0,-1,-1,-1
67,10,1036,707,405,229,1.0,-1,-1,-1
67,12,1626,872,127,80,1.0,-1,-1,-1
67,13,950,572,165,69,1.0,-1,-1,-1
67,16,1886,813,33,94,1.0,-1,-1,-1
67,17,955,620,50,49,1.0,-1,-1,-1
67,18,577,561,138,87,1.0,-1,-1,-1
67,19,448,575,107,72,1.0,-1,-1,-1
67,20,1823,816,44,92,1.0,-1,-1,-1
67,22,761,593,80,58,1.0,-1,-1,-1
67,24,1137,590,94,61,1.0,-1,-1,-1
67,25,1308,590,67,69,1.0,-1,-1,-1
67,26,735,639,62,63,1.0,-1,-1,-1
67,27,1747,805,63,89,1.0,-1,-1,-1
67,29,336,870,65,82,1.0,-1,-1,-1
67,30,239,612,69,42,1.0,-1,-1,-1
67,31,1707,773,50,81,1.0,-1,-1,-1
67,33,1018,608,53,63,1.0,-1,-1,-1
67,34,1279,420,189,98,1.0,-1,-1,-1
67,37,301,694,32,55,1.0,-1,-1,-1
67,39,887,702,80,73,1.0,-1,-1,-1
67,41,1791,510,23,55,1.0,-1,-1,-1
67,43,0,680,65,70,1.0,-1,-1,-1
67,44,683,665,73,65,1.0,-1,-1,-1
67,45,28,993,89,85,1.0,-1,-1,-1
67,47,1875,598,44,58,1.0,-1,-1,-1
68,1,1362,1012,380,65,1.0,-1,-1,-1
68,2,1168,618,175,85,1.0,-1,-1,-1
68,3,980,839,380,229,1.0,-1,-1,-1
68,5,311,731,154,93,1.0,-1,-1,-1
68,6,1392,595,209,97,1.0,-1,-1,-1
68,7,146,682,94,71,1.0,-1,-1,-1
68,10,1054,708,404,232,1.0,-1,-1,-1
68,12,1647,875,126,78,1.0,-1,-1,-1
68,13,950,571,158,70,1.0,-1,-1,-1
68,16,1885,813,34,94,1.0,-1,-1,-1
68,17,954,623,49,45,1.0,-1,-1,-1
68,18,573,562,138,87,1.0,-1,-1,-1
68,19,448,586,104,62,1.0,-1,-1,-1
68,20,1823,816,44,92,1.0,-1,-1,-1
68,22,761,591,80,60,1.0,-1,-1,-1
68,24,1131,591,94,60,1.0,-1,-1,-1
68,25,1301,591,70,69,1.0,-1,-1,-1
68,26,735,640,62,62,1.0,-1,-1,-1
68,27,1751,806,60,83,1.0,-1,-1,-1
68,29,341,867,66,89,1.0,-1,-1,-1
68,30,228,610,79,45,1.0,-1,-1,-1
68,31,1707,773,50,81,1.0,-1,-1,-1
68,33,1016,610,51,62,1.0,-1,-1,-1
68,34,1279,420,189,97,1.0,-1,-1,-1
68,37,305,690,34,61,1.0,-1,-1,-1
68,39,888,699,87,76,1.0,-1,-1,-1
68,41,1790,508,25,56,1.0,-1,-1,-1
68,43,0,687,66,65,1.0,-1,-1,-1
68,44,683,665,73,65,1.0,-1,-1,-1
68,45,25,987,85,91,1.0,-1,-1,-1
68,47,1864,597,56,59,1.0,-1,-1,-1
69,1,1363,1013,378,64,1.0,-1,-1,-1
69,2,1168,618,175,85,1.0,-1,-1,-1
69,3,980,839,380,229,1.0,-1,-1,-1
69,5,311,731,154,93,1.0,-1,-1,-1
69,6,1392,595,209,97,1.0,-1,-1,-1
69,7,146,682,94,71,1.0,-1,-1,-1
69,10,1054,707,404,234,1.0,-1,-1,-1
69,12,1647,875,126,78,1.0,-1,-1,-1
69,13,950,571,158,70,1.0,-1,-1,-1
69,16,1886,812,33,96,1.0,-1,-1,-1
69,17,954,623,49,46,1.0,-1,-1,-1
69,18,573,563,138,86,1.0,-1,-1,-1
69,19,448,586,104,62,1.0,-1,-1,-1
69,20,1823,816,44,92,1.0,-1,-1,-1
69,22,759,592,82,59,1.0,-1,-1,-1
69,24,1131,591,94,60,1.0,-1,-1,-1
69,25,1301,591,70,69,1.0,-1,-1,-1
69,26,735,640,61,62,1.0,-1,-1,-1
69,27,1752,806,59,83,1.0,-1,-1,-1
69,29,341,868,66,88,1.0,-1,-1,-1
69,30,233,610,74,44,1.0,-1,-1,-1
69,31,1707,772,50,82,1.0,-1,-1,-1
69,33,1016,610,51,62,1.0,-1,-1,-1
69,34,1279,421,189,96,1.0,-1,-1,-1
69,37,305,690,34,61,1.0,-1,-1,-1
69,39,888,698,88,77,1.0,-1,-1,-1
69,41,1790,507,25,56,1.0,-1,-1,-1
69,43,0,687,66,65,1.0,-1,-1,-1
69,44,684,665,72,65,1.0,-1,-1,-1
69,45,25,990,85,88,1.0,-1,-1,-1
69,47,1864,597,56,59,1.0,-1,-1,-1
70,1,1374,1015,377,62,1.0,-1,-1,-1
70,2,1162,619,175,85,1.0,-1,-1,-1
70,3,987,843,380,226,1.0,-1,-1,-1
70,5,314,733,154,92,1.0,-1,-1,-1
70,6,1388,594,208,98,1.0,-1,-1,-1
70,7,148,679,96,76,1.0,-1,-1,-1
70,10,1064,710,412,248,1.0,-1,-1,-1
70,12,1667,878,123,81,1.0,-1,-1,-1
70,13,951,572,154,69,1.0,-1,-1,-1
70,14,1060,677,44,71,1.0,-1,-1,-1
70,16,1886,813,33,94,1.0,-1,-1,-1
70,17,954,623,46,46,1.0,-1,-1,-1
70,18,572,559,135,90,1.0,-1,-1,-1
70,19,447,585,105,62,1.0,-1,-1,-1
70,20,1823,816,44,92,1.0,-1,-1,-1
70,22,755,593,86,59,1.0,-1,-1,-1
70,23,971,708,84,56,1.0,-1,-1,-1
70,24,1128,589,92,62,1.0,-1,-1,-1
70,25,1294,589,70,70,1.0,-1,-1,-1
70,26,734,641,63,62,1.0,-1,-1,-1
70,27,1756,798,56,89,1.0,-1,-1,-1
70,29,348,879,64,79,1.0,-1,-1,-1
70,30,240,613,65,41,1.0,-1,-1,-1
70,31,1685,775,74,95,1.0,-1,-1,-1
70,33,1012,612,50,60,1.0,-1,-1,-1
70,34,1280,421,189,96,1.0,-1,-1,-1
70,37,306,683,37,69,1.0,-1,-1,-1
70,39,889,703,82,73,1.0,-1,-1,-1
70,41,1791,508,23,56,1.0,-1,-1,-1
70,43,0,685,68,67,1.0,-1,-1,-1
70,44,684,667,72,63,1.0,-1,-1,-1
70,45,22,996,84,83,1.0,-1,-1,-1
70,47,1855,605,65,52,1.0,-1,-1,-1
71,1,1391,1013,365,64,1.0,-1,-1,-1
71,2,1158,618,177,85,1.0,-1,-1,-1
71,3,993,842,383,230,1.0,-1,-1,-1
71,5,319,735,155,92,1.0,-1,-1,-1
71,6,1383,594,206,98,1.0,-1,-1,-1
71,7,150,681,96,75,1.0,-1,-1,-1
71,10,1082,710,411,254,1.0,-1,-1,-1
71,12,1686,883,126,74,1.0,-1,-1,-1
71,13,952,572,149,71,1.0,-1,-1,-1
71,14,1056,676,59,83,1.0,-1,-1,-1
71,16,1886,813,33,94,1.0,-1,-1,-1
71,17,955,622,41,47,1.0,-1,-1,-1
71,18,571,561,134,87,1.0,-1,-1,-1
71,19,444,584,106,63,1.0,-1,-1,-1
71,20,1824,812,44,96,1.0,-1,-1,-1
71,22,751,596,89,55,1.0,-1,-1,-1
71,23,969,708,84,56,1.0,-1,-1,-1
71,24,1122,591,94,61,1.0,-1,-1,-1
71,25,1287,590,69,68,1.0,-1,-1,-1
71,26,734,641,63,61,1.0,-1,-1,-1
71,27,1756,795,56,86,1.0,-1,-1,-1
71,29,356,881,65,85,1.0,-1,-1,-1
71,30,239,613,65,42,1.0,-1,-1,-1
71,31,1684,773,74,97,1.0,-1,-1,-1
71,33,1010,608,49,64,1.0,-1,-1,-1
71,34,1280,422,184,95,1.0,-1,-1,-1
71,37,311,703,34,53,1.0,-1,-1,-1
71,39,890,700,85,75,1.0,-1,-1,-1
71,41,1791,513,22,50,1.0,-1,-1,-1
71,43,0,688,70,65,1.0,-1,-1,-1
71,44,684,669,71,61,1.0,-1,-1,-1
71,45,18,996,83,82,1.0,-1,-1,-1
71,47,1846,606,67,50,1.0,-1,-1,-1
72,1,1398,1017,365,60,1.0,-1,-1,-1
72,2,1154,619,176,85,1.0,-1,-1,-1
72,3,1000,844,385,232,1.0,-1,-1,-1
72,5,323,736,156,93,1.0,-1,-1,-1
72,6,1377,594,205,98,1.0,-1,-1,-1
72,7,151,681,98,76,1.0,-1,-1,-1
72,10,1094,715,418,252,1.0,-1,-1,-1
72,12,1706,881,126,78,1.0,-1,-1,-1
72,13,951,572,147,72,1.0,-1,-1,-1
72,14,1052,688,64,73,1.0,-1,-1,-1
72,16,1886,813,33,94,1.0,-1,-1,-1
72,18,569,562,134,86,1.0,-1,-1,-1
72,19,443,583,104,64,1.0,-1,-1,-1
72,20,1824,812,45,96,1.0,-1,-1,-1
72,22,750,596,89,54,1.0,-1,-1,-1
72,23,970,707,83,57,1.0,-1,-1,-1
72,24,1115,591,95,61,1.0,-1,-1,-1
72,25,1282,587,67,73,1.0,-1,-1,-1
72,26,731,660,68,45,1.0,-1,-1,-1
72,27,1749,798,64,83,1.0,-1,-1,-1
72,29,361,884,66,84,1.0,-1,-1,-1
72,31,1684,773,70,97,1.0,-1,-1,-1
72,33,1003,605,53,67,1.0,-1,-1,-1
72,34,1280,422,182,95,1.0,-1,-1,-1
72,37,314,705,32,51,1.0,-1,-1,-1
72,39,890,702,87,73,1.0,-1,-1,-1
72,41,1791,513,22,48,1.0,-1,-1,-1
72,43,0,680,73,73,1.0,-1,-1,-1
72,44,684,671,71,59,1.0,-1,-1,-1
72,45,14,990,80,86,1.0,-1,-1,-1
72,47,1836,602,66,54,1.0,-1,-1,-1
73,1,1413,1017,361,59,1.0,-1,-1,-1
73,2,1149,618,175,85,1.0,-1,-1,-1
73,3,1008,845,386,232,1.0,-1,-1,-1
73,5,326,735,158,95,1.0,-1,-1,-1
73,6,1373,594,204,95,1.0,-1,-1,-1
73,7,154,681,99,76,1.0,-1,-1,-1
73,10,1113,718,419,252,1.0,-1,-1,-1
73,12,1728,882,124,81,1.0,-1,-1,-1
73,13,951,571,144,71,1.0,-1,-1,-1
73,14,1052,691,67,70,1.0,-1,-1,-1
73,16,1886,816,33,72,1.0,-1,-1,-1
73,18,568,559,131,89,1.0,-1,-1,-1
73,19,440,583,106,65,1.0,-1,-1,-1
73,20,1825,812,45,88,1.0,-1,-1,-1
73,22,751,596,87,53,1.0,-1,-1,-1
73,23,969,707,84,56,1.0,-1,-1,-1
73,24,1111,592,91,61,1.0,-1,-1,-1
73,25,1275,584,64,69,1.0,-1,-1,-1
73,26,733,643,64,59,1.0,-1,-1,-1
73,27,1748,798,65,82,1.0,-1,-1,-1
73,29,364,879,71,92,1.0,-1,-1,-1
73,31,1684,772,72,98,1.0,-1,-1,-1
73,33,1001,606,52,65,1.0,-1,-1,-1
73,34,1280,422,181,95,1.0,-1,-1,-1
73,37,317,705,32,53,1.0,-1,-1,-1
73,39,890,700,88,75,1.0,-1,-1,-1
73,41,1792,513,21,48,1.0,-1,-1,-1
73,43,0,690,72,64,1.0,-1,-1,-1
73,44,684,671,71,59,1.0,-1,-1,-1
73,45,13,994,78,82,1.0,-1,-1,-1
73,47,1827,610,69,46,1.0,-1,-1,-1
73,49,304,661,48,54,1.0,-1,-1,-1
74,1,1424,1017,358,60,1.0,-1,-1,-1
74,2,1145,619,174,83,1.0,-1,-1,-1
74,3,1013,846,393,232,1.0,-1,-1,-1
74,5,329,737,160,95,1.0,-1,-1,-1
74,6,1369,593,203,96,1.0,-1,-1,-1
74,7,157,682,99,77,1.0,-1,-1,-1
74,10,1126,720,423,253,1.0,-1,-1,-1
74,12,1746,879,126,88,1.0,-1,-1,-1
74,13,949,571,142,71,1.0,-1,-1,-1
74,14,1052,696,72,64,1.0,-1,-1,-1
74,16,1885,816,34,72,1.0,-1,-1,-1
74,18,566,558,130,90,1.0,-1,-1,-1
74,19,438,582,105,66,1.0,-1,-1,-1
74,20,1826,812,44,83,1.0,-1,-1,-1
74,22,746,603,77,49,1.0,-1,-1,-1
74,23,966,703,76,61,1.0,-1,-1,-1
74,24,1105,591,96,61,1.0,-1,-1,-1
74,25,1269,593,74,67,1.0,-1,-1,-1
74,26,734,644,64,59,1.0,-1,-1,-1
74,29,370,881,72,94,1.0,-1,-1,-1
74,31,1684,773,74,97,1.0,-1,-1,-1
74,33,999,607,51,64,1.0,-1,-1,-1
74,34,1280,422,180,95,1.0,-1,-1,-1
74,37,318,704,33,54,1.0,-1,-1,-1
74,39,890,703,88,72,1.0,-1,-1,-1
74,41,1792,513,21,48,1.0,-1,-1,-1
74,43,0,688,75,67,1.0,-1,-1,-1
74,44,684,675,69,56,1.0,-1,-1,-1
74,45,12,1000,74,75,1.0,-1,-1,-1
74,47,1818,606,68,49,1.0,-1,-1,-1
74,49,304,658,51,58,1.0,-1,-1,-1
75,1,1424,1017,358,60,1.0,-1,-1,-1
75,2,1145,619,175,83,1.0,-1,-1,-1
75,3,1013,846,393,232,1.0,-1,-1,-1
75,5,329,737,160,95,1.0,-1,-1,-1
75,6,1369,594,203,95,1.0,-1,-1,-1
75,7,157,682,99,77,1.0,-1,-1,-1
75,10,1126,720,423,253,1.0,-1,-1,-1
75,12,1745,878,127,88,1.0,-1,-1,-1
75,13,949,571,142,71,1.0,-1,-1,-1
75,14,1051,697,73,62,1.0,-1,-1,-1
75,16,1887,811,33,94,1.0,-1,-1,-1
75,18,566,556,131,92,1.0,-1,-1,-1
75,19,438,583,105,64,1.0,-1,-1,-1
75,20,1827,811,44,84,1.0,-1,-1,-1
75,22,746,603,77,49,1.0,-1,-1,-1
75,23,965,703,72,60,1.0,-1,-1,-1
75,24,1105,590,95,62,1.0,-1,-1,-1
75,25,1268,591,72,67,1.0,-1,-1,-1
75,26,734,644,64,59,1.0,-1,-1,-1
75,29,370,881,72,94,1.0,-1,-1,-1
75,31,1684,773,74,98,1.0,-1,-1,-1
75,33,999,607,51,64,1.0,-1,-1,-1
75,34,1281,421,191,96,1.0,-1,-1,-1
75,37,318,704,33,54,1.0,-1,-1,-1
75,39,890,703,86,72,1.0,-1,-1,-1
75,41,1792,511,21,50,1.0,-1,-1,-1
75,43,0,687,76,68,1.0,-1,-1,-1
75,44,684,672,72,58,1.0,-1,-1,-1
75,45,11,1000,75,75,1.0,-1,-1,-1
75,47,1818,605,68,50,1.0,-1,-1,-1
75,49,304,658,51,57,1.0,-1,-1,-1
76,1,1437,1021,354,56,1.0,-1,-1,-1
76,2,1140,617,176,82,1.0,-1,-1,-1
76,3,1021,851,391,227,1.0,-1,-1,-1
76,5,333,738,161,98,1.0,-1,-1,-1
76,6,1362,592,203,98,1.0,-1,-1,-1
76,7,160,672,98,88,1.0,-1,-1,-1
76,10,1146,721,422,255,1.0,-1,-1,-1
76,12,1768,886,123,81,1.0,-1,-1,-1
76,13,949,571,136,71,1.0,-1,-1,-1
76,14,1051,698,72,61,1.0,-1,-1,-1
76,16,1886,815,33,93,1.0,-1,-1,-1
76,18,563,558,127,89,1.0,-1,-1,-1
76,19,436,579,107,69,1.0,-1,-1,-1
76,23,971,707,81,55,1.0,-1,-1,-1
76,24,1099,590,102,61,1.0,-1,-1,-1
76,25,1261,587,65,66,1.0,-1,-1,-1
76,26,735,644,63,58,1.0,-1,-1,-1
76,29,379,889,70,88,1.0,-1,-1,-1
76,31,1684,774,73,97,1.0,-1,-1,-1
76,33,996,608,51,61,1.0,-1,-1,-1
76,34,1280,420,191,96,1.0,-1,-1,-1
76,37,319,705,33,55,1.0,-1,-1,-1
76,39,890,705,80,70,1.0,-1,-1,-1
76,43,0,687,76,69,1.0,-1,-1,-1
76,44,684,671,71,58,1.0,-1,-1,-1
76,45,11,1002,71,73,1.0,-1,-1,-1
76,46,126,658,22,41,1.0,-1,-1,-1
76,47,1808,612,69,44,1.0,-1,-1,-1
76,49,307,660,50,54,1.0,-1,-1,-1
77,1,1453,1022,346,55,1.0,-1,-1,-1
77,2,1135,615,176,81,1.0,-1,-1,-1
77,3,1030,851,392,228,1.0,-1,-1,-1
77,5,339,740,161,96,1.0,-1,-1,-1
77,6,1357,593,204,97,1.0,-1,-1,-1
77,7,161,676,100,87,1.0,-1,-1,-1
77,10,1162,722,422,258,1.0,-1,-1,-1
77,12,1784,884,128,82,1.0,-1,-1,-1
77,13,948,571,132,71,1.0,-1,-1,-1
77,14,1052,690,70,70,1.0,-1,-1,-1
77,16,1886,815,33,93,1.0,-1,-1,-1
77,18,561,559,128,89,1.0,-1,-1,-1
77,19,434,586,106,61,1.0,-1,-1,-1
77,23,971,706,81,57,1.0,-1,-1,-1
77,24,1093,592,102,60,1.0,-1,-1,-1
77,25,1255,586,61,58,1.0,-1,-1,-1
77,26,735,641,64,61,1.0,-1,-1,-1
77,29,385,885,71,99,1.0,-1,-1,-1
77,30,241,615,64,41,1.0,-1,-1,-1
77,31,1684,774,74,97,1.0,-1,-1,-1
77,33,993,608,52,61,1.0,-1,-1,-1
77,34,1281,420,190,96,1.0,-1,-1,-1
77,37,321,699,36,61,1.0,-1,-1,-1
77,39,890,705,81,70,1.0,-1,-1,-1
77,43,0,683,78,73,1.0,-1,-1,-1
77,44,684,671,71,58,1.0,-1,-1,-1
77,45,9,1002,71,71,1.0,-1,-1,-1
77,47,1799,608,68,47,1.0,-1,-1,-1
77,49,309,659,53,55,1.0,-1,-1,-1
78,1,1462,1022,341,55,1.0,-1,-1,-1
78,2,1132,617,174,80,1.0,-1,-1,-1
78,3,1037,854,394,225,1.0,-1,-1,-1
78,5,342,741,165,99,1.0,-1,-1,-1
78,6,1354,593,200,95,1.0,-1,-1,-1
78,7,162,676,101,88,1.0,-1,-1,-1
78,10,1176,724,429,260,1.0,-1,-1,-1
78,12,1807,885,113,83,1.0,-1,-1,-1
78,13,950,571,126,72,1.0,-1,-1,-1
78,14,1052,697,70,63,1.0,-1,-1,-1
78,16,1887,814,32,94,1.0,-1,-1,-1
78,18,560,559,128,89,1.0,-1,-1,-1
78,19,433,587,105,60,1.0,-1,-1,-1
78,23,972,706,80,56,1.0,-1,-1,-1
78,24,1087,590,102,62,1.0,-1,-1,-1
78,25,1246,586,72,61,1.0,-1,-1,-1
78,26,734,640,64,62,1.0,-1,-1,-1
78,27,1744,794,67,97,1.0,-1,-1,-1
78,29,391,893,73,96,1.0,-1,-1,-1
78,30,241,615,63,41,1.0,-1,-1,-1
78,31,1684,774,73,97,1.0,-1,-1,-1
78,33,992,610,48,60,1.0,-1,-1,-1
78,34,1281,420,190,96,1.0,-1,-1,-1
78,37,326,705,35,59,1.0,-1,-1,-1
78,39,890,706,78,69,1.0,-1,-1,-1
78,43,0,683,80,73,1.0,-1,-1,-1
78,44,684,672,71,57,1.0,-1,-1,-1
78,45,9,1000,65,73,1.0,-1,-1,-1
78,47,1790,602,68,53,1.0,-1,-1,-1
78,49,314,661,54,55,1.0,-1,-1,-1
79,1,1474,1022,338,55,1.0,-1,-1,-1
79,2,1128,618,173,80,1.0,-1,-1,-1
79,3,1044,857,396,221,1.0,-1,-1,-1
79,5,348,742,163,99,1.0,-1,-1,-1
79,6,1349,593,201,94,1.0,-1,-1,-1
79,7,164,679,102,85,1.0,-1,-1,-1
79,10,1192,724,433,261,1.0,-1,-1,-1
79,12,1826,887,94,82,1.0,-1,-1,-1
79,13,950,570,122,73,1.0,-1,-1,-1
79,14,1052,697,70,63,1.0,-1,-1,-1
79,16,1887,815,32,93,1.0,-1,-1,-1
79,18,557,560,129,87,1.0,-1,-1,-1
79,19,432,589,105,58,1.0,-1,-1,-1
79,22,733,597,81,52,1.0,-1,-1,-1
79,23,970,708,81,55,1.0,-1,-1,-1
79,24,1081,592,104,60,1.0,-1,-1,-1
79,25,1240,589,58,42,1.0,-1,-1,-1
79,26,735,640,63,62,1.0,-1,-1,-1
79,27,1744,794,68,97,1.0,-1,-1,-1
79,29,397,883,74,110,1.0,-1,-1,-1
79,30,240,615,65,42,1.0,-1,-1,-1
79,31,1684,775,73,96,1.0,-1,-1,-1
79,33,988,605,48,64,1.0,-1,-1,-1
79,34,1280,420,191,96,1.0,-1,-1,-1
79,37,328,706,36,59,1.0,-1,-1,-1
79,39,890,707,75,68,1.0,-1,-1,-1
79,43,0,689,81,68,1.0,-1,-1,-1
79,44,684,672,71,57,1.0,-1,-1,-1
79,45,3,1000,69,73,1.0,-1,-1,-1
79,47,1780,610,69,45,1.0,-1,-1,-1
79,49,318,662,53,54,1.0,-1,-1,-1
80,1,1486,1024,335,52,1.0,-1,-1,-1
80,2,1123,617,174,81,1.0,-1,-1,-1
80,3,1053,859,397,219,1.0,-1,-1,-1
80,5,352,744,164,99,1.0,-1,-1,-1
80,6,1344,592,202,96,1.0,-1,-1,-1
80,7,167,680,102,85,1.0,-1,-1,-1
80,10,1209,725,435,264,1.0,-1,-1,-1
80,12,1846,893,73,76,1.0,-1,-1,-1
80,13,948,571,120,67,1.0,-1,-1,-1
80,14,1052,697,70,63,1.0,-1,-1,-1
80,16,1887,815,32,93,1.0,-1,-1,-1
80,18,556,560,127,86,1.0,-1,-1,-1
80,19,430,590,105,56,1.0,-1,-1,-1
80,22,731,601,84,50,1.0,-1,-1,-1
80,23,969,708,80,55,1.0,-1,-1,-1
80,24,1078,589,111,64,1.0,-1,-1,-1
80,25,1236,587,56,43,1.0,-1,-1,-1
80,26,734,640,64,62,1.0,-1,-1,-1
80,27,1744,796,68,94,1.0,-1,-1,-1
80,29,403,881,77,114,1.0,-1,-1,-1
80,30,240,615,65,42,1.0,-1,-1,-1
80,31,1684,775,73,96,1.0,-1,-1,-1
80,33,976,606,57,61,1.0,-1,-1,-1
80,34,1280,420,193,97,1.0,-1,-1,-1
80,37,331,704,35,64,1.0,-1,-1,-1
80,39,889,710,71,64,1.0,-1,-1,-1
80,43,0,684,83,74,1.0,-1,-1,-1
80,44,684,672,71,57,1.0,-1,-1,-1
80,45,0,975,67,97,1.0,-1,-1,-1
80,47,1771,607,69,48,1.0,-1,-1,-1
80,49,321,659,53,57,1.0,-1,-1,-1
81,1,1486,1024,335,52,1.0,-1,-1,-1
81,2,1123,617,174,81,1.0,-1,-1,-1
81,3,1053,859,397,219,1.0,-1,-1,-1
81,5,352,744,164,99,1.0,-1,-1,-1
81,6,1344,592,202,96,1.0,-1,-1,-1
81,7,167,680,102,85,1.0,-1,-1,-1
81,10,1209,725,435,264,1.0,-1,-1,-1
81,12,1846,893,73,76,1.0,-1,-1,-1
81,13,948,571,120,67,1.0,-1,-1,-1
81,14,1052,697,70,63,1.0,-1,-1,-1
81,16,1887,815,33,94,1.0,-1,-1,-1
81,18,556,560,127,86,1.0,-1,-1,-1
81,19,430,591,105,55,1.0,-1,-1,-1
81,20,1822,808,50,98,1.0,-1,-1,-1
81,22,731,601,83,50,1.0,-1,-1,-1
81,23,969,706,68,57,1.0,-1,-1,-1
81,24,1078,589,111,64,1.0,-1,-1,-1
81,25,1236,587,56,43,1.0,-1,-1,-1
81,26,734,641,64,61,1.0,-1,-1,-1
81,27,1744,794,68,97,1.0,-1,-1,-1
81,29,403,881,77,114,1.0,-1,-1,-1
81,30,241,615,64,41,1.0,-1,-1,-1
81,31,1684,774,74,97,1.0,-1,-1,-1
81,33,976,606,56,61,1.0,-1,-1,-1
81,34,1281,420,195,96,1.0,-1,-1,-1
81,37,332,704,33,64,1.0,-1,-1,-1
81,39,891,707,79,67,1.0,-1,-1,-1
81,43,0,684,83,74,1.0,-1,-1,-1
81,44,684,673,71,56,1.0,-1,-1,-1
81,45,1,980,66,92,1.0,-1,-1,-1
81,47,1771,607,69,47,1.0,-1,-1,-1
81,49,321,660,53,56,1.0,-1,-1,-1
82,1,1497,1024,329,53,1.0,-1,-1,-1
82,2,1120,617,176,81,1.0,-1,-1,-1
82,3,1060,860,398,220,1.0,-1,-1,-1
82,5,355,744,166,101,1.0,-1,-1,-1
82,6,1339,593,201,96,1.0,-1,-1,-1
82,7,170,679,102,87,1.0,-1,-1,-1
82,10,1228,726,437,266,1.0,-1,-1,-1
82,12,1867,893,52,73,1.0,-1,-1,-1
82,13,947,571,119,67,1.0,-1,-1,-1
82,14,1052,698,70,61,1.0,-1,-1,-1
82,16,1888,812,32,95,1.0,-1,-1,-1
82,18,554,557,127,89,1.0,-1,-1,-1
82,19,427,593,107,52,1.0,-1,-1,-1
82,20,1822,808,49,99,1.0,-1,-1,-1
82,22,728,597,87,52,1.0,-1,-1,-1
82,23,972,707,60,58,1.0,-1,-1,-1
82,24,1071,593,109,59,1.0,-1,-1,-1
82,25,1228,585,60,45,1.0,-1,-1,-1
82,26,734,641,64,61,1.0,-1,-1,-1
82,27,1744,794,67,97,1.0,-1,-1,-1
82,29,410,889,78,110,1.0,-1,-1,-1
82,30,240,614,68,42,1.0,-1,-1,-1
82,31,1683,775,75,95,1.0,-1,-1,-1
82,33,967,606,63,61,1.0,-1,-1,-1
82,34,1282,420,197,96,1.0,-1,-1,-1
82,37,333,704,35,65,1.0,-1,-1,-1
82,39,892,706,80,69,1.0,-1,-1,-1
82,43,2,687,83,71,1.0,-1,-1,-1
82,44,684,679,69,51,1.0,-1,-1,-1
82,45,1,986,64,85,1.0,-1,-1,-1
82,46,140,656,20,44,1.0,-1,-1,-1
82,47,1763,611,68,43,1.0,-1,-1,-1
82,49,323,660,55,57,1.0,-1,-1,-1
83,1,1513,1025,321,53,1.0,-1,-1,-1
83,2,1115,616,179,81,1.0,-1,-1,-1
83,3,1067,860,403,220,1.0,-1,-1,-1
83,5,362,746,166,100,1.0,-1,-1,-1
83,6,1333,592,201,97,1.0,-1,-1,-1
83,7,171,687,105,79,1.0,-1,-1,-1
83,10,1243,727,441,266,1.0,-1,-1,-1
83,12,1887,889,32,79,1.0,-1,-1,-1
83,13,946,571,115,69,1.0,-1,-1,-1
83,14,1053,698,69,61,1.0,-1,-1,-1
83,16,1887,812,33,96,1.0,-1,-1,-1
83,18,551,559,128,87,1.0,-1,-1,-1
83,19,426,594,105,51,1.0,-1,-1,-1
83,20,1823,807,48,100,1.0,-1,-1,-1
83,22,726,599,86,52,1.0,-1,-1,-1
83,23,972,707,62,58,1.0,-1,-1,-1
83,24,1065,591,103,61,1.0,-1,-1,-1
83,25,1223,578,59,47,1.0,-1,-1,-1
83,26,734,644,65,57,1.0,-1,-1,-1
83,27,1744,796,67,94,1.0,-1,-1,-1
83,29,417,880,79,124,1.0,-1,-1,-1
83,30,240,613,68,42,1.0,-1,-1,-1
83,31,1683,783,74,86,1.0,-1,-1,-1
83,33,978,605,48,61,1.0,-1,-1,-1
83,34,1282,420,198,96,1.0,-1,-1,-1
83,37,337,706,34,64,1.0,-1,-1,-1
83,39,892,706,80,69,1.0,-1,-1,-1
83,43,3,687,82,72,1.0,-1,-1,-1
83,44,684,679,69,51,1.0,-1,-1,-1
83,45,0,956,62,115,1.0,-1,-1,-1
83,46,143,659,21,41,1.0,-1,-1,-1
83,47,1753,607,69,47,1.0,-1,-1,-1
84,1,1527,1026,311,52,1.0,-1,-1,-1
84,2,1112,616,179,81,1.0,-1,-1,-1
84,3,1074,861,405,219,1.0,-1,-1,-1
84,5,365,747,169,101,1.0,-1,-1,-1
84,6,1331,592,198,95,1.0,-1,-1,-1
84,7,174,687,103,80,1.0,-1,-1,-1
84,10,1261,726,445,271,1.0,-1,-1,-1
84,12,1905,897,14,74,1.0,-1,-1,-1
84,13,946,571,110,66,1.0,-1,-1,-1
84,14,1053,699,69,60,1.0,-1,-1,-1
84,16,1887,812,33,96,1.0,-1,-1,-1
84,18,550,558,127,88,1.0,-1,-1,-1
84,19,425,594,106,51,1.0,-1,-1,-1
84,20,1823,808,47,99,1.0,-1,-1,-1
84,22,724,597,88,54,1.0,-1,-1,-1
84,23,971,707,62,58,1.0,-1,-1,-1
84,24,1062,591,104,61,1.0,-1,-1,-1
84,25,1216,565,48,55,1.0,-1,-1,-1
84,26,734,642,65,59,1.0,-1,-1,-1
84,27,1751,794,60,95,1.0,-1,-1,-1
84,29,427,904,78,106,1.0,-1,-1,-1
84,30,241,613,65,41,1.0,-1,-1,-1
84,31,1688,794,41,75,1.0,-1,-1,-1
84,33,971,605,54,61,1.0,-1,-1,-1
84,34,1282,420,196,96,1.0,-1,-1,-1
84,37,339,710,35,61,1.0,-1,-1,-1
84,39,892,706,80,69,1.0,-1,-1,-1
84,43,5,685,82,74,1.0,-1,-1,-1
84,44,684,679,69,51,1.0,-1,-1,-1
84,45,0,992,58,77,1.0,-1,-1,-1
84,47,1744,605,70,49,1.0,-1,-1,-1
84,50,1283,589,91,61,1.0,-1,-1,-1
85,1,1534,1026,312,51,1.0,-1,-1,-1
85,2,1108,617,177,81,1.0,-1,-1,-1
85,3,1082,861,406,218,1.0,-1,-1,-1
85,5,370,748,169,102,1.0,-1,-1,-1
85,6,1327,592,198,94,1.0,-1,-1,-1
85,7,177,688,103,79,1.0,-1,-1,-1
85,10,1281,728,442,271,1.0,-1,-1,-1
85,13,947,574,110,65,1.0,-1,-1,-1
85,14,1053,701,68,58,1.0,-1,-1,-1
85,16,1887,812,33,96,1.0,-1,-1,-1
85,18,548,560,125,86,1.0,-1,-1,-1
85,19,424,594,105,51,1.0,-1,-1,-1
85,20,1823,808,47,99,1.0,-1,-1,-1
85,22,722,596,94,56,1.0,-1,-1,-1
85,23,971,707,53,58,1.0,-1,-1,-1
85,24,1057,595,95,57,1.0,-1,-1,-1
85,25,1209,586,59,38,1.0,-1,-1,-1
85,26,734,644,65,57,1.0,-1,-1,-1
85,27,1744,798,66,95,1.0,-1,-1,-1
85,29,433,907,81,107,1.0,-1,-1,-1
85,30,242,614,63,42,1.0,-1,-1,-1
85,33,959,609,64,57,1.0,-1,-1,-1
85,34,1282,420,195,95,1.0,-1,-1,-1
85,37,340,708,35,65,1.0,-1,-1,-1
85,39,893,707,78,68,1.0,-1,-1,-1
85,43,6,685,83,76,1.0,-1,-1,-1
85,44,684,679,69,51,1.0,-1,-1,-1
85,45,0,992,56,77,1.0,-1,-1,-1
85,47,1736,611,68,43,1.0,-1,-1,-1
85,50,1275,591,94,59,1.0,-1,-1,-1
86,1,1539,1027,318,51,1.0,-1,-1,-1
86,2,1104,616,176,82,1.0,-1,-1,-1
86,3,1089,863,408,217,1.0,-1,-1,-1
86,5,375,750,168,101,1.0,-1,-1,-1
86,6,1321,591,199,95,1.0,-1,-1,-1
86,7,180,688,104,81,1.0,-1,-1,-1
86,10,1300,730,446,271,1.0,-1,-1,-1
86,13,946,573,105,66,1.0,-1,-1,-1
86,14,1052,702,69,57,1.0,-1,-1,-1
86,16,1886,812,34,96,1.0,-1,-1,-1
86,18,548,557,122,89,1.0,-1,-1,-1
86,19,420,591,106,55,1.0,-1,-1,-1
86,20,1823,809,46,98,1.0,-1,-1,-1
86,22,718,596,97,55,1.0,-1,-1,-1
86,23,971,707,54,58,1.0,-1,-1,-1
86,24,1052,598,98,54,1.0,-1,-1,-1
86,25,1203,568,54,51,1.0,-1,-1,-1
86,26,732,662,67,42,1.0,-1,-1,-1
86,27,1755,794,56,92,1.0,-1,-1,-1
86,29,441,914,81,104,1.0,-1,-1,-1
86,30,242,614,64,42,1.0,-1,-1,-1
86,31,1708,771,51,82,1.0,-1,-1,-1
86,33,965,604,52,62,1.0,-1,-1,-1
86,34,1282,420,197,95,1.0,-1,-1,-1
86,37,344,709,34,67,1.0,-1,-1,-1
86,39,892,711,72,65,1.0,-1,-1,-1
86,43,8,683,84,78,1.0,-1,-1,-1
86,44,684,680,68,50,1.0,-1,-1,-1
86,45,0,972,52,93,1.0,-1,-1,-1
86,47,1727,607,67,46,1.0,-1,-1,-1
86,50,1269,594,90,55,1.0,-1,-1,-1
86,52,1868,569,51,141,1.0,-1,-1,-1
87,1,1539,1027,318,51,1.0,-1,-1,-1
87,2,1104,616,176,82,1.0,-1,-1,-1
87,3,1089,863,408,217,1.0,-1,-1,-1
87,5,375,750,168,101,1.0,-1,-1,-1
87,6,1321,592,199,94,1.0,-1,-1,-1
87,7,180,688,104,81,1.0,-1,-1,-1
87,10,1300,730,446,271,1.0,-1,-1,-1
87,13,946,573,105,66,1.0,-1,-1,-1
87,14,1053,702,68,57,1.0,-1,-1,-1
87,15,776,597,67,65,1.0,-1,-1,-1
87,16,1887,813,33,95,1.0,-1,-1,-1
87,18,548,557,122,89,1.0,-1,-1,-1
87,19,420,589,107,56,1.0,-1,-1,-1
87,20,1823,808,47,99,1.0,-1,-1,-1
87,22,718,596,96,55,1.0,-1,-1,-1
87,23,971,707,52,58,1.0,-1,-1,-1
87,24,1052,598,98,54,1.0,-1,-1,-1
87,25,1203,568,54,51,1.0,-1,-1,-1
87,26,734,646,64,55,1.0,-1,-1,-1
87,27,1755,794,56,92,1.0,-1,-1,-1
87,29,442,914,80,104,1.0,-1,-1,-1
87,30,242,614,64,42,1.0,-1,-1,-1
87,33,964,604,53,62,1.0,-1,-1,-1
87,34,1282,420,196,95,1.0,-1,-1,-1
87,37,344,709,34,67,1.0,-1,-1,-1
87,39,893,708,77,67,1.0,-1,-1,-1
87,41,1796,495,22,51,1.0,-1,-1,-1
87,43,8,683,84,78,1.0,-1,-1,-1
87,44,684,680,68,50,1.0,-1,-1,-1
87,45,0,988,52,78,1.0,-1,-1,-1
87,46,148,660,25,42,1.0,-1,-1,-1
87,47,1727,607,67,46,1.0,-1,-1,-1
87,50,1269,594,90,55,1.0,-1,-1,-1
87,52,1868,568,51,141,1.0,-1,-1,-1
88,1,1553,1029,319,48,1.0,-1,-1,-1
88,2,1100,614,177,83,1.0,-1,-1,-1
88,3,1097,864,410,216,1.0,-1,-1,-1
88,5,378,751,173,101,1.0,-1,-1,-1
88,6,1317,592,199,94,1.0,-1,-1,-1
88,7,183,690,105,80,1.0,-1,-1,-1
88,10,1320,730,443,275,1.0,-1,-1,-1
88,13,946,573,102,65,1.0,-1,-1,-1
88,14,1053,702,68,57,1.0,-1,-1,-1
88,15,775,597,70,66,1.0,-1,-1,-1
88,16,1887,814,33,94,1.0,-1,-1,-1
88,18,546,559,121,86,1.0,-1,-1,-1
88,19,423,590,102,56,1.0,-1,-1,-1
88,20,1823,808,47,99,1.0,-1,-1,-1
88,22,716,597,90,53,1.0,-1,-1,-1
88,23,971,707,52,58,1.0,-1,-1,-1
88,24,1048,597,90,53,1.0,-1,-1,-1
88,25,1197,565,48,48,1.0,-1,-1,-1
88,26,735,645,63,56,1.0,-1,-1,-1
88,27,1752,793,60,93,1.0,-1,-1,-1
88,29,446,915,86,107,1.0,-1,-1,-1
88,30,241,613,67,43,1.0,-1,-1,-1
88,33,959,604,53,63,1.0,-1,-1,-1
88,34,1282,420,198,95,1.0,-1,-1,-1
88,37,346,708,34,68,1.0,-1,-1,-1
88,39,893,707,77,68,1.0,-1,-1,-1
88,41,1797,492,21,52,1.0,-1,-1,-1
88,43,10,689,83,72,1.0,-1,-1,-1
88,44,684,680,68,50,1.0,-1,-1,-1
88,45,0,976,49,89,1.0,-1,-1,-1
88,46,150,660,26,42,1.0,-1,-1,-1
88,47,1718,602,68,52,1.0,-1,-1,-1
88,50,1259,588,81,63,1.0,-1,-1,-1
88,52,1859,558,60,151,1.0,-1,-1,-1
89,1,1568,1028,311,49,1.0,-1,-1,-1
89,2,1097,615,174,81,1.0,-1,-1,-1
89,3,1105,864,411,215,1.0,-1,-1,-1
89,5,385,752,172,103,1.0,-1,-1,-1
89,6,1313,592,198,94,1.0,-1,-1,-1
89,7,185,690,106,81,1.0,-1,-1,-1
89,10,1336,726,446,281,1.0,-1,-1,-1
89,13,946,572,96,65,1.0,-1,-1,-1
89,14,1053,702,68,57,1.0,-1,-1,-1
89,15,774,596,70,67,1.0,-1,-1,-1
89,16,1887,814,33,94,1.0,-1,-1,-1
89,18,543,558,121,90,1.0,-1,-1,-1
89,19,420,569,104,77,1.0,-1,-1,-1
89,20,1823,814,44,94,1.0,-1,-1,-1
89,22,712,596,92,53,1.0,-1,-1,-1
89,23,971,707,53,58,1.0,-1,-1,-1
89,24,1042,599,101,54,1.0,-1,-1,-1
89,25,1191,581,55,38,1.0,-1,-1,-1
89,26,735,642,63,59,1.0,-1,-1,-1
89,27,1760,790,52,94,1.0,-1,-1,-1
89,29,455,918,86,108,1.0,-1,-1,-1
89,30,242,614,65,42,1.0,-1,-1,-1
89,33,957,608,53,59,1.0,-1,-1,-1
89,34,1282,420,199,95,1.0,-1,-1,-1
89,37,350,708,35,69,1.0,-1,-1,-1
89,39,893,706,79,69,1.0,-1,-1,-1
89,41,1798,490,22,52,1.0,-1,-1,-1
89,43,11,689,85,73,1.0,-1,-1,-1
89,44,684,675,71,54,1.0,-1,-1,-1
89,45,0,966,46,98,1.0,-1,-1,-1
89,46,153,659,24,44,1.0,-1,-1,-1
89,47,1708,608,69,45,1.0,-1,-1,-1
89,50,1253,590,59,58,1.0,-1,-1,-1
89,52,1849,538,70,172,1.0,-1,-1,-1
90,1,1576,1029,312,48,1.0,-1,-1,-1
90,2,1093,614,172,80,1.0,-1,-1,-1
90,3,1112,867,414,213,1.0,-1,-1,-1
90,5,389,754,174,103,1.0,-1,-1,-1
90,6,1311,592,193,93,1.0,-1,-1,-1
90,7,186,691,110,82,1.0,-1,-1,-1
90,10,1356,731,451,278,1.0,-1,-1,-1
90,13,947,572,91,60,1.0,-1,-1,-1
90,14,1053,702,68,57,1.0,-1,-1,-1
90,15,773,596,71,66,1.0,-1,-1,-1
90,16,1887,816,32,92,1.0,-1,-1,-1
90,18,541,557,123,89,1.0,-1,-1,-1
90,19,420,569,102,77,1.0,-1,-1,-1
90,20,1824,808,45,99,1.0,-1,-1,-1
90,22,710,593,103,57,1.0,-1,-1,-1
90,23,971,707,52,58,1.0,-1,-1,-1
90,24,1038,601,96,50,1.0,-1,-1,-1
90,25,1186,566,49,48,1.0,-1,-1,-1
90,26,734,644,64,57,1.0,-1,-1,-1
90,29,466,925,84,107,1.0,-1,-1,-1
90,30,242,612,65,44,1.0,-1,-1,-1
90,33,956,606,49,60,1.0,-1,-1,-1
90,34,1281,420,197,95,1.0,-1,-1,-1
90,37,354,730,32,50,1.0,-1,-1,-1
90,39,893,706,79,69,1.0,-1,-1,-1
90,43,10,692,86,71,1.0,-1,-1,-1
90,44,684,680,69,50,1.0,-1,-1,-1
90,45,0,997,45,64,1.0,-1,-1,-1
90,46,154,659,27,44,1.0,-1,-1,-1
90,47,1700,606,67,47,1.0,-1,-1,-1
90,50,1240,594,60,55,1.0,-1,-1,-1
90,52,1839,531,79,179,1.0,-1,-1,-1
91,1,1584,1028,314,50,1.0,-1,-1,-1
91,2,1091,613,171,82,1.0,-1,-1,-1
91,3,1120,866,416,212,1.0,-1,-1,-1
91,5,391,755,177,104,1.0,-1,-1,-1
91,6,1307,592,193,92,1.0,-1,-1,-1
91,7,188,693,110,80,1.0,-1,-1,-1
91,10,1375,732,447,281,1.0,-1,-1,-1
91,13,952,574,84,61,1.0,-1,-1,-1
91,14,1053,702,68,57,1.0,-1,-1,-1
91,15,772,596,72,65,1.0,-1,-1,-1
91,16,1887,816,32,92,1.0,-1,-1,-1
91,18,540,557,122,89,1.0,-1,-1,-1
91,19,417,579,103,68,1.0,-1,-1,-1
91,20,1823,808,47,99,1.0,-1,-1,-1
91,22,708,594,88,55,1.0,-1,-1,-1
91,23,971,707,53,59,1.0,-1,-1,-1
91,24,1031,598,87,54,1.0,-1,-1,-1
91,25,1177,567,56,48,1.0,-1,-1,-1
91,26,734,644,64,57,1.0,-1,-1,-1
91,29,473,929,88,108,1.0,-1,-1,-1
91,30,243,613,65,43,1.0,-1,-1,-1
91,33,955,605,47,60,1.0,-1,-1,-1
91,34,1281,420,199,96,1.0,-1,-1,-1
91,37,358,724,32,60,1.0,-1,-1,-1
91,39,893,708,78,67,1.0,-1,-1,-1
91,43,12,694,85,69,1.0,-1,-1,-1
91,44,684,680,69,50,1.0,-1,-1,-1
91,45,0,972,42,90,1.0,-1,-1,-1
91,46,157,661,26,43,1.0,-1,-1,-1
91,47,1691,611,67,43,1.0,-1,-1,-1
91,50,1237,591,57,57,1.0,-1,-1,-1
91,52,1831,525,87,186,1.0,-1,-1,-1
92,1,1598,1030,317,48,1.0,-1,-1,-1
92,2,1086,614,172,80,1.0,-1,-1,-1
92,3,1128,867,417,211,1.0,-1,-1,-1
92,5,395,756,180,105,1.0,-1,-1,-1
92,6,1304,592,192,92,1.0,-1,-1,-1
92,7,190,694,112,81,1.0,-1,-1,-1
92,10,1396,734,445,281,1.0,-1,-1,-1
92,14,1053,702,68,57,1.0,-1,-1,-1
92,15,769,596,76,63,1.0,-1,-1,-1
92,16,1887,816,32,92,1.0,-1,-1,-1
92,18,536,559,123,87,1.0,-1,-1,-1
92,19,417,585,101,61,1.0,-1,-1,-1
92,20,1829,807,40,92,1.0,-1,-1,-1
92,22,706,595,81,54,1.0,-1,-1,-1
92,23,971,707,53,60,1.0,-1,-1,-1
92,24,1030,607,66,45,1.0,-1,-1,-1
92,25,1170,560,45,53,1.0,-1,-1,-1
92,26,734,645,64,56,1.0,-1,-1,-1
92,29,481,930,89,111,1.0,-1,-1,-1
92,30,244,614,62,42,1.0,-1,-1,-1
92,33,955,605,44,60,1.0,-1,-1,-1
92,34,1281,420,196,96,1.0,-1,-1,-1
92,37,360,723,32,61,1.0,-1,-1,-1
92,39,893,709,76,66,1.0,-1,-1,-1
92,43,12,693,87,70,1.0,-1,-1,-1
92,44,684,681,69,49,1.0,-1,-1,-1
92,45,0,965,41,97,1.0,-1,-1,-1
92,46,160,660,24,44,1.0,-1,-1,-1
92,47,1682,607,68,45,1.0,-1,-1,-1
92,50,1232,593,56,55,1.0,-1,-1,-1
92,52,1823,524,96,186,1.0,-1,-1,-1
93,1,1598,1030,317,48,1.0,-1,-1,-1
93,2,1086,614,172,80,1.0,-1,-1,-1
93,3,1128,867,417,211,1.0,-1,-1,-1
93,5,395,756,180,105,1.0,-1,-1,-1
93,6,1304,592,192,92,1.0,-1,-1,-1
93,7,190,694,112,81,1.0,-1,-1,-1
93,10,1395,733,447,283,1.0,-1,-1,-1
93,14,1053,702,68,57,1.0,-1,-1,-1
93,15,770,597,75,62,1.0,-1,-1,-1
93,16,1887,816,32,93,1.0,-1,-1,-1
93,18,537,560,121,86,1.0,-1,-1,-1
93,19,416,586,102,60,1.0,-1,-1,-1
93,20,1829,807,40,92,1.0,-1,-1,-1
93,22,706,595,81,54,1.0,-1,-1,-1
93,23,971,708,54,59,1.0,-1,-1,-1
93,24,1030,607,66,45,1.0,-1,-1,-1
93,25,1170,560,45,53,1.0,-1,-1,-1
93,26,734,645,64,56,1.0,-1,-1,-1
93,29,481,930,89,111,1.0,-1,-1,-1
93,30,244,614,62,42,1.0,-1,-1,-1
93,33,955,605,44,60,1.0,-1,-1,-1
93,34,1281,420,196,96,1.0,-1,-1,-1
93,37,360,723,32,61,1.0,-1,-1,-1
93,39,893,710,76,65,1.0,-1,-1,-1
93,41,1800,488,22,52,1.0,-1,-1,-1
93,43,12,693,87,70,1.0,-1,-1,-1
93,44,684,680,69,50,1.0,-1,-1,-1
93,45,0,963,41,99,1.0,-1,-1,-1
93,46,160,660,25,44,1.0,-1,-1,-1
93,47,1682,607,68,45,1.0,-1,-1,-1
93,48,38,674,70,44,1.0,-1,-1,-1
93,50,1232,593,56,55,1.0,-1,-1,-1
93,52,1823,524,96,186,1.0,-1,-1,-1
94,1,1612,1028,302,50,1.0,-1,-1,-1
94,2,1086,614,167,79,1.0,-1,-1,-1
94,3,1137,868,418,210,1.0,-1,-1,-1
94,5,402,758,180,105,1.0,-1,-1,-1
94,6,1298,590,193,93,1.0,-1,-1,-1
94,7,192,695,112,80,1.0,-1,-1,-1
94,10,1415,733,448,284,1.0,-1,-1,-1
94,14,1053,701,69,58,1.0,-1,-1,-1
94,15,769,599,75,62,1.0,-1,-1,-1
94,16,1887,816,32,93,1.0,-1,-1,-1
94,18,538,560,117,85,1.0,-1,-1,-1
94,19,412,584,104,61,1.0,-1,-1,-1
94,22,704,593,87,57,1.0,-1,-1,-1
94,23,971,708,55,59,1.0,-1,-1,-1
94,24,1026,602,62,49,1.0,-1,-1,-1
94,25,1167,583,60,33,1.0,-1,-1,-1
94,26,734,646,64,55,1.0,-1,-1,-1
94,29,492,940,88,105,1.0,-1,-1,-1
94,30,244,615,62,41,1.0,-1,-1,-1
94,33,954,605,44,60,1.0,-1,-1,-1
94,34,1281,420,196,96,1.0,-1,-1,-1
94,37,363,723,32,65,1.0,-1,-1,-1
94,39,893,710,77,65,1.0,-1,-1,-1
94,41,1801,487,22,53,1.0,-1,-1,-1
94,43,14,694,85,70,1.0,-1,-1,-1
94,44,684,681,69,49,1.0,-1,-1,-1
94,45,0,964,40,97,1.0,-1,-1,-1
94,46,163,661,24,43,1.0,-1,-1,-1
94,47,1673,605,69,48,1.0,-1,-1,-1
94,48,37,672,72,46,1.0,-1,-1,-1
94,50,1224,598,55,51,1.0,-1,-1,-1
94,52,1813,511,106,202,1.0,-1,-1,-1
95,1,1625,1030,294,48,1.0,-1,-1,-1
95,2,1082,614,167,81,1.0,-1,-1,-1
95,3,1146,868,420,210,1.0,-1,-1,-1
95,5,407,758,181,106,1.0,-1,-1,-1
95,6,1292,588,196,96,1.0,-1,-1,-1
95,7,195,695,113,82,1.0,-1,-1,-1
95,10,1436,734,444,285,1.0,-1,-1,-1
95,14,1053,701,69,58,1.0,-1,-1,-1
95,15,768,598,75,61,1.0,-1,-1,-1
95,16,1887,816,32,93,1.0,-1,-1,-1
95,18,533,563,121,82,1.0,-1,-1,-1
95,19,411,587,103,59,1.0,-1,-1,-1
95,22,702,596,82,53,1.0,-1,-1,-1
95,23,971,707,54,59,1.0,-1,-1,-1
95,24,1021,603,61,48,1.0,-1,-1,-1
95,25,1158,566,46,47,1.0,-1,-1,-1
95,26,734,647,64,54,1.0,-1,-1,-1
95,29,499,943,90,105,1.0,-1,-1,-1
95,30,245,616,60,40,1.0,-1,-1,-1
95,34,1282,420,196,95,1.0,-1,-1,-1
95,37,365,723,34,68,1.0,-1,-1,-1
95,39,892,711,79,64,1.0,-1,-1,-1
95,41,1803,488,20,50,1.0,-1,-1,-1
95,43,14,693,87,73,1.0,-1,-1,-1
95,44,684,681,69,49,1.0,-1,-1,-1
95,45,0,948,38,116,1.0,-1,-1,-1
95,46,166,660,24,45,1.0,-1,-1,-1
95,47,1664,609,68,43,1.0,-1,-1,-1
95,48,41,672,68,48,1.0,-1,-1,-1
95,50,1216,595,58,53,1.0,-1,-1,-1
95,52,1804,527,115,183,1.0,-1,-1,-1
96,1,1634,1030,277,48,1.0,-1,-1,-1
96,2,1080,614,167,81,1.0,-1,-1,-1
96,3,1153,870,419,209,1.0,-1,-1,-1
96,5,412,760,181,106,1.0,-1,-1,-1
96,6,1289,589,194,94,1.0,-1,-1,-1
96,7,198,694,113,84,1.0,-1,-1,-1
96,10,1454,732,448,291,1.0,-1,-1,-1
96,14,1053,701,69,58,1.0,-1,-1,-1
96,15,766,597,76,62,1.0,-1,-1,-1
96,16,1887,816,32,93,1.0,-1,-1,-1
96,18,530,564,122,82,1.0,-1,-1,-1
96,19,407,586,106,59,1.0,-1,-1,-1
96,22,698,596,86,52,1.0,-1,-1,-1
96,23,971,706,54,61,1.0,-1,-1,-1
96,24,1015,611,62,40,1.0,-1,-1,-1
96,25,1153,578,60,37,1.0,-1,-1,-1
96,26,734,645,63,56,1.0,-1,-1,-1
96,29,513,943,87,111,1.0,-1,-1,-1
96,30,246,613,61,43,1.0,-1,-1,-1
96,34,1282,420,193,96,1.0,-1,-1,-1
96,37,367,725,34,69,1.0,-1,-1,-1
96,39,892,710,78,65,1.0,-1,-1,-1
96,41,1803,491,21,46,1.0,-1,-1,-1
96,43,15,694,88,73,1.0,-1,-1,-1
96,44,684,680,68,50,1.0,-1,-1,-1
96,45,0,954,36,108,1.0,-1,-1,-1
96,46,168,662,23,43,1.0,-1,-1,-1
96,47,1655,606,68,45,1.0,-1,-1,-1
96,48,48,673,63,48,1.0,-1,-1,-1
96,50,1216,589,52,58,1.0,-1,-1,-1
96,52,1794,527,125,180,1.0,-1,-1,-1
97,1,1641,1030,279,47,1.0,-1,-1,-1
97,2,1076,614,166,80,1.0,-1,-1,-1
97,3,1159,871,423,207,1.0,-1,-1,-1
97,5,416,761,185,107,1.0,-1,-1,-1
97,6,1285,589,194,94,1.0,-1,-1,-1
97,7,201,695,112,84,1.0,-1,-1,-1
97,10,1474,712,444,312,1.0,-1,-1,-1
97,14,1053,700,69,59,1.0,-1,-1,-1
97,15,762,595,81,67,1.0,-1,-1,-1
97,18,528,567,122,78,1.0,-1,-1,-1
97,19,405,585,107,60,1.0,-1,-1,-1
97,22,693,595,90,53,1.0,-1,-1,-1
97,23,971,704,56,63,1.0,-1,-1,-1
97,24,1009,596,64,56,1.0,-1,-1,-1
97,25,1147,560,38,52,1.0,-1,-1,-1
97,26,733,645,65,56,1.0,-1,-1,-1
97,29,514,941,97,116,1.0,-1,-1,-1
97,30,245,615,62,41,1.0,-1,-1,-1
97,34,1281,420,196,96,1.0,-1,-1,-1
97,37,368,727,35,67,1.0,-1,-1,-1
97,39,892,709,78,66,1.0,-1,-1,-1
97,41,1804,492,21,44,1.0,-1,-1,-1
97,43,16,694,88,73,1.0,-1,-1,-1
97,44,683,683,70,47,1.0,-1,-1,-1
97,45,0,952,35,108,1.0,-1,-1,-1
97,46,170,663,24,42,1.0,-1,-1,-1
97,47,1648,601,64,49,1.0,-1,-1,-1
97,48,42,674,70,48,1.0,-1,-1,-1
97,50,1214,587,48,58,1.0,-1,-1,-1
97,52,1787,527,132,183,1.0,-1,-1,-1
97,53,286,680,34,59,1.0,-1,-1,-1
98,1,1657,1031,261,48,1.0,-1,-1,-1
98,2,1073,613,167,80,1.0,-1,-1,-1
98,3,1168,868,425,209,1.0,-1,-1,-1
98,5,418,761,188,110,1.0,-1,-1,-1
98,6,1281,589,195,93,1.0,-1,-1,-1
98,7,204,695,112,85,1.0,-1,-1,-1
98,10,1495,725,424,300,1.0,-1,-1,-1
98,14,1053,700,69,59,1.0,-1,-1,-1
98,15,759,595,83,68,1.0,-1,-1,-1
98,18,526,571,122,74,1.0,-1,-1,-1
98,19,405,588,105,57,1.0,-1,-1,-1
98,22,691,595,91,52,1.0,-1,-1,-1
98,23,971,704,58,63,1.0,-1,-1,-1
98,24,1008,608,62,44,1.0,-1,-1,-1
98,25,1142,558,36,53,1.0,-1,-1,-1
98,26,732,658,67,46,1.0,-1,-1,-1
98,29,523,942,99,122,1.0,-1,-1,-1
98,30,245,614,60,42,1.0,-1,-1,-1
98,34,1281,420,196,96,1.0,-1,-1,-1
98,37,372,725,34,72,1.0,-1,-1,-1
98,39,892,710,78,65,1.0,-1,-1,-1
98,41,1806,487,18,48,1.0,-1,-1,-1
98,43,17,694,88,74,1.0,-1,-1,-1
98,44,683,683,69,47,1.0,-1,-1,-1
98,46,173,662,24,44,1.0,-1,-1,-1
98,47,1638,608,67,43,1.0,-1,-1,-1
98,48,46,671,70,51,1.0,-1,-1,-1
98,50,1209,587,47,56,1.0,-1,-1,-1
98,52,1777,528,142,182,1.0,-1,-1,-1
98,53,288,682,38,59,1.0,-1,-1,-1
99,1,1657,1031,261,48,1.0,-1,-1,-1
99,2,1073,613,167,80,1.0,-1,-1,-1
99,3,1168,869,425,208,1.0,-1,-1,-1
99,5,418,761,188,110,1.0,-1,-1,-1
99,6,1282,589,193,93,1.0,-1,-1,-1
99,7,204,695,112,85,1.0,-1,-1,-1
99,10,1495,724,424,301,1.0,-1,-1,-1
99,14,1053,700,69,59,1.0,-1,-1,-1
99,15,759,595,84,68,1.0,-1,-1,-1
99,18,526,571,122,74,1.0,-1,-1,-1
99,19,404,587,106,58,1.0,-1,-1,-1
99,22,692,595,90,52,1.0,-1,-1,-1
99,23,970,705,58,62,1.0,-1,-1,-1
99,24,1008,608,62,44,1.0,-1,-1,-1
99,25,1142,558,36,53,1.0,-1,-1,-1
99,26,732,658,66,46,1.0,-1,-1,-1
99,29,523,942,99,122,1.0,-1,-1,-1
99,30,245,614,60,42,1.0,-1,-1,-1
99,34,1281,420,197,96,1.0,-1,-1,-1
99,37,372,725,34,72,1.0,-1,-1,-1
99,39,891,711,72,65,1.0,-1,-1,-1
99,41,1806,487,18,48,1.0,-1,-1,-1
99,43,17,694,88,74,1.0,-1,-1,-1
99,44,683,683,69,47,1.0,-1,-1,-1
99,46,172,662,25,44,1.0,-1,-1,-1
99,47,1638,608,67,43,1.0,-1,-1,-1
99,48,46,671,70,51,1.0,-1,-1,-1
99,50,1209,587,47,56,1.0,-1,-1,-1
99,52,1777,528,142,182,1.0,-1,-1,-1
99,53,288,682,38,59,1.0,-1,-1,-1
100,1,1664,1030,254,49,1.0,-1,-1,-1
100,2,1070,613,170,80,1.0,-1,-1,-1
100,3,1177,870,426,208,1.0,-1,-1,-1
100,5,425,761,188,112,1.0,-1,-1,-1
100,6,1276,589,195,93,1.0,-1,-1,-1
100,7,207,695,112,86,1.0,-1,-1,-1
100,10,1517,723,402,301,1.0,-1,-1,-1
100,14,1053,700,68,59,1.0,-1,-1,-1
100,15,757,595,87,67,1.0,-1,-1,-1
100,18,524,569,121,76,1.0,-1,-1,-1
100,19,401,588,107,57,1.0,-1,-1,-1
100,22,690,596,88,52,1.0,-1,-1,-1
100,23,970,706,58,61,1.0,-1,-1,-1
100,24,1001,605,63,48,1.0,-1,-1,-1
100,26,732,659,66,45,1.0,-1,-1,-1
100,29,531,947,101,121,1.0,-1,-1,-1
100,30,246,614,60,42,1.0,-1,-1,-1
100,34,1282,420,197,96,1.0,-1,-1,-1
100,37,375,727,34,70,1.0,-1,-1,-1
100,39,891,711,73,65,1.0,-1,-1,-1
100,41,1807,488,18,46,1.0,-1,-1,-1
100,43,19,696,87,72,1.0,-1,-1,-1
100,44,683,683,69,47,1.0,-1,-1,-1
100,46,174,662,27,46,1.0,-1,-1,-1
100,47,1631,605,64,45,1.0,-1,-1,-1
100,48,54,675,65,48,1.0,-1,-1,-1
100,50,1206,587,66,49,1.0,-1,-1,-1
100,52,1769,528,150,182,1.0,-1,-1,-1
100,53,291,686,39,57,1.0,-1,-1,-1
101,1,1672,1032,247,47,1.0,-1,-1,-1
101,2,1067,612,169,82,1.0,-1,-1,-1
101,3,1184,873,430,205,1.0,-1,-1,-1
101,5,428,765,192,109,1.0,-1,-1,-1
101,6,1271,588,196,94,1.0,-1,-1,-1
101,7,209,694,117,88,1.0,-1,-1,-1
101,10,1538,723,381,304,1.0,-1,-1,-1
101,14,1053,701,68,58,1.0,-1,-1,-1
101,15,745,595,97,67,1.0,-1,-1,-1
101,18,522,569,120,76,1.0,-1,-1,-1
101,19,401,589,105,56,1.0,-1,-1,-1
101,22,689,598,89,51,1.0,-1,-1,-1
101,23,970,707,58,60,1.0,-1,-1,-1
101,24,999,613,60,40,1.0,-1,-1,-1
101,26,732,658,66,46,1.0,-1,-1,-1
101,29,538,948,104,121,1.0,-1,-1,-1
101,30,245,614,62,43,1.0,-1,-1,-1
101,34,1281,420,197,96,1.0,-1,-1,-1
101,37,380,753,32,49,1.0,-1,-1,-1
101,39,891,713,72,63,1.0,-1,-1,-1
101,41,1807,484,19,49,1.0,-1,-1,-1
101,43,21,696,88,74,1.0,-1,-1,-1
101,44,683,684,69,46,1.0,-1,-1,-1
101,46,177,661,28,48,1.0,-1,-1,-1
101,47,1621,603,68,47,1.0,-1,-1,-1
101,48,51,676,70,46,1.0,-1,-1,-1
101,50,1221,573,42,51,1.0,-1,-1,-1
101,52,1760,529,159,183,1.0,-1,-1,-1
102,1,1683,1033,235,46,1.0,-1,-1,-1
102,2,1063,612,167,79,1.0,-1,-1,-1
102,3,1193,877,430,201,1.0,-1,-1,-1
102,5,434,765,194,111,1.0,-1,-1,-1
102,6,1267,589,195,93,1.0,-1,-1,-1
102,7,211,695,116,89,1.0,-1,-1,-1
102,10,1558,726,360,300,1.0,-1,-1,-1
102,14,1053,702,68,56,1.0,-1,-1,-1
102,15,746,595,97,66,1.0,-1,-1,-1
102,18,521,571,118,74,1.0,-1,-1,-1
102,19,405,592,100,53,1.0,-1,-1,-1
102,22,685,600,83,47,1.0,-1,-1,-1
102,23,970,709,57,58,1.0,-1,-1,-1
102,24,994,609,59,44,1.0,-1,-1,-1
102,26,733,650,65,51,1.0,-1,-1,-1
102,29,552,952,102,122,1.0,-1,-1,-1
102,30,245,614,61,43,1.0,-1,-1,-1
102,34,1282,420,195,96,1.0,-1,-1,-1
102,37,383,748,33,57,1.0,-1,-1,-1
102,39,891,714,72,62,1.0,-1,-1,-1
102,43,22,697,90,73,1.0,-1,-1,-1
102,44,684,684,68,46,1.0,-1,-1,-1
102,45,1,945,35,106,1.0,-1,-1,-1
102,46,180,662,27,47,1.0,-1,-1,-1
102,47,1612,606,67,44,1.0,-1,-1,-1
102,48,52,678,71,45,1.0,-1,-1,-1
102,49,403,687,39,42,1.0,-1,-1,-1
102,50,1202,587,56,43,1.0,-1,-1,-1
102,52,1751,526,168,185,1.0,-1,-1,-1
103,1,1695,1033,225,45,1.0,-1,-1,-1
103,2,1061,613,167,79,1.0,-1,-1,-1
103,3,1200,879,434,198,1.0,-1,-1,-1
103,5,439,766,196,113,1.0,-1,-1,-1
103,6,1264,588,193,92,1.0,-1,-1,-1
103,7,214,697,117,87,1.0,-1,-1,-1
103,10,1579,722,339,296,1.0,-1,-1,-1
103,14,1053,701,68,57,1.0,-1,-1,-1
103,15,745,597,98,62,1.0,-1,-1,-1
103,18,519,571,120,74,1.0,-1,-1,-1
103,19,403,591,100,55,1.0,-1,-1,-1
103,22,682,599,88,49,1.0,-1,-1,-1
103,23,971,709,56,58,1.0,-1,-1,-1
103,24,988,612,61,41,1.0,-1,-1,-1
103,26,734,646,63,55,1.0,-1,-1,-1
103,29,567,967,99,110,1.0,-1,-1,-1
103,30,246,614,60,43,1.0,-1,-1,-1
103,34,1282,420,193,96,1.0,-1,-1,-1
103,37,384,750,35,58,1.0,-1,-1,-1
103,39,891,713,73,63,1.0,-1,-1,-1
103,43,25,699,88,72,1.0,-1,-1,-1
103,44,684,684,68,46,1.0,-1,-1,-1
103,45,0,938,37,114,1.0,-1,-1,-1
103,46,182,665,28,44,1.0,-1,-1,-1
103,47,1604,599,66,51,1.0,-1,-1,-1
103,48,50,676,74,47,1.0,-1,-1,-1
103,49,406,686,41,43,1.0,-1,-1,-1
103,50,1199,577,49,49,1.0,-1,-1,-1
103,52,1743,523,176,188,1.0,-1,-1,-1
104,1,1708,1035,212,44,1.0,-1,-1,-1
104,2,1058,613,167,79,1.0,-1,-1,-1
104,3,1208,881,435,196,1.0,-1,-1,-1
104,5,446,767,195,114,1.0,-1,-1,-1
104,6,1260,588,194,92,1.0,-1,-1,-1
104,7,218,698,116,87,1.0,-1,-1,-1
104,10,1602,723,317,297,1.0,-1,-1,-1
104,14,1053,702,68,56,1.0,-1,-1,-1
104,15,746,595,98,64,1.0,-1,-1,-1
104,18,516,568,121,77,1.0,-1,-1,-1
104,19,402,593,100,53,1.0,-1,-1,-1
104,22,680,598,85,50,1.0,-1,-1,-1
104,23,971,710,58,57,1.0,-1,-1,-1
104,24,986,613,60,40,1.0,-1,-1,-1
104,26,734,646,63,55,1.0,-1,-1,-1
104,29,567,966,104,107,1.0,-1,-1,-1
104,30,246,613,61,44,1.0,-1,-1,-1
104,34,1282,420,192,96,1.0,-1,-1,-1
104,37,387,753,35,56,1.0,-1,-1,-1
104,39,891,714,72,62,1.0,-1,-1,-1
104,43,25,700,90,72,1.0,-1,-1,-1
104,44,683,685,70,45,1.0,-1,-1,-1
104,45,1,957,34,91,1.0,-1,-1,-1
104,46,185,665,26,45,1.0,-1,-1,-1
104,47,1594,608,66,41,1.0,-1,-1,-1
104,48,54,675,72,49,1.0,-1,-1,-1
104,49,411,689,39,40,1.0,-1,-1,-1
104,50,1178,585,67,43,1.0,-1,-1,-1
104,52,1735,526,185,183,1.0,-1,-1,-1
105,1,1707,1035,213,44,1.0,-1,-1,-1
105,2,1058,612,167,80,1.0,-1,-1,-1
105,3,1208,881,435,196,1.0,-1,-1,-1
105,5,446,767,194,113,1.0,-1,-1,-1
105,6,1260,588,194,92,1.0,-1,-1,-1
105,7,219,698,115,87,1.0,-1,-1,-1
105,10,1602,720,317,297,1.0,-1,-1,-1
105,14,1053,702,68,56,1.0,-1,-1,-1
105,15,746,595,98,65,1.0,-1,-1,-1
105,18,516,568,121,77,1.0,-1,-1,-1
105,19,403,593,99,53,1.0,-1,-1,-1
105,22,681,598,85,50,1.0,-1,-1,-1
105,23,971,709,58,57,1.0,-1,-1,-1
105,24,985,613,61,40,1.0,-1,-1,-1
105,26,735,646,62,55,1.0,-1,-1,-1
105,29,567,965,104,109,1.0,-1,-1,-1
105,30,246,613,60,44,1.0,-1,-1,-1
105,34,1282,421,195,96,1.0,-1,-1,-1
105,37,387,754,35,55,1.0,-1,-1,-1
105,39,891,713,73,63,1.0,-1,-1,-1
105,43,26,700,89,71,1.0,-1,-1,-1
105,44,684,681,69,49,1.0,-1,-1,-1
105,45,0,931,35,111,1.0,-1,-1,-1
105,46,185,664,27,46,1.0,-1,-1,-1
105,47,1595,608,65,42,1.0,-1,-1,-1
105,48,54,674,72,51,1.0,-1,-1,-1
105,49,411,688,39,41,1.0,-1,-1,-1
105,50,1181,585,64,43,1.0,-1,-1,-1
105,52,1735,526,185,183,1.0,-1,-1,-1
105,54,126,658,25,38,1.0,-1,-1,-1
106,1,1720,1036,199,42,1.0,-1,-1,-1
106,2,1054,612,168,78,1.0,-1,-1,-1
106,3,1219,882,440,195,1.0,-1,-1,-1
106,5,452,769,197,114,1.0,-1,-1,-1
106,6,1257,590,194,90,1.0,-1,-1,-1
106,7,221,698,116,89,1.0,-1,-1,-1
106,10,1624,713,294,305,1.0,-1,-1,-1
106,14,1053,702,68,56,1.0,-1,-1,-1
106,15,748,594,96,68,1.0,-1,-1,-1
106,18,514,568,120,77,1.0,-1,-1,-1
106,19,401,592,99,53,1.0,-1,-1,-1
106,22,677,599,87,50,1.0,-1,-1,-1
106,23,971,709,58,57,1.0,-1,-1,-1
106,24,982,611,61,41,1.0,-1,-1,-1
106,26,735,648,62,53,1.0,-1,-1,-1
106,29,591,984,93,93,1.0,-1,-1,-1
106,30,246,613,59,44,1.0,-1,-1,-1
106,34,1283,420,196,97,1.0,-1,-1,-1
106,37,390,762,35,51,1.0,-1,-1,-1
106,39,891,715,71,61,1.0,-1,-1,-1
106,43,27,700,90,72,1.0,-1,-1,-1
106,44,684,680,69,50,1.0,-1,-1,-1
106,45,0,929,38,108,1.0,-1,-1,-1
106,46,186,664,29,47,1.0,-1,-1,-1
106,47,1586,605,66,44,1.0,-1,-1,-1
106,48,57,675,71,50,1.0,-1,-1,-1
106,49,415,693,40,37,1.0,-1,-1,-1
106,50,1178,586,60,40,1.0,-1,-1,-1
106,51,378,665,28,52,1.0,-1,-1,-1
106,52,1726,527,193,182,1.0,-1,-1,-1
106,53,317,692,35,57,1.0,-1,-1,-1
106,54,129,660,25,37,1.0,-1,-1,-1
107,1,1733,1035,184,42,1.0,-1,-1,-1
107,2,1050,612,167,78,1.0,-1,-1,-1
107,3,1226,883,444,193,1.0,-1,-1,-1
107,5,457,771,199,115,1.0,-1,-1,-1
107,6,1252,589,193,91,1.0,-1,-1,-1
107,7,224,698,116,90,1.0,-1,-1,-1
107,10,1645,709,273,314,1.0,-1,-1,-1
107,14,1053,702,68,56,1.0,-1,-1,-1
107,15,747,595,94,67,1.0,-1,-1,-1
107,18,512,566,120,78,1.0,-1,-1,-1
107,19,402,592,97,54,1.0,-1,-1,-1
107,22,675,599,89,50,1.0,-1,-1,-1
107,23,971,708,58,58,1.0,-1,-1,-1
107,24,977,604,62,48,1.0,-1,-1,-1
107,26,735,644,63,57,1.0,-1,-1,-1
107,29,594,985,78,92,1.0,-1,-1,-1
107,30,247,613,58,44,1.0,-1,-1,-1
107,34,1283,420,198,97,1.0,-1,-1,-1
107,37,392,756,36,61,1.0,-1,-1,-1
107,39,891,714,72,62,1.0,-1,-1,-1
107,43,29,698,89,75,1.0,-1,-1,-1
107,44,683,684,70,46,1.0,-1,-1,-1
107,45,0,927,39,109,1.0,-1,-1,-1
107,46,191,668,27,42,1.0,-1,-1,-1
107,47,1578,597,66,52,1.0,-1,-1,-1
107,48,59,674,71,51,1.0,-1,-1,-1
107,49,419,692,40,39,1.0,-1,-1,-1
107,50,1183,587,46,39,1.0,-1,-1,-1
107,51,381,665,29,55,1.0,-1,-1,-1
107,52,1718,526,201,185,1.0,-1,-1,-1
107,53,324,706,33,47,1.0,-1,-1,-1
107,54,131,663,26,34,1.0,-1,-1,-1
108,1,1745,1036,171,41,1.0,-1,-1,-1
108,2,1049,612,165,76,1.0,-1,-1,-1
108,3,1235,886,438,190,1.0,-1,-1,-1
108,5,464,769,200,119,1.0,-1,-1,-1
108,6,1249,589,193,91,1.0,-1,-1,-1
108,7,227,700,117,88,1.0,-1,-1,-1
108,10,1663,707,256,317,1.0,-1,-1,-1
108,14,1053,702,68,56,1.0,-1,-1,-1
108,15,747,595,97,63,1.0,-1,-1,-1
108,18,510,567,120,77,1.0,-1,-1,-1
108,19,401,592,95,53,1.0,-1,-1,-1
108,22,672,600,92,49,1.0,-1,-1,-1
108,23,971,706,59,60,1.0,-1,-1,-1
108,24,972,611,62,42,1.0,-1,-1,-1
108,26,734,647,64,54,1.0,-1,-1,-1
108,29,617,982,94,96,1.0,-1,-1,-1
108,30,248,613,57,43,1.0,-1,-1,-1
108,34,1282,420,199,97,1.0,-1,-1,-1
108,37,396,753,35,66,1.0,-1,-1,-1
108,39,891,713,74,63,1.0,-1,-1,-1
108,43,31,695,90,79,1.0,-1,-1,-1
108,44,683,685,70,45,1.0,-1,-1,-1
108,45,0,927,41,101,1.0,-1,-1,-1
108,46,194,670,28,41,1.0,-1,-1,-1
108,47,1570,597,65,50,1.0,-1,-1,-1
108,48,58,675,73,50,1.0,-1,-1,-1
108,49,422,686,40,45,1.0,-1,-1,-1
108,50,1179,576,42,47,1.0,-1,-1,-1
108,52,1709,526,210,184,1.0,-1,-1,-1
108,53,326,707,37,46,1.0,-1,-1,-1
108,54,134,663,26,35,1.0,-1,-1,-1
109,1,1759,1036,160,43,1.0,-1,-1,-1
109,2,1046,612,164,75,1.0,-1,-1,-1
109,3,1243,886,440,190,1.0,-1,-1,-1
109,5,467,771,205,120,1.0,-1,-1,-1
109,6,1244,590,194,90,1.0,-1,-1,-1
109,7,229,702,119,89,1.0,-1,-1,-1
109,10,1684,746,234,281,1.0,-1,-1,-1
109,14,1053,702,68,56,1.0,-1,-1,-1
109,15,746,595,97,60,1.0,-1,-1,-1
109,18,511,566,115,78,1.0,-1,-1,-1
109,19,399,593,96,52,1.0,-1,-1,-1
109,22,668,599,95,51,1.0,-1,-1,-1
109,23,972,708,59,59,1.0,-1,-1,-1
109,24,967,610,63,43,1.0,-1,-1,-1
109,26,734,646,64,55,1.0,-1,-1,-1
109,29,624,982,93,97,1.0,-1,-1,-1
109,30,248,613,58,43,1.0,-1,-1,-1
109,34,1283,420,196,97,1.0,-1,-1,-1
109,37,399,750,36,71,1.0,-1,-1,-1
109,39,891,714,71,62,1.0,-1,-1,-1
109,43,31,693,94,82,1.0,-1,-1,-1
109,44,683,685,70,45,1.0,-1,-1,-1
109,46,196,669,28,43,1.0,-1,-1,-1
109,47,1562,598,63,48,1.0,-1,-1,-1
109,48,63,674,70,51,1.0,-1,-1,-1
109,49,426,686,39,46,1.0,-1,-1,-1
109,50,1166,574,46,48,1.0,-1,-1,-1
109,52,1700,526,219,183,1.0,-1,-1,-1
109,53,329,703,38,51,1.0,-1,-1,-1
109,54,136,665,26,34,1.0,-1,-1,-1
110,1,1768,1034,152,43,1.0,-1,-1,-1
110,2,1042,612,166,75,1.0,-1,-1,-1
110,3,1251,889,441,187,1.0,-1,-1,-1
110,5,474,773,204,120,1.0,-1,-1,-1
110,6,1241,589,192,91,1.0,-1,-1,-1
110,7,231,702,120,90,1.0,-1,-1,-1
110,10,1705,720,213,308,1.0,-1,-1,-1
110,14,1053,702,69,56,1.0,-1,-1,-1
110,15,741,595,100,57,1.0,-1,-1,-1
110,18,508,565,116,78,1.0,-1,-1,-1
110,19,397,593,96,52,1.0,-1,-1,-1
110,22,666,599,94,51,1.0,-1,-1,-1
110,23,972,707,57,60,1.0,-1,-1,-1
110,24,962,609,64,44,1.0,-1,-1,-1
110,26,738,647,61,55,1.0,-1,-1,-1
110,29,637,986,92,93,1.0,-1,-1,-1
110,30,248,613,57,42,1.0,-1,-1,-1
110,34,1283,421,196,97,1.0,-1,-1,-1
110,37,402,749,39,75,1.0,-1,-1,-1
110,39,891,715,70,61,1.0,-1,-1,-1
110,43,33,697,91,79,1.0,-1,-1,-1
110,44,683,686,70,44,1.0,-1,-1,-1
110,45,1,964,46,76,1.0,-1,-1,-1
110,46,198,669,28,43,1.0,-1,-1,-1
110,47,1554,597,65,49,1.0,-1,-1,-1
110,48,62,675,71,52,1.0,-1,-1,-1
110,49,428,692,43,41,1.0,-1,-1,-1
110,50,1148,577,57,46,1.0,-1,-1,-1
110,52,1693,525,226,185,1.0,-1,-1,-1
110,53,335,703,38,52,1.0,-1,-1,-1
110,54,139,665,25,34,1.0,-1,-1,-1
111,1,1768,1034,152,43,1.0,-1,-1,-1
111,2,1042,612,166,75,1.0,-1,-1,-1
111,3,1251,889,441,187,1.0,-1,-1,-1
111,5,474,773,204,120,1.0,-1,-1,-1
111,6,1241,589,192,91,1.0,-1,-1,-1
111,7,231,702,120,90,1.0,-1,-1,-1
111,10,1705,722,213,305,1.0,-1,-1,-1
111,14,1053,702,69,56,1.0,-1,-1,-1
111,15,740,595,101,57,1.0,-1,-1,-1
111,18,508,565,116,78,1.0,-1,-1,-1
111,19,397,593,96,52,1.0,-1,-1,-1
111,22,666,599,93,51,1.0,-1,-1,-1
111,23,972,707,57,60,1.0,-1,-1,-1
111,24,962,610,64,43,1.0,-1,-1,-1
111,26,739,647,60,55,1.0,-1,-1,-1
111,29,636,986,93,93,1.0,-1,-1,-1
111,30,248,613,57,43,1.0,-1,-1,-1
111,34,1283,421,197,97,1.0,-1,-1,-1
111,37,402,749,39,75,1.0,-1,-1,-1
111,39,891,715,70,61,1.0,-1,-1,-1
111,43,33,698,91,78,1.0,-1,-1,-1
111,44,683,685,70,45,1.0,-1,-1,-1
111,45,1,964,46,76,1.0,-1,-1,-1
111,46,198,669,28,43,1.0,-1,-1,-1
111,47,1554,597,65,49,1.0,-1,-1,-1
111,48,62,675,71,52,1.0,-1,-1,-1
111,49,428,692,43,41,1.0,-1,-1,-1
111,50,1148,577,57,46,1.0,-1,-1,-1
111,51,391,688,28,37,1.0,-1,-1,-1
111,52,1693,525,226,185,1.0,-1,-1,-1
111,53,335,703,38,52,1.0,-1,-1,-1
111,54,138,665,26,34,1.0,-1,-1,-1
112,1,1782,1034,138,43,1.0,-1,-1,-1
112,2,1041,612,164,76,1.0,-1,-1,-1
112,3,1260,890,441,186,1.0,-1,-1,-1
112,5,478,773,207,122,1.0,-1,-1,-1
112,6,1237,590,193,90,1.0,-1,-1,-1
112,7,233,702,121,91,1.0,-1,-1,-1
112,10,1727,776,192,248,1.0,-1,-1,-1
112,14,1053,702,69,56,1.0,-1,-1,-1
112,15,724,594,118,60,1.0,-1,-1,-1
112,18,506,564,118,80,1.0,-1,-1,-1
112,19,396,593,96,52,1.0,-1,-1,-1
112,22,664,600,95,50,1.0,-1,-1,-1
112,23,972,708,56,59,1.0,-1,-1,-1
112,24,958,610,65,42,1.0,-1,-1,-1
112,26,734,648,64,53,1.0,-1,-1,-1
112,29,641,1009,97,70,1.0,-1,-1,-1
112,30,248,612,54,43,1.0,-1,-1,-1
112,31,1683,738,70,130,1.0,-1,-1,-1
112,34,1283,421,197,97,1.0,-1,-1,-1
112,37,406,757,38,69,1.0,-1,-1,-1
112,39,891,715,69,61,1.0,-1,-1,-1
112,43,34,700,92,77,1.0,-1,-1,-1
112,44,683,685,70,45,1.0,-1,-1,-1
112,45,0,964,49,75,1.0,-1,-1,-1
112,46,201,671,27,41,1.0,-1,-1,-1
112,47,1544,597,65,49,1.0,-1,-1,-1
112,48,61,674,76,53,1.0,-1,-1,-1
112,49,432,693,41,40,1.0,-1,-1,-1
112,50,1146,572,52,52,1.0,-1,-1,-1
112,51,395,695,26,33,1.0,-1,-1,-1
112,52,1684,527,235,183,1.0,-1,-1,-1
112,53,342,713,36,42,1.0,-1,-1,-1
112,54,141,667,24,33,1.0,-1,-1,-1
113,1,1795,1038,124,39,1.0,-1,-1,-1
113,2,1038,611,161,77,1.0,-1,-1,-1
113,3,1270,891,442,185,1.0,-1,-1,-1
113,5,481,774,211,125,1.0,-1,-1,-1
113,6,1233,588,192,90,1.0,-1,-1,-1
113,7,237,702,120,91,1.0,-1,-1,-1
113,10,1748,721,171,305,1.0,-1,-1,-1
113,14,1053,701,68,57,1.0,-1,-1,-1
113,15,664,595,172,57,1.0,-1,-1,-1
113,18,503,563,118,81,1.0,-1,-1,-1
113,19,396,593,94,52,1.0,-1,-1,-1
113,22,662,599,91,50,1.0,-1,-1,-1
113,23,972,706,57,61,1.0,-1,-1,-1
113,24,956,611,63,41,1.0,-1,-1,-1
113,26,738,646,61,56,1.0,-1,-1,-1
113,29,655,998,94,81,1.0,-1,-1,-1
113,30,248,612,57,43,1.0,-1,-1,-1
113,31,1684,767,85,103,1.0,-1,-1,-1
113,34,1283,421,196,97,1.0,-1,-1,-1
113,37,410,753,37,76,1.0,-1,-1,-1
113,39,891,714,71,62,1.0,-1,-1,-1
113,43,35,699,93,78,1.0,-1,-1,-1
113,44,683,685,70,45,1.0,-1,-1,-1
113,45,0,940,51,91,1.0,-1,-1,-1
113,46,204,672,28,41,1.0,-1,-1,-1
113,47,1538,599,62,47,1.0,-1,-1,-1
113,48,69,676,68,51,1.0,-1,-1,-1
113,49,436,696,40,36,1.0,-1,-1,-1
113,50,1149,570,45,53,1.0,-1,-1,-1
113,51,395,693,28,34,1.0,-1,-1,-1
113,52,1677,527,242,184,1.0,-1,-1,-1
113,53,347,711,35,45,1.0,-1,-1,-1
113,54,144,664,21,36,1.0,-1,-1,-1
114,1,1808,1034,111,44,1.0,-1,-1,-1
114,2,1035,611,162,77,1.0,-1,-1,-1
114,3,1278,892,442,184,1.0,-1,-1,-1
114,5,489,776,212,124,1.0,-1,-1,-1
114,6,1230,587,190,91,1.0,-1,-1,-1
114,7,240,703,121,92,1.0,-1,-1,-1
114,10,1769,765,150,261,1.0,-1,-1,-1
114,14,1053,702,69,56,1.0,-1,-1,-1
114,18,501,564,117,80,1.0,-1,-1,-1
114,19,395,593,95,53,1.0,-1,-1,-1
114,22,660,601,96,49,1.0,-1,-1,-1
114,23,972,707,59,59,1.0,-1,-1,-1
114,24,951,600,65,52,1.0,-1,-1,-1
114,26,737,647,62,55,1.0,-1,-1,-1
114,29,665,1019,95,60,1.0,-1,-1,-1
114,30,248,612,54,43,1.0,-1,-1,-1
114,31,1684,767,107,105,1.0,-1,-1,-1
114,34,1283,421,196,97,1.0,-1,-1,-1
114,37,413,754,37,74,1.0,-1,-1,-1
114,39,891,714,70,62,1.0,-1,-1,-1
114,43,36,700,93,78,1.0,-1,-1,-1
114,44,683,685,70,45,1.0,-1,-1,-1
114,45,0,940,56,89,1.0,-1,-1,-1
114,46,207,667,27,49,1.0,-1,-1,-1
114,47,1529,598,64,48,1.0,-1,-1,-1
114,48,74,677,68,50,1.0,-1,-1,-1
114,49,441,695,42,38,1.0,-1,-1,-1
114,50,1136,570,51,54,1.0,-1,-1,-1
114,51,397,691,30,38,1.0,-1,-1,-1
114,52,1669,525,250,188,1.0,-1,-1,-1
114,53,350,713,37,43,1.0,-1,-1,-1
114,54,143,667,25,33,1.0,-1,-1,-1
114,55,1336,496,33,40,1.0,-1,-1,-1
115,1,1821,1037,98,40,1.0,-1,-1,-1
115,2,1032,610,163,79,1.0,-1,-1,-1
115,3,1286,891,444,184,1.0,-1,-1,-1
115,5,495,778,215,127,1.0,-1,-1,-1
115,6,1225,587,193,91,1.0,-1,-1,-1
115,7,242,704,123,93,1.0,-1,-1,-1
115,10,1799,776,120,251,1.0,-1,-1,-1
115,14,1053,702,69,56,1.0,-1,-1,-1
115,18,500,564,116,80,1.0,-1,-1,-1
115,19,394,592,95,53,1.0,-1,-1,-1
115,23,972,706,58,61,1.0,-1,-1,-1
115,24,951,606,60,46,1.0,-1,-1,-1
115,26,735,645,64,57,1.0,-1,-1,-1
115,29,693,1010,80,69,1.0,-1,-1,-1
115,30,248,611,55,43,1.0,-1,-1,-1
115,31,1684,771,122,111,1.0,-1,-1,-1
115,34,1283,421,199,96,1.0,-1,-1,-1
115,37,417,776,37,56,1.0,-1,-1,-1
115,39,891,714,70,62,1.0,-1,-1,-1
115,43,37,699,94,80,1.0,-1,-1,-1
115,44,685,682,68,48,1.0,-1,-1,-1
115,45,0,931,60,89,1.0,-1,-1,-1
115,46,209,670,28,45,1.0,-1,-1,-1
115,47,1519,599,65,46,1.0,-1,-1,-1
115,48,73,678,71,50,1.0,-1,-1,-1
115,49,444,689,41,44,1.0,-1,-1,-1
115,50,1130,570,51,52,1.0,-1,-1,-1
115,51,403,693,28,35,1.0,-1,-1,-1
115,52,1661,526,258,186,1.0,-1,-1,-1
115,53,355,715,38,44,1.0,-1,-1,-1
115,54,147,668,24,32,1.0,-1,-1,-1
116,1,1835,1038,84,39,1.0,-1,-1,-1
116,2,1030,609,162,78,1.0,-1,-1,-1
116,3,1295,892,445,184,1.0,-1,-1,-1
116,5,500,781,218,125,1.0,-1,-1,-1
116,6,1222,587,190,90,1.0,-1,-1,-1
116,7,247,704,122,94,1.0,-1,-1,-1
116,10,1820,776,99,234,1.0,-1,-1,-1
116,14,1053,702,69,56,1.0,-1,-1,-1
116,18,498,564,116,80,1.0,-1,-1,-1
116,19,391,593,96,53,1.0,-1,-1,-1
116,23,972,706,57,61,1.0,-1,-1,-1
116,24,952,611,55,43,1.0,-1,-1,-1
116,26,735,645,64,57,1.0,-1,-1,-1
116,29,688,1009,96,70,1.0,-1,-1,-1
116,30,249,611,54,43,1.0,-1,-1,-1
116,31,1685,780,128,96,1.0,-1,-1,-1
116,34,1283,421,198,96,1.0,-1,-1,-1
116,37,421,774,37,61,1.0,-1,-1,-1
116,39,891,714,70,62,1.0,-1,-1,-1
116,43,39,701,93,79,1.0,-1,-1,-1
116,44,685,682,69,48,1.0,-1,-1,-1
116,45,0,932,61,90,1.0,-1,-1,-1
116,46,214,670,25,46,1.0,-1,-1,-1
116,47,1511,599,63,46,1.0,-1,-1,-1
116,48,73,677,72,53,1.0,-1,-1,-1
116,49,447,691,42,43,1.0,-1,-1,-1
116,50,1128,571,47,49,1.0,-1,-1,-1
116,51,405,695,28,35,1.0,-1,-1,-1
116,52,1653,523,265,191,1.0,-1,-1,-1
116,53,363,712,37,47,1.0,-1,-1,-1
116,54,149,668,22,33,1.0,-1,-1,-1
116,56,0,683,21,46,1.0,-1,-1,-1
117,1,1835,1038,84,40,1.0,-1,-1,-1
117,2,1031,609,161,77,1.0,-1,-1,-1
117,3,1295,892,445,184,1.0,-1,-1,-1
117,5,500,781,218,125,1.0,-1,-1,-1
117,6,1222,587,190,90,1.0,-1,-1,-1
117,7,247,705,122,93,1.0,-1,-1,-1
117,10,1820,777,99,233,1.0,-1,-1,-1
117,14,1053,702,69,56,1.0,-1,-1,-1
117,15,681,596,152,58,1.0,-1,-1,-1
117,18,498,563,116,81,1.0,-1,-1,-1
117,19,391,593,96,53,1.0,-1,-1,-1
117,23,972,706,57,61,1.0,-1,-1,-1
117,24,952,611,55,43,1.0,-1,-1,-1
117,26,735,644,64,58,1.0,-1,-1,-1
117,29,709,1013,77,66,1.0,-1,-1,-1
117,30,248,611,55,43,1.0,-1,-1,-1
117,31,1682,780,130,97,1.0,-1,-1,-1
117,34,1283,421,198,96,1.0,-1,-1,-1
117,37,421,774,37,61,1.0,-1,-1,-1
117,39,891,714,70,62,1.0,-1,-1,-1
117,43,39,701,93,79,1.0,-1,-1,-1
117,44,685,682,69,48,1.0,-1,-1,-1
117,45,0,932,61,90,1.0,-1,-1,-1
117,46,214,670,25,46,1.0,-1,-1,-1
117,47,1511,599,63,46,1.0,-1,-1,-1
117,48,73,677,72,53,1.0,-1,-1,-1
117,49,447,691,42,43,1.0,-1,-1,-1
117,50,1127,571,48,49,1.0,-1,-1,-1
117,51,405,696,28,34,1.0,-1,-1,-1
117,52,1653,524,265,190,1.0,-1,-1,-1
117,53,363,712,37,47,1.0,-1,-1,-1
117,54,149,667,22,34,1.0,-1,-1,-1
117,56,0,682,21,47,1.0,-1,-1,-1
118,1,1847,1040,72,37,1.0,-1,-1,-1
118,2,1028,610,161,76,1.0,-1,-1,-1
118,3,1306,893,441,182,1.0,-1,-1,-1
118,5,506,781,218,128,1.0,-1,-1,-1
118,6,1218,586,189,91,1.0,-1,-1,-1
118,7,248,704,127,94,1.0,-1,-1,-1
118,14,1053,702,69,56,1.0,-1,-1,-1
118,15,656,597,173,56,1.0,-1,-1,-1
118,18,495,563,117,81,1.0,-1,-1,-1
118,19,391,591,94,54,1.0,-1,-1,-1
118,23,972,705,57,62,1.0,-1,-1,-1
118,24,950,593,53,58,1.0,-1,-1,-1
118,26,734,646,66,56,1.0,-1,-1,-1
118,29,712,1017,83,61,1.0,-1,-1,-1
118,30,249,611,54,43,1.0,-1,-1,-1
118,31,1685,772,76,97,1.0,-1,-1,-1
118,34,1283,421,197,96,1.0,-1,-1,-1
118,37,424,771,38,67,1.0,-1,-1,-1
118,39,891,714,70,62,1.0,-1,-1,-1
118,43,41,702,93,79,1.0,-1,-1,-1
118,44,685,682,68,48,1.0,-1,-1,-1
118,45,0,935,64,88,1.0,-1,-1,-1
118,46,217,671,25,46,1.0,-1,-1,-1
118,47,1504,598,62,47,1.0,-1,-1,-1
118,48,74,677,72,55,1.0,-1,-1,-1
118,49,451,689,42,47,1.0,-1,-1,-1
118,51,407,694,27,36,1.0,-1,-1,-1
118,52,1645,525,274,189,1.0,-1,-1,-1
118,53,365,707,38,55,1.0,-1,-1,-1
118,54,150,666,24,35,1.0,-1,-1,-1
118,56,0,683,22,47,1.0,-1,-1,-1
118,57,0,632,31,72,1.0,-1,-1,-1
119,1,1859,1041,60,36,1.0,-1,-1,-1
119,2,1024,609,162,77,1.0,-1,-1,-1
119,3,1312,894,447,182,1.0,-1,-1,-1
119,5,513,784,219,127,1.0,-1,-1,-1
119,6,1215,587,189,90,1.0,-1,-1,-1
119,7,251,704,126,97,1.0,-1,-1,-1
119,14,1053,702,69,56,1.0,-1,-1,-1
119,18,495,564,114,80,1.0,-1,-1,-1
119,19,390,591,95,54,1.0,-1,-1,-1
119,23,972,707,58,59,1.0,-1,-1,-1
119,24,953,596,45,55,1.0,-1,-1,-1
119,26,734,650,70,51,1.0,-1,-1,-1
119,27,1739,789,74,111,1.0,-1,-1,-1
119,29,714,1012,92,66,1.0,-1,-1,-1
119,30,250,611,51,43,1.0,-1,-1,-1
119,31,1684,775,76,93,1.0,-1,-1,-1
119,34,1282,421,196,96,1.0,-1,-1,-1
119,37,425,759,41,78,1.0,-1,-1,-1
119,39,891,713,73,63,1.0,-1,-1,-1
119,43,43,698,94,84,1.0,-1,-1,-1
119,44,685,681,69,49,1.0,-1,-1,-1
119,45,0,921,68,97,1.0,-1,-1,-1
119,46,219,671,28,48,1.0,-1,-1,-1
119,47,1494,599,65,46,1.0,-1,-1,-1
119,48,73,678,76,54,1.0,-1,-1,-1
119,49,454,688,42,47,1.0,-1,-1,-1
119,51,408,692,31,39,1.0,-1,-1,-1
119,52,1637,522,281,193,1.0,-1,-1,-1
119,53,371,711,38,50,1.0,-1,-1,-1
119,54,152,664,26,37,1.0,-1,-1,-1
119,56,0,682,25,49,1.0,-1,-1,-1
119,57,0,640,30,90,1.0,-1,-1,-1
120,2,1022,608,162,79,1.0,-1,-1,-1
120,3,1322,897,447,179,1.0,-1,-1,-1
120,5,519,786,220,128,1.0,-1,-1,-1
120,6,1211,587,190,90,1.0,-1,-1,-1
120,7,254,705,129,97,1.0,-1,-1,-1
120,14,1053,701,69,57,1.0,-1,-1,-1
120,18,491,563,115,81,1.0,-1,-1,-1
120,19,389,592,94,52,1.0,-1,-1,-1
120,20,1822,807,50,100,1.0,-1,-1,-1
120,23,972,707,57,59,1.0,-1,-1,-1
120,24,955,596,40,55,1.0,-1,-1,-1
120,26,736,650,69,51,1.0,-1,-1,-1
120,27,1738,790,74,111,1.0,-1,-1,-1
120,29,726,1005,87,73,1.0,-1,-1,-1
120,30,250,609,55,45,1.0,-1,-1,-1
120,31,1684,774,77,94,1.0,-1,-1,-1
120,34,1282,420,197,98,1.0,-1,-1,-1
120,37,429,762,41,78,1.0,-1,-1,-1
120,39,891,713,72,63,1.0,-1,-1,-1
120,43,45,698,93,84,1.0,-1,-1,-1
120,44,685,682,68,49,1.0,-1,-1,-1
120,45,0,916,70,100,1.0,-1,-1,-1
120,46,222,670,27,49,1.0,-1,-1,-1
120,47,1487,598,64,47,1.0,-1,-1,-1
120,48,74,678,73,55,1.0,-1,-1,-1
120,49,458,694,43,42,1.0,-1,-1,-1
120,51,414,698,28,34,1.0,-1,-1,-1
120,52,1630,520,289,195,1.0,-1,-1,-1
120,53,375,707,40,56,1.0,-1,-1,-1
120,54,155,667,24,35,1.0,-1,-1,-1
120,57,0,642,29,90,1.0,-1,-1,-1
121,2,1019,608,164,78,1.0,-1,-1,-1
121,3,1330,898,448,177,1.0,-1,-1,-1
121,5,523,787,226,130,1.0,-1,-1,-1
121,6,1208,587,189,90,1.0,-1,-1,-1
121,7,255,706,132,96,1.0,-1,-1,-1
121,14,1053,701,69,57,1.0,-1,-1,-1
121,18,492,563,114,81,1.0,-1,-1,-1
121,19,389,591,90,53,1.0,-1,-1,-1
121,20,1823,807,48,101,1.0,-1,-1,-1
121,22,645,599,97,50,1.0,-1,-1,-1
121,23,972,707,56,59,1.0,-1,-1,-1
121,26,734,647,67,55,1.0,-1,-1,-1
121,27,1739,793,72,108,1.0,-1,-1,-1
121,29,733,1009,92,68,1.0,-1,-1,-1
121,30,250,609,53,45,1.0,-1,-1,-1
121,31,1683,780,75,89,1.0,-1,-1,-1
121,34,1282,420,199,99,1.0,-1,-1,-1
121,37,435,782,40,67,1.0,-1,-1,-1
121,39,891,713,72,63,1.0,-1,-1,-1
121,43,46,702,95,81,1.0,-1,-1,-1
121,44,683,685,70,45,1.0,-1,-1,-1
121,45,0,915,73,99,1.0,-1,-1,-1
121,46,225,670,28,49,1.0,-1,-1,-1
121,47,1478,599,64,46,1.0,-1,-1,-1
121,48,79,681,72,53,1.0,-1,-1,-1
121,49,462,698,43,39,1.0,-1,-1,-1
121,51,416,695,28,39,1.0,-1,-1,-1
121,52,1622,519,297,196,1.0,-1,-1,-1
121,53,380,716,40,48,1.0,-1,-1,-1
121,54,157,666,24,36,1.0,-1,-1,-1
121,57,1,637,32,63,1.0,-1,-1,-1
122,2,1017,607,162,80,1.0,-1,-1,-1
122,3,1338,899,449,176,1.0,-1,-1,-1
122,5,529,787,228,134,1.0,-1,-1,-1
122,6,1204,587,190,90,1.0,-1,-1,-1
122,7,258,706,134,98,1.0,-1,-1,-1
122,14,1053,701,69,57,1.0,-1,-1,-1
122,18,491,562,112,81,1.0,-1,-1,-1
122,19,385,592,94,53,1.0,-1,-1,-1
122,20,1823,807,47,100,1.0,-1,-1,-1
122,22,642,598,100,51,1.0,-1,-1,-1
122,23,972,707,56,59,1.0,-1,-1,-1
122,26,737,648,62,54,1.0,-1,-1,-1
122,27,1739,794,72,107,1.0,-1,-1,-1
122,29,766,1018,73,60,1.0,-1,-1,-1
122,30,251,609,52,45,1.0,-1,-1,-1
122,31,1683,782,75,87,1.0,-1,-1,-1
122,34,1281,420,201,99,1.0,-1,-1,-1
122,37,438,779,41,72,1.0,-1,-1,-1
122,39,891,713,72,63,1.0,-1,-1,-1
122,43,48,703,94,81,1.0,-1,-1,-1
122,44,683,685,70,45,1.0,-1,-1,-1
122,45,0,913,75,99,1.0,-1,-1,-1
122,46,227,670,28,49,1.0,-1,-1,-1
122,47,1470,600,64,44,1.0,-1,-1,-1
122,48,78,681,74,55,1.0,-1,-1,-1
122,49,466,697,43,40,1.0,-1,-1,-1
122,51,417,690,31,45,1.0,-1,-1,-1
122,52,1614,519,305,196,1.0,-1,-1,-1
122,53,383,710,43,56,1.0,-1,-1,-1
122,54,159,665,24,37,1.0,-1,-1,-1
122,57,1,640,34,53,1.0,-1,-1,-1
123,2,1017,607,162,80,1.0,-1,-1,-1
123,3,1338,899,449,176,1.0,-1,-1,-1
123,5,529,787,228,134,1.0,-1,-1,-1
123,6,1204,587,190,90,1.0,-1,-1,-1
123,7,258,706,134,98,1.0,-1,-1,-1
123,14,1053,701,69,57,1.0,-1,-1,-1
123,16,1887,816,32,93,1.0,-1,-1,-1
123,18,491,562,112,81,1.0,-1,-1,-1
123,19,385,592,94,53,1.0,-1,-1,-1
123,20,1823,807,47,100,1.0,-1,-1,-1
123,22,642,598,100,51,1.0,-1,-1,-1
123,23,972,707,56,59,1.0,-1,-1,-1
123,26,737,648,62,54,1.0,-1,-1,-1
123,27,1739,793,72,108,1.0,-1,-1,-1
123,29,766,1018,73,60,1.0,-1,-1,-1
123,30,251,609,53,45,1.0,-1,-1,-1
123,31,1683,781,75,88,1.0,-1,-1,-1
123,34,1281,420,200,99,1.0,-1,-1,-1
123,37,438,779,41,72,1.0,-1,-1,-1
123,39,891,713,72,63,1.0,-1,-1,-1
123,43,48,703,94,81,1.0,-1,-1,-1
123,44,683,685,70,45,1.0,-1,-1,-1
123,45,0,913,75,99,1.0,-1,-1,-1
123,46,227,670,28,49,1.0,-1,-1,-1
123,47,1470,600,64,45,1.0,-1,-1,-1
123,48,78,681,74,55,1.0,-1,-1,-1
123,49,466,697,43,40,1.0,-1,-1,-1
123,51,417,690,31,45,1.0,-1,-1,-1
123,52,1614,519,305,196,1.0,-1,-1,-1
123,53,383,710,43,56,1.0,-1,-1,-1
123,54,159,665,24,37,1.0,-1,-1,-1
123,56,0,682,31,52,1.0,-1,-1,-1
123,57,1,640,34,53,1.0,-1,-1,-1
124,2,1015,607,162,79,1.0,-1,-1,-1
124,3,1348,900,447,175,1.0,-1,-1,-1
124,5,536,789,230,133,1.0,-1,-1,-1
124,6,1199,587,191,89,1.0,-1,-1,-1
124,7,262,707,132,98,1.0,-1,-1,-1
124,14,1053,701,69,57,1.0,-1,-1,-1
124,16,1887,816,32,93,1.0,-1,-1,-1
124,18,489,563,115,80,1.0,-1,-1,-1
124,19,385,591,92,53,1.0,-1,-1,-1
124,20,1823,807,47,100,1.0,-1,-1,-1
124,22,640,599,114,50,1.0,-1,-1,-1
124,23,971,708,56,58,1.0,-1,-1,-1
124,26,736,650,65,52,1.0,-1,-1,-1
124,27,1739,794,72,107,1.0,-1,-1,-1
124,30,251,609,54,45,1.0,-1,-1,-1
124,31,1683,781,75,88,1.0,-1,-1,-1
124,34,1282,420,196,99,1.0,-1,-1,-1
124,37,443,779,41,75,1.0,-1,-1,-1
124,39,891,712,72,64,1.0,-1,-1,-1
124,43,49,702,95,83,1.0,-1,-1,-1
124,44,683,685,70,45,1.0,-1,-1,-1
124,45,0,914,77,97,1.0,-1,-1,-1
124,46,230,671,28,50,1.0,-1,-1,-1
124,47,1463,598,63,46,1.0,-1,-1,-1
124,48,62,682,89,75,1.0,-1,-1,-1
124,49,470,691,42,46,1.0,-1,-1,-1
124,51,416,674,35,60,1.0,-1,-1,-1
124,52,1606,520,313,195,1.0,-1,-1,-1
124,53,389,707,40,60,1.0,-1,-1,-1
124,54,163,665,21,37,1.0,-1,-1,-1
124,56,0,684,32,50,1.0,-1,-1,-1
124,57,0,639,38,53,1.0,-1,-1,-1
125,2,1013,607,160,77,1.0,-1,-1,-1
125,3,1358,901,449,175,1.0,-1,-1,-1
125,5,543,791,231,133,1.0,-1,-1,-1
125,6,1197,587,187,89,1.0,-1,-1,-1
125,7,264,708,133,98,1.0,-1,-1,-1
125,14,1053,701,69,57,1.0,-1,-1,-1
125,16,1886,818,33,91,1.0,-1,-1,-1
125,18,489,563,116,81,1.0,-1,-1,-1
125,19,384,592,93,52,1.0,-1,-1,-1
125,20,1823,807,47,100,1.0,-1,-1,-1
125,22,639,598,100,51,1.0,-1,-1,-1
125,23,971,707,56,59,1.0,-1,-1,-1
125,26,739,659,62,44,1.0,-1,-1,-1
125,27,1739,794,72,107,1.0,-1,-1,-1
125,30,252,609,54,44,1.0,-1,-1,-1
125,31,1683,782,76,87,1.0,-1,-1,-1
125,34,1282,421,195,98,1.0,-1,-1,-1
125,37,449,788,41,68,1.0,-1,-1,-1
125,39,891,711,72,65,1.0,-1,-1,-1
125,43,51,703,95,84,1.0,-1,-1,-1
125,44,683,685,70,45,1.0,-1,-1,-1
125,45,0,915,79,97,1.0,-1,-1,-1
125,46,233,672,29,49,1.0,-1,-1,-1
125,47,1455,598,62,46,1.0,-1,-1,-1
125,48,89,681,67,50,1.0,-1,-1,-1
125,49,474,698,43,41,1.0,-1,-1,-1
125,51,421,674,31,62,1.0,-1,-1,-1
125,52,1600,521,319,193,1.0,-1,-1,-1
125,53,395,709,40,59,1.0,-1,-1,-1
125,54,165,663,21,39,1.0,-1,-1,-1
125,56,0,682,34,53,1.0,-1,-1,-1
125,57,0,639,37,57,1.0,-1,-1,-1
126,2,1010,607,160,76,1.0,-1,-1,-1
126,3,1367,904,449,172,1.0,-1,-1,-1
126,5,549,792,234,135,1.0,-1,-1,-1
126,6,1194,587,187,89,1.0,-1,-1,-1
126,7,267,709,135,98,1.0,-1,-1,-1
126,14,1052,701,70,57,1.0,-1,-1,-1
126,16,1887,818,32,90,1.0,-1,-1,-1
126,18,484,564,120,80,1.0,-1,-1,-1
126,19,382,591,93,53,1.0,-1,-1,-1
126,20,1823,807,47,100,1.0,-1,-1,-1
126,22,635,598,101,51,1.0,-1,-1,-1
126,23,971,708,55,58,1.0,-1,-1,-1
126,26,735,649,65,53,1.0,-1,-1,-1
126,27,1739,793,72,108,1.0,-1,-1,-1
126,30,252,609,58,45,1.0,-1,-1,-1
126,31,1683,782,75,87,1.0,-1,-1,-1
126,34,1281,421,195,98,1.0,-1,-1,-1
126,37,453,790,41,71,1.0,-1,-1,-1
126,39,892,710,74,66,1.0,-1,-1,-1
126,43,51,702,98,85,1.0,-1,-1,-1
126,44,683,685,70,45,1.0,-1,-1,-1
126,45,0,914,81,96,1.0,-1,-1,-1
126,46,235,672,29,49,1.0,-1,-1,-1
126,47,1446,598,63,46,1.0,-1,-1,-1
126,48,79,677,79,56,1.0,-1,-1,-1
126,49,477,683,43,56,1.0,-1,-1,-1
126,51,424,675,31,60,1.0,-1,-1,-1
126,52,1592,522,327,192,1.0,-1,-1,-1
126,53,401,718,44,49,1.0,-1,-1,-1
126,54,166,665,23,38,1.0,-1,-1,-1
126,56,0,685,35,52,1.0,-1,-1,-1
126,57,0,641,38,51,1.0,-1,-1,-1
127,2,1007,606,161,77,1.0,-1,-1,-1
127,3,1376,905,450,170,1.0,-1,-1,-1
127,5,557,793,234,137,1.0,-1,-1,-1
127,6,1190,587,187,88,1.0,-1,-1,-1
127,7,270,711,137,99,1.0,-1,-1,-1
127,14,1052,701,70,57,1.0,-1,-1,-1
127,16,1887,817,32,91,1.0,-1,-1,-1
127,18,486,563,116,81,1.0,-1,-1,-1
127,19,382,590,92,53,1.0,-1,-1,-1
127,20,1823,807,47,100,1.0,-1,-1,-1
127,22,634,596,99,52,1.0,-1,-1,-1
127,23,971,708,56,58,1.0,-1,-1,-1
127,26,734,648,66,54,1.0,-1,-1,-1
127,27,1739,793,72,108,1.0,-1,-1,-1
127,30,252,609,56,44,1.0,-1,-1,-1
127,31,1683,782,76,87,1.0,-1,-1,-1
127,34,1281,420,196,98,1.0,-1,-1,-1
127,37,457,796,41,68,1.0,-1,-1,-1
127,39,891,710,74,66,1.0,-1,-1,-1
127,43,53,704,99,84,1.0,-1,-1,-1
127,44,684,679,69,52,1.0,-1,-1,-1
127,45,0,912,84,92,1.0,-1,-1,-1
127,46,239,686,28,36,1.0,-1,-1,-1
127,47,1439,597,63,46,1.0,-1,-1,-1
127,48,80,676,81,56,1.0,-1,-1,-1
127,49,480,691,44,48,1.0,-1,-1,-1
127,52,1586,519,333,195,1.0,-1,-1,-1
127,53,405,715,44,55,1.0,-1,-1,-1
127,54,166,664,26,40,1.0,-1,-1,-1
127,56,0,663,38,75,1.0,-1,-1,-1
128,2,1004,606,162,78,1.0,-1,-1,-1
128,3,1385,907,450,168,1.0,-1,-1,-1
128,5,561,796,239,136,1.0,-1,-1,-1
128,6,1186,586,187,89,1.0,-1,-1,-1
128,7,274,710,138,101,1.0,-1,-1,-1
128,14,1053,701,69,57,1.0,-1,-1,-1
128,16,1887,818,32,90,1.0,-1,-1,-1
128,18,483,563,110,81,1.0,-1,-1,-1
128,19,380,591,93,52,1.0,-1,-1,-1
128,20,1823,807,47,100,1.0,-1,-1,-1
128,22,631,596,101,51,1.0,-1,-1,-1
128,23,971,709,56,57,1.0,-1,-1,-1
128,26,734,647,66,55,1.0,-1,-1,-1
128,27,1739,793,72,108,1.0,-1,-1,-1
128,30,252,610,52,43,1.0,-1,-1,-1
128,31,1683,782,75,87,1.0,-1,-1,-1
128,34,1282,420,196,98,1.0,-1,-1,-1
128,37,461,800,42,69,1.0,-1,-1,-1
128,39,892,711,73,65,1.0,-1,-1,-1
128,43,54,704,99,85,1.0,-1,-1,-1
128,44,684,681,70,50,1.0,-1,-1,-1
128,45,0,910,86,94,1.0,-1,-1,-1
128,46,241,682,30,42,1.0,-1,-1,-1
128,47,1430,599,64,44,1.0,-1,-1,-1
128,48,95,684,70,51,1.0,-1,-1,-1
128,49,484,695,44,46,1.0,-1,-1,-1
128,52,1579,519,340,195,1.0,-1,-1,-1
128,53,411,715,46,56,1.0,-1,-1,-1
128,54,169,665,24,40,1.0,-1,-1,-1
128,56,0,687,38,50,1.0,-1,-1,-1
129,2,1004,606,161,78,1.0,-1,-1,-1
129,3,1385,907,450,168,1.0,-1,-1,-1
129,5,561,796,239,136,1.0,-1,-1,-1
129,6,1186,586,187,89,1.0,-1,-1,-1
129,7,274,710,138,101,1.0,-1,-1,-1
129,14,1053,701,69,57,1.0,-1,-1,-1
129,16,1887,818,32,90,1.0,-1,-1,-1
129,18,483,563,110,81,1.0,-1,-1,-1
129,19,380,591,93,52,1.0,-1,-1,-1
129,20,1823,807,47,100,1.0,-1,-1,-1
129,22,631,596,101,51,1.0,-1,-1,-1
129,23,971,709,55,58,1.0,-1,-1,-1
129,26,734,647,66,55,1.0,-1,-1,-1
129,27,1739,793,72,108,1.0,-1,-1,-1
129,30,252,610,49,43,1.0,-1,-1,-1
129,31,1683,781,75,88,1.0,-1,-1,-1
129,34,1282,420,196,98,1.0,-1,-1,-1
129,37,461,800,42,69,1.0,-1,-1,-1
129,39,891,711,74,65,1.0,-1,-1,-1
129,43,54,704,100,85,1.0,-1,-1,-1
129,44,684,681,70,50,1.0,-1,-1,-1
129,45,0,910,86,94,1.0,-1,-1,-1
129,46,241,682,30,42,1.0,-1,-1,-1
129,47,1430,599,64,44,1.0,-1,-1,-1
129,48,94,683,71,52,1.0,-1,-1,-1
129,49,485,696,45,46,1.0,-1,-1,-1
129,52,1579,518,340,196,1.0,-1,-1,-1
129,53,411,714,46,57,1.0,-1,-1,-1
129,54,169,665,25,40,1.0,-1,-1,-1
129,56,0,687,38,50,1.0,-1,-1,-1
130,2,1003,607,159,75,1.0,-1,-1,-1
130,3,1398,906,444,168,1.0,-1,-1,-1
130,5,568,798,240,137,1.0,-1,-1,-1
130,6,1183,586,187,88,1.0,-1,-1,-1
130,7,278,710,136,103,1.0,-1,-1,-1
130,14,1053,701,69,57,1.0,-1,-1,-1
130,16,1887,817,32,91,1.0,-1,-1,-1
130,18,483,561,108,83,1.0,-1,-1,-1
130,19,381,593,87,50,1.0,-1,-1,-1
130,20,1823,807,47,100,1.0,-1,-1,-1
130,22,630,597,99,51,1.0,-1,-1,-1
130,23,972,708,53,58,1.0,-1,-1,-1
130,26,732,646,68,56,1.0,-1,-1,-1
130,27,1739,793,72,109,1.0,-1,-1,-1
130,30,253,609,59,44,1.0,-1,-1,-1
130,31,1683,782,75,87,1.0,-1,-1,-1
130,34,1282,420,199,98,1.0,-1,-1,-1
130,37,466,797,42,75,1.0,-1,-1,-1
130,39,891,711,75,65,1.0,-1,-1,-1
130,43,57,708,98,82,1.0,-1,-1,-1
130,44,684,681,70,50,1.0,-1,-1,-1
130,45,0,911,88,91,1.0,-1,-1,-1
130,46,244,678,30,47,1.0,-1,-1,-1
130,47,1422,599,63,43,1.0,-1,-1,-1
130,48,101,685,67,50,1.0,-1,-1,-1
130,49,488,680,45,60,1.0,-1,-1,-1
130,52,1571,516,348,197,1.0,-1,-1,-1
130,53,417,714,45,58,1.0,-1,-1,-1
130,54,166,665,30,41,1.0,-1,-1,-1
130,56,0,684,40,53,1.0,-1,-1,-1
130,57,0,639,40,67,1.0,-1,-1,-1
131,2,999,606,161,77,1.0,-1,-1,-1
131,3,1407,909,445,167,1.0,-1,-1,-1
131,5,572,798,245,139,1.0,-1,-1,-1
131,6,1180,586,186,88,1.0,-1,-1,-1
131,7,281,711,138,103,1.0,-1,-1,-1
131,14,1053,701,69,57,1.0,-1,-1,-1
131,16,1887,818,32,90,1.0,-1,-1,-1
131,18,475,568,113,76,1.0,-1,-1,-1
131,19,379,595,89,48,1.0,-1,-1,-1
131,20,1823,807,47,100,1.0,-1,-1,-1
131,22,628,599,96,48,1.0,-1,-1,-1
131,23,971,708,53,58,1.0,-1,-1,-1
131,26,733,646,67,56,1.0,-1,-1,-1
131,27,1740,794,71,107,1.0,-1,-1,-1
131,30,254,613,79,42,1.0,-1,-1,-1
131,31,1683,784,76,85,1.0,-1,-1,-1
131,34,1282,420,198,98,1.0,-1,-1,-1
131,37,470,798,44,77,1.0,-1,-1,-1
131,39,892,712,74,63,1.0,-1,-1,-1
131,43,58,709,100,82,1.0,-1,-1,-1
131,44,684,682,70,49,1.0,-1,-1,-1
131,45,0,908,90,102,1.0,-1,-1,-1
131,46,247,681,30,45,1.0,-1,-1,-1
131,47,1413,596,63,46,1.0,-1,-1,-1
131,48,102,684,68,51,1.0,-1,-1,-1
131,49,491,685,44,55,1.0,-1,-1,-1
131,52,1563,514,355,199,1.0,-1,-1,-1
131,53,425,714,43,60,1.0,-1,-1,-1
131,54,168,664,31,42,1.0,-1,-1,-1
131,56,0,684,41,54,1.0,-1,-1,-1
131,57,0,642,42,58,1.0,-1,-1,-1
132,2,996,607,161,76,1.0,-1,-1,-1
132,3,1414,910,450,166,1.0,-1,-1,-1
132,5,579,800,247,140,1.0,-1,-1,-1
132,6,1176,585,185,89,1.0,-1,-1,-1
132,7,283,712,140,104,1.0,-1,-1,-1
132,14,1052,701,70,57,1.0,-1,-1,-1
132,16,1887,817,33,90,1.0,-1,-1,-1
132,18,476,562,110,81,1.0,-1,-1,-1
132,19,378,594,86,49,1.0,-1,-1,-1
132,20,1823,807,47,100,1.0,-1,-1,-1
132,22,624,596,99,52,1.0,-1,-1,-1
132,23,971,707,54,59,1.0,-1,-1,-1
132,26,732,647,68,55,1.0,-1,-1,-1
132,27,1739,793,72,108,1.0,-1,-1,-1
132,30,253,608,64,45,1.0,-1,-1,-1
132,31,1683,783,76,86,1.0,-1,-1,-1
132,34,1282,420,194,97,1.0,-1,-1,-1
132,37,475,805,45,74,1.0,-1,-1,-1
132,39,892,712,75,63,1.0,-1,-1,-1
132,43,59,709,100,83,1.0,-1,-1,-1
132,44,684,682,70,49,1.0,-1,-1,-1
132,45,0,909,93,100,1.0,-1,-1,-1
132,46,248,674,31,52,1.0,-1,-1,-1
132,47,1406,598,63,43,1.0,-1,-1,-1
132,48,97,682,75,52,1.0,-1,-1,-1
132,49,496,696,45,46,1.0,-1,-1,-1
132,52,1556,513,362,200,1.0,-1,-1,-1
132,53,429,717,44,58,1.0,-1,-1,-1
132,54,175,670,26,37,1.0,-1,-1,-1
132,56,0,649,43,90,1.0,-1,-1,-1
133,2,994,606,160,77,1.0,-1,-1,-1
133,3,1422,911,452,164,1.0,-1,-1,-1
133,5,586,803,247,139,1.0,-1,-1,-1
133,6,1173,585,184,88,1.0,-1,-1,-1
133,7,287,712,142,106,1.0,-1,-1,-1
133,14,1052,701,70,57,1.0,-1,-1,-1
133,16,1887,817,33,90,1.0,-1,-1,-1
133,18,474,587,104,56,1.0,-1,-1,-1
133,19,377,595,86,48,1.0,-1,-1,-1
133,20,1823,807,47,100,1.0,-1,-1,-1
133,22,622,595,97,52,1.0,-1,-1,-1
133,23,971,706,55,60,1.0,-1,-1,-1
133,26,735,643,64,59,1.0,-1,-1,-1
133,27,1740,794,71,107,1.0,-1,-1,-1
133,31,1683,784,75,85,1.0,-1,-1,-1
133,34,1281,420,198,97,1.0,-1,-1,-1
133,37,480,805,45,77,1.0,-1,-1,-1
133,39,892,711,75,65,1.0,-1,-1,-1
133,43,60,710,102,81,1.0,-1,-1,-1
133,44,683,682,70,48,1.0,-1,-1,-1
133,45,0,909,94,98,1.0,-1,-1,-1
133,46,254,679,29,49,1.0,-1,-1,-1
133,47,1396,598,65,44,1.0,-1,-1,-1
133,48,96,682,78,53,1.0,-1,-1,-1
133,49,499,696,46,47,1.0,-1,-1,-1
133,52,1550,511,367,202,1.0,-1,-1,-1
133,53,434,717,46,61,1.0,-1,-1,-1
133,54,178,670,25,37,1.0,-1,-1,-1
133,56,0,655,47,84,1.0,-1,-1,-1
134,2,993,607,158,76,1.0,-1,-1,-1
134,3,1431,911,451,164,1.0,-1,-1,-1
134,5,593,803,250,142,1.0,-1,-1,-1
134,6,1170,586,183,87,1.0,-1,-1,-1
134,7,291,713,141,107,1.0,-1,-1,-1
134,14,1053,702,69,56,1.0,-1,-1,-1
134,16,1887,818,32,90,1.0,-1,-1,-1
134,19,375,592,86,51,1.0,-1,-1,-1
134,20,1823,807,47,100,1.0,-1,-1,-1
134,22,620,595,96,52,1.0,-1,-1,-1
134,23,970,707,57,59,1.0,-1,-1,-1
134,26,736,642,63,60,1.0,-1,-1,-1
134,27,1740,794,71,107,1.0,-1,-1,-1
134,31,1683,785,75,84,1.0,-1,-1,-1
134,34,1281,420,200,97,1.0,-1,-1,-1
134,37,484,801,46,84,1.0,-1,-1,-1
134,39,891,712,76,64,1.0,-1,-1,-1
134,43,63,708,100,85,1.0,-1,-1,-1
134,44,683,682,70,48,1.0,-1,-1,-1
134,45,0,909,96,94,1.0,-1,-1,-1
134,46,257,687,29,41,1.0,-1,-1,-1
134,47,1391,595,62,48,1.0,-1,-1,-1
134,48,100,683,77,52,1.0,-1,-1,-1
134,49,502,684,45,58,1.0,-1,-1,-1
134,52,1542,512,372,201,1.0,-1,-1,-1
134,53,440,717,45,60,1.0,-1,-1,-1
134,54,182,670,23,37,1.0,-1,-1,-1
134,56,0,682,45,58,1.0,-1,-1,-1
135,2,993,607,158,76,1.0,-1,-1,-1
135,3,1431,911,451,164,1.0,-1,-1,-1
135,5,593,803,250,142,1.0,-1,-1,-1
135,6,1170,586,183,87,1.0,-1,-1,-1
135,7,291,713,142,107,1.0,-1,-1,-1
135,14,1053,702,69,57,1.0,-1,-1,-1
135,16,1887,818,32,90,1.0,-1,-1,-1
135,19,375,594,86,50,1.0,-1,-1,-1
135,20,1823,809,46,98,1.0,-1,-1,-1
135,22,620,595,97,52,1.0,-1,-1,-1
135,23,971,708,59,58,1.0,-1,-1,-1
135,26,737,643,62,59,1.0,-1,-1,-1
135,27,1740,797,71,103,1.0,-1,-1,-1
135,31,1682,787,77,81,1.0,-1,-1,-1
135,34,1281,420,202,97,1.0,-1,-1,-1
135,37,484,800,46,85,1.0,-1,-1,-1
135,39,892,712,75,64,1.0,-1,-1,-1
135,43,63,708,100,85,1.0,-1,-1,-1
135,44,683,675,72,54,1.0,-1,-1,-1
135,45,0,910,95,96,1.0,-1,-1,-1
135,46,257,688,29,41,1.0,-1,-1,-1
135,47,1391,594,61,48,1.0,-1,-1,-1
135,48,101,683,76,52,1.0,-1,-1,-1
135,49,502,683,45,59,1.0,-1,-1,-1
135,52,1542,511,372,202,1.0,-1,-1,-1
135,53,440,717,45,60,1.0,-1,-1,-1
135,54,181,670,24,37,1.0,-1,-1,-1
135,56,0,683,45,57,1.0,-1,-1,-1
136,2,992,606,159,76,1.0,-1,-1,-1
136,3,1441,913,451,162,1.0,-1,-1,-1
136,5,600,805,252,142,1.0,-1,-1,-1
136,6,1166,586,185,85,1.0,-1,-1,-1
136,7,295,715,142,104,1.0,-1,-1,-1
136,14,1053,702,69,56,1.0,-1,-1,-1
136,16,1887,818,32,90,1.0,-1,-1,-1
136,18,472,559,111,84,1.0,-1,-1,-1
136,19,374,593,86,50,1.0,-1,-1,-1
136,20,1822,813,46,95,1.0,-1,-1,-1
136,22,618,595,94,51,1.0,-1,-1,-1
136,23,971,709,65,57,1.0,-1,-1,-1
136,26,735,640,63,62,1.0,-1,-1,-1
136,27,1740,798,71,100,1.0,-1,-1,-1
136,31,1682,787,73,81,1.0,-1,-1,-1
136,34,1281,420,192,96,1.0,-1,-1,-1
136,37,489,810,48,79,1.0,-1,-1,-1
136,39,892,712,76,64,1.0,-1,-1,-1
136,43,64,708,101,86,1.0,-1,-1,-1
136,44,683,680,69,50,1.0,-1,-1,-1
136,45,0,909,97,103,1.0,-1,-1,-1
136,46,259,686,30,44,1.0,-1,-1,-1
136,47,1381,596,64,45,1.0,-1,-1,-1
136,48,104,683,76,52,1.0,-1,-1,-1
136,49,505,691,46,51,1.0,-1,-1,-1
136,52,1536,508,374,206,1.0,-1,-1,-1
136,53,446,727,46,52,1.0,-1,-1,-1
136,54,183,670,24,38,1.0,-1,-1,-1
136,56,0,684,48,56,1.0,-1,-1,-1
137,2,988,607,160,74,1.0,-1,-1,-1
137,3,1451,912,450,164,1.0,-1,-1,-1
137,5,607,807,256,143,1.0,-1,-1,-1
137,6,1162,586,186,85,1.0,-1,-1,-1
137,7,298,715,143,105,1.0,-1,-1,-1
137,14,1053,702,68,57,1.0,-1,-1,-1
137,16,1887,818,32,90,1.0,-1,-1,-1
137,18,471,560,108,83,1.0,-1,-1,-1
137,19,373,595,88,48,1.0,-1,-1,-1
137,20,1822,813,46,95,1.0,-1,-1,-1
137,22,616,595,91,51,1.0,-1,-1,-1
137,23,971,708,63,58,1.0,-1,-1,-1
137,26,734,643,64,59,1.0,-1,-1,-1
137,27,1740,798,71,100,1.0,-1,-1,-1
137,30,251,609,78,45,1.0,-1,-1,-1
137,31,1683,788,71,80,1.0,-1,-1,-1
137,34,1282,420,193,97,1.0,-1,-1,-1
137,37,496,811,46,81,1.0,-1,-1,-1
137,39,892,712,75,64,1.0,-1,-1,-1
137,43,66,707,102,88,1.0,-1,-1,-1
137,44,681,676,71,54,1.0,-1,-1,-1
137,45,0,912,99,106,1.0,-1,-1,-1
137,46,262,682,29,48,1.0,-1,-1,-1
137,47,1374,597,62,43,1.0,-1,-1,-1
137,48,91,676,88,60,1.0,-1,-1,-1
137,49,509,690,45,53,1.0,-1,-1,-1
137,52,1531,508,373,205,1.0,-1,-1,-1
137,53,452,726,45,55,1.0,-1,-1,-1
137,54,187,665,24,43,1.0,-1,-1,-1
137,56,0,686,48,56,1.0,-1,-1,-1
138,2,984,606,162,75,1.0,-1,-1,-1
138,3,1461,915,447,161,1.0,-1,-1,-1
138,5,614,809,255,142,1.0,-1,-1,-1
138,6,1160,587,184,84,1.0,-1,-1,-1
138,7,300,716,145,107,1.0,-1,-1,-1
138,14,1053,703,68,56,1.0,-1,-1,-1
138,15,675,596,114,61,1.0,-1,-1,-1
138,16,1887,818,32,90,1.0,-1,-1,-1
138,18,470,560,110,82,1.0,-1,-1,-1
138,19,371,592,87,52,1.0,-1,-1,-1
138,20,1822,814,46,94,1.0,-1,-1,-1
138,22,613,593,92,53,1.0,-1,-1,-1
138,23,972,709,63,57,1.0,-1,-1,-1
138,26,733,646,64,56,1.0,-1,-1,-1
138,27,1740,798,71,100,1.0,-1,-1,-1
138,30,252,609,74,44,1.0,-1,-1,-1
138,31,1682,787,71,81,1.0,-1,-1,-1
138,34,1282,420,192,96,1.0,-1,-1,-1
138,37,501,812,46,84,1.0,-1,-1,-1
138,39,892,713,75,63,1.0,-1,-1,-1
138,43,66,710,105,88,1.0,-1,-1,-1
138,44,682,679,70,51,1.0,-1,-1,-1
138,45,0,913,100,105,1.0,-1,-1,-1
138,46,265,681,30,50,1.0,-1,-1,-1
138,47,1367,594,61,46,1.0,-1,-1,-1
138,48,105,687,76,50,1.0,-1,-1,-1
138,49,512,688,47,55,1.0,-1,-1,-1
138,52,1525,508,375,202,1.0,-1,-1,-1
138,53,457,731,50,52,1.0,-1,-1,-1
138,54,189,669,25,39,1.0,-1,-1,-1
138,56,0,686,51,56,1.0,-1,-1,-1
139,2,981,607,161,73,1.0,-1,-1,-1
139,3,1472,918,446,157,1.0,-1,-1,-1
139,5,619,810,259,143,1.0,-1,-1,-1
139,6,1156,587,184,85,1.0,-1,-1,-1
139,7,303,717,145,107,1.0,-1,-1,-1
139,14,1053,703,68,56,1.0,-1,-1,-1
139,15,676,597,111,60,1.0,-1,-1,-1
139,16,1887,818,32,90,1.0,-1,-1,-1
139,18,469,561,106,82,1.0,-1,-1,-1
139,19,370,593,88,50,1.0,-1,-1,-1
139,20,1822,814,46,94,1.0,-1,-1,-1
139,22,609,593,96,52,1.0,-1,-1,-1
139,23,972,709,59,57,1.0,-1,-1,-1
139,26,733,645,65,57,1.0,-1,-1,-1
139,27,1740,797,71,101,1.0,-1,-1,-1
139,30,253,609,51,43,1.0,-1,-1,-1
139,31,1682,788,72,80,1.0,-1,-1,-1
139,34,1283,420,193,97,1.0,-1,-1,-1
139,37,507,817,46,83,1.0,-1,-1,-1
139,39,892,713,74,62,1.0,-1,-1,-1
139,43,69,709,105,90,1.0,-1,-1,-1
139,44,684,681,69,49,1.0,-1,-1,-1
139,45,3,916,99,104,1.0,-1,-1,-1
139,46,267,680,32,52,1.0,-1,-1,-1
139,47,1359,593,61,46,1.0,-1,-1,-1
139,48,107,682,75,56,1.0,-1,-1,-1
139,49,516,679,46,64,1.0,-1,-1,-1
139,52,1516,509,375,204,1.0,-1,-1,-1
139,53,462,730,51,54,1.0,-1,-1,-1
139,56,0,686,53,56,1.0,-1,-1,-1
140,2,978,607,161,72,1.0,-1,-1,-1
140,3,1482,917,437,158,1.0,-1,-1,-1
140,5,625,812,263,144,1.0,-1,-1,-1
140,6,1154,586,183,86,1.0,-1,-1,-1
140,7,307,719,146,107,1.0,-1,-1,-1
140,14,1053,702,68,57,1.0,-1,-1,-1
140,15,677,596,107,63,1.0,-1,-1,-1
140,16,1887,818,32,90,1.0,-1,-1,-1
140,18,467,562,114,81,1.0,-1,-1,-1
140,19,369,591,92,52,1.0,-1,-1,-1
140,20,1822,813,46,95,1.0,-1,-1,-1
140,22,609,594,91,51,1.0,-1,-1,-1
140,23,971,707,60,59,1.0,-1,-1,-1
140,26,736,643,63,59,1.0,-1,-1,-1
140,27,1740,797,71,102,1.0,-1,-1,-1
140,30,253,609,42,42,1.0,-1,-1,-1
140,31,1683,788,70,80,1.0,-1,-1,-1
140,34,1282,419,196,98,1.0,-1,-1,-1
140,37,510,820,51,86,1.0,-1,-1,-1
140,39,892,712,74,64,1.0,-1,-1,-1
140,43,69,707,108,94,1.0,-1,-1,-1
140,44,684,680,69,50,1.0,-1,-1,-1
140,45,5,911,98,109,1.0,-1,-1,-1
140,46,270,680,33,53,1.0,-1,-1,-1
140,47,1351,595,62,44,1.0,-1,-1,-1
140,48,99,679,84,60,1.0,-1,-1,-1
140,49,520,679,46,65,1.0,-1,-1,-1
140,52,1511,507,375,205,1.0,-1,-1,-1
140,53,469,729,50,58,1.0,-1,-1,-1
140,56,0,686,54,57,1.0,-1,-1,-1
141,2,978,607,161,72,1.0,-1,-1,-1
141,3,1482,917,437,158,1.0,-1,-1,-1
141,5,625,812,263,144,1.0,-1,-1,-1
141,6,1154,586,183,86,1.0,-1,-1,-1
141,7,307,719,146,107,1.0,-1,-1,-1
141,14,1053,702,69,57,1.0,-1,-1,-1
141,15,677,596,107,63,1.0,-1,-1,-1
141,16,1887,818,32,90,1.0,-1,-1,-1
141,18,466,562,118,81,1.0,-1,-1,-1
141,19,369,591,93,52,1.0,-1,-1,-1
141,20,1822,813,46,95,1.0,-1,-1,-1
141,22,609,594,91,51,1.0,-1,-1,-1
141,23,971,708,59,59,1.0,-1,-1,-1
141,26,733,644,66,58,1.0,-1,-1,-1
141,27,1742,803,70,101,1.0,-1,-1,-1
141,30,253,609,41,42,1.0,-1,-1,-1
141,31,1682,792,64,76,1.0,-1,-1,-1
141,34,1283,419,196,98,1.0,-1,-1,-1
141,37,510,819,51,87,1.0,-1,-1,-1
141,39,892,711,75,64,1.0,-1,-1,-1
141,43,69,707,107,94,1.0,-1,-1,-1
141,44,684,681,69,49,1.0,-1,-1,-1
141,45,6,911,97,110,1.0,-1,-1,-1
141,46,270,680,33,53,1.0,-1,-1,-1
141,47,1351,595,62,44,1.0,-1,-1,-1
141,48,99,679,84,60,1.0,-1,-1,-1
141,49,520,679,46,65,1.0,-1,-1,-1
141,52,1511,507,375,205,1.0,-1,-1,-1
141,53,469,729,50,58,1.0,-1,-1,-1
141,56,0,686,54,57,1.0,-1,-1,-1
142,2,976,606,160,73,1.0,-1,-1,-1
142,3,1490,919,429,156,1.0,-1,-1,-1
142,5,633,814,263,144,1.0,-1,-1,-1
142,6,1149,586,185,86,1.0,-1,-1,-1
142,7,310,720,149,106,1.0,-1,-1,-1
142,13,770,579,70,54,1.0,-1,-1,-1
142,14,1052,702,70,57,1.0,-1,-1,-1
142,15,675,597,113,62,1.0,-1,-1,-1
142,16,1887,818,32,90,1.0,-1,-1,-1
142,18,465,562,118,80,1.0,-1,-1,-1
142,19,368,591,89,52,1.0,-1,-1,-1
142,20,1822,814,44,94,1.0,-1,-1,-1
142,22,606,595,93,51,1.0,-1,-1,-1
142,23,970,708,60,59,1.0,-1,-1,-1
142,26,733,648,66,54,1.0,-1,-1,-1
142,27,1739,803,70,101,1.0,-1,-1,-1
142,31,1682,795,52,73,1.0,-1,-1,-1
142,34,1283,419,203,99,1.0,-1,-1,-1
142,37,519,831,49,79,1.0,-1,-1,-1
142,39,892,711,78,64,1.0,-1,-1,-1
142,43,72,708,106,92,1.0,-1,-1,-1
142,44,685,681,66,49,1.0,-1,-1,-1
142,45,1,909,101,111,1.0,-1,-1,-1
142,46,274,683,31,51,1.0,-1,-1,-1
142,47,1344,594,62,45,1.0,-1,-1,-1
142,48,92,676,93,62,1.0,-1,-1,-1
142,49,523,698,50,47,1.0,-1,-1,-1
142,52,1503,508,373,201,1.0,-1,-1,-1
142,53,475,730,53,59,1.0,-1,-1,-1
142,56,0,687,56,56,1.0,-1,-1,-1
142,57,0,645,56,59,1.0,-1,-1,-1
143,2,971,605,161,74,1.0,-1,-1,-1
143,3,1502,919,416,155,1.0,-1,-1,-1
143,5,640,816,264,145,1.0,-1,-1,-1
143,6,1148,586,181,85,1.0,-1,-1,-1
143,7,314,721,149,107,1.0,-1,-1,-1
143,13,773,580,66,49,1.0,-1,-1,-1
143,14,1053,701,69,58,1.0,-1,-1,-1
143,15,675,595,126,66,1.0,-1,-1,-1
143,16,1887,818,32,90,1.0,-1,-1,-1
143,18,464,564,108,79,1.0,-1,-1,-1
143,19,368,590,88,53,1.0,-1,-1,-1
143,20,1822,815,44,92,1.0,-1,-1,-1
143,22,604,595,94,50,1.0,-1,-1,-1
143,23,970,707,58,60,1.0,-1,-1,-1
143,26,733,648,66,54,1.0,-1,-1,-1
143,27,1739,803,69,101,1.0,-1,-1,-1
143,31,1682,795,50,73,1.0,-1,-1,-1
143,34,1283,419,202,99,1.0,-1,-1,-1
143,37,524,836,50,78,1.0,-1,-1,-1
143,39,892,712,78,63,1.0,-1,-1,-1
143,43,74,708,106,94,1.0,-1,-1,-1
143,44,685,680,67,50,1.0,-1,-1,-1
143,45,5,910,101,110,1.0,-1,-1,-1
143,46,276,680,31,55,1.0,-1,-1,-1
143,47,1338,592,58,46,1.0,-1,-1,-1
143,48,96,677,91,61,1.0,-1,-1,-1
143,49,526,688,49,56,1.0,-1,-1,-1
143,52,1497,506,374,205,1.0,-1,-1,-1
143,53,481,728,54,62,1.0,-1,-1,-1
143,56,0,687,57,56,1.0,-1,-1,-1
143,57,0,648,57,57,1.0,-1,-1,-1
144,2,969,606,161,72,1.0,-1,-1,-1
144,3,1514,921,405,154,1.0,-1,-1,-1
144,5,645,819,268,144,1.0,-1,-1,-1
144,6,1143,586,185,85,1.0,-1,-1,-1
144,7,319,723,148,106,1.0,-1,-1,-1
144,13,768,579,72,51,1.0,-1,-1,-1
144,14,1053,701,69,58,1.0,-1,-1,-1
144,15,678,596,107,64,1.0,-1,-1,-1
144,16,1887,818,32,90,1.0,-1,-1,-1
144,18,462,567,109,76,1.0,-1,-1,-1
144,19,366,592,90,51,1.0,-1,-1,-1
144,20,1823,815,43,92,1.0,-1,-1,-1
144,22,602,596,94,50,1.0,-1,-1,-1
144,23,970,707,58,60,1.0,-1,-1,-1
144,26,734,648,65,55,1.0,-1,-1,-1
144,27,1739,803,69,101,1.0,-1,-1,-1
144,31,1682,795,52,73,1.0,-1,-1,-1
144,34,1283,419,201,99,1.0,-1,-1,-1
144,35,268,618,59,35,1.0,-1,-1,-1
144,37,532,841,48,80,1.0,-1,-1,-1
144,39,892,712,78,63,1.0,-1,-1,-1
144,43,75,711,106,92,1.0,-1,-1,-1
144,44,685,681,67,49,1.0,-1,-1,-1
144,45,6,911,99,110,1.0,-1,-1,-1
144,46,279,682,31,52,1.0,-1,-1,-1
144,47,1328,593,63,44,1.0,-1,-1,-1
144,48,102,678,87,60,1.0,-1,-1,-1
144,49,530,684,50,61,1.0,-1,-1,-1
144,52,1491,506,374,206,1.0,-1,-1,-1
144,53,490,732,50,59,1.0,-1,-1,-1
144,54,195,668,33,44,1.0,-1,-1,-1
144,56,0,687,60,56,1.0,-1,-1,-1
144,57,0,647,60,58,1.0,-1,-1,-1
145,2,967,606,161,73,1.0,-1,-1,-1
145,3,1525,920,394,154,1.0,-1,-1,-1
145,5,652,819,270,148,1.0,-1,-1,-1
145,6,1140,586,183,85,1.0,-1,-1,-1
145,7,322,725,150,106,1.0,-1,-1,-1
145,13,765,578,75,48,1.0,-1,-1,-1
145,14,1053,701,69,58,1.0,-1,-1,-1
145,15,677,596,108,64,1.0,-1,-1,-1
145,16,1887,818,33,90,1.0,-1,-1,-1
145,18,462,563,106,80,1.0,-1,-1,-1
145,19,365,591,89,52,1.0,-1,-1,-1
145,20,1823,815,43,92,1.0,-1,-1,-1
145,22,599,596,96,50,1.0,-1,-1,-1
145,23,970,708,60,59,1.0,-1,-1,-1
145,26,736,646,63,57,1.0,-1,-1,-1
145,27,1739,803,69,101,1.0,-1,-1,-1
145,31,1682,795,54,73,1.0,-1,-1,-1
145,34,1283,420,198,98,1.0,-1,-1,-1
145,36,1389,459,77,54,1.0,-1,-1,-1
145,37,538,838,49,85,1.0,-1,-1,-1
145,39,892,712,78,63,1.0,-1,-1,-1
145,43,77,713,107,90,1.0,-1,-1,-1
145,44,684,679,69,51,1.0,-1,-1,-1
145,45,5,911,101,110,1.0,-1,-1,-1
145,46,283,686,29,49,1.0,-1,-1,-1
145,47,1322,593,60,44,1.0,-1,-1,-1
145,48,101,681,91,63,1.0,-1,-1,-1
145,49,532,680,51,65,1.0,-1,-1,-1
145,52,1487,506,370,205,1.0,-1,-1,-1
145,53,497,731,53,61,1.0,-1,-1,-1
145,54,196,668,34,45,1.0,-1,-1,-1
145,56,0,687,62,58,1.0,-1,-1,-1
145,57,0,647,59,60,1.0,-1,-1,-1
146,2,966,606,159,72,1.0,-1,-1,-1
146,3,1536,919,381,155,1.0,-1,-1,-1
146,5,660,819,270,151,1.0,-1,-1,-1
146,6,1137,586,186,84,1.0,-1,-1,-1
146,7,325,726,151,106,1.0,-1,-1,-1
146,13,764,577,75,44,1.0,-1,-1,-1
146,14,1053,700,69,59,1.0,-1,-1,-1
146,15,676,595,105,64,1.0,-1,-1,-1
146,16,1887,818,33,90,1.0,-1,-1,-1
146,17,621,632,45,49,1.0,-1,-1,-1
146,18,460,568,103,75,1.0,-1,-1,-1
146,19,364,592,87,51,1.0,-1,-1,-1
146,20,1823,815,43,92,1.0,-1,-1,-1
146,22,599,596,92,49,1.0,-1,-1,-1
146,23,970,709,59,58,1.0,-1,-1,-1
146,26,735,647,64,56,1.0,-1,-1,-1
146,27,1739,804,69,100,1.0,-1,-1,-1
146,31,1682,795,52,73,1.0,-1,-1,-1
146,34,1283,420,196,98,1.0,-1,-1,-1
146,36,1389,458,78,55,1.0,-1,-1,-1
146,37,545,844,51,86,1.0,-1,-1,-1
146,39,892,712,78,63,1.0,-1,-1,-1
146,43,77,712,109,95,1.0,-1,-1,-1
146,44,684,680,69,50,1.0,-1,-1,-1
146,45,3,909,104,111,1.0,-1,-1,-1
146,46,285,685,30,53,1.0,-1,-1,-1
146,47,1317,589,58,48,1.0,-1,-1,-1
146,48,107,683,88,61,1.0,-1,-1,-1
146,49,536,682,50,64,1.0,-1,-1,-1
146,52,1480,505,372,206,1.0,-1,-1,-1
146,53,501,734,55,60,1.0,-1,-1,-1
146,54,197,670,36,44,1.0,-1,-1,-1
146,56,0,687,63,58,1.0,-1,-1,-1
146,57,0,648,60,56,1.0,-1,-1,-1
147,2,966,605,159,73,1.0,-1,-1,-1
147,3,1536,919,381,155,1.0,-1,-1,-1
147,5,660,819,270,151,1.0,-1,-1,-1
147,6,1137,586,186,84,1.0,-1,-1,-1
147,7,325,726,151,106,1.0,-1,-1,-1
147,13,764,577,75,44,1.0,-1,-1,-1
147,14,1053,700,69,59,1.0,-1,-1,-1
147,15,676,595,106,64,1.0,-1,-1,-1
147,16,1887,818,33,90,1.0,-1,-1,-1
147,17,621,632,45,49,1.0,-1,-1,-1
147,18,460,567,103,76,1.0,-1,-1,-1
147,19,363,593,89,50,1.0,-1,-1,-1
147,20,1823,815,43,92,1.0,-1,-1,-1
147,22,599,595,92,50,1.0,-1,-1,-1
147,23,970,709,59,58,1.0,-1,-1,-1
147,26,735,647,64,56,1.0,-1,-1,-1
147,27,1739,803,69,101,1.0,-1,-1,-1
147,31,1682,795,52,73,1.0,-1,-1,-1
147,34,1283,419,200,99,1.0,-1,-1,-1
147,36,1389,459,78,54,1.0,-1,-1,-1
147,37,545,844,51,86,1.0,-1,-1,-1
147,39,892,712,78,63,1.0,-1,-1,-1
147,43,77,712,109,95,1.0,-1,-1,-1
147,44,684,680,69,50,1.0,-1,-1,-1
147,45,3,909,104,112,1.0,-1,-1,-1
147,46,285,685,30,53,1.0,-1,-1,-1
147,47,1317,589,58,48,1.0,-1,-1,-1
147,48,106,683,89,61,1.0,-1,-1,-1
147,49,536,682,50,64,1.0,-1,-1,-1
147,52,1480,505,372,206,1.0,-1,-1,-1
147,53,501,734,55,60,1.0,-1,-1,-1
147,54,197,670,36,44,1.0,-1,-1,-1
147,56,0,687,63,58,1.0,-1,-1,-1
147,57,0,648,60,56,1.0,-1,-1,-1
148,2,964,605,158,74,1.0,-1,-1,-1
148,3,1546,920,368,153,1.0,-1,-1,-1
148,5,667,822,273,149,1.0,-1,-1,-1
148,6,1135,586,186,84,1.0,-1,-1,-1
148,7,328,725,154,109,1.0,-1,-1,-1
148,13,763,577,76,47,1.0,-1,-1,-1
148,14,1053,700,69,59,1.0,-1,-1,-1
148,15,674,596,108,63,1.0,-1,-1,-1
148,16,1887,818,33,90,1.0,-1,-1,-1
148,17,617,630,43,51,1.0,-1,-1,-1
148,18,458,569,106,74,1.0,-1,-1,-1
148,19,362,593,91,50,1.0,-1,-1,-1
148,20,1823,815,42,93,1.0,-1,-1,-1
148,22,598,597,89,48,1.0,-1,-1,-1
148,23,970,709,59,58,1.0,-1,-1,-1
148,26,733,648,66,54,1.0,-1,-1,-1
148,27,1739,803,68,101,1.0,-1,-1,-1
148,31,1682,796,50,72,1.0,-1,-1,-1
148,34,1283,420,198,98,1.0,-1,-1,-1
148,36,1389,459,78,54,1.0,-1,-1,-1
148,37,552,852,50,82,1.0,-1,-1,-1
148,39,892,712,79,63,1.0,-1,-1,-1
148,43,80,712,109,94,1.0,-1,-1,-1
148,44,684,680,69,50,1.0,-1,-1,-1
148,45,2,905,104,114,1.0,-1,-1,-1
148,46,288,696,31,44,1.0,-1,-1,-1
148,47,1310,589,57,48,1.0,-1,-1,-1
148,48,111,684,86,59,1.0,-1,-1,-1
148,49,541,681,48,66,1.0,-1,-1,-1
148,52,1472,504,374,207,1.0,-1,-1,-1
148,53,509,733,54,62,1.0,-1,-1,-1
148,54,190,669,42,47,1.0,-1,-1,-1
148,56,0,687,67,59,1.0,-1,-1,-1
149,2,962,606,159,74,1.0,-1,-1,-1
149,3,1558,920,360,154,1.0,-1,-1,-1
149,5,672,824,276,150,1.0,-1,-1,-1
149,6,1132,587,181,83,1.0,-1,-1,-1
149,7,331,725,155,111,1.0,-1,-1,-1
149,13,761,577,78,53,1.0,-1,-1,-1
149,14,1052,700,70,59,1.0,-1,-1,-1
149,15,672,596,114,66,1.0,-1,-1,-1
149,16,1888,816,32,91,1.0,-1,-1,-1
149,17,611,631,42,49,1.0,-1,-1,-1
149,18,451,570,110,72,1.0,-1,-1,-1
149,19,360,592,89,50,1.0,-1,-1,-1
149,20,1824,810,44,97,1.0,-1,-1,-1
149,22,596,597,88,47,1.0,-1,-1,-1
149,23,970,711,59,56,1.0,-1,-1,-1
149,26,734,649,65,53,1.0,-1,-1,-1
149,27,1738,803,70,101,1.0,-1,-1,-1
149,31,1682,795,52,73,1.0,-1,-1,-1
149,34,1283,419,199,98,1.0,-1,-1,-1
149,36,1389,459,78,54,1.0,-1,-1,-1
149,37,559,853,52,88,1.0,-1,-1,-1
149,39,893,713,77,62,1.0,-1,-1,-1
149,43,81,711,112,98,1.0,-1,-1,-1
149,44,684,679,68,51,1.0,-1,-1,-1
149,45,2,905,104,114,1.0,-1,-1,-1
149,46,291,691,31,50,1.0,-1,-1,-1
149,47,1306,591,53,45,1.0,-1,-1,-1
149,48,114,684,84,59,1.0,-1,-1,-1
149,49,547,683,47,62,1.0,-1,-1,-1
149,52,1466,506,373,204,1.0,-1,-1,-1
149,53,517,740,53,58,1.0,-1,-1,-1
149,54,193,670,43,47,1.0,-1,-1,-1
149,56,0,688,67,58,1.0,-1,-1,-1
150,2,961,606,157,73,1.0,-1,-1,-1
150,3,1571,921,348,153,1.0,-1,-1,-1
150,5,679,826,278,151,1.0,-1,-1,-1
150,6,1128,586,179,85,1.0,-1,-1,-1
150,7,335,726,156,111,1.0,-1,-1,-1
150,13,758,577,80,53,1.0,-1,-1,-1
150,14,1052,700,70,60,1.0,-1,-1,-1
150,15,670,597,104,64,1.0,-1,-1,-1
150,16,1888,816,32,91,1.0,-1,-1,-1
150,17,605,633,43,46,1.0,-1,-1,-1
150,18,453,561,109,81,1.0,-1,-1,-1
150,19,358,592,92,50,1.0,-1,-1,-1
150,20,1824,810,44,98,1.0,-1,-1,-1
150,22,594,596,91,49,1.0,-1,-1,-1
150,23,970,712,59,55,1.0,-1,-1,-1
150,26,734,651,65,51,1.0,-1,-1,-1
150,27,1738,803,71,101,1.0,-1,-1,-1
150,31,1682,794,55,75,1.0,-1,-1,-1
150,34,1283,419,198,98,1.0,-1,-1,-1
150,35,258,614,71,40,1.0,-1,-1,-1
150,37,565,854,54,90,1.0,-1,-1,-1
150,39,893,714,76,61,1.0,-1,-1,-1
150,43,84,711,110,97,1.0,-1,-1,-1
150,44,683,677,69,53,1.0,-1,-1,-1
150,45,3,905,104,113,1.0,-1,-1,-1
150,46,293,688,33,54,1.0,-1,-1,-1
150,47,1300,591,51,45,1.0,-1,-1,-1
150,48,115,683,86,60,1.0,-1,-1,-1
150,49,547,687,54,62,1.0,-1,-1,-1
150,52,1462,505,369,205,1.0,-1,-1,-1
150,53,523,739,55,60,1.0,-1,-1,-1
150,54,197,668,41,50,1.0,-1,-1,-1
150,56,0,687,69,60,1.0,-1,-1,-1
151,2,961,607,153,72,1.0,-1,-1,-1
151,3,1582,921,336,153,1.0,-1,-1,-1
151,5,687,828,279,151,1.0,-1,-1,-1
151,6,1124,586,179,84,1.0,-1,-1,-1
151,7,339,727,155,114,1.0,-1,-1,-1
151,13,754,577,86,58,1.0,-1,-1,-1
151,14,1052,700,70,60,1.0,-1,-1,-1
151,15,668,597,111,64,1.0,-1,-1,-1
151,16,1887,816,33,91,1.0,-1,-1,-1
151,17,599,631,41,48,1.0,-1,-1,-1
151,18,451,562,110,81,1.0,-1,-1,-1
151,19,358,591,89,51,1.0,-1,-1,-1
151,20,1824,810,44,98,1.0,-1,-1,-1
151,22,592,598,86,48,1.0,-1,-1,-1
151,23,969,711,60,56,1.0,-1,-1,-1
151,26,737,650,65,52,1.0,-1,-1,-1
151,27,1738,804,71,101,1.0,-1,-1,-1
151,31,1682,795,53,74,1.0,-1,-1,-1
151,34,1283,419,197,98,1.0,-1,-1,-1
151,37,574,861,54,91,1.0,-1,-1,-1
151,39,893,713,76,62,1.0,-1,-1,-1
151,43,85,713,111,97,1.0,-1,-1,-1
151,44,683,676,70,54,1.0,-1,-1,-1
151,45,1,906,105,114,1.0,-1,-1,-1
151,46,296,686,31,56,1.0,-1,-1,-1
151,47,1294,588,50,47,1.0,-1,-1,-1
151,48,118,683,84,59,1.0,-1,-1,-1
151,51,493,695,34,62,1.0,-1,-1,-1
151,52,1454,505,371,205,1.0,-1,-1,-1
151,53,532,741,53,59,1.0,-1,-1,-1
151,54,199,672,45,48,1.0,-1,-1,-1
151,56,1,686,70,61,1.0,-1,-1,-1
151,57,2,649,68,59,1.0,-1,-1,-1
152,2,959,607,151,72,1.0,-1,-1,-1
152,3,1594,921,325,153,1.0,-1,-1,-1
152,5,693,827,282,155,1.0,-1,-1,-1
152,6,1122,585,179,85,1.0,-1,-1,-1
152,7,342,728,156,115,1.0,-1,-1,-1
152,13,752,578,89,60,1.0,-1,-1,-1
152,14,1052,700,70,60,1.0,-1,-1,-1
152,15,665,597,100,64,1.0,-1,-1,-1
152,16,1888,816,32,91,1.0,-1,-1,-1
152,17,593,630,42,49,1.0,-1,-1,-1
152,18,450,583,108,59,1.0,-1,-1,-1
152,19,357,592,90,50,1.0,-1,-1,-1
152,20,1824,810,44,97,1.0,-1,-1,-1
152,22,592,597,88,50,1.0,-1,-1,-1
152,23,969,711,60,56,1.0,-1,-1,-1
152,26,734,648,68,54,1.0,-1,-1,-1
152,27,1738,803,70,101,1.0,-1,-1,-1
152,31,1682,795,54,74,1.0,-1,-1,-1
152,34,1283,420,195,97,1.0,-1,-1,-1
152,37,580,865,57,90,1.0,-1,-1,-1
152,39,893,713,76,62,1.0,-1,-1,-1
152,43,87,713,111,98,1.0,-1,-1,-1
152,44,683,677,70,53,1.0,-1,-1,-1
152,45,4,905,102,113,1.0,-1,-1,-1
152,46,299,689,32,55,1.0,-1,-1,-1
152,47,1289,590,47,46,1.0,-1,-1,-1
152,48,113,682,91,61,1.0,-1,-1,-1
152,51,497,707,37,51,1.0,-1,-1,-1
152,52,1448,507,371,204,1.0,-1,-1,-1
152,53,538,739,56,66,1.0,-1,-1,-1
152,54,203,668,40,53,1.0,-1,-1,-1
152,56,2,686,70,62,1.0,-1,-1,-1
152,57,1,647,71,62,1.0,-1,-1,-1
153,2,959,607,151,72,1.0,-1,-1,-1
153,3,1594,921,325,153,1.0,-1,-1,-1
153,5,693,827,282,155,1.0,-1,-1,-1
153,6,1122,585,178,85,1.0,-1,-1,-1
153,7,342,728,156,115,1.0,-1,-1,-1
153,13,752,578,89,60,1.0,-1,-1,-1
153,14,1052,700,70,60,1.0,-1,-1,-1
153,15,665,597,100,64,1.0,-1,-1,-1
153,16,1888,816,32,91,1.0,-1,-1,-1
153,17,593,630,42,49,1.0,-1,-1,-1
153,18,450,583,108,59,1.0,-1,-1,-1
153,19,357,592,90,50,1.0,-1,-1,-1
153,20,1824,810,44,97,1.0,-1,-1,-1
153,22,592,597,88,50,1.0,-1,-1,-1
153,23,970,711,59,56,1.0,-1,-1,-1
153,26,734,648,68,54,1.0,-1,-1,-1
153,27,1738,803,70,101,1.0,-1,-1,-1
153,31,1682,795,53,74,1.0,-1,-1,-1
153,34,1283,420,194,97,1.0,-1,-1,-1
153,37,580,865,57,90,1.0,-1,-1,-1
153,39,893,713,76,62,1.0,-1,-1,-1
153,43,87,713,111,98,1.0,-1,-1,-1
153,44,683,677,70,53,1.0,-1,-1,-1
153,45,4,905,102,113,1.0,-1,-1,-1
153,46,299,689,32,55,1.0,-1,-1,-1
153,47,1289,590,47,46,1.0,-1,-1,-1
153,48,113,682,91,61,1.0,-1,-1,-1
153,51,497,707,37,51,1.0,-1,-1,-1
153,52,1448,506,371,205,1.0,-1,-1,-1
153,53,538,739,56,66,1.0,-1,-1,-1
153,54,203,668,40,53,1.0,-1,-1,-1
153,56,2,686,70,62,1.0,-1,-1,-1
153,57,1,647,71,62,1.0,-1,-1,-1
154,2,958,607,149,73,1.0,-1,-1,-1
154,3,1606,923,313,151,1.0,-1,-1,-1
154,5,700,831,285,153,1.0,-1,-1,-1
154,6,1118,586,179,83,1.0,-1,-1,-1
154,7,346,729,158,116,1.0,-1,-1,-1
154,13,751,579,89,60,1.0,-1,-1,-1
154,14,1052,700,70,60,1.0,-1,-1,-1
154,15,664,597,103,66,1.0,-1,-1,-1
154,16,1887,816,33,91,1.0,-1,-1,-1
154,17,588,633,43,46,1.0,-1,-1,-1
154,18,448,562,111,81,1.0,-1,-1,-1
154,19,356,590,88,51,1.0,-1,-1,-1
154,20,1824,810,44,98,1.0,-1,-1,-1
154,22,585,596,92,50,1.0,-1,-1,-1
154,23,969,710,61,57,1.0,-1,-1,-1
154,26,735,649,64,53,1.0,-1,-1,-1
154,27,1738,804,69,100,1.0,-1,-1,-1
154,31,1682,795,52,74,1.0,-1,-1,-1
154,34,1283,420,192,97,1.0,-1,-1,-1
154,37,587,871,59,91,1.0,-1,-1,-1
154,39,893,713,76,62,1.0,-1,-1,-1
154,43,89,716,113,96,1.0,-1,-1,-1
154,44,684,678,68,52,1.0,-1,-1,-1
154,45,0,905,106,114,1.0,-1,-1,-1
154,46,304,709,32,37,1.0,-1,-1,-1
154,47,1284,591,46,44,1.0,-1,-1,-1
154,48,120,683,86,62,1.0,-1,-1,-1
154,49,557,684,53,66,1.0,-1,-1,-1
154,51,500,715,39,46,1.0,-1,-1,-1
154,52,1442,509,371,201,1.0,-1,-1,-1
154,53,546,736,55,68,1.0,-1,-1,-1
154,54,207,680,41,43,1.0,-1,-1,-1
154,56,4,691,71,57,1.0,-1,-1,-1
154,57,1,647,73,80,1.0,-1,-1,-1
155,2,957,606,148,74,1.0,-1,-1,-1
155,3,1618,924,301,151,1.0,-1,-1,-1
155,5,708,831,286,155,1.0,-1,-1,-1
155,6,1115,585,178,85,1.0,-1,-1,-1
155,7,348,729,160,118,1.0,-1,-1,-1
155,13,743,578,98,60,1.0,-1,-1,-1
155,14,1052,700,70,60,1.0,-1,-1,-1
155,15,662,598,98,64,1.0,-1,-1,-1
155,16,1887,816,33,91,1.0,-1,-1,-1
155,17,583,635,42,44,1.0,-1,-1,-1
155,18,449,563,108,80,1.0,-1,-1,-1
155,19,356,591,87,50,1.0,-1,-1,-1
155,20,1824,810,44,98,1.0,-1,-1,-1
155,22,583,596,90,51,1.0,-1,-1,-1
155,23,969,710,61,57,1.0,-1,-1,-1
155,26,735,650,63,52,1.0,-1,-1,-1
155,27,1741,804,69,101,1.0,-1,-1,-1
155,31,1682,796,55,73,1.0,-1,-1,-1
155,34,1283,420,194,97,1.0,-1,-1,-1
155,37,597,874,60,95,1.0,-1,-1,-1
155,39,893,713,76,62,1.0,-1,-1,-1
155,43,92,714,114,99,1.0,-1,-1,-1
155,44,682,675,70,54,1.0,-1,-1,-1
155,45,0,905,106,114,1.0,-1,-1,-1
155,46,307,708,32,38,1.0,-1,-1,-1
155,47,1281,587,41,48,1.0,-1,-1,-1
155,48,125,682,82,65,1.0,-1,-1,-1
155,51,504,703,39,59,1.0,-1,-1,-1
155,52,1439,506,367,204,1.0,-1,-1,-1
155,53,552,751,58,55,1.0,-1,-1,-1
155,54,207,682,44,42,1.0,-1,-1,-1
155,56,7,693,69,55,1.0,-1,-1,-1
155,57,1,647,74,71,1.0,-1,-1,-1
156,2,957,606,147,74,1.0,-1,-1,-1
156,3,1631,924,288,151,1.0,-1,-1,-1
156,5,714,831,288,157,1.0,-1,-1,-1
156,6,1112,585,177,84,1.0,-1,-1,-1
156,7,353,730,160,118,1.0,-1,-1,-1
156,13,744,579,98,57,1.0,-1,-1,-1
156,14,1052,700,70,60,1.0,-1,-1,-1
156,15,659,595,104,66,1.0,-1,-1,-1
156,16,1887,816,33,91,1.0,-1,-1,-1
156,17,580,633,40,45,1.0,-1,-1,-1
156,18,448,580,102,62,1.0,-1,-1,-1
156,19,355,594,85,48,1.0,-1,-1,-1
156,20,1824,811,44,97,1.0,-1,-1,-1
156,22,581,597,87,49,1.0,-1,-1,-1
156,23,969,709,61,58,1.0,-1,-1,-1
156,26,735,651,63,51,1.0,-1,-1,-1
156,27,1741,805,69,100,1.0,-1,-1,-1
156,31,1682,796,54,73,1.0,-1,-1,-1
156,34,1283,420,197,98,1.0,-1,-1,-1
156,37,603,879,62,93,1.0,-1,-1,-1
156,39,893,712,76,63,1.0,-1,-1,-1
156,43,92,718,116,97,1.0,-1,-1,-1
156,44,683,682,69,48,1.0,-1,-1,-1
156,45,0,905,106,114,1.0,-1,-1,-1
156,46,311,708,31,39,1.0,-1,-1,-1
156,47,1275,587,39,48,1.0,-1,-1,-1
156,48,126,684,86,64,1.0,-1,-1,-1
156,51,508,710,38,55,1.0,-1,-1,-1
156,52,1431,507,369,203,1.0,-1,-1,-1
156,53,560,755,57,54,1.0,-1,-1,-1
156,54,212,672,45,51,1.0,-1,-1,-1
156,56,8,694,71,55,1.0,-1,-1,-1
156,57,3,648,73,62,1.0,-1,-1,-1
157,2,957,607,144,73,1.0,-1,-1,-1
157,3,1646,922,273,154,1.0,-1,-1,-1
157,5,720,834,292,158,1.0,-1,-1,-1
157,6,1110,584,178,85,1.0,-1,-1,-1
157,7,356,732,163,117,1.0,-1,-1,-1
157,13,742,577,99,58,1.0,-1,-1,-1
157,14,1052,700,69,60,1.0,-1,-1,-1
157,15,655,596,98,65,1.0,-1,-1,-1
157,16,1887,818,33,90,1.0,-1,-1,-1
157,17,575,631,39,46,1.0,-1,-1,-1
157,18,446,593,94,49,1.0,-1,-1,-1
157,19,353,597,86,44,1.0,-1,-1,-1
157,20,1824,810,44,98,1.0,-1,-1,-1
157,22,575,596,102,50,1.0,-1,-1,-1
157,23,969,709,60,58,1.0,-1,-1,-1
157,26,734,651,63,52,1.0,-1,-1,-1
157,27,1741,806,67,99,1.0,-1,-1,-1
157,31,1682,795,56,74,1.0,-1,-1,-1
157,34,1283,419,197,98,1.0,-1,-1,-1
157,37,612,881,63,97,1.0,-1,-1,-1
157,39,893,712,76,63,1.0,-1,-1,-1
157,43,95,718,115,97,1.0,-1,-1,-1
157,44,683,682,69,48,1.0,-1,-1,-1
157,45,0,907,106,112,1.0,-1,-1,-1
157,46,312,707,34,41,1.0,-1,-1,-1
157,47,1267,585,40,50,1.0,-1,-1,-1
157,48,128,684,87,66,1.0,-1,-1,-1
157,51,511,706,41,60,1.0,-1,-1,-1
157,52,1425,507,368,202,1.0,-1,-1,-1
157,53,568,755,57,55,1.0,-1,-1,-1
157,54,217,672,44,53,1.0,-1,-1,-1
157,56,9,694,72,56,1.0,-1,-1,-1
157,57,2,649,77,61,1.0,-1,-1,-1
158,2,958,607,139,72,1.0,-1,-1,-1
158,3,1657,920,262,156,1.0,-1,-1,-1
158,5,726,836,295,158,1.0,-1,-1,-1
158,6,1107,586,175,82,1.0,-1,-1,-1
158,7,359,732,164,119,1.0,-1,-1,-1
158,13,741,578,99,54,1.0,-1,-1,-1
158,14,1052,700,69,60,1.0,-1,-1,-1
158,15,655,597,104,64,1.0,-1,-1,-1
158,16,1887,815,33,92,1.0,-1,-1,-1
158,17,569,634,40,45,1.0,-1,-1,-1
158,18,445,591,94,52,1.0,-1,-1,-1
158,19,353,595,86,46,1.0,-1,-1,-1
158,20,1823,816,42,92,1.0,-1,-1,-1
158,22,575,596,99,49,1.0,-1,-1,-1
158,23,969,710,59,57,1.0,-1,-1,-1
158,26,734,651,63,52,1.0,-1,-1,-1
158,27,1739,806,67,98,1.0,-1,-1,-1
158,31,1682,795,54,73,1.0,-1,-1,-1
158,34,1283,420,195,97,1.0,-1,-1,-1
158,37,622,886,63,98,1.0,-1,-1,-1
158,39,894,712,74,63,1.0,-1,-1,-1
158,43,97,717,116,101,1.0,-1,-1,-1
158,44,683,683,69,47,1.0,-1,-1,-1
158,45,0,908,105,112,1.0,-1,-1,-1
158,46,316,708,34,40,1.0,-1,-1,-1
158,47,1262,586,39,48,1.0,-1,-1,-1
158,48,129,685,88,64,1.0,-1,-1,-1
158,51,516,701,39,68,1.0,-1,-1,-1
158,52,1420,508,368,200,1.0,-1,-1,-1
158,53,574,759,60,54,1.0,-1,-1,-1
158,54,220,673,44,52,1.0,-1,-1,-1
158,56,10,694,71,57,1.0,-1,-1,-1
158,57,4,648,76,57,1.0,-1,-1,-1
159,2,958,607,139,72,1.0,-1,-1,-1
159,3,1657,921,262,155,1.0,-1,-1,-1
159,5,726,836,295,158,1.0,-1,-1,-1
159,6,1107,586,176,82,1.0,-1,-1,-1
159,7,359,732,164,119,1.0,-1,-1,-1
159,13,741,578,99,54,1.0,-1,-1,-1
159,14,1052,700,69,60,1.0,-1,-1,-1
159,15,655,597,104,64,1.0,-1,-1,-1
159,16,1887,815,33,92,1.0,-1,-1,-1
159,17,569,634,40,45,1.0,-1,-1,-1
159,18,445,591,94,52,1.0,-1,-1,-1
159,19,353,595,86,46,1.0,-1,-1,-1
159,20,1824,811,44,97,1.0,-1,-1,-1
159,22,575,596,99,49,1.0,-1,-1,-1
159,23,969,709,59,58,1.0,-1,-1,-1
159,26,734,651,63,52,1.0,-1,-1,-1
159,27,1739,806,66,98,1.0,-1,-1,-1
159,31,1682,795,54,74,1.0,-1,-1,-1
159,34,1283,419,197,99,1.0,-1,-1,-1
159,37,623,886,62,98,1.0,-1,-1,-1
159,39,893,712,75,63,1.0,-1,-1,-1
159,43,97,717,116,101,1.0,-1,-1,-1
159,44,683,683,69,47,1.0,-1,-1,-1
159,45,4,914,102,106,1.0,-1,-1,-1
159,46,316,708,34,41,1.0,-1,-1,-1
159,47,1262,586,39,48,1.0,-1,-1,-1
159,48,129,685,88,64,1.0,-1,-1,-1
159,51,516,701,39,68,1.0,-1,-1,-1
159,52,1420,508,368,200,1.0,-1,-1,-1
159,53,574,759,60,54,1.0,-1,-1,-1
159,54,220,673,44,52,1.0,-1,-1,-1
159,56,10,694,71,57,1.0,-1,-1,-1
159,57,4,648,76,57,1.0,-1,-1,-1
160,2,957,607,137,73,1.0,-1,-1,-1
160,3,1669,920,250,155,1.0,-1,-1,-1
160,5,733,838,297,158,1.0,-1,-1,-1
160,6,1104,585,178,83,1.0,-1,-1,-1
160,7,365,733,163,119,1.0,-1,-1,-1
160,13,739,579,101,54,1.0,-1,-1,-1
160,14,1052,700,69,60,1.0,-1,-1,-1
160,15,654,596,98,63,1.0,-1,-1,-1
160,16,1888,815,32,92,1.0,-1,-1,-1
160,17,563,634,40,45,1.0,-1,-1,-1
160,18,442,578,98,65,1.0,-1,-1,-1
160,19,350,594,88,47,1.0,-1,-1,-1
160,20,1824,810,44,98,1.0,-1,-1,-1
160,22,574,596,97,50,1.0,-1,-1,-1
160,23,969,710,59,57,1.0,-1,-1,-1
160,26,735,655,62,48,1.0,-1,-1,-1
160,27,1741,806,68,100,1.0,-1,-1,-1
160,31,1682,795,55,74,1.0,-1,-1,-1
160,34,1283,420,195,98,1.0,-1,-1,-1
160,37,628,889,68,100,1.0,-1,-1,-1
160,39,893,712,76,63,1.0,-1,-1,-1
160,43,99,719,117,99,1.0,-1,-1,-1
160,44,683,683,69,47,1.0,-1,-1,-1
160,45,4,914,102,106,1.0,-1,-1,-1
160,46,319,695,33,53,1.0,-1,-1,-1
160,48,134,685,84,64,1.0,-1,-1,-1
160,51,521,705,40,64,1.0,-1,-1,-1
160,52,1415,503,366,206,1.0,-1,-1,-1
160,53,582,759,60,57,1.0,-1,-1,-1
160,54,223,679,42,48,1.0,-1,-1,-1
160,56,11,693,74,59,1.0,-1,-1,-1
160,57,4,649,79,66,1.0,-1,-1,-1
161,2,957,606,135,73,1.0,-1,-1,-1
161,3,1684,918,235,158,1.0,-1,-1,-1
161,5,740,840,299,158,1.0,-1,-1,-1
161,6,1100,585,184,83,1.0,-1,-1,-1
161,7,369,734,164,120,1.0,-1,-1,-1
161,13,736,579,103,53,1.0,-1,-1,-1
161,14,1052,700,69,60,1.0,-1,-1,-1
161,15,653,596,101,63,1.0,-1,-1,-1
161,16,1888,815,32,92,1.0,-1,-1,-1
161,17,560,630,37,46,1.0,-1,-1,-1
161,18,443,564,104,80,1.0,-1,-1,-1
161,19,349,591,90,50,1.0,-1,-1,-1
161,20,1824,810,45,97,1.0,-1,-1,-1
161,22,573,596,100,49,1.0,-1,-1,-1
161,23,969,710,60,57,1.0,-1,-1,-1
161,26,736,654,61,49,1.0,-1,-1,-1
161,27,1738,805,69,101,1.0,-1,-1,-1
161,31,1682,794,55,75,1.0,-1,-1,-1
161,34,1283,420,195,98,1.0,-1,-1,-1
161,37,640,890,66,105,1.0,-1,-1,-1
161,39,893,712,76,64,1.0,-1,-1,-1
161,43,101,720,118,102,1.0,-1,-1,-1
161,44,683,682,69,48,1.0,-1,-1,-1
161,45,7,912,98,108,1.0,-1,-1,-1
161,46,322,708,35,43,1.0,-1,-1,-1
161,48,135,685,85,65,1.0,-1,-1,-1
161,51,525,718,41,54,1.0,-1,-1,-1
161,52,1409,493,366,216,1.0,-1,-1,-1
161,53,591,762,61,55,1.0,-1,-1,-1
161,54,226,679,42,50,1.0,-1,-1,-1
161,56,13,693,73,59,1.0,-1,-1,-1
161,57,10,648,74,58,1.0,-1,-1,-1
162,2,956,606,133,72,1.0,-1,-1,-1
162,3,1690,917,229,159,1.0,-1,-1,-1
162,5,747,841,302,159,1.0,-1,-1,-1
162,6,1097,585,182,83,1.0,-1,-1,-1
162,7,372,735,168,122,1.0,-1,-1,-1
162,13,734,579,103,53,1.0,-1,-1,-1
162,14,1052,700,69,60,1.0,-1,-1,-1
162,15,652,596,93,63,1.0,-1,-1,-1
162,16,1887,815,33,92,1.0,-1,-1,-1
162,17,556,630,36,45,1.0,-1,-1,-1
162,18,437,564,107,79,1.0,-1,-1,-1
162,19,348,592,89,49,1.0,-1,-1,-1
162,20,1824,810,45,98,1.0,-1,-1,-1
162,22,576,598,87,46,1.0,-1,-1,-1
162,23,969,710,60,57,1.0,-1,-1,-1
162,26,736,647,62,56,1.0,-1,-1,-1
162,27,1742,805,68,101,1.0,-1,-1,-1
162,31,1682,794,58,75,1.0,-1,-1,-1
162,34,1283,420,194,98,1.0,-1,-1,-1
162,37,648,901,71,101,1.0,-1,-1,-1
162,39,893,712,75,64,1.0,-1,-1,-1
162,43,104,721,117,100,1.0,-1,-1,-1
162,44,683,681,70,49,1.0,-1,-1,-1
162,45,5,910,100,110,1.0,-1,-1,-1
162,46,325,703,35,50,1.0,-1,-1,-1
162,48,136,686,87,64,1.0,-1,-1,-1
162,51,529,701,41,70,1.0,-1,-1,-1
162,52,1404,494,365,214,1.0,-1,-1,-1
162,53,599,760,61,61,1.0,-1,-1,-1
162,54,232,681,38,49,1.0,-1,-1,-1
162,56,14,695,73,58,1.0,-1,-1,-1
162,57,12,648,74,58,1.0,-1,-1,-1
163,2,955,607,132,68,1.0,-1,-1,-1
163,3,1687,937,232,140,1.0,-1,-1,-1
163,5,754,842,306,161,1.0,-1,-1,-1
163,6,1095,585,177,83,1.0,-1,-1,-1
163,7,377,734,166,126,1.0,-1,-1,-1
163,13,733,577,106,55,1.0,-1,-1,-1
163,14,1052,700,69,60,1.0,-1,-1,-1
163,15,648,597,97,62,1.0,-1,-1,-1
163,16,1887,815,33,92,1.0,-1,-1,-1
163,17,552,635,36,40,1.0,-1,-1,-1
163,18,438,564,104,79,1.0,-1,-1,-1
163,19,346,591,91,50,1.0,-1,-1,-1
163,20,1824,811,44,98,1.0,-1,-1,-1
163,22,572,597,91,47,1.0,-1,-1,-1
163,23,969,710,59,57,1.0,-1,-1,-1
163,26,739,659,61,45,1.0,-1,-1,-1
163,27,1739,805,68,102,1.0,-1,-1,-1
163,31,1682,795,56,74,1.0,-1,-1,-1
163,34,1282,420,190,99,1.0,-1,-1,-1
163,37,656,907,75,101,1.0,-1,-1,-1
163,39,893,712,76,64,1.0,-1,-1,-1
163,43,104,723,121,100,1.0,-1,-1,-1
163,44,682,681,70,49,1.0,-1,-1,-1
163,45,12,910,92,110,1.0,-1,-1,-1
163,46,329,708,34,46,1.0,-1,-1,-1
163,48,138,686,87,65,1.0,-1,-1,-1
163,51,533,713,41,61,1.0,-1,-1,-1
163,52,1397,506,368,202,1.0,-1,-1,-1
163,53,606,760,63,63,1.0,-1,-1,-1
163,54,235,683,39,48,1.0,-1,-1,-1
163,56,16,695,74,59,1.0,-1,-1,-1
163,57,17,648,74,63,1.0,-1,-1,-1
164,2,955,607,130,68,1.0,-1,-1,-1
164,3,1708,919,211,156,1.0,-1,-1,-1
164,5,763,843,306,162,1.0,-1,-1,-1
164,6,1091,585,174,82,1.0,-1,-1,-1
164,7,380,738,170,124,1.0,-1,-1,-1
164,13,728,578,108,53,1.0,-1,-1,-1
164,14,1052,700,69,60,1.0,-1,-1,-1
164,15,645,598,94,62,1.0,-1,-1,-1
164,16,1887,815,33,92,1.0,-1,-1,-1
164,17,547,637,36,38,1.0,-1,-1,-1
164,18,435,564,106,78,1.0,-1,-1,-1
164,19,348,592,87,50,1.0,-1,-1,-1
164,20,1824,811,44,97,1.0,-1,-1,-1
164,22,568,597,96,47,1.0,-1,-1,-1
164,23,969,710,60,57,1.0,-1,-1,-1
164,26,738,660,62,44,1.0,-1,-1,-1
164,27,1738,805,69,102,1.0,-1,-1,-1
164,31,1682,795,55,74,1.0,-1,-1,-1
164,34,1282,420,188,99,1.0,-1,-1,-1
164,37,667,910,76,104,1.0,-1,-1,-1
164,39,894,713,75,63,1.0,-1,-1,-1
164,43,108,725,119,99,1.0,-1,-1,-1
164,44,682,681,70,49,1.0,-1,-1,-1
164,45,5,910,99,110,1.0,-1,-1,-1
164,46,332,708,34,46,1.0,-1,-1,-1
164,48,142,686,85,66,1.0,-1,-1,-1
164,51,537,703,42,70,1.0,-1,-1,-1
164,52,1392,510,366,197,1.0,-1,-1,-1
164,53,615,765,63,58,1.0,-1,-1,-1
164,54,239,686,39,45,1.0,-1,-1,-1
164,56,18,695,72,60,1.0,-1,-1,-1
164,57,20,645,72,63,1.0,-1,-1,-1
165,2,956,607,129,68,1.0,-1,-1,-1
165,3,1693,919,226,157,1.0,-1,-1,-1
165,5,763,843,306,162,1.0,-1,-1,-1
165,6,1091,584,175,83,1.0,-1,-1,-1
165,7,380,738,170,124,1.0,-1,-1,-1
165,13,729,578,109,54,1.0,-1,-1,-1
165,14,1053,700,68,60,1.0,-1,-1,-1
165,15,645,598,95,62,1.0,-1,-1,-1
165,16,1886,814,34,93,1.0,-1,-1,-1
165,17,547,636,36,39,1.0,-1,-1,-1
165,18,434,564,106,78,1.0,-1,-1,-1
165,19,348,591,87,51,1.0,-1,-1,-1
165,20,1824,811,44,97,1.0,-1,-1,-1
165,22,567,597,100,47,1.0,-1,-1,-1
165,23,969,710,60,57,1.0,-1,-1,-1
165,26,738,660,61,44,1.0,-1,-1,-1
165,27,1739,805,67,102,1.0,-1,-1,-1
165,31,1682,795,55,74,1.0,-1,-1,-1
165,34,1282,421,184,98,1.0,-1,-1,-1
165,37,668,910,75,104,1.0,-1,-1,-1
165,39,896,713,76,61,1.0,-1,-1,-1
165,43,108,725,119,99,1.0,-1,-1,-1
165,44,683,678,68,52,1.0,-1,-1,-1
165,45,6,911,99,109,1.0,-1,-1,-1
165,46,332,709,34,45,1.0,-1,-1,-1
165,48,142,686,86,65,1.0,-1,-1,-1
165,49,592,686,45,59,1.0,-1,-1,-1
165,51,537,703,41,69,1.0,-1,-1,-1
165,52,1393,508,365,199,1.0,-1,-1,-1
165,53,614,765,64,58,1.0,-1,-1,-1
165,54,238,684,40,47,1.0,-1,-1,-1
165,55,1336,494,36,43,1.0,-1,-1,-1
165,56,18,695,72,59,1.0,-1,-1,-1
165,57,18,644,72,62,1.0,-1,-1,-1
166,2,955,606,128,70,1.0,-1,-1,-1
166,3,1739,919,180,157,1.0,-1,-1,-1
166,5,769,845,307,163,1.0,-1,-1,-1
166,6,1087,583,175,84,1.0,-1,-1,-1
166,7,384,738,170,126,1.0,-1,-1,-1
166,13,728,579,101,52,1.0,-1,-1,-1
166,14,1053,700,68,59,1.0,-1,-1,-1
166,15,643,597,93,63,1.0,-1,-1,-1
166,16,1887,814,33,93,1.0,-1,-1,-1
166,17,542,633,38,43,1.0,-1,-1,-1
166,18,432,563,109,79,1.0,-1,-1,-1
166,19,348,593,84,49,1.0,-1,-1,-1
166,20,1824,811,44,97,1.0,-1,-1,-1
166,22,565,597,95,48,1.0,-1,-1,-1
166,23,969,711,60,56,1.0,-1,-1,-1
166,26,738,661,61,43,1.0,-1,-1,-1
166,27,1739,805,66,103,1.0,-1,-1,-1
166,31,1682,796,54,73,1.0,-1,-1,-1
166,34,1283,421,186,98,1.0,-1,-1,-1
166,37,678,913,78,108,1.0,-1,-1,-1
166,39,896,713,76,61,1.0,-1,-1,-1
166,43,109,723,121,103,1.0,-1,-1,-1
166,44,683,677,69,53,1.0,-1,-1,-1
166,45,7,912,97,108,1.0,-1,-1,-1
166,46,335,705,35,50,1.0,-1,-1,-1
166,48,143,688,87,64,1.0,-1,-1,-1
166,49,596,685,43,61,1.0,-1,-1,-1
166,51,543,701,39,66,1.0,-1,-1,-1
166,52,1386,510,366,196,1.0,-1,-1,-1
166,53,621,763,66,65,1.0,-1,-1,-1
166,54,244,688,36,44,1.0,-1,-1,-1
166,55,1336,494,36,43,1.0,-1,-1,-1
166,56,19,696,74,59,1.0,-1,-1,-1
166,57,17,647,77,65,1.0,-1,-1,-1
167,2,954,606,127,70,1.0,-1,-1,-1
167,3,1753,919,166,157,1.0,-1,-1,-1
167,5,776,846,310,164,1.0,-1,-1,-1
167,6,1085,584,173,83,1.0,-1,-1,-1
167,7,388,739,171,127,1.0,-1,-1,-1
167,13,726,579,106,53,1.0,-1,-1,-1
167,14,1053,700,68,59,1.0,-1,-1,-1
167,15,641,597,94,63,1.0,-1,-1,-1
167,16,1887,813,33,94,1.0,-1,-1,-1
167,17,539,633,36,41,1.0,-1,-1,-1
167,18,430,564,108,77,1.0,-1,-1,-1
167,19,346,593,86,49,1.0,-1,-1,-1
167,20,1824,811,44,97,1.0,-1,-1,-1
167,22,563,597,95,48,1.0,-1,-1,-1
167,23,969,710,60,57,1.0,-1,-1,-1
167,26,738,661,61,43,1.0,-1,-1,-1
167,27,1739,805,66,103,1.0,-1,-1,-1
167,31,1683,795,55,73,1.0,-1,-1,-1
167,34,1283,421,181,99,1.0,-1,-1,-1
167,36,1389,460,71,53,1.0,-1,-1,-1
167,37,690,919,79,106,1.0,-1,-1,-1
167,39,896,713,77,61,1.0,-1,-1,-1
167,43,111,724,123,102,1.0,-1,-1,-1
167,44,683,676,69,54,1.0,-1,-1,-1
167,45,4,906,100,113,1.0,-1,-1,-1
167,46,338,708,36,48,1.0,-1,-1,-1
167,48,145,687,88,65,1.0,-1,-1,-1
167,49,600,690,51,59,1.0,-1,-1,-1
167,51,548,713,41,63,1.0,-1,-1,-1
167,52,1383,511,362,196,1.0,-1,-1,-1
167,53,630,763,65,66,1.0,-1,-1,-1
167,54,247,688,39,45,1.0,-1,-1,-1
167,55,1336,494,36,43,1.0,-1,-1,-1
167,56,22,696,72,60,1.0,-1,-1,-1
167,57,18,645,78,68,1.0,-1,-1,-1
168,2,954,606,123,70,1.0,-1,-1,-1
168,3,1767,923,152,154,1.0,-1,-1,-1
168,5,784,851,312,163,1.0,-1,-1,-1
168,6,1083,583,174,84,1.0,-1,-1,-1
168,7,393,741,172,128,1.0,-1,-1,-1
168,13,724,579,112,53,1.0,-1,-1,-1
168,14,1053,701,68,58,1.0,-1,-1,-1
168,15,640,598,91,62,1.0,-1,-1,-1
168,16,1885,812,35,94,1.0,-1,-1,-1
168,17,535,627,34,47,1.0,-1,-1,-1
168,18,433,564,105,78,1.0,-1,-1,-1
168,19,345,590,85,51,1.0,-1,-1,-1
168,20,1824,810,44,98,1.0,-1,-1,-1
168,22,564,596,94,48,1.0,-1,-1,-1
168,23,969,711,60,56,1.0,-1,-1,-1
168,26,738,660,62,44,1.0,-1,-1,-1
168,27,1742,804,65,105,1.0,-1,-1,-1
168,31,1683,795,56,73,1.0,-1,-1,-1
168,34,1283,421,181,98,1.0,-1,-1,-1
168,37,699,930,82,104,1.0,-1,-1,-1
168,39,896,713,76,61,1.0,-1,-1,-1
168,43,113,725,124,103,1.0,-1,-1,-1
168,44,683,675,68,55,1.0,-1,-1,-1
168,45,10,928,93,92,1.0,-1,-1,-1
168,46,342,707,35,51,1.0,-1,-1,-1
168,48,145,690,90,63,1.0,-1,-1,-1
168,49,605,710,54,42,1.0,-1,-1,-1
168,51,552,711,41,66,1.0,-1,-1,-1
168,52,1375,512,365,193,1.0,-1,-1,-1
168,53,642,773,64,59,1.0,-1,-1,-1
168,54,250,687,39,47,1.0,-1,-1,-1
168,55,1336,494,36,43,1.0,-1,-1,-1
168,56,23,696,74,61,1.0,-1,-1,-1
168,57,20,649,77,64,1.0,-1,-1,-1
169,2,955,606,118,69,1.0,-1,-1,-1
169,3,1782,925,137,151,1.0,-1,-1,-1
169,5,790,850,317,166,1.0,-1,-1,-1
169,6,1080,584,173,82,1.0,-1,-1,-1
169,7,396,742,173,129,1.0,-1,-1,-1
169,13,721,578,112,52,1.0,-1,-1,-1
169,14,1053,701,68,58,1.0,-1,-1,-1
169,15,637,597,97,64,1.0,-1,-1,-1
169,16,1886,813,34,76,1.0,-1,-1,-1
169,17,530,628,36,45,1.0,-1,-1,-1
169,18,431,565,104,76,1.0,-1,-1,-1
169,19,344,590,86,51,1.0,-1,-1,-1
169,20,1824,810,44,98,1.0,-1,-1,-1
169,22,563,592,94,53,1.0,-1,-1,-1
169,23,969,711,61,56,1.0,-1,-1,-1
169,26,738,659,61,45,1.0,-1,-1,-1
169,27,1739,806,65,103,1.0,-1,-1,-1
169,31,1683,794,52,74,1.0,-1,-1,-1
169,34,1283,421,182,98,1.0,-1,-1,-1
169,35,278,617,45,37,1.0,-1,-1,-1
169,37,710,928,87,112,1.0,-1,-1,-1
169,39,896,714,76,60,1.0,-1,-1,-1
169,43,115,725,125,103,1.0,-1,-1,-1
169,44,683,683,68,47,1.0,-1,-1,-1
169,45,5,912,99,108,1.0,-1,-1,-1
169,46,345,708,35,50,1.0,-1,-1,-1
169,48,147,692,90,64,1.0,-1,-1,-1
169,49,608,707,52,46,1.0,-1,-1,-1
169,51,557,707,43,69,1.0,-1,-1,-1
169,52,1372,512,363,193,1.0,-1,-1,-1
169,53,648,772,66,62,1.0,-1,-1,-1
169,54,252,687,39,48,1.0,-1,-1,-1
169,56,24,697,75,61,1.0,-1,-1,-1
169,57,21,649,78,64,1.0,-1,-1,-1
170,2,955,605,117,69,1.0,-1,-1,-1
170,3,1797,927,122,150,1.0,-1,-1,-1
170,5,797,849,319,170,1.0,-1,-1,-1
170,6,1075,584,175,83,1.0,-1,-1,-1
170,7,401,742,175,131,1.0,-1,-1,-1
170,14,1053,701,68,58,1.0,-1,-1,-1
170,15,634,596,91,64,1.0,-1,-1,-1
170,16,1886,813,34,80,1.0,-1,-1,-1
170,17,526,635,34,39,1.0,-1,-1,-1
170,18,430,566,114,75,1.0,-1,-1,-1
170,19,343,593,84,48,1.0,-1,-1,-1
170,20,1824,810,44,98,1.0,-1,-1,-1
170,22,560,596,89,49,1.0,-1,-1,-1
170,23,969,712,61,55,1.0,-1,-1,-1
170,26,734,654,64,48,1.0,-1,-1,-1
170,27,1739,805,65,104,1.0,-1,-1,-1
170,31,1683,793,53,75,1.0,-1,-1,-1
170,34,1283,421,182,98,1.0,-1,-1,-1
170,37,722,932,87,115,1.0,-1,-1,-1
170,39,896,715,76,59,1.0,-1,-1,-1
170,43,116,726,127,104,1.0,-1,-1,-1
170,44,683,685,68,45,1.0,-1,-1,-1
170,45,5,911,99,109,1.0,-1,-1,-1
170,46,349,711,36,49,1.0,-1,-1,-1
170,48,150,693,89,64,1.0,-1,-1,-1
170,49,611,705,53,49,1.0,-1,-1,-1
170,51,563,730,45,51,1.0,-1,-1,-1
170,52,1368,512,361,193,1.0,-1,-1,-1
170,53,657,775,67,62,1.0,-1,-1,-1
170,54,256,688,38,48,1.0,-1,-1,-1
170,56,25,697,76,61,1.0,-1,-1,-1
170,57,24,649,76,63,1.0,-1,-1,-1
171,2,955,605,117,69,1.0,-1,-1,-1
171,3,1797,927,122,150,1.0,-1,-1,-1
171,5,797,850,319,169,1.0,-1,-1,-1
171,6,1075,584,175,83,1.0,-1,-1,-1
171,7,401,742,175,131,1.0,-1,-1,-1
171,14,1053,701,68,58,1.0,-1,-1,-1
171,15,634,596,91,64,1.0,-1,-1,-1
171,16,1885,813,35,92,1.0,-1,-1,-1
171,17,526,635,34,39,1.0,-1,-1,-1
171,18,430,567,114,74,1.0,-1,-1,-1
171,19,343,593,84,48,1.0,-1,-1,-1
171,20,1824,810,44,98,1.0,-1,-1,-1
171,22,560,596,89,49,1.0,-1,-1,-1
171,23,969,711,61,56,1.0,-1,-1,-1
171,26,734,654,64,48,1.0,-1,-1,-1
171,27,1739,805,65,104,1.0,-1,-1,-1
171,31,1683,793,53,75,1.0,-1,-1,-1
171,34,1283,421,180,98,1.0,-1,-1,-1
171,37,722,932,87,115,1.0,-1,-1,-1
171,39,896,715,77,59,1.0,-1,-1,-1
171,43,116,726,127,104,1.0,-1,-1,-1
171,44,683,685,68,45,1.0,-1,-1,-1
171,45,5,911,99,109,1.0,-1,-1,-1
171,46,349,711,36,49,1.0,-1,-1,-1
171,48,150,693,89,64,1.0,-1,-1,-1
171,49,611,705,53,49,1.0,-1,-1,-1
171,51,563,730,45,51,1.0,-1,-1,-1
171,52,1368,512,361,193,1.0,-1,-1,-1
171,53,657,775,67,62,1.0,-1,-1,-1
171,54,256,687,38,49,1.0,-1,-1,-1
171,56,25,697,76,61,1.0,-1,-1,-1
171,57,24,649,76,63,1.0,-1,-1,-1
172,2,953,606,116,68,1.0,-1,-1,-1
172,3,1813,928,106,148,1.0,-1,-1,-1
172,5,805,852,322,168,1.0,-1,-1,-1
172,6,1074,584,172,82,1.0,-1,-1,-1
172,7,404,747,176,128,1.0,-1,-1,-1
172,14,1053,701,68,58,1.0,-1,-1,-1
172,15,631,596,92,63,1.0,-1,-1,-1
172,16,1885,812,35,93,1.0,-1,-1,-1
172,17,521,635,34,39,1.0,-1,-1,-1
172,18,431,564,105,77,1.0,-1,-1,-1
172,19,342,593,84,48,1.0,-1,-1,-1
172,20,1824,810,44,98,1.0,-1,-1,-1
172,22,558,597,93,48,1.0,-1,-1,-1
172,23,969,710,61,57,1.0,-1,-1,-1
172,26,735,652,63,50,1.0,-1,-1,-1
172,27,1740,802,63,107,1.0,-1,-1,-1
172,31,1683,793,51,75,1.0,-1,-1,-1
172,34,1282,421,181,98,1.0,-1,-1,-1
172,37,737,942,86,110,1.0,-1,-1,-1
172,39,896,714,76,60,1.0,-1,-1,-1
172,43,119,726,126,106,1.0,-1,-1,-1
172,44,683,684,68,47,1.0,-1,-1,-1
172,45,4,913,99,108,1.0,-1,-1,-1
172,46,353,710,35,50,1.0,-1,-1,-1
172,48,151,692,90,64,1.0,-1,-1,-1
172,49,613,705,55,49,1.0,-1,-1,-1
172,51,565,730,48,51,1.0,-1,-1,-1
172,52,1363,512,360,192,1.0,-1,-1,-1
172,53,667,772,67,67,1.0,-1,-1,-1
172,54,261,689,37,46,1.0,-1,-1,-1
172,56,26,697,76,61,1.0,-1,-1,-1
172,57,27,649,75,65,1.0,-1,-1,-1
173,2,953,606,113,66,1.0,-1,-1,-1
173,3,1829,929,90,147,1.0,-1,-1,-1
173,5,812,854,325,168,1.0,-1,-1,-1
173,6,1071,584,172,81,1.0,-1,-1,-1
173,7,408,747,178,130,1.0,-1,-1,-1
173,14,1053,701,68,58,1.0,-1,-1,-1
173,15,629,596,93,62,1.0,-1,-1,-1
173,16,1885,812,35,97,1.0,-1,-1,-1
173,17,517,636,33,37,1.0,-1,-1,-1
173,18,430,565,109,76,1.0,-1,-1,-1
173,19,341,593,86,48,1.0,-1,-1,-1
173,20,1824,809,44,99,1.0,-1,-1,-1
173,22,556,597,95,47,1.0,-1,-1,-1
173,23,969,710,62,57,1.0,-1,-1,-1
173,26,735,651,63,51,1.0,-1,-1,-1
173,27,1739,805,64,105,1.0,-1,-1,-1
173,31,1683,790,53,78,1.0,-1,-1,-1
173,34,1282,421,183,99,1.0,-1,-1,-1
173,37,746,953,93,106,1.0,-1,-1,-1
173,39,896,714,77,60,1.0,-1,-1,-1
173,43,121,725,128,110,1.0,-1,-1,-1
173,44,683,682,69,49,1.0,-1,-1,-1
173,45,5,914,98,107,1.0,-1,-1,-1
173,46,357,717,36,46,1.0,-1,-1,-1
173,48,154,693,90,64,1.0,-1,-1,-1
173,49,616,705,55,51,1.0,-1,-1,-1
173,51,571,730,48,54,1.0,-1,-1,-1
173,52,1358,512,360,193,1.0,-1,-1,-1
173,53,674,772,68,69,1.0,-1,-1,-1
173,54,265,692,35,45,1.0,-1,-1,-1
173,56,28,698,76,61,1.0,-1,-1,-1
173,57,26,648,77,66,1.0,-1,-1,-1
173,58,0,651,25,41,1.0,-1,-1,-1
174,2,953,606,110,66,1.0,-1,-1,-1
174,3,1842,933,77,143,1.0,-1,-1,-1
174,5,820,855,326,170,1.0,-1,-1,-1
174,6,1067,585,172,80,1.0,-1,-1,-1
174,7,413,747,178,131,1.0,-1,-1,-1
174,14,1053,701,68,58,1.0,-1,-1,-1
174,15,628,595,92,63,1.0,-1,-1,-1
174,16,1885,813,35,97,1.0,-1,-1,-1
174,17,513,634,33,38,1.0,-1,-1,-1
174,18,428,564,106,78,1.0,-1,-1,-1
174,19,339,594,84,47,1.0,-1,-1,-1
174,20,1824,809,44,99,1.0,-1,-1,-1
174,22,555,598,90,46,1.0,-1,-1,-1
174,23,969,710,62,57,1.0,-1,-1,-1
174,26,733,654,64,49,1.0,-1,-1,-1
174,27,1739,806,64,104,1.0,-1,-1,-1
174,31,1683,791,50,77,1.0,-1,-1,-1
174,34,1282,421,185,99,1.0,-1,-1,-1
174,37,757,957,97,107,1.0,-1,-1,-1
174,39,896,714,77,60,1.0,-1,-1,-1
174,43,124,726,128,110,1.0,-1,-1,-1
174,44,682,681,70,49,1.0,-1,-1,-1
174,45,3,913,100,108,1.0,-1,-1,-1
174,46,361,719,36,46,1.0,-1,-1,-1
174,48,157,694,88,65,1.0,-1,-1,-1
174,49,620,710,55,47,1.0,-1,-1,-1
174,51,576,733,48,53,1.0,-1,-1,-1
174,52,1353,514,359,191,1.0,-1,-1,-1
174,53,682,781,71,62,1.0,-1,-1,-1
174,54,269,694,34,44,1.0,-1,-1,-1
174,55,1335,494,37,43,1.0,-1,-1,-1
174,56,29,698,78,62,1.0,-1,-1,-1
174,57,27,649,78,66,1.0,-1,-1,-1
174,58,0,649,32,46,1.0,-1,-1,-1
175,2,952,605,108,67,1.0,-1,-1,-1
175,3,1858,935,61,142,1.0,-1,-1,-1
175,5,828,855,330,173,1.0,-1,-1,-1
175,6,1063,585,172,80,1.0,-1,-1,-1
175,7,418,748,179,133,1.0,-1,-1,-1
175,14,1053,700,68,59,1.0,-1,-1,-1
175,15,627,595,88,62,1.0,-1,-1,-1
175,16,1885,816,34,94,1.0,-1,-1,-1
175,17,510,632,33,40,1.0,-1,-1,-1
175,18,429,564,104,77,1.0,-1,-1,-1
175,19,338,595,86,46,1.0,-1,-1,-1
175,20,1824,808,44,100,1.0,-1,-1,-1
175,22,549,597,90,46,1.0,-1,-1,-1
175,23,969,709,63,58,1.0,-1,-1,-1
175,26,732,653,66,50,1.0,-1,-1,-1
175,27,1740,804,62,107,1.0,-1,-1,-1
175,31,1683,792,50,76,1.0,-1,-1,-1
175,34,1282,420,186,100,1.0,-1,-1,-1
175,36,1391,461,77,52,1.0,-1,-1,-1
175,37,771,967,99,104,1.0,-1,-1,-1
175,39,896,713,77,61,1.0,-1,-1,-1
175,43,127,728,128,110,1.0,-1,-1,-1
175,44,683,681,69,49,1.0,-1,-1,-1
175,45,3,914,100,107,1.0,-1,-1,-1
175,46,363,704,38,61,1.0,-1,-1,-1
175,48,157,691,90,68,1.0,-1,-1,-1
175,49,624,708,55,49,1.0,-1,-1,-1
175,51,581,734,50,54,1.0,-1,-1,-1
175,52,1350,513,358,192,1.0,-1,-1,-1
175,53,693,773,68,73,1.0,-1,-1,-1
175,54,273,696,34,43,1.0,-1,-1,-1
175,56,32,698,76,63,1.0,-1,-1,-1
175,57,28,649,79,66,1.0,-1,-1,-1
175,58,0,651,28,43,1.0,-1,-1,-1
176,2,952,605,106,68,1.0,-1,-1,-1
176,3,1874,942,45,135,1.0,-1,-1,-1
176,5,836,858,331,173,1.0,-1,-1,-1
176,6,1061,585,171,80,1.0,-1,-1,-1
176,7,421,749,182,136,1.0,-1,-1,-1
176,13,705,579,108,60,1.0,-1,-1,-1
176,14,1053,701,68,58,1.0,-1,-1,-1
176,15,624,596,87,61,1.0,-1,-1,-1
176,16,1886,813,34,97,1.0,-1,-1,-1
176,17,507,634,32,37,1.0,-1,-1,-1
176,18,426,564,108,78,1.0,-1,-1,-1
176,19,337,593,85,48,1.0,-1,-1,-1
176,20,1824,807,45,101,1.0,-1,-1,-1
176,22,549,598,90,46,1.0,-1,-1,-1
176,23,969,709,63,58,1.0,-1,-1,-1
176,26,732,653,66,50,1.0,-1,-1,-1
176,27,1740,804,62,108,1.0,-1,-1,-1
176,31,1683,788,53,80,1.0,-1,-1,-1
176,34,1282,420,188,99,1.0,-1,-1,-1
176,36,1390,460,76,55,1.0,-1,-1,-1
176,37,785,972,99,107,1.0,-1,-1,-1
176,39,896,713,77,61,1.0,-1,-1,-1
176,43,128,730,131,110,1.0,-1,-1,-1
176,44,683,676,68,52,1.0,-1,-1,-1
176,45,6,919,96,101,1.0,-1,-1,-1
176,46,366,710,39,58,1.0,-1,-1,-1
176,48,160,692,90,67,1.0,-1,-1,-1
176,49,630,710,52,48,1.0,-1,-1,-1
176,51,587,735,48,55,1.0,-1,-1,-1
176,52,1345,514,359,190,1.0,-1,-1,-1
176,53,701,779,72,71,1.0,-1,-1,-1
176,54,278,697,34,44,1.0,-1,-1,-1
176,56,34,697,76,65,1.0,-1,-1,-1
176,57,26,647,82,66,1.0,-1,-1,-1
176,58,0,650,31,45,1.0,-1,-1,-1
177,2,952,605,106,68,1.0,-1,-1,-1
177,3,1874,943,45,134,1.0,-1,-1,-1
177,5,836,858,331,173,1.0,-1,-1,-1
177,6,1061,585,171,80,1.0,-1,-1,-1
177,7,421,749,182,136,1.0,-1,-1,-1
177,13,705,579,108,60,1.0,-1,-1,-1
177,14,1053,701,68,58,1.0,-1,-1,-1
177,15,624,596,87,61,1.0,-1,-1,-1
177,16,1885,816,34,94,1.0,-1,-1,-1
177,17,507,634,32,37,1.0,-1,-1,-1
177,18,426,564,108,78,1.0,-1,-1,-1
177,19,336,593,86,48,1.0,-1,-1,-1
177,20,1824,807,45,101,1.0,-1,-1,-1
177,22,549,598,90,46,1.0,-1,-1,-1
177,23,969,709,63,58,1.0,-1,-1,-1
177,26,732,653,66,50,1.0,-1,-1,-1
177,27,1740,804,62,108,1.0,-1,-1,-1
177,31,1683,789,52,79,1.0,-1,-1,-1
177,34,1282,420,189,99,1.0,-1,-1,-1
177,36,1390,460,76,55,1.0,-1,-1,-1
177,37,785,972,99,107,1.0,-1,-1,-1
177,39,896,713,77,61,1.0,-1,-1,-1
177,43,128,730,131,110,1.0,-1,-1,-1
177,44,683,676,68,52,1.0,-1,-1,-1
177,45,5,919,97,102,1.0,-1,-1,-1
177,46,366,710,39,58,1.0,-1,-1,-1
177,48,160,692,90,67,1.0,-1,-1,-1
177,49,631,711,50,47,1.0,-1,-1,-1
177,51,587,735,48,55,1.0,-1,-1,-1
177,52,1345,515,359,189,1.0,-1,-1,-1
177,53,701,779,72,71,1.0,-1,-1,-1
177,54,278,697,34,44,1.0,-1,-1,-1
177,56,34,697,76,65,1.0,-1,-1,-1
177,57,26,647,82,66,1.0,-1,-1,-1
177,58,0,650,31,45,1.0,-1,-1,-1
178,2,951,605,106,68,1.0,-1,-1,-1
178,3,1890,974,30,103,1.0,-1,-1,-1
178,5,846,861,332,173,1.0,-1,-1,-1
178,6,1057,586,171,79,1.0,-1,-1,-1
178,7,425,751,185,136,1.0,-1,-1,-1
178,13,704,579,110,56,1.0,-1,-1,-1
178,14,1053,700,68,59,1.0,-1,-1,-1
178,15,622,595,88,63,1.0,-1,-1,-1
178,16,1886,816,33,94,1.0,-1,-1,-1
178,17,503,635,31,36,1.0,-1,-1,-1
178,18,425,564,111,78,1.0,-1,-1,-1
178,19,336,595,84,45,1.0,-1,-1,-1
178,20,1824,808,44,100,1.0,-1,-1,-1
178,22,549,597,87,46,1.0,-1,-1,-1
178,23,968,708,65,59,1.0,-1,-1,-1
178,26,733,650,65,53,1.0,-1,-1,-1
178,27,1740,807,61,106,1.0,-1,-1,-1
178,31,1683,789,50,79,1.0,-1,-1,-1
178,34,1282,421,186,99,1.0,-1,-1,-1
178,37,798,979,102,101,1.0,-1,-1,-1
178,39,895,712,78,62,1.0,-1,-1,-1
178,43,131,730,131,110,1.0,-1,-1,-1
178,44,685,677,66,51,1.0,-1,-1,-1
178,45,5,920,97,100,1.0,-1,-1,-1
178,46,371,708,38,60,1.0,-1,-1,-1
178,48,160,693,94,67,1.0,-1,-1,-1
178,49,634,709,51,49,1.0,-1,-1,-1
178,51,594,740,50,52,1.0,-1,-1,-1
178,52,1338,514,360,189,1.0,-1,-1,-1
178,53,710,778,73,74,1.0,-1,-1,-1
178,54,282,704,34,39,1.0,-1,-1,-1
178,56,35,697,77,65,1.0,-1,-1,-1
178,57,41,651,71,63,1.0,-1,-1,-1
178,58,0,650,33,47,1.0,-1,-1,-1
178,60,1881,604,38,127,1.0,-1,-1,-1
178,62,0,695,17,37,1.0,-1,-1,-1
179,2,952,605,102,68,1.0,-1,-1,-1
179,5,854,864,334,172,1.0,-1,-1,-1
179,6,1053,585,172,80,1.0,-1,-1,-1
179,7,429,751,187,139,1.0,-1,-1,-1
179,13,700,578,111,53,1.0,-1,-1,-1
179,14,1052,700,69,59,1.0,-1,-1,-1
179,15,620,594,89,62,1.0,-1,-1,-1
179,16,1886,815,33,95,1.0,-1,-1,-1
179,17,499,634,32,38,1.0,-1,-1,-1
179,18,422,565,120,77,1.0,-1,-1,-1
179,19,335,595,84,45,1.0,-1,-1,-1
179,20,1824,808,45,100,1.0,-1,-1,-1
179,22,548,598,87,45,1.0,-1,-1,-1
179,23,969,708,63,59,1.0,-1,-1,-1
179,26,733,649,65,54,1.0,-1,-1,-1
179,27,1740,802,61,112,1.0,-1,-1,-1
179,31,1683,786,52,83,1.0,-1,-1,-1
179,34,1282,420,185,99,1.0,-1,-1,-1
179,37,813,981,104,98,1.0,-1,-1,-1
179,39,895,712,78,62,1.0,-1,-1,-1
179,43,133,730,132,112,1.0,-1,-1,-1
179,44,685,677,66,50,1.0,-1,-1,-1
179,45,7,920,95,101,1.0,-1,-1,-1
179,46,375,704,38,63,1.0,-1,-1,-1
179,48,164,692,92,70,1.0,-1,-1,-1
179,49,637,708,53,51,1.0,-1,-1,-1
179,51,598,737,52,57,1.0,-1,-1,-1
179,52,1335,515,358,187,1.0,-1,-1,-1
179,53,720,784,74,70,1.0,-1,-1,-1
179,54,289,701,31,43,1.0,-1,-1,-1
179,56,37,697,77,66,1.0,-1,-1,-1
179,57,36,649,75,62,1.0,-1,-1,-1
179,58,0,649,34,47,1.0,-1,-1,-1
179,60,1870,667,49,64,1.0,-1,-1,-1
179,62,0,694,18,39,1.0,-1,-1,-1
180,2,951,605,101,67,1.0,-1,-1,-1
180,5,861,863,339,176,1.0,-1,-1,-1
180,6,1050,585,172,79,1.0,-1,-1,-1
180,7,434,754,188,137,1.0,-1,-1,-1
180,13,687,579,118,52,1.0,-1,-1,-1
180,14,1052,700,69,59,1.0,-1,-1,-1
180,15,618,595,88,63,1.0,-1,-1,-1
180,16,1886,815,33,95,1.0,-1,-1,-1
180,17,494,634,32,38,1.0,-1,-1,-1
180,18,419,564,128,78,1.0,-1,-1,-1
180,19,335,594,82,46,1.0,-1,-1,-1
180,20,1824,809,45,99,1.0,-1,-1,-1
180,22,546,597,87,47,1.0,-1,-1,-1
180,23,968,708,66,59,1.0,-1,-1,-1
180,26,734,645,64,58,1.0,-1,-1,-1
180,27,1739,807,61,108,1.0,-1,-1,-1
180,31,1683,786,59,83,1.0,-1,-1,-1
180,34,1282,420,187,99,1.0,-1,-1,-1
180,37,825,987,110,90,1.0,-1,-1,-1
180,39,895,712,78,62,1.0,-1,-1,-1
180,43,135,731,133,114,1.0,-1,-1,-1
180,44,684,678,68,49,1.0,-1,-1,-1
180,45,13,921,88,100,1.0,-1,-1,-1
180,46,380,715,38,55,1.0,-1,-1,-1
180,48,167,696,91,65,1.0,-1,-1,-1
180,49,642,711,52,48,1.0,-1,-1,-1
180,51,604,742,51,51,1.0,-1,-1,-1
180,52,1328,512,359,190,1.0,-1,-1,-1
180,53,729,791,74,66,1.0,-1,-1,-1
180,56,38,699,77,65,1.0,-1,-1,-1
180,57,40,651,74,62,1.0,-1,-1,-1
180,58,0,651,35,46,1.0,-1,-1,-1
180,60,1859,658,61,76,1.0,-1,-1,-1
180,62,0,692,20,41,1.0,-1,-1,-1
180,64,290,700,35,45,1.0,-1,-1,-1
181,2,952,605,99,68,1.0,-1,-1,-1
181,5,871,865,340,176,1.0,-1,-1,-1
181,6,1048,584,170,79,1.0,-1,-1,-1
181,7,438,754,190,141,1.0,-1,-1,-1
181,13,698,579,105,49,1.0,-1,-1,-1
181,14,1052,700,69,59,1.0,-1,-1,-1
181,15,616,595,89,62,1.0,-1,-1,-1
181,16,1886,815,33,95,1.0,-1,-1,-1
181,17,490,628,32,43,1.0,-1,-1,-1
181,18,419,565,130,77,1.0,-1,-1,-1
181,19,334,596,83,44,1.0,-1,-1,-1
181,20,1823,809,46,99,1.0,-1,-1,-1
181,22,543,597,87,47,1.0,-1,-1,-1
181,23,968,707,65,60,1.0,-1,-1,-1
181,26,734,645,65,58,1.0,-1,-1,-1
181,27,1740,803,61,112,1.0,-1,-1,-1
181,31,1683,786,59,83,1.0,-1,-1,-1
181,34,1282,420,181,98,1.0,-1,-1,-1
181,37,841,976,109,103,1.0,-1,-1,-1
181,39,895,712,78,62,1.0,-1,-1,-1
181,43,137,733,133,110,1.0,-1,-1,-1
181,44,683,677,69,50,1.0,-1,-1,-1
181,45,13,923,87,98,1.0,-1,-1,-1
181,46,382,716,41,55,1.0,-1,-1,-1
181,48,167,696,93,66,1.0,-1,-1,-1
181,49,645,714,54,46,1.0,-1,-1,-1
181,51,611,750,50,46,1.0,-1,-1,-1
181,52,1325,511,358,191,1.0,-1,-1,-1
181,53,738,790,77,69,1.0,-1,-1,-1
181,56,38,698,80,67,1.0,-1,-1,-1
181,57,41,651,77,64,1.0,-1,-1,-1
181,58,0,650,37,49,1.0,-1,-1,-1
181,60,1847,648,72,85,1.0,-1,-1,-1
181,62,0,693,21,41,1.0,-1,-1,-1
181,63,1872,596,48,58,1.0,-1,-1,-1
181,64,293,702,37,45,1.0,-1,-1,-1
182,2,952,605,95,69,1.0,-1,-1,-1
182,5,879,867,341,176,1.0,-1,-1,-1
182,6,1046,584,168,78,1.0,-1,-1,-1
182,7,444,756,189,141,1.0,-1,-1,-1
182,14,1052,700,69,59,1.0,-1,-1,-1
182,15,615,595,93,62,1.0,-1,-1,-1
182,16,1886,816,33,94,1.0,-1,-1,-1
182,17,488,628,30,41,1.0,-1,-1,-1
182,18,417,564,131,77,1.0,-1,-1,-1
182,19,333,597,81,42,1.0,-1,-1,-1
182,20,1824,808,45,101,1.0,-1,-1,-1
182,22,541,598,87,46,1.0,-1,-1,-1
182,23,968,708,64,59,1.0,-1,-1,-1
182,26,735,647,63,56,1.0,-1,-1,-1
182,27,1740,808,61,108,1.0,-1,-1,-1
182,31,1683,786,60,83,1.0,-1,-1,-1
182,34,1282,421,178,97,1.0,-1,-1,-1
182,37,855,981,108,98,1.0,-1,-1,-1
182,39,895,713,78,61,1.0,-1,-1,-1
182,43,139,732,136,116,1.0,-1,-1,-1
182,44,692,676,62,50,1.0,-1,-1,-1
182,45,13,926,87,96,1.0,-1,-1,-1
182,46,387,713,39,60,1.0,-1,-1,-1
182,48,169,696,94,68,1.0,-1,-1,-1
182,49,649,714,53,46,1.0,-1,-1,-1
182,51,617,745,52,55,1.0,-1,-1,-1
182,52,1321,512,355,190,1.0,-1,-1,-1
182,53,748,795,78,67,1.0,-1,-1,-1
182,56,40,698,81,67,1.0,-1,-1,-1
182,57,41,651,79,63,1.0,-1,-1,-1
182,58,0,650,38,49,1.0,-1,-1,-1
182,59,155,657,26,40,1.0,-1,-1,-1
182,60,1837,643,82,89,1.0,-1,-1,-1
182,62,0,694,23,42,1.0,-1,-1,-1
182,63,1867,602,53,56,1.0,-1,-1,-1
182,64,296,707,40,40,1.0,-1,-1,-1
183,2,952,605,95,69,1.0,-1,-1,-1
183,5,879,867,342,176,1.0,-1,-1,-1
183,6,1046,584,168,78,1.0,-1,-1,-1
183,7,444,756,189,141,1.0,-1,-1,-1
183,14,1052,700,69,59,1.0,-1,-1,-1
183,15,614,595,94,62,1.0,-1,-1,-1
183,16,1886,816,33,94,1.0,-1,-1,-1
183,17,488,628,30,41,1.0,-1,-1,-1
183,18,417,564,131,77,1.0,-1,-1,-1
183,19,333,596,81,43,1.0,-1,-1,-1
183,20,1823,808,46,100,1.0,-1,-1,-1
183,22,541,598,87,46,1.0,-1,-1,-1
183,23,968,708,64,59,1.0,-1,-1,-1
183,26,735,647,63,56,1.0,-1,-1,-1
183,27,1740,809,61,107,1.0,-1,-1,-1
183,31,1683,787,60,82,1.0,-1,-1,-1
183,34,1282,420,179,98,1.0,-1,-1,-1
183,37,855,980,108,99,1.0,-1,-1,-1
183,39,895,713,78,61,1.0,-1,-1,-1
183,43,139,732,136,116,1.0,-1,-1,-1
183,44,692,676,62,50,1.0,-1,-1,-1
183,45,13,926,87,96,1.0,-1,-1,-1
183,46,387,713,39,60,1.0,-1,-1,-1
183,48,169,696,94,68,1.0,-1,-1,-1
183,49,649,714,53,46,1.0,-1,-1,-1
183,51,617,745,52,55,1.0,-1,-1,-1
183,52,1321,511,355,191,1.0,-1,-1,-1
183,53,748,794,78,68,1.0,-1,-1,-1
183,56,40,698,81,67,1.0,-1,-1,-1
183,57,41,651,79,63,1.0,-1,-1,-1
183,58,0,650,38,49,1.0,-1,-1,-1
183,59,155,657,26,40,1.0,-1,-1,-1
183,60,1837,643,82,89,1.0,-1,-1,-1
183,62,0,694,23,42,1.0,-1,-1,-1
183,63,1867,602,53,56,1.0,-1,-1,-1
183,64,296,707,40,40,1.0,-1,-1,-1
184,2,952,604,94,69,1.0,-1,-1,-1
184,5,887,867,345,178,1.0,-1,-1,-1
184,6,1044,584,167,78,1.0,-1,-1,-1
184,7,448,757,192,142,1.0,-1,-1,-1
184,14,1052,700,69,59,1.0,-1,-1,-1
184,15,610,595,91,60,1.0,-1,-1,-1
184,16,1886,816,33,94,1.0,-1,-1,-1
184,17,484,628,31,41,1.0,-1,-1,-1
184,18,417,565,130,76,1.0,-1,-1,-1
184,19,332,594,82,45,1.0,-1,-1,-1
184,20,1824,808,45,101,1.0,-1,-1,-1
184,22,537,596,89,47,1.0,-1,-1,-1
184,23,968,708,64,59,1.0,-1,-1,-1
184,26,734,646,65,57,1.0,-1,-1,-1
184,27,1740,810,60,107,1.0,-1,-1,-1
184,31,1683,786,58,83,1.0,-1,-1,-1
184,34,1282,420,180,97,1.0,-1,-1,-1
184,37,873,984,100,96,1.0,-1,-1,-1
184,39,895,713,79,61,1.0,-1,-1,-1
184,43,143,733,136,116,1.0,-1,-1,-1
184,44,695,681,59,45,1.0,-1,-1,-1
184,45,14,929,85,92,1.0,-1,-1,-1
184,46,390,707,40,67,1.0,-1,-1,-1
184,48,172,698,94,67,1.0,-1,-1,-1
184,49,653,708,53,53,1.0,-1,-1,-1
184,51,624,740,51,60,1.0,-1,-1,-1
184,52,1317,511,355,190,1.0,-1,-1,-1
184,53,758,788,80,77,1.0,-1,-1,-1
184,56,42,700,79,67,1.0,-1,-1,-1
184,57,41,652,79,67,1.0,-1,-1,-1
184,58,0,649,39,51,1.0,-1,-1,-1
184,59,158,654,24,43,1.0,-1,-1,-1
184,60,1826,640,94,92,1.0,-1,-1,-1
184,62,0,687,25,49,1.0,-1,-1,-1
184,63,1850,533,70,85,1.0,-1,-1,-1
184,64,303,707,36,40,1.0,-1,-1,-1
185,2,952,604,93,68,1.0,-1,-1,-1
185,5,897,869,345,179,1.0,-1,-1,-1
185,6,1041,585,167,77,1.0,-1,-1,-1
185,7,453,759,194,142,1.0,-1,-1,-1
185,14,1052,700,69,59,1.0,-1,-1,-1
185,16,1886,815,33,94,1.0,-1,-1,-1
185,17,480,628,33,41,1.0,-1,-1,-1
185,18,414,566,119,77,1.0,-1,-1,-1
185,19,331,597,81,42,1.0,-1,-1,-1
185,20,1824,808,45,101,1.0,-1,-1,-1
185,22,538,596,90,47,1.0,-1,-1,-1
185,23,968,710,65,57,1.0,-1,-1,-1
185,26,735,646,63,57,1.0,-1,-1,-1
185,27,1740,811,59,105,1.0,-1,-1,-1
185,31,1683,789,54,79,1.0,-1,-1,-1
185,34,1282,420,182,97,1.0,-1,-1,-1
185,37,893,985,91,94,1.0,-1,-1,-1
185,39,895,714,79,60,1.0,-1,-1,-1
185,43,145,735,137,116,1.0,-1,-1,-1
185,44,697,680,57,46,1.0,-1,-1,-1
185,45,15,931,83,91,1.0,-1,-1,-1
185,46,393,707,41,68,1.0,-1,-1,-1
185,48,173,698,95,68,1.0,-1,-1,-1
185,49,655,706,55,56,1.0,-1,-1,-1
185,51,629,752,52,49,1.0,-1,-1,-1
185,52,1313,511,354,190,1.0,-1,-1,-1
185,53,769,790,80,77,1.0,-1,-1,-1
185,56,43,701,80,66,1.0,-1,-1,-1
185,57,50,652,71,66,1.0,-1,-1,-1
185,58,0,652,42,49,1.0,-1,-1,-1
185,59,162,653,23,44,1.0,-1,-1,-1
185,60,1816,636,104,97,1.0,-1,-1,-1
185,62,0,690,25,47,1.0,-1,-1,-1
185,63,1844,534,76,114,1.0,-1,-1,-1
185,64,305,704,40,43,1.0,-1,-1,-1
186,2,952,605,91,67,1.0,-1,-1,-1
186,5,903,870,352,182,1.0,-1,-1,-1
186,6,1038,585,167,77,1.0,-1,-1,-1
186,7,457,761,196,143,1.0,-1,-1,-1
186,14,1052,700,69,59,1.0,-1,-1,-1
186,16,1886,815,33,94,1.0,-1,-1,-1
186,17,477,628,30,40,1.0,-1,-1,-1
186,18,412,567,121,75,1.0,-1,-1,-1
186,19,328,592,84,47,1.0,-1,-1,-1
186,20,1823,808,47,101,1.0,-1,-1,-1
186,22,537,597,87,47,1.0,-1,-1,-1
186,23,968,710,64,57,1.0,-1,-1,-1
186,26,735,649,63,54,1.0,-1,-1,-1
186,27,1739,811,58,106,1.0,-1,-1,-1
186,31,1683,792,50,76,1.0,-1,-1,-1
186,34,1282,421,178,97,1.0,-1,-1,-1
186,37,906,996,96,81,1.0,-1,-1,-1
186,39,896,713,78,61,1.0,-1,-1,-1
186,43,148,735,138,116,1.0,-1,-1,-1
186,44,700,681,54,45,1.0,-1,-1,-1
186,45,15,931,83,90,1.0,-1,-1,-1
186,46,399,711,40,66,1.0,-1,-1,-1
186,48,175,698,95,67,1.0,-1,-1,-1
186,49,675,714,39,47,1.0,-1,-1,-1
186,51,636,752,53,53,1.0,-1,-1,-1
186,52,1311,512,351,189,1.0,-1,-1,-1
186,53,778,799,82,72,1.0,-1,-1,-1
186,56,46,701,78,66,1.0,-1,-1,-1
186,57,49,651,73,66,1.0,-1,-1,-1
186,58,0,651,42,50,1.0,-1,-1,-1
186,60,1806,639,114,94,1.0,-1,-1,-1
186,62,0,688,28,50,1.0,-1,-1,-1
186,63,1835,534,84,99,1.0,-1,-1,-1
186,64,309,703,41,46,1.0,-1,-1,-1
187,2,951,605,89,67,1.0,-1,-1,-1
187,5,913,871,352,183,1.0,-1,-1,-1
187,6,1033,585,169,77,1.0,-1,-1,-1
187,7,462,762,197,144,1.0,-1,-1,-1
187,14,1053,701,68,58,1.0,-1,-1,-1
187,16,1887,812,33,97,1.0,-1,-1,-1
187,17,474,624,31,45,1.0,-1,-1,-1
187,18,412,567,116,74,1.0,-1,-1,-1
187,19,328,592,83,47,1.0,-1,-1,-1
187,20,1824,808,46,101,1.0,-1,-1,-1
187,22,534,598,86,46,1.0,-1,-1,-1
187,23,968,709,64,58,1.0,-1,-1,-1
187,26,735,649,63,54,1.0,-1,-1,-1
187,27,1740,811,58,107,1.0,-1,-1,-1
187,31,1683,791,55,78,1.0,-1,-1,-1
187,34,1282,420,182,98,1.0,-1,-1,-1
187,37,921,1001,98,78,1.0,-1,-1,-1
187,39,895,713,79,61,1.0,-1,-1,-1
187,43,150,734,139,120,1.0,-1,-1,-1
187,44,696,676,58,49,1.0,-1,-1,-1
187,45,14,932,84,89,1.0,-1,-1,-1
187,46,403,714,41,63,1.0,-1,-1,-1
187,48,180,698,93,67,1.0,-1,-1,-1
187,51,642,753,54,52,1.0,-1,-1,-1
187,52,1306,511,351,190,1.0,-1,-1,-1
187,53,790,803,83,69,1.0,-1,-1,-1
187,56,48,700,78,68,1.0,-1,-1,-1
187,57,51,650,74,69,1.0,-1,-1,-1
187,58,0,652,44,49,1.0,-1,-1,-1
187,60,1796,638,124,95,1.0,-1,-1,-1
187,62,0,688,30,51,1.0,-1,-1,-1
187,63,1839,534,80,112,1.0,-1,-1,-1
187,64,312,698,43,50,1.0,-1,-1,-1
188,2,951,604,87,67,1.0,-1,-1,-1
188,5,921,873,356,183,1.0,-1,-1,-1
188,6,1030,585,168,77,1.0,-1,-1,-1
188,7,466,762,198,148,1.0,-1,-1,-1
188,13,684,578,103,52,1.0,-1,-1,-1
188,14,1053,700,68,59,1.0,-1,-1,-1
188,16,1886,812,34,96,1.0,-1,-1,-1
188,17,471,627,30,41,1.0,-1,-1,-1
188,20,1824,808,46,101,1.0,-1,-1,-1
188,22,534,598,85,46,1.0,-1,-1,-1
188,23,968,709,65,58,1.0,-1,-1,-1
188,26,736,649,61,54,1.0,-1,-1,-1
188,27,1741,813,58,105,1.0,-1,-1,-1
188,31,1683,789,54,80,1.0,-1,-1,-1
188,34,1282,420,185,99,1.0,-1,-1,-1
188,37,942,1022,94,57,1.0,-1,-1,-1
188,39,895,713,80,62,1.0,-1,-1,-1
188,43,152,737,142,117,1.0,-1,-1,-1
188,44,696,677,58,48,1.0,-1,-1,-1
188,45,15,932,83,90,1.0,-1,-1,-1
188,46,407,724,42,56,1.0,-1,-1,-1
188,48,181,697,93,70,1.0,-1,-1,-1
188,51,649,748,55,62,1.0,-1,-1,-1
188,52,1301,512,350,189,1.0,-1,-1,-1
188,53,800,799,82,76,1.0,-1,-1,-1
188,56,49,701,79,68,1.0,-1,-1,-1
188,57,56,654,70,64,1.0,-1,-1,-1
188,58,0,652,45,51,1.0,-1,-1,-1
188,60,1786,634,134,99,1.0,-1,-1,-1
188,62,0,684,32,56,1.0,-1,-1,-1
188,63,1833,533,86,119,1.0,-1,-1,-1
188,64,319,709,42,42,1.0,-1,-1,-1
189,2,951,604,87,67,1.0,-1,-1,-1
189,5,921,873,356,183,1.0,-1,-1,-1
189,6,1030,585,168,77,1.0,-1,-1,-1
189,7,466,763,198,147,1.0,-1,-1,-1
189,13,684,578,103,52,1.0,-1,-1,-1
189,14,1053,700,68,59,1.0,-1,-1,-1
189,16,1886,812,34,96,1.0,-1,-1,-1
189,17,471,627,30,41,1.0,-1,-1,-1
189,20,1824,808,45,101,1.0,-1,-1,-1
189,22,534,598,85,46,1.0,-1,-1,-1
189,23,968,709,65,58,1.0,-1,-1,-1
189,26,736,648,61,55,1.0,-1,-1,-1
189,27,1741,813,58,105,1.0,-1,-1,-1
189,31,1683,790,55,79,1.0,-1,-1,-1
189,34,1282,420,184,99,1.0,-1,-1,-1
189,37,942,1022,94,57,1.0,-1,-1,-1
189,39,895,713,79,62,1.0,-1,-1,-1
189,43,152,737,142,117,1.0,-1,-1,-1
189,44,696,677,58,48,1.0,-1,-1,-1
189,45,14,931,83,91,1.0,-1,-1,-1
189,46,407,724,42,56,1.0,-1,-1,-1
189,48,181,698,93,69,1.0,-1,-1,-1
189,51,649,748,55,62,1.0,-1,-1,-1
189,52,1301,512,350,189,1.0,-1,-1,-1
189,53,800,799,82,76,1.0,-1,-1,-1
189,56,49,701,79,68,1.0,-1,-1,-1
189,57,56,654,70,65,1.0,-1,-1,-1
189,58,0,652,45,51,1.0,-1,-1,-1
189,60,1786,634,134,99,1.0,-1,-1,-1
189,62,0,684,32,56,1.0,-1,-1,-1
189,63,1833,533,86,119,1.0,-1,-1,-1
189,64,319,709,42,42,1.0,-1,-1,-1
190,2,951,604,86,66,1.0,-1,-1,-1
190,5,929,875,362,184,1.0,-1,-1,-1
190,6,1028,583,167,79,1.0,-1,-1,-1
190,7,472,764,200,149,1.0,-1,-1,-1
190,13,684,578,100,50,1.0,-1,-1,-1
190,14,1053,701,68,58,1.0,-1,-1,-1
190,16,1886,812,34,97,1.0,-1,-1,-1
190,17,468,628,30,39,1.0,-1,-1,-1
190,20,1824,809,45,100,1.0,-1,-1,-1
190,22,532,597,86,46,1.0,-1,-1,-1
190,23,968,710,64,57,1.0,-1,-1,-1
190,26,736,650,60,53,1.0,-1,-1,-1
190,27,1742,813,56,106,1.0,-1,-1,-1
190,31,1683,787,58,82,1.0,-1,-1,-1
190,34,1282,420,188,100,1.0,-1,-1,-1
190,37,963,1032,92,47,1.0,-1,-1,-1
190,39,895,713,79,62,1.0,-1,-1,-1
190,43,154,737,144,120,1.0,-1,-1,-1
190,44,697,675,56,50,1.0,-1,-1,-1
190,45,14,934,83,88,1.0,-1,-1,-1
190,46,411,711,41,69,1.0,-1,-1,-1
190,48,182,699,95,72,1.0,-1,-1,-1
190,51,654,752,56,59,1.0,-1,-1,-1
190,52,1296,512,352,188,1.0,-1,-1,-1
190,53,812,803,83,75,1.0,-1,-1,-1
190,56,51,701,79,69,1.0,-1,-1,-1
190,57,61,654,67,65,1.0,-1,-1,-1
190,58,0,653,47,50,1.0,-1,-1,-1
190,60,1775,638,144,93,1.0,-1,-1,-1
190,62,0,684,33,56,1.0,-1,-1,-1
190,63,1825,533,94,119,1.0,-1,-1,-1
190,64,325,707,42,45,1.0,-1,-1,-1
191,2,951,604,84,67,1.0,-1,-1,-1
191,5,941,875,360,186,1.0,-1,-1,-1
191,6,1027,583,165,78,1.0,-1,-1,-1
191,7,476,765,203,151,1.0,-1,-1,-1
191,13,678,577,103,58,1.0,-1,-1,-1
191,14,1053,701,68,58,1.0,-1,-1,-1
191,16,1886,812,34,97,1.0,-1,-1,-1
191,17,466,629,30,37,1.0,-1,-1,-1
191,19,324,595,82,45,1.0,-1,-1,-1
191,20,1824,808,46,101,1.0,-1,-1,-1
191,22,528,598,87,46,1.0,-1,-1,-1
191,23,969,710,62,57,1.0,-1,-1,-1
191,26,737,651,59,52,1.0,-1,-1,-1
191,27,1742,813,56,107,1.0,-1,-1,-1
191,31,1683,787,58,82,1.0,-1,-1,-1
191,34,1282,420,184,102,1.0,-1,-1,-1
191,37,977,1019,94,60,1.0,-1,-1,-1
191,39,894,713,81,62,1.0,-1,-1,-1
191,43,156,739,144,119,1.0,-1,-1,-1
191,44,696,676,58,49,1.0,-1,-1,-1
191,45,14,932,82,90,1.0,-1,-1,-1
191,46,414,711,41,71,1.0,-1,-1,-1
191,48,186,700,94,71,1.0,-1,-1,-1
191,51,660,755,58,58,1.0,-1,-1,-1
191,52,1291,512,350,187,1.0,-1,-1,-1
191,53,823,807,83,74,1.0,-1,-1,-1
191,56,51,701,81,70,1.0,-1,-1,-1
191,57,64,655,66,64,1.0,-1,-1,-1
191,58,0,652,50,51,1.0,-1,-1,-1
191,60,1765,637,155,96,1.0,-1,-1,-1
191,62,0,687,35,53,1.0,-1,-1,-1
191,63,1812,533,107,119,1.0,-1,-1,-1
191,64,327,704,44,50,1.0,-1,-1,-1
192,2,951,604,80,65,1.0,-1,-1,-1
192,5,949,877,364,187,1.0,-1,-1,-1
192,6,1024,583,164,78,1.0,-1,-1,-1
192,7,480,765,206,153,1.0,-1,-1,-1
192,13,678,578,102,58,1.0,-1,-1,-1
192,14,1053,700,68,59,1.0,-1,-1,-1
192,16,1886,813,34,96,1.0,-1,-1,-1
192,17,463,625,30,40,1.0,-1,-1,-1
192,18,403,566,114,74,1.0,-1,-1,-1
192,19,323,597,82,43,1.0,-1,-1,-1
192,20,1824,808,46,101,1.0,-1,-1,-1
192,22,527,596,91,47,1.0,-1,-1,-1
192,23,969,711,62,56,1.0,-1,-1,-1
192,26,736,652,60,51,1.0,-1,-1,-1
192,27,1743,813,54,107,1.0,-1,-1,-1
192,31,1683,786,58,82,1.0,-1,-1,-1
192,34,1282,420,186,103,1.0,-1,-1,-1
192,39,894,713,82,62,1.0,-1,-1,-1
192,43,158,738,146,124,1.0,-1,-1,-1
192,45,13,932,83,90,1.0,-1,-1,-1
192,46,419,728,43,54,1.0,-1,-1,-1
192,48,189,700,94,73,1.0,-1,-1,-1
192,51,669,760,60,56,1.0,-1,-1,-1
192,52,1290,512,348,187,1.0,-1,-1,-1
192,53,832,812,89,71,1.0,-1,-1,-1
192,56,53,702,82,68,1.0,-1,-1,-1
192,57,63,650,69,71,1.0,-1,-1,-1
192,58,0,652,50,51,1.0,-1,-1,-1
192,60,1754,639,165,94,1.0,-1,-1,-1
192,62,0,689,36,53,1.0,-1,-1,-1
192,63,1797,528,122,125,1.0,-1,-1,-1
192,64,334,706,43,47,1.0,-1,-1,-1
193,2,951,605,77,64,1.0,-1,-1,-1
193,5,959,878,365,188,1.0,-1,-1,-1
193,6,1021,584,164,77,1.0,-1,-1,-1
193,7,485,768,206,154,1.0,-1,-1,-1
193,13,676,579,109,57,1.0,-1,-1,-1
193,14,1053,700,68,59,1.0,-1,-1,-1
193,16,1886,813,34,95,1.0,-1,-1,-1
193,17,461,625,27,41,1.0,-1,-1,-1
193,18,405,567,107,72,1.0,-1,-1,-1
193,19,323,597,82,43,1.0,-1,-1,-1
193,20,1824,808,46,101,1.0,-1,-1,-1
193,22,528,597,88,46,1.0,-1,-1,-1
193,23,969,710,62,57,1.0,-1,-1,-1
193,26,735,653,61,51,1.0,-1,-1,-1
193,27,1743,812,53,107,1.0,-1,-1,-1
193,31,1683,786,60,82,1.0,-1,-1,-1
193,34,1283,420,187,103,1.0,-1,-1,-1
193,39,894,712,81,63,1.0,-1,-1,-1
193,43,161,740,146,123,1.0,-1,-1,-1
193,45,13,932,83,90,1.0,-1,-1,-1
193,46,423,722,42,62,1.0,-1,-1,-1
193,48,190,701,96,73,1.0,-1,-1,-1
193,51,677,759,58,57,1.0,-1,-1,-1
193,52,1284,512,348,187,1.0,-1,-1,-1
193,53,845,810,90,75,1.0,-1,-1,-1
193,56,55,702,81,70,1.0,-1,-1,-1
193,57,65,652,70,70,1.0,-1,-1,-1
193,58,0,652,52,51,1.0,-1,-1,-1
193,60,1745,638,174,95,1.0,-1,-1,-1
193,62,0,687,38,55,1.0,-1,-1,-1
193,63,1802,529,118,123,1.0,-1,-1,-1
193,64,336,707,46,47,1.0,-1,-1,-1
194,2,952,605,72,64,1.0,-1,-1,-1
194,5,966,879,371,189,1.0,-1,-1,-1
194,6,1019,584,163,76,1.0,-1,-1,-1
194,7,490,769,208,155,1.0,-1,-1,-1
194,13,673,579,108,58,1.0,-1,-1,-1
194,14,1053,700,68,59,1.0,-1,-1,-1
194,16,1886,813,33,95,1.0,-1,-1,-1
194,17,457,627,28,39,1.0,-1,-1,-1
194,18,403,567,109,73,1.0,-1,-1,-1
194,19,321,601,83,39,1.0,-1,-1,-1
194,20,1824,808,46,101,1.0,-1,-1,-1
194,22,526,598,87,45,1.0,-1,-1,-1
194,23,968,709,63,58,1.0,-1,-1,-1
194,26,736,652,60,51,1.0,-1,-1,-1
194,27,1743,809,55,111,1.0,-1,-1,-1
194,31,1683,786,60,83,1.0,-1,-1,-1
194,34,1283,420,191,103,1.0,-1,-1,-1
194,39,895,709,80,66,1.0,-1,-1,-1
194,43,164,741,149,124,1.0,-1,-1,-1
194,45,13,931,84,91,1.0,-1,-1,-1
194,46,428,724,42,62,1.0,-1,-1,-1
194,48,192,702,96,69,1.0,-1,-1,-1
194,51,683,765,60,53,1.0,-1,-1,-1
194,52,1281,512,346,187,1.0,-1,-1,-1
194,53,855,815,91,71,1.0,-1,-1,-1
194,56,56,700,82,73,1.0,-1,-1,-1
194,57,67,654,69,67,1.0,-1,-1,-1
194,58,0,652,52,51,1.0,-1,-1,-1
194,60,1734,638,185,95,1.0,-1,-1,-1
194,62,0,687,39,56,1.0,-1,-1,-1
194,63,1781,513,139,145,1.0,-1,-1,-1
194,64,349,712,39,43,1.0,-1,-1,-1
195,2,951,604,74,65,1.0,-1,-1,-1
195,5,966,879,371,189,1.0,-1,-1,-1
195,6,1019,583,163,77,1.0,-1,-1,-1
195,7,490,770,208,154,1.0,-1,-1,-1
195,13,673,579,107,58,1.0,-1,-1,-1
195,14,1052,699,69,60,1.0,-1,-1,-1
195,16,1886,813,34,95,1.0,-1,-1,-1
195,17,457,626,28,39,1.0,-1,-1,-1
195,18,403,566,110,74,1.0,-1,-1,-1
195,19,322,597,82,42,1.0,-1,-1,-1
195,20,1823,809,47,100,1.0,-1,-1,-1
195,22,526,597,87,47,1.0,-1,-1,-1
195,23,969,708,60,59,1.0,-1,-1,-1
195,26,736,652,61,51,1.0,-1,-1,-1
195,27,1744,808,56,111,1.0,-1,-1,-1
195,31,1683,784,60,85,1.0,-1,-1,-1
195,34,1282,420,199,103,1.0,-1,-1,-1
195,39,895,709,80,65,1.0,-1,-1,-1
195,43,164,741,149,125,1.0,-1,-1,-1
195,45,14,931,83,91,1.0,-1,-1,-1
195,46,428,723,42,63,1.0,-1,-1,-1
195,48,192,702,96,69,1.0,-1,-1,-1
195,49,678,686,66,70,1.0,-1,-1,-1
195,51,683,765,60,53,1.0,-1,-1,-1
195,52,1282,512,345,187,1.0,-1,-1,-1
195,53,855,815,91,71,1.0,-1,-1,-1
195,56,56,700,82,73,1.0,-1,-1,-1
195,57,65,654,71,67,1.0,-1,-1,-1
195,58,0,652,52,51,1.0,-1,-1,-1
195,60,1734,638,185,95,1.0,-1,-1,-1
195,62,0,687,39,56,1.0,-1,-1,-1
195,63,1781,514,139,144,1.0,-1,-1,-1
195,64,349,712,39,43,1.0,-1,-1,-1
196,2,951,604,70,64,1.0,-1,-1,-1
196,5,976,882,372,187,1.0,-1,-1,-1
196,6,1012,584,168,77,1.0,-1,-1,-1
196,7,494,770,211,157,1.0,-1,-1,-1
196,13,672,578,104,60,1.0,-1,-1,-1
196,14,1052,699,70,61,1.0,-1,-1,-1
196,16,1886,813,34,95,1.0,-1,-1,-1
196,17,454,623,29,42,1.0,-1,-1,-1
196,18,401,567,106,74,1.0,-1,-1,-1
196,19,321,598,81,41,1.0,-1,-1,-1
196,20,1822,816,44,92,1.0,-1,-1,-1
196,22,523,596,88,46,1.0,-1,-1,-1
196,23,968,709,63,59,1.0,-1,-1,-1
196,26,736,650,61,53,1.0,-1,-1,-1
196,27,1744,816,53,105,1.0,-1,-1,-1
196,31,1683,790,58,79,1.0,-1,-1,-1
196,34,1281,419,206,104,1.0,-1,-1,-1
196,39,893,712,83,63,1.0,-1,-1,-1
196,43,166,744,150,124,1.0,-1,-1,-1
196,45,15,933,81,89,1.0,-1,-1,-1
196,46,431,723,43,66,1.0,-1,-1,-1
196,48,193,704,98,69,1.0,-1,-1,-1
196,51,691,767,60,54,1.0,-1,-1,-1
196,52,1273,512,350,186,1.0,-1,-1,-1
196,53,868,818,91,72,1.0,-1,-1,-1
196,56,58,704,82,70,1.0,-1,-1,-1
196,57,66,655,73,68,1.0,-1,-1,-1
196,58,0,650,53,54,1.0,-1,-1,-1
196,60,1724,638,196,95,1.0,-1,-1,-1
196,62,0,686,41,57,1.0,-1,-1,-1
196,63,1777,517,143,137,1.0,-1,-1,-1
196,64,354,714,39,42,1.0,-1,-1,-1
197,2,952,605,68,63,1.0,-1,-1,-1
197,5,987,882,374,189,1.0,-1,-1,-1
197,6,1008,583,168,77,1.0,-1,-1,-1
197,7,499,770,212,160,1.0,-1,-1,-1
197,13,670,578,102,59,1.0,-1,-1,-1
197,14,1052,699,70,61,1.0,-1,-1,-1
197,16,1886,816,33,92,1.0,-1,-1,-1
197,17,450,623,31,43,1.0,-1,-1,-1
197,18,400,567,108,74,1.0,-1,-1,-1
197,20,1822,816,44,92,1.0,-1,-1,-1
197,22,520,598,87,45,1.0,-1,-1,-1
197,23,968,708,62,60,1.0,-1,-1,-1
197,26,735,650,62,53,1.0,-1,-1,-1
197,27,1744,818,53,104,1.0,-1,-1,-1
197,31,1683,789,59,80,1.0,-1,-1,-1
197,34,1281,419,206,104,1.0,-1,-1,-1
197,39,893,711,82,64,1.0,-1,-1,-1
197,43,169,744,150,124,1.0,-1,-1,-1
197,45,15,932,81,90,1.0,-1,-1,-1
197,46,436,731,43,59,1.0,-1,-1,-1
197,48,194,704,100,69,1.0,-1,-1,-1
197,51,698,756,60,68,1.0,-1,-1,-1
197,52,1270,508,348,189,1.0,-1,-1,-1
197,53,880,822,92,69,1.0,-1,-1,-1
197,56,60,706,81,69,1.0,-1,-1,-1
197,57,67,655,74,73,1.0,-1,-1,-1
197,58,0,650,55,53,1.0,-1,-1,-1
197,60,1714,636,206,97,1.0,-1,-1,-1
197,62,0,687,42,57,1.0,-1,-1,-1
197,63,1771,531,149,120,1.0,-1,-1,-1
197,64,358,712,39,44,1.0,-1,-1,-1
198,2,952,606,66,62,1.0,-1,-1,-1
198,5,997,884,378,190,1.0,-1,-1,-1
198,6,1007,584,166,75,1.0,-1,-1,-1
198,7,504,772,215,161,1.0,-1,-1,-1
198,13,667,578,102,60,1.0,-1,-1,-1
198,14,1052,699,70,61,1.0,-1,-1,-1
198,16,1886,813,34,95,1.0,-1,-1,-1
198,17,448,623,30,41,1.0,-1,-1,-1
198,18,397,567,114,73,1.0,-1,-1,-1
198,20,1824,811,45,98,1.0,-1,-1,-1
198,22,519,598,85,44,1.0,-1,-1,-1
198,23,968,709,64,59,1.0,-1,-1,-1
198,26,735,650,62,53,1.0,-1,-1,-1
198,27,1743,814,57,109,1.0,-1,-1,-1
198,31,1683,788,60,81,1.0,-1,-1,-1
198,34,1281,419,205,103,1.0,-1,-1,-1
198,39,894,712,83,63,1.0,-1,-1,-1
198,43,173,747,150,123,1.0,-1,-1,-1
198,45,15,932,81,90,1.0,-1,-1,-1
198,46,439,719,44,72,1.0,-1,-1,-1
198,48,196,705,100,73,1.0,-1,-1,-1
198,51,705,771,63,55,1.0,-1,-1,-1
198,52,1267,510,347,188,1.0,-1,-1,-1
198,53,891,819,93,77,1.0,-1,-1,-1
198,56,61,706,84,69,1.0,-1,-1,-1
198,57,67,653,75,72,1.0,-1,-1,-1
198,58,0,650,57,54,1.0,-1,-1,-1
198,60,1700,639,212,94,1.0,-1,-1,-1
198,62,0,688,43,56,1.0,-1,-1,-1
198,63,1765,525,152,126,1.0,-1,-1,-1
198,64,363,710,40,48,1.0,-1,-1,-1
199,2,952,606,64,62,1.0,-1,-1,-1
199,5,1006,884,380,189,1.0,-1,-1,-1
199,6,1002,583,166,76,1.0,-1,-1,-1
199,7,510,774,215,163,1.0,-1,-1,-1
199,13,662,580,105,57,1.0,-1,-1,-1
199,14,1052,699,69,61,1.0,-1,-1,-1
199,16,1886,816,33,92,1.0,-1,-1,-1
199,17,445,624,31,40,1.0,-1,-1,-1
199,20,1822,816,44,92,1.0,-1,-1,-1
199,22,516,599,86,43,1.0,-1,-1,-1
199,23,967,708,64,60,1.0,-1,-1,-1
199,26,735,650,61,53,1.0,-1,-1,-1
199,27,1744,814,56,110,1.0,-1,-1,-1
199,31,1683,788,66,82,1.0,-1,-1,-1
199,34,1282,419,207,102,1.0,-1,-1,-1
199,39,894,712,82,63,1.0,-1,-1,-1
199,43,175,748,153,123,1.0,-1,-1,-1
199,45,13,930,83,92,1.0,-1,-1,-1
199,46,443,719,44,71,1.0,-1,-1,-1
199,48,198,705,102,75,1.0,-1,-1,-1
199,49,687,687,66,69,1.0,-1,-1,-1
199,51,713,769,63,57,1.0,-1,-1,-1
199,52,1262,512,347,185,1.0,-1,-1,-1
199,53,902,819,96,79,1.0,-1,-1,-1
199,56,62,707,84,68,1.0,-1,-1,-1
199,57,66,651,78,78,1.0,-1,-1,-1
199,58,0,651,58,53,1.0,-1,-1,-1
199,60,1693,641,210,92,1.0,-1,-1,-1
199,62,0,693,44,52,1.0,-1,-1,-1
199,63,1772,532,127,128,1.0,-1,-1,-1
199,64,368,715,41,44,1.0,-1,-1,-1
200,2,951,605,61,62,1.0,-1,-1,-1
200,5,1017,887,381,188,1.0,-1,-1,-1
200,6,1006,583,160,76,1.0,-1,-1,-1
200,7,515,775,217,165,1.0,-1,-1,-1
200,13,663,579,107,60,1.0,-1,-1,-1
200,14,1053,699,68,61,1.0,-1,-1,-1
200,16,1885,813,34,95,1.0,-1,-1,-1
200,17,442,622,32,42,1.0,-1,-1,-1
200,20,1822,816,43,93,1.0,-1,-1,-1
200,22,515,598,85,44,1.0,-1,-1,-1
200,23,966,708,66,59,1.0,-1,-1,-1
200,26,735,651,61,52,1.0,-1,-1,-1
200,27,1744,815,57,109,1.0,-1,-1,-1
200,31,1682,788,73,83,1.0,-1,-1,-1
200,33,586,615,39,54,1.0,-1,-1,-1
200,34,1282,419,207,99,1.0,-1,-1,-1
200,39,894,712,82,63,1.0,-1,-1,-1
200,43,178,747,153,126,1.0,-1,-1,-1
200,45,12,931,84,91,1.0,-1,-1,-1
200,46,451,738,42,55,1.0,-1,-1,-1
200,48,201,704,101,75,1.0,-1,-1,-1
200,49,692,692,61,64,1.0,-1,-1,-1
200,51,721,765,64,65,1.0,-1,-1,-1
200,52,1258,513,346,184,1.0,-1,-1,-1
200,53,916,823,96,77,1.0,-1,-1,-1
200,56,64,710,83,67,1.0,-1,-1,-1
200,57,66,649,80,80,1.0,-1,-1,-1
200,58,0,652,60,52,1.0,-1,-1,-1
200,59,202,663,25,39,1.0,-1,-1,-1
200,60,1684,640,210,93,1.0,-1,-1,-1
200,62,0,690,46,55,1.0,-1,-1,-1
200,63,1773,534,115,120,1.0,-1,-1,-1
200,64,373,714,41,44,1.0,-1,-1,-1
201,2,951,605,61,62,1.0,-1,-1,-1
201,5,1017,887,381,188,1.0,-1,-1,-1
201,6,1006,583,160,76,1.0,-1,-1,-1
201,7,515,775,217,165,1.0,-1,-1,-1
201,13,663,579,107,60,1.0,-1,-1,-1
201,14,1053,699,68,61,1.0,-1,-1,-1
201,16,1885,813,35,95,1.0,-1,-1,-1
201,17,442,622,32,42,1.0,-1,-1,-1
201,20,1822,816,43,92,1.0,-1,-1,-1
201,22,515,598,85,44,1.0,-1,-1,-1
201,23,967,708,65,59,1.0,-1,-1,-1
201,26,735,651,61,52,1.0,-1,-1,-1
201,27,1745,815,56,109,1.0,-1,-1,-1
201,31,1682,788,73,83,1.0,-1,-1,-1
201,32,805,690,82,67,1.0,-1,-1,-1
201,33,586,615,39,54,1.0,-1,-1,-1
201,34,1282,418,208,100,1.0,-1,-1,-1
201,39,894,712,82,63,1.0,-1,-1,-1
201,43,178,747,153,127,1.0,-1,-1,-1
201,45,12,931,84,91,1.0,-1,-1,-1
201,46,451,738,42,55,1.0,-1,-1,-1
201,48,201,705,101,74,1.0,-1,-1,-1
201,49,691,692,62,64,1.0,-1,-1,-1
201,51,721,765,64,65,1.0,-1,-1,-1
201,52,1258,513,346,184,1.0,-1,-1,-1
201,53,916,823,96,77,1.0,-1,-1,-1
201,56,64,710,83,67,1.0,-1,-1,-1
201,57,66,648,80,80,1.0,-1,-1,-1
201,58,0,652,60,52,1.0,-1,-1,-1
201,59,202,663,25,39,1.0,-1,-1,-1
201,60,1684,640,210,93,1.0,-1,-1,-1
201,62,0,690,46,55,1.0,-1,-1,-1
201,63,1773,534,115,120,1.0,-1,-1,-1
201,64,373,714,41,44,1.0,-1,-1,-1
202,2,951,605,61,62,1.0,-1,-1,-1
202,5,1017,887,381,188,1.0,-1,-1,-1
202,6,1006,583,160,76,1.0,-1,-1,-1
202,7,515,775,217,165,1.0,-1,-1,-1
202,13,663,579,107,60,1.0,-1,-1,-1
202,14,1053,699,68,61,1.0,-1,-1,-1
202,16,1885,813,34,95,1.0,-1,-1,-1
202,17,442,622,32,42,1.0,-1,-1,-1
202,20,1822,816,43,92,1.0,-1,-1,-1
202,22,515,598,85,44,1.0,-1,-1,-1
202,23,967,708,65,60,1.0,-1,-1,-1
202,24,639,625,53,40,1.0,-1,-1,-1
202,26,735,650,61,53,1.0,-1,-1,-1
202,27,1745,815,56,109,1.0,-1,-1,-1
202,31,1682,788,73,83,1.0,-1,-1,-1
202,32,805,690,82,67,1.0,-1,-1,-1
202,33,586,615,39,54,1.0,-1,-1,-1
202,34,1282,418,208,100,1.0,-1,-1,-1
202,39,894,712,82,63,1.0,-1,-1,-1
202,43,178,747,153,127,1.0,-1,-1,-1
202,45,12,931,84,91,1.0,-1,-1,-1
202,46,451,738,42,55,1.0,-1,-1,-1
202,48,201,705,101,74,1.0,-1,-1,-1
202,49,692,692,61,64,1.0,-1,-1,-1
202,51,721,765,64,65,1.0,-1,-1,-1
202,52,1258,513,346,184,1.0,-1,-1,-1
202,53,916,823,96,77,1.0,-1,-1,-1
202,56,64,710,83,67,1.0,-1,-1,-1
202,57,66,648,80,80,1.0,-1,-1,-1
202,58,0,652,60,52,1.0,-1,-1,-1
202,59,202,663,25,39,1.0,-1,-1,-1
202,60,1684,640,210,93,1.0,-1,-1,-1
202,62,0,690,46,55,1.0,-1,-1,-1
202,63,1772,534,117,120,1.0,-1,-1,-1
202,64,373,714,41,44,1.0,-1,-1,-1
203,2,950,605,60,62,1.0,-1,-1,-1
203,5,1027,891,383,185,1.0,-1,-1,-1
203,6,1013,583,149,76,1.0,-1,-1,-1
203,7,519,779,219,163,1.0,-1,-1,-1
203,13,658,578,110,62,1.0,-1,-1,-1
203,14,1053,700,68,60,1.0,-1,-1,-1
203,16,1885,813,34,95,1.0,-1,-1,-1
203,17,439,622,32,41,1.0,-1,-1,-1
203,20,1822,817,42,92,1.0,-1,-1,-1
203,22,516,600,80,42,1.0,-1,-1,-1
203,23,968,710,62,57,1.0,-1,-1,-1
203,26,734,651,61,52,1.0,-1,-1,-1
203,27,1745,820,54,103,1.0,-1,-1,-1
203,31,1682,790,76,81,1.0,-1,-1,-1
203,32,805,689,83,68,1.0,-1,-1,-1
203,34,1283,419,198,96,1.0,-1,-1,-1
203,39,893,713,86,63,1.0,-1,-1,-1
203,43,179,750,158,126,1.0,-1,-1,-1
203,45,8,931,88,91,1.0,-1,-1,-1
203,46,453,730,45,66,1.0,-1,-1,-1
203,48,202,705,102,74,1.0,-1,-1,-1
203,49,697,706,60,55,1.0,-1,-1,-1
203,51,727,761,67,70,1.0,-1,-1,-1
203,52,1257,513,342,183,1.0,-1,-1,-1
203,53,928,825,97,78,1.0,-1,-1,-1
203,56,67,710,83,68,1.0,-1,-1,-1
203,57,59,646,88,81,1.0,-1,-1,-1
203,58,1,650,62,52,1.0,-1,-1,-1
203,59,205,666,26,38,1.0,-1,-1,-1
203,60,1673,638,211,95,1.0,-1,-1,-1
203,62,0,688,47,58,1.0,-1,-1,-1
203,63,1770,534,148,130,1.0,-1,-1,-1
203,64,380,721,38,41,1.0,-1,-1,-1
204,2,950,605,59,62,1.0,-1,-1,-1
204,5,1038,892,384,185,1.0,-1,-1,-1
204,6,1011,583,148,76,1.0,-1,-1,-1
204,7,524,780,222,163,1.0,-1,-1,-1
204,13,656,578,115,62,1.0,-1,-1,-1
204,14,1053,700,68,60,1.0,-1,-1,-1
204,16,1885,813,34,95,1.0,-1,-1,-1
204,17,436,621,31,42,1.0,-1,-1,-1
204,20,1822,817,42,92,1.0,-1,-1,-1
204,22,515,600,81,43,1.0,-1,-1,-1
204,23,968,708,62,59,1.0,-1,-1,-1
204,26,734,651,61,51,1.0,-1,-1,-1
204,27,1745,825,53,100,1.0,-1,-1,-1
204,31,1682,790,76,82,1.0,-1,-1,-1
204,32,805,688,84,69,1.0,-1,-1,-1
204,34,1282,419,203,98,1.0,-1,-1,-1
204,39,893,712,85,64,1.0,-1,-1,-1
204,43,182,751,160,128,1.0,-1,-1,-1
204,45,9,931,87,91,1.0,-1,-1,-1
204,46,458,735,45,62,1.0,-1,-1,-1
204,48,205,706,103,76,1.0,-1,-1,-1
204,49,704,707,55,57,1.0,-1,-1,-1
204,51,737,767,65,66,1.0,-1,-1,-1
204,52,1250,514,344,183,1.0,-1,-1,-1
204,53,940,825,97,80,1.0,-1,-1,-1
204,56,67,708,85,70,1.0,-1,-1,-1
204,57,68,645,81,81,1.0,-1,-1,-1
204,58,1,651,64,50,1.0,-1,-1,-1
204,59,208,663,28,40,1.0,-1,-1,-1
204,60,1662,636,213,97,1.0,-1,-1,-1
204,62,0,687,48,59,1.0,-1,-1,-1
204,63,1756,533,127,125,1.0,-1,-1,-1
204,64,383,720,41,43,1.0,-1,-1,-1
205,5,1048,894,387,183,1.0,-1,-1,-1
205,6,1006,583,150,75,1.0,-1,-1,-1
205,7,529,780,223,167,1.0,-1,-1,-1
205,13,653,578,120,63,1.0,-1,-1,-1
205,14,1053,701,68,58,1.0,-1,-1,-1
205,16,1885,813,34,95,1.0,-1,-1,-1
205,17,434,620,30,43,1.0,-1,-1,-1
205,18,391,570,111,71,1.0,-1,-1,-1
205,20,1822,817,41,92,1.0,-1,-1,-1
205,22,513,599,83,44,1.0,-1,-1,-1
205,23,968,708,61,59,1.0,-1,-1,-1
205,26,735,652,60,51,1.0,-1,-1,-1
205,27,1746,821,53,103,1.0,-1,-1,-1
205,31,1682,790,77,82,1.0,-1,-1,-1
205,32,805,688,85,69,1.0,-1,-1,-1
205,34,1282,419,207,97,1.0,-1,-1,-1
205,39,893,712,85,63,1.0,-1,-1,-1
205,43,184,750,161,131,1.0,-1,-1,-1
205,45,9,931,87,91,1.0,-1,-1,-1
205,46,461,733,44,65,1.0,-1,-1,-1
205,48,209,706,101,73,1.0,-1,-1,-1
205,49,706,706,56,56,1.0,-1,-1,-1
205,51,745,770,68,66,1.0,-1,-1,-1
205,52,1247,513,343,184,1.0,-1,-1,-1
205,53,952,826,99,82,1.0,-1,-1,-1
205,56,69,709,84,71,1.0,-1,-1,-1
205,57,73,647,79,80,1.0,-1,-1,-1
205,58,2,651,65,52,1.0,-1,-1,-1
205,59,211,663,28,40,1.0,-1,-1,-1
205,60,1652,636,212,96,1.0,-1,-1,-1
205,62,0,680,50,67,1.0,-1,-1,-1
205,63,1757,533,149,128,1.0,-1,-1,-1
205,64,390,722,40,42,1.0,-1,-1,-1
206,5,1060,897,390,180,1.0,-1,-1,-1
206,6,999,582,153,76,1.0,-1,-1,-1
206,7,534,785,227,166,1.0,-1,-1,-1
206,13,651,578,119,63,1.0,-1,-1,-1
206,14,1053,701,68,59,1.0,-1,-1,-1
206,16,1885,817,34,92,1.0,-1,-1,-1
206,17,432,622,29,41,1.0,-1,-1,-1
206,18,391,569,108,71,1.0,-1,-1,-1
206,19,306,593,85,42,1.0,-1,-1,-1
206,20,1822,816,42,93,1.0,-1,-1,-1
206,22,513,599,80,44,1.0,-1,-1,-1
206,23,967,712,77,56,1.0,-1,-1,-1
206,26,734,653,61,50,1.0,-1,-1,-1
206,27,1746,824,52,102,1.0,-1,-1,-1
206,31,1682,789,76,83,1.0,-1,-1,-1
206,32,805,686,87,71,1.0,-1,-1,-1
206,34,1283,419,206,96,1.0,-1,-1,-1
206,39,893,711,85,64,1.0,-1,-1,-1
206,43,187,749,163,134,1.0,-1,-1,-1
206,45,10,931,86,91,1.0,-1,-1,-1
206,46,466,732,47,68,1.0,-1,-1,-1
206,48,209,704,105,77,1.0,-1,-1,-1
206,49,709,706,58,57,1.0,-1,-1,-1
206,51,752,775,70,63,1.0,-1,-1,-1
206,52,1241,512,345,184,1.0,-1,-1,-1
206,53,967,836,98,75,1.0,-1,-1,-1
206,54,359,708,32,37,1.0,-1,-1,-1
206,56,70,709,87,72,1.0,-1,-1,-1
206,57,75,645,80,82,1.0,-1,-1,-1
206,58,3,651,65,53,1.0,-1,-1,-1
206,59,214,664,28,38,1.0,-1,-1,-1
206,60,1641,637,213,95,1.0,-1,-1,-1
206,62,0,691,51,56,1.0,-1,-1,-1
206,63,1752,529,165,131,1.0,-1,-1,-1
206,64,394,718,41,46,1.0,-1,-1,-1
207,5,1060,897,390,180,1.0,-1,-1,-1
207,6,999,582,153,76,1.0,-1,-1,-1
207,7,534,785,227,165,1.0,-1,-1,-1
207,13,652,578,118,64,1.0,-1,-1,-1
207,14,1053,701,68,59,1.0,-1,-1,-1
207,16,1885,816,34,93,1.0,-1,-1,-1
207,17,432,622,29,40,1.0,-1,-1,-1
207,18,391,569,108,71,1.0,-1,-1,-1
207,19,306,593,85,42,1.0,-1,-1,-1
207,20,1822,816,42,93,1.0,-1,-1,-1
207,22,511,597,79,47,1.0,-1,-1,-1
207,23,967,712,77,56,1.0,-1,-1,-1
207,24,622,627,51,39,1.0,-1,-1,-1
207,26,734,653,61,49,1.0,-1,-1,-1
207,27,1746,824,52,102,1.0,-1,-1,-1
207,31,1682,790,76,82,1.0,-1,-1,-1
207,32,805,686,87,71,1.0,-1,-1,-1
207,34,1283,419,206,96,1.0,-1,-1,-1
207,39,893,711,85,64,1.0,-1,-1,-1
207,43,187,750,163,133,1.0,-1,-1,-1
207,45,10,931,86,91,1.0,-1,-1,-1
207,46,466,732,47,68,1.0,-1,-1,-1
207,48,209,705,105,76,1.0,-1,-1,-1
207,49,709,706,58,57,1.0,-1,-1,-1
207,51,752,776,70,62,1.0,-1,-1,-1
207,52,1242,512,344,184,1.0,-1,-1,-1
207,53,967,836,98,75,1.0,-1,-1,-1
207,54,359,708,32,38,1.0,-1,-1,-1
207,56,70,709,87,71,1.0,-1,-1,-1
207,57,73,645,82,83,1.0,-1,-1,-1
207,58,3,651,65,53,1.0,-1,-1,-1
207,59,214,664,28,38,1.0,-1,-1,-1
207,60,1641,637,213,95,1.0,-1,-1,-1
207,62,0,689,51,58,1.0,-1,-1,-1
207,63,1751,529,165,129,1.0,-1,-1,-1
207,64,394,718,41,46,1.0,-1,-1,-1
208,5,1068,898,395,180,1.0,-1,-1,-1
208,6,997,582,152,76,1.0,-1,-1,-1
208,7,539,787,228,166,1.0,-1,-1,-1
208,13,648,579,117,62,1.0,-1,-1,-1
208,14,1053,701,68,59,1.0,-1,-1,-1
208,16,1885,813,34,94,1.0,-1,-1,-1
208,17,429,620,29,43,1.0,-1,-1,-1
208,18,390,569,106,71,1.0,-1,-1,-1
208,19,304,586,87,53,1.0,-1,-1,-1
208,20,1822,817,41,92,1.0,-1,-1,-1
208,22,510,597,80,47,1.0,-1,-1,-1
208,23,967,712,77,56,1.0,-1,-1,-1
208,24,620,630,47,35,1.0,-1,-1,-1
208,26,733,654,63,49,1.0,-1,-1,-1
208,27,1747,820,53,106,1.0,-1,-1,-1
208,31,1682,792,75,80,1.0,-1,-1,-1
208,34,1283,419,205,96,1.0,-1,-1,-1
208,39,894,712,83,62,1.0,-1,-1,-1
208,43,190,746,163,139,1.0,-1,-1,-1
208,45,10,931,86,91,1.0,-1,-1,-1
208,46,471,735,47,65,1.0,-1,-1,-1
208,48,211,706,106,74,1.0,-1,-1,-1
208,49,682,683,54,46,1.0,-1,-1,-1
208,49,712,710,60,57,1.0,-1,-1,-1
208,51,764,780,67,61,1.0,-1,-1,-1
208,52,1237,513,343,183,1.0,-1,-1,-1
208,53,980,835,99,77,1.0,-1,-1,-1
208,54,362,705,34,41,1.0,-1,-1,-1
208,56,72,710,86,72,1.0,-1,-1,-1
208,57,69,647,88,83,1.0,-1,-1,-1
208,58,3,651,65,54,1.0,-1,-1,-1
208,59,217,665,30,38,1.0,-1,-1,-1
208,60,1633,636,210,97,1.0,-1,-1,-1
208,62,0,679,54,68,1.0,-1,-1,-1
208,63,1744,525,169,137,1.0,-1,-1,-1
208,64,402,730,41,35,1.0,-1,-1,-1
209,5,1081,899,393,179,1.0,-1,-1,-1
209,6,995,582,150,76,1.0,-1,-1,-1
209,7,545,787,229,168,1.0,-1,-1,-1
209,13,642,578,118,64,1.0,-1,-1,-1
209,14,1053,701,68,59,1.0,-1,-1,-1
209,16,1885,813,34,95,1.0,-1,-1,-1
209,17,426,621,31,41,1.0,-1,-1,-1
209,18,390,569,104,69,1.0,-1,-1,-1
209,19,302,589,88,49,1.0,-1,-1,-1
209,20,1822,818,41,90,1.0,-1,-1,-1
209,22,509,596,79,48,1.0,-1,-1,-1
209,23,967,709,66,58,1.0,-1,-1,-1
209,24,620,627,44,38,1.0,-1,-1,-1
209,26,734,652,62,50,1.0,-1,-1,-1
209,27,1747,826,49,100,1.0,-1,-1,-1
209,31,1682,791,74,81,1.0,-1,-1,-1
209,34,1283,420,190,94,1.0,-1,-1,-1
209,39,894,712,81,63,1.0,-1,-1,-1
209,43,193,754,163,133,1.0,-1,-1,-1
209,44,682,683,50,47,1.0,-1,-1,-1
209,45,11,932,85,90,1.0,-1,-1,-1
209,46,477,737,46,64,1.0,-1,-1,-1
209,48,213,708,106,74,1.0,-1,-1,-1
209,49,715,717,63,51,1.0,-1,-1,-1
209,51,772,781,71,62,1.0,-1,-1,-1
209,52,1232,512,344,183,1.0,-1,-1,-1
209,53,992,833,101,82,1.0,-1,-1,-1
209,54,364,692,35,53,1.0,-1,-1,-1
209,56,73,710,87,73,1.0,-1,-1,-1
209,57,66,646,93,83,1.0,-1,-1,-1
209,58,3,652,66,53,1.0,-1,-1,-1
209,59,221,663,28,40,1.0,-1,-1,-1
209,60,1623,637,210,97,1.0,-1,-1,-1
209,62,0,692,55,56,1.0,-1,-1,-1
209,63,1715,514,190,151,1.0,-1,-1,-1
209,64,405,722,41,45,1.0,-1,-1,-1
210,5,1093,901,397,177,1.0,-1,-1,-1
210,6,990,583,152,74,1.0,-1,-1,-1
210,7,550,791,231,167,1.0,-1,-1,-1
210,13,644,578,112,63,1.0,-1,-1,-1
210,14,1053,701,68,59,1.0,-1,-1,-1
210,16,1885,813,34,96,1.0,-1,-1,-1
210,17,425,622,28,40,1.0,-1,-1,-1
210,18,390,569,100,68,1.0,-1,-1,-1
210,19,306,589,83,49,1.0,-1,-1,-1
210,20,1822,818,41,90,1.0,-1,-1,-1
210,22,506,597,81,45,1.0,-1,-1,-1
210,23,967,708,65,59,1.0,-1,-1,-1
210,24,613,630,46,36,1.0,-1,-1,-1
210,26,735,651,61,52,1.0,-1,-1,-1
210,27,1747,827,48,100,1.0,-1,-1,-1
210,31,1682,791,73,81,1.0,-1,-1,-1
210,33,558,616,38,51,1.0,-1,-1,-1
210,34,1283,420,192,94,1.0,-1,-1,-1
210,39,894,712,82,63,1.0,-1,-1,-1
210,43,197,753,164,135,1.0,-1,-1,-1
210,44,682,685,52,45,1.0,-1,-1,-1
210,45,11,930,85,92,1.0,-1,-1,-1
210,46,480,745,48,57,1.0,-1,-1,-1
210,48,216,708,107,75,1.0,-1,-1,-1
210,49,720,727,66,44,1.0,-1,-1,-1
210,51,780,787,72,58,1.0,-1,-1,-1
210,52,1228,513,343,182,1.0,-1,-1,-1
210,53,1005,838,103,80,1.0,-1,-1,-1
210,54,367,691,35,54,1.0,-1,-1,-1
210,56,75,711,87,72,1.0,-1,-1,-1
210,57,64,644,95,85,1.0,-1,-1,-1
210,58,5,654,66,50,1.0,-1,-1,-1
210,59,223,660,29,43,1.0,-1,-1,-1
210,60,1613,635,210,98,1.0,-1,-1,-1
210,62,0,693,57,55,1.0,-1,-1,-1
210,63,1716,519,202,151,1.0,-1,-1,-1
210,64,411,720,42,48,1.0,-1,-1,-1
211,5,1104,902,398,175,1.0,-1,-1,-1
211,6,982,582,156,75,1.0,-1,-1,-1
211,7,556,794,235,167,1.0,-1,-1,-1
211,13,645,577,108,64,1.0,-1,-1,-1
211,14,1053,701,68,59,1.0,-1,-1,-1
211,16,1885,813,34,95,1.0,-1,-1,-1
211,17,421,622,29,40,1.0,-1,-1,-1
211,18,390,568,97,69,1.0,-1,-1,-1
211,19,303,589,86,49,1.0,-1,-1,-1
211,20,1822,817,43,91,1.0,-1,-1,-1
211,22,504,598,81,43,1.0,-1,-1,-1
211,23,967,709,65,58,1.0,-1,-1,-1
211,24,609,631,47,35,1.0,-1,-1,-1
211,26,734,652,62,51,1.0,-1,-1,-1
211,27,1747,826,49,101,1.0,-1,-1,-1
211,31,1682,788,72,84,1.0,-1,-1,-1
211,33,556,619,36,48,1.0,-1,-1,-1
211,34,1282,419,204,95,1.0,-1,-1,-1
211,39,893,714,84,61,1.0,-1,-1,-1
211,43,198,755,166,135,1.0,-1,-1,-1
211,44,682,684,50,46,1.0,-1,-1,-1
211,45,11,932,84,90,1.0,-1,-1,-1
211,46,486,738,47,65,1.0,-1,-1,-1
211,48,218,708,107,74,1.0,-1,-1,-1
211,49,722,727,68,44,1.0,-1,-1,-1
211,51,790,789,73,59,1.0,-1,-1,-1
211,52,1225,514,340,181,1.0,-1,-1,-1
211,53,1019,839,104,81,1.0,-1,-1,-1
211,54,371,709,38,40,1.0,-1,-1,-1
211,56,76,713,88,72,1.0,-1,-1,-1
211,57,66,649,96,81,1.0,-1,-1,-1
211,58,10,653,62,52,1.0,-1,-1,-1
211,60,1602,635,212,98,1.0,-1,-1,-1
211,62,0,693,57,56,1.0,-1,-1,-1
211,63,1712,518,207,156,1.0,-1,-1,-1
211,64,418,729,41,41,1.0,-1,-1,-1
212,5,1114,904,402,173,1.0,-1,-1,-1
212,6,981,582,154,74,1.0,-1,-1,-1
212,7,560,795,236,167,1.0,-1,-1,-1
212,13,644,577,107,65,1.0,-1,-1,-1
212,14,1053,701,68,59,1.0,-1,-1,-1
212,16,1885,813,34,95,1.0,-1,-1,-1
212,17,419,623,29,39,1.0,-1,-1,-1
212,18,386,568,101,69,1.0,-1,-1,-1
212,19,301,588,87,50,1.0,-1,-1,-1
212,20,1822,816,43,93,1.0,-1,-1,-1
212,22,502,598,81,43,1.0,-1,-1,-1
212,23,967,709,67,58,1.0,-1,-1,-1
212,24,604,631,48,35,1.0,-1,-1,-1
212,26,736,648,60,56,1.0,-1,-1,-1
212,27,1747,826,52,101,1.0,-1,-1,-1
212,31,1682,788,70,84,1.0,-1,-1,-1
212,34,1282,420,202,94,1.0,-1,-1,-1
212,39,893,714,85,61,1.0,-1,-1,-1
212,43,203,756,165,137,1.0,-1,-1,-1
212,44,682,684,51,46,1.0,-1,-1,-1
212,45,12,933,83,89,1.0,-1,-1,-1
212,46,492,752,47,52,1.0,-1,-1,-1
212,48,221,709,108,74,1.0,-1,-1,-1
212,49,726,716,67,57,1.0,-1,-1,-1
212,51,799,789,74,61,1.0,-1,-1,-1
212,52,1221,514,342,180,1.0,-1,-1,-1
212,53,1032,833,106,90,1.0,-1,-1,-1
212,54,375,707,35,41,1.0,-1,-1,-1
212,56,79,713,87,73,1.0,-1,-1,-1
212,57,64,645,100,86,1.0,-1,-1,-1
212,58,12,651,63,55,1.0,-1,-1,-1
212,60,1592,635,212,98,1.0,-1,-1,-1
212,62,0,695,60,55,1.0,-1,-1,-1
212,63,1710,522,204,145,1.0,-1,-1,-1
212,64,423,729,44,41,1.0,-1,-1,-1
213,5,1114,904,402,173,1.0,-1,-1,-1
213,6,981,582,154,74,1.0,-1,-1,-1
213,7,560,795,236,167,1.0,-1,-1,-1
213,13,644,577,107,65,1.0,-1,-1,-1
213,14,1053,701,68,59,1.0,-1,-1,-1
213,15,555,595,97,57,1.0,-1,-1,-1
213,16,1885,816,34,93,1.0,-1,-1,-1
213,17,419,623,29,39,1.0,-1,-1,-1
213,18,386,569,101,68,1.0,-1,-1,-1
213,19,301,588,87,50,1.0,-1,-1,-1
213,20,1822,816,43,93,1.0,-1,-1,-1
213,22,502,598,81,43,1.0,-1,-1,-1
213,23,967,709,68,58,1.0,-1,-1,-1
213,24,604,631,48,35,1.0,-1,-1,-1
213,26,736,649,60,55,1.0,-1,-1,-1
213,27,1747,826,52,101,1.0,-1,-1,-1
213,31,1682,788,70,84,1.0,-1,-1,-1
213,34,1282,419,203,95,1.0,-1,-1,-1
213,39,893,714,85,61,1.0,-1,-1,-1
213,43,203,756,165,136,1.0,-1,-1,-1
213,44,682,684,51,46,1.0,-1,-1,-1
213,45,12,933,83,89,1.0,-1,-1,-1
213,46,492,752,47,52,1.0,-1,-1,-1
213,48,221,709,108,74,1.0,-1,-1,-1
213,49,726,716,67,57,1.0,-1,-1,-1
213,51,799,789,74,61,1.0,-1,-1,-1
213,52,1221,514,342,180,1.0,-1,-1,-1
213,53,1032,833,106,90,1.0,-1,-1,-1
213,54,375,707,35,42,1.0,-1,-1,-1
213,56,79,713,87,73,1.0,-1,-1,-1
213,57,64,645,100,86,1.0,-1,-1,-1
213,58,12,651,63,55,1.0,-1,-1,-1
213,60,1592,635,212,98,1.0,-1,-1,-1
213,62,0,695,60,55,1.0,-1,-1,-1
213,63,1710,522,205,145,1.0,-1,-1,-1
213,64,423,729,44,41,1.0,-1,-1,-1
214,5,1127,905,401,172,1.0,-1,-1,-1
214,6,977,581,155,75,1.0,-1,-1,-1
214,7,565,796,238,169,1.0,-1,-1,-1
214,13,638,578,110,64,1.0,-1,-1,-1
214,14,1053,701,68,59,1.0,-1,-1,-1
214,15,556,594,94,57,1.0,-1,-1,-1
214,16,1886,815,34,93,1.0,-1,-1,-1
214,17,417,620,29,41,1.0,-1,-1,-1
214,18,384,569,102,67,1.0,-1,-1,-1
214,19,302,589,85,49,1.0,-1,-1,-1
214,20,1822,816,43,93,1.0,-1,-1,-1
214,22,502,597,78,44,1.0,-1,-1,-1
214,23,968,708,65,59,1.0,-1,-1,-1
214,24,602,631,47,36,1.0,-1,-1,-1
214,26,738,647,58,55,1.0,-1,-1,-1
214,27,1748,828,51,100,1.0,-1,-1,-1
214,31,1682,789,70,83,1.0,-1,-1,-1
214,34,1282,419,204,95,1.0,-1,-1,-1
214,39,892,713,87,63,1.0,-1,-1,-1
214,43,206,756,168,139,1.0,-1,-1,-1
214,44,682,684,49,46,1.0,-1,-1,-1
214,45,12,932,83,90,1.0,-1,-1,-1
214,46,497,745,47,62,1.0,-1,-1,-1
214,48,223,710,108,75,1.0,-1,-1,-1
214,49,729,712,67,61,1.0,-1,-1,-1
214,51,808,791,75,61,1.0,-1,-1,-1
214,52,1220,514,337,180,1.0,-1,-1,-1
214,53,1045,841,107,86,1.0,-1,-1,-1
214,54,380,709,36,39,1.0,-1,-1,-1
214,56,80,713,90,74,1.0,-1,-1,-1
214,57,69,650,98,82,1.0,-1,-1,-1
214,58,14,654,64,52,1.0,-1,-1,-1
214,60,1582,635,211,98,1.0,-1,-1,-1
214,62,0,692,62,58,1.0,-1,-1,-1
214,63,1709,525,210,146,1.0,-1,-1,-1
214,64,429,729,42,43,1.0,-1,-1,-1
215,5,1138,907,408,169,1.0,-1,-1,-1
215,6,975,580,154,76,1.0,-1,-1,-1
215,7,571,799,239,168,1.0,-1,-1,-1
215,13,637,578,109,64,1.0,-1,-1,-1
215,14,1053,701,68,59,1.0,-1,-1,-1
215,15,558,594,90,57,1.0,-1,-1,-1
215,16,1886,815,34,93,1.0,-1,-1,-1
215,17,414,619,29,42,1.0,-1,-1,-1
215,19,298,589,88,48,1.0,-1,-1,-1
215,20,1822,818,42,91,1.0,-1,-1,-1
215,22,501,598,76,44,1.0,-1,-1,-1
215,23,968,709,63,58,1.0,-1,-1,-1
215,24,599,630,46,36,1.0,-1,-1,-1
215,26,738,647,58,55,1.0,-1,-1,-1
215,27,1749,828,50,102,1.0,-1,-1,-1
215,31,1683,791,67,81,1.0,-1,-1,-1
215,34,1282,420,198,94,1.0,-1,-1,-1
215,39,892,714,88,61,1.0,-1,-1,-1
215,43,211,760,168,136,1.0,-1,-1,-1
215,44,683,684,51,45,1.0,-1,-1,-1
215,45,13,931,82,91,1.0,-1,-1,-1
215,46,501,748,48,61,1.0,-1,-1,-1
215,48,227,710,106,75,1.0,-1,-1,-1
215,49,732,714,67,58,1.0,-1,-1,-1
215,51,817,792,77,61,1.0,-1,-1,-1
215,52,1215,514,338,179,1.0,-1,-1,-1
215,53,1059,845,109,85,1.0,-1,-1,-1
215,54,384,710,38,40,1.0,-1,-1,-1
215,56,81,715,90,73,1.0,-1,-1,-1
215,57,69,649,100,87,1.0,-1,-1,-1
215,58,15,652,64,53,1.0,-1,-1,-1
215,60,1572,636,212,98,1.0,-1,-1,-1
215,62,0,694,63,58,1.0,-1,-1,-1
215,63,1708,525,211,148,1.0,-1,-1,-1
215,64,433,722,43,51,1.0,-1,-1,-1
215,65,1864,643,55,62,1.0,-1,-1,-1
216,5,1152,910,407,166,1.0,-1,-1,-1
216,6,974,580,151,76,1.0,-1,-1,-1
216,7,576,799,242,171,1.0,-1,-1,-1
216,13,637,578,108,66,1.0,-1,-1,-1
216,14,1053,701,68,60,1.0,-1,-1,-1
216,15,558,593,87,59,1.0,-1,-1,-1
216,16,1886,815,34,93,1.0,-1,-1,-1
216,17,412,621,28,40,1.0,-1,-1,-1
216,19,295,588,91,49,1.0,-1,-1,-1
216,20,1822,818,42,90,1.0,-1,-1,-1
216,22,498,599,79,43,1.0,-1,-1,-1
216,23,968,707,63,60,1.0,-1,-1,-1
216,26,737,647,59,55,1.0,-1,-1,-1
216,27,1749,828,50,101,1.0,-1,-1,-1
216,31,1683,790,69,82,1.0,-1,-1,-1
216,34,1282,420,194,95,1.0,-1,-1,-1
216,39,892,713,89,61,1.0,-1,-1,-1
216,43,212,761,171,138,1.0,-1,-1,-1
216,44,683,683,54,47,1.0,-1,-1,-1
216,45,13,931,82,91,1.0,-1,-1,-1
216,46,506,752,48,59,1.0,-1,-1,-1
216,48,228,712,109,72,1.0,-1,-1,-1
216,49,736,713,66,61,1.0,-1,-1,-1
216,51,827,790,74,67,1.0,-1,-1,-1
216,52,1211,514,338,180,1.0,-1,-1,-1
216,53,1073,838,107,94,1.0,-1,-1,-1
216,54,387,709,38,42,1.0,-1,-1,-1
216,56,82,716,90,73,1.0,-1,-1,-1
216,57,69,653,102,82,1.0,-1,-1,-1
216,58,15,652,66,55,1.0,-1,-1,-1
216,59,241,660,30,46,1.0,-1,-1,-1
216,60,1560,636,215,98,1.0,-1,-1,-1
216,62,0,695,64,57,1.0,-1,-1,-1
216,63,1688,511,232,164,1.0,-1,-1,-1
216,64,441,733,42,41,1.0,-1,-1,-1
216,65,1857,628,62,77,1.0,-1,-1,-1
217,5,1162,910,410,166,1.0,-1,-1,-1
217,6,962,580,159,76,1.0,-1,-1,-1
217,7,582,802,244,171,1.0,-1,-1,-1
217,13,634,577,109,67,1.0,-1,-1,-1
217,14,1053,701,68,60,1.0,-1,-1,-1
217,15,556,594,86,57,1.0,-1,-1,-1
217,16,1886,815,34,93,1.0,-1,-1,-1
217,17,411,621,26,40,1.0,-1,-1,-1
217,19,294,589,90,48,1.0,-1,-1,-1
217,20,1821,817,43,92,1.0,-1,-1,-1
217,22,497,598,78,44,1.0,-1,-1,-1
217,23,968,706,63,61,1.0,-1,-1,-1
217,26,737,645,59,56,1.0,-1,-1,-1
217,27,1751,830,49,100,1.0,-1,-1,-1
217,31,1682,786,73,86,1.0,-1,-1,-1
217,34,1282,420,190,95,1.0,-1,-1,-1
217,39,893,706,86,68,1.0,-1,-1,-1
217,43,216,761,172,141,1.0,-1,-1,-1
217,44,683,683,51,47,1.0,-1,-1,-1
217,45,13,932,82,90,1.0,-1,-1,-1
217,46,511,752,49,60,1.0,-1,-1,-1
217,48,231,713,109,75,1.0,-1,-1,-1
217,49,740,707,66,68,1.0,-1,-1,-1
217,51,838,794,77,66,1.0,-1,-1,-1
217,52,1210,514,334,179,1.0,-1,-1,-1
217,53,1088,842,110,92,1.0,-1,-1,-1
217,54,390,712,39,40,1.0,-1,-1,-1
217,56,85,716,90,74,1.0,-1,-1,-1
217,57,60,650,114,84,1.0,-1,-1,-1
217,58,17,653,65,52,1.0,-1,-1,-1
217,59,244,660,31,46,1.0,-1,-1,-1
217,60,1553,638,211,95,1.0,-1,-1,-1
217,62,1,695,65,58,1.0,-1,-1,-1
217,63,1686,516,233,157,1.0,-1,-1,-1
217,64,445,733,46,42,1.0,-1,-1,-1
217,65,1848,629,69,78,1.0,-1,-1,-1
218,5,1176,911,409,165,1.0,-1,-1,-1
218,6,960,579,158,77,1.0,-1,-1,-1
218,7,587,803,245,175,1.0,-1,-1,-1
218,13,632,577,106,66,1.0,-1,-1,-1
218,14,1053,701,68,60,1.0,-1,-1,-1
218,15,555,595,85,57,1.0,-1,-1,-1
218,16,1886,814,34,93,1.0,-1,-1,-1
218,17,409,620,26,40,1.0,-1,-1,-1
218,18,381,568,99,69,1.0,-1,-1,-1
218,19,299,590,84,47,1.0,-1,-1,-1
218,20,1821,817,43,92,1.0,-1,-1,-1
218,22,496,597,78,44,1.0,-1,-1,-1
218,23,968,705,64,62,1.0,-1,-1,-1
218,26,736,643,60,59,1.0,-1,-1,-1
218,27,1751,828,51,102,1.0,-1,-1,-1
218,31,1682,785,74,87,1.0,-1,-1,-1
218,32,810,676,83,79,1.0,-1,-1,-1
218,34,1282,420,195,95,1.0,-1,-1,-1
218,39,894,703,86,70,1.0,-1,-1,-1
218,40,590,554,81,31,1.0,-1,-1,-1
218,43,220,760,173,144,1.0,-1,-1,-1
218,44,683,681,52,49,1.0,-1,-1,-1
218,45,13,932,82,90,1.0,-1,-1,-1
218,46,516,744,49,72,1.0,-1,-1,-1
218,48,233,715,110,72,1.0,-1,-1,-1
218,49,743,699,67,76,1.0,-1,-1,-1
218,51,846,800,80,63,1.0,-1,-1,-1
218,52,1203,513,337,180,1.0,-1,-1,-1
218,53,1101,845,113,91,1.0,-1,-1,-1
218,54,393,711,39,42,1.0,-1,-1,-1
218,56,87,717,91,74,1.0,-1,-1,-1
218,57,75,654,99,83,1.0,-1,-1,-1
218,58,18,653,65,54,1.0,-1,-1,-1
218,59,246,660,32,46,1.0,-1,-1,-1
218,60,1542,638,212,95,1.0,-1,-1,-1
218,62,1,695,66,59,1.0,-1,-1,-1
218,63,1682,514,238,162,1.0,-1,-1,-1
218,64,452,731,43,46,1.0,-1,-1,-1
218,65,1837,646,66,60,1.0,-1,-1,-1
219,5,1176,911,409,165,1.0,-1,-1,-1
219,6,960,579,158,77,1.0,-1,-1,-1
219,7,587,804,245,174,1.0,-1,-1,-1
219,13,632,577,106,66,1.0,-1,-1,-1
219,14,1053,701,68,60,1.0,-1,-1,-1
219,15,555,595,85,57,1.0,-1,-1,-1
219,16,1886,817,33,91,1.0,-1,-1,-1
219,17,409,620,26,40,1.0,-1,-1,-1
219,18,381,568,99,69,1.0,-1,-1,-1
219,19,300,590,83,47,1.0,-1,-1,-1
219,20,1821,817,43,92,1.0,-1,-1,-1
219,22,496,597,78,44,1.0,-1,-1,-1
219,23,968,705,64,62,1.0,-1,-1,-1
219,24,585,628,52,39,1.0,-1,-1,-1
219,26,736,643,60,59,1.0,-1,-1,-1
219,27,1751,827,51,103,1.0,-1,-1,-1
219,31,1682,786,73,86,1.0,-1,-1,-1
219,32,810,676,83,79,1.0,-1,-1,-1
219,33,533,622,36,43,1.0,-1,-1,-1
219,34,1282,420,198,95,1.0,-1,-1,-1
219,39,894,704,85,69,1.0,-1,-1,-1
219,40,590,554,82,31,1.0,-1,-1,-1
219,43,220,760,173,144,1.0,-1,-1,-1
219,44,683,681,52,49,1.0,-1,-1,-1
219,45,13,932,82,90,1.0,-1,-1,-1
219,46,516,744,49,72,1.0,-1,-1,-1
219,48,232,715,111,72,1.0,-1,-1,-1
219,49,743,699,67,76,1.0,-1,-1,-1
219,51,846,800,80,63,1.0,-1,-1,-1
219,52,1204,513,336,180,1.0,-1,-1,-1
219,53,1101,845,113,91,1.0,-1,-1,-1
219,54,393,711,39,42,1.0,-1,-1,-1
219,56,87,717,91,73,1.0,-1,-1,-1
219,57,75,654,99,83,1.0,-1,-1,-1
219,58,18,653,65,54,1.0,-1,-1,-1
219,59,246,660,32,46,1.0,-1,-1,-1
219,60,1542,638,212,95,1.0,-1,-1,-1
219,62,1,695,66,59,1.0,-1,-1,-1
219,63,1683,516,236,162,1.0,-1,-1,-1
219,64,452,731,43,46,1.0,-1,-1,-1
219,65,1837,647,66,59,1.0,-1,-1,-1
220,5,1190,913,411,164,1.0,-1,-1,-1
220,6,969,579,146,77,1.0,-1,-1,-1
220,7,592,806,249,175,1.0,-1,-1,-1
220,13,630,578,106,64,1.0,-1,-1,-1
220,14,1053,702,68,58,1.0,-1,-1,-1
220,15,549,592,89,58,1.0,-1,-1,-1
220,16,1886,813,33,94,1.0,-1,-1,-1
220,17,406,617,27,43,1.0,-1,-1,-1
220,18,378,570,101,68,1.0,-1,-1,-1
220,20,1821,817,43,92,1.0,-1,-1,-1
220,22,493,598,69,43,1.0,-1,-1,-1
220,23,968,707,63,60,1.0,-1,-1,-1
220,26,742,638,55,61,1.0,-1,-1,-1
220,27,1752,828,50,103,1.0,-1,-1,-1
220,31,1682,785,75,87,1.0,-1,-1,-1
220,33,527,622,38,42,1.0,-1,-1,-1
220,34,1282,420,195,95,1.0,-1,-1,-1
220,39,893,701,82,71,1.0,-1,-1,-1
220,40,590,554,76,32,1.0,-1,-1,-1
220,43,222,763,175,144,1.0,-1,-1,-1
220,44,682,681,55,49,1.0,-1,-1,-1
220,45,13,931,82,91,1.0,-1,-1,-1
220,46,520,746,50,70,1.0,-1,-1,-1
220,48,235,715,110,74,1.0,-1,-1,-1
220,49,747,712,67,64,1.0,-1,-1,-1
220,51,858,800,79,65,1.0,-1,-1,-1
220,52,1202,513,334,179,1.0,-1,-1,-1
220,53,1114,848,116,91,1.0,-1,-1,-1
220,54,398,712,38,42,1.0,-1,-1,-1
220,56,88,717,92,75,1.0,-1,-1,-1
220,57,87,656,89,81,1.0,-1,-1,-1
220,58,19,653,66,55,1.0,-1,-1,-1
220,60,1534,638,210,95,1.0,-1,-1,-1
220,62,0,695,69,59,1.0,-1,-1,-1
220,63,1673,517,246,164,1.0,-1,-1,-1
220,64,457,733,45,44,1.0,-1,-1,-1
220,65,1827,653,70,53,1.0,-1,-1,-1
221,5,1202,915,414,161,1.0,-1,-1,-1
221,6,964,580,147,75,1.0,-1,-1,-1
221,7,598,806,249,177,1.0,-1,-1,-1
221,13,628,578,106,64,1.0,-1,-1,-1
221,14,1053,701,68,59,1.0,-1,-1,-1
221,15,550,595,89,55,1.0,-1,-1,-1
221,16,1886,813,33,94,1.0,-1,-1,-1
221,17,403,618,28,41,1.0,-1,-1,-1
221,18,373,570,103,68,1.0,-1,-1,-1
221,20,1821,817,43,92,1.0,-1,-1,-1
221,22,493,598,70,43,1.0,-1,-1,-1
221,23,967,708,66,59,1.0,-1,-1,-1
221,26,740,637,57,63,1.0,-1,-1,-1
221,27,1753,828,50,103,1.0,-1,-1,-1
221,31,1682,787,77,85,1.0,-1,-1,-1
221,34,1282,420,193,95,1.0,-1,-1,-1
221,39,896,703,79,67,1.0,-1,-1,-1
221,43,225,766,178,142,1.0,-1,-1,-1
221,44,682,681,57,49,1.0,-1,-1,-1
221,45,13,933,82,89,1.0,-1,-1,-1
221,46,527,756,50,63,1.0,-1,-1,-1
221,48,236,715,112,75,1.0,-1,-1,-1
221,49,751,726,66,51,1.0,-1,-1,-1
221,51,868,803,81,65,1.0,-1,-1,-1
221,52,1202,513,328,177,1.0,-1,-1,-1
221,53,1130,855,115,84,1.0,-1,-1,-1
221,54,401,712,41,43,1.0,-1,-1,-1
221,56,90,717,91,76,1.0,-1,-1,-1
221,57,84,659,96,77,1.0,-1,-1,-1
221,58,21,655,68,56,1.0,-1,-1,-1
221,60,1524,638,211,95,1.0,-1,-1,-1
221,62,1,697,70,57,1.0,-1,-1,-1
221,63,1668,514,251,168,1.0,-1,-1,-1
221,64,463,734,44,46,1.0,-1,-1,-1
221,65,1815,656,73,51,1.0,-1,-1,-1
222,5,1214,917,418,159,1.0,-1,-1,-1
222,6,964,581,144,74,1.0,-1,-1,-1
222,7,604,808,252,179,1.0,-1,-1,-1
222,13,627,579,103,62,1.0,-1,-1,-1
222,14,1053,702,68,58,1.0,-1,-1,-1
222,15,541,593,96,56,1.0,-1,-1,-1
222,16,1886,813,34,94,1.0,-1,-1,-1
222,17,401,618,29,41,1.0,-1,-1,-1
222,18,377,569,97,69,1.0,-1,-1,-1
222,20,1821,817,44,92,1.0,-1,-1,-1
222,22,491,598,69,43,1.0,-1,-1,-1
222,23,967,708,64,59,1.0,-1,-1,-1
222,26,739,636,58,62,1.0,-1,-1,-1
222,27,1754,829,51,103,1.0,-1,-1,-1
222,31,1682,788,77,84,1.0,-1,-1,-1
222,34,1282,420,196,95,1.0,-1,-1,-1
222,39,895,704,79,67,1.0,-1,-1,-1
222,43,229,766,179,144,1.0,-1,-1,-1
222,44,682,681,59,50,1.0,-1,-1,-1
222,45,13,932,82,90,1.0,-1,-1,-1
222,46,532,751,51,70,1.0,-1,-1,-1
222,48,237,717,115,74,1.0,-1,-1,-1
222,49,753,716,66,62,1.0,-1,-1,-1
222,51,879,804,82,66,1.0,-1,-1,-1
222,52,1202,511,324,178,1.0,-1,-1,-1
222,53,1143,853,119,89,1.0,-1,-1,-1
222,54,404,712,40,44,1.0,-1,-1,-1
222,56,91,717,93,77,1.0,-1,-1,-1
222,57,84,659,98,77,1.0,-1,-1,-1
222,58,23,656,68,55,1.0,-1,-1,-1
222,60,1510,637,216,96,1.0,-1,-1,-1
222,62,1,697,71,59,1.0,-1,-1,-1
222,63,1665,518,254,162,1.0,-1,-1,-1
222,64,470,735,45,45,1.0,-1,-1,-1
222,65,1805,655,73,53,1.0,-1,-1,-1
223,5,1229,920,418,155,1.0,-1,-1,-1
223,6,962,581,143,73,1.0,-1,-1,-1
223,7,610,812,255,176,1.0,-1,-1,-1
223,13,625,579,102,63,1.0,-1,-1,-1
223,14,1053,701,68,59,1.0,-1,-1,-1
223,15,543,593,94,56,1.0,-1,-1,-1
223,16,1886,813,34,94,1.0,-1,-1,-1
223,17,399,621,28,39,1.0,-1,-1,-1
223,18,367,571,107,68,1.0,-1,-1,-1
223,20,1821,817,44,92,1.0,-1,-1,-1
223,22,490,597,73,45,1.0,-1,-1,-1
223,23,967,705,63,62,1.0,-1,-1,-1
223,26,739,635,57,60,1.0,-1,-1,-1
223,27,1755,826,51,107,1.0,-1,-1,-1
223,31,1682,787,79,85,1.0,-1,-1,-1
223,34,1281,420,196,96,1.0,-1,-1,-1
223,39,895,701,77,70,1.0,-1,-1,-1
223,43,232,767,180,146,1.0,-1,-1,-1
223,44,683,670,57,60,1.0,-1,-1,-1
223,45,13,934,81,87,1.0,-1,-1,-1
223,46,536,754,53,69,1.0,-1,-1,-1
223,48,241,716,114,74,1.0,-1,-1,-1
223,49,754,725,69,53,1.0,-1,-1,-1
223,51,888,807,84,66,1.0,-1,-1,-1
223,52,1193,515,327,173,1.0,-1,-1,-1
223,53,1160,852,118,93,1.0,-1,-1,-1
223,54,409,713,40,43,1.0,-1,-1,-1
223,56,93,717,93,78,1.0,-1,-1,-1
223,57,82,645,101,91,1.0,-1,-1,-1
223,58,25,657,67,55,1.0,-1,-1,-1
223,60,1501,637,215,95,1.0,-1,-1,-1
223,62,2,697,72,60,1.0,-1,-1,-1
223,63,1661,515,141,162,1.0,-1,-1,-1
223,64,474,733,46,49,1.0,-1,-1,-1
223,65,1798,651,70,56,1.0,-1,-1,-1
224,5,1243,921,415,155,1.0,-1,-1,-1
224,6,959,583,142,71,1.0,-1,-1,-1
224,7,615,814,258,178,1.0,-1,-1,-1
224,13,622,578,104,63,1.0,-1,-1,-1
224,14,1053,701,68,59,1.0,-1,-1,-1
224,15,501,595,131,56,1.0,-1,-1,-1
224,16,1886,813,34,94,1.0,-1,-1,-1
224,17,397,622,28,38,1.0,-1,-1,-1
224,18,365,570,107,68,1.0,-1,-1,-1
224,20,1821,817,44,92,1.0,-1,-1,-1
224,22,488,598,71,44,1.0,-1,-1,-1
224,23,966,704,64,63,1.0,-1,-1,-1
224,26,740,634,57,63,1.0,-1,-1,-1
224,27,1756,830,50,104,1.0,-1,-1,-1
224,31,1682,786,81,86,1.0,-1,-1,-1
224,34,1280,420,196,95,1.0,-1,-1,-1
224,39,896,699,75,72,1.0,-1,-1,-1
224,43,234,765,183,150,1.0,-1,-1,-1
224,44,682,680,60,51,1.0,-1,-1,-1
224,45,14,933,80,88,1.0,-1,-1,-1
224,46,543,752,54,73,1.0,-1,-1,-1
224,48,242,717,117,73,1.0,-1,-1,-1
224,49,760,713,66,66,1.0,-1,-1,-1
224,51,898,807,88,70,1.0,-1,-1,-1
224,52,1191,513,325,175,1.0,-1,-1,-1
224,53,1175,854,121,93,1.0,-1,-1,-1
224,54,412,712,41,47,1.0,-1,-1,-1
224,56,94,716,95,81,1.0,-1,-1,-1
224,57,84,648,101,90,1.0,-1,-1,-1
224,58,26,656,68,57,1.0,-1,-1,-1
224,60,1494,637,212,95,1.0,-1,-1,-1
224,62,2,698,74,59,1.0,-1,-1,-1
224,63,1657,533,128,147,1.0,-1,-1,-1
224,64,480,735,47,48,1.0,-1,-1,-1
224,65,1788,650,70,57,1.0,-1,-1,-1
225,5,1243,921,415,156,1.0,-1,-1,-1
225,6,956,582,145,71,1.0,-1,-1,-1
225,7,615,814,257,177,1.0,-1,-1,-1
225,13,622,579,105,62,1.0,-1,-1,-1
225,14,1053,700,69,61,1.0,-1,-1,-1
225,15,501,596,132,55,1.0,-1,-1,-1
225,16,1886,813,34,95,1.0,-1,-1,-1
225,18,365,570,107,68,1.0,-1,-1,-1
225,20,1821,816,48,92,1.0,-1,-1,-1
225,22,488,598,73,44,1.0,-1,-1,-1
225,23,964,705,66,62,1.0,-1,-1,-1
225,27,1756,827,51,107,1.0,-1,-1,-1
225,31,1681,787,86,84,1.0,-1,-1,-1
225,34,1281,420,196,94,1.0,-1,-1,-1
225,39,896,699,73,73,1.0,-1,-1,-1
225,43,234,766,183,148,1.0,-1,-1,-1
225,44,682,683,61,48,1.0,-1,-1,-1
225,45,10,933,85,89,1.0,-1,-1,-1
225,46,544,753,51,72,1.0,-1,-1,-1
225,48,242,716,117,74,1.0,-1,-1,-1
225,49,760,719,67,60,1.0,-1,-1,-1
225,51,898,806,88,70,1.0,-1,-1,-1
225,52,1197,513,319,176,1.0,-1,-1,-1
225,53,1176,853,120,94,1.0,-1,-1,-1
225,54,413,710,40,49,1.0,-1,-1,-1
225,56,93,714,96,82,1.0,-1,-1,-1
225,57,85,651,100,89,1.0,-1,-1,-1
225,58,27,656,67,57,1.0,-1,-1,-1
225,60,1493,637,213,95,1.0,-1,-1,-1
225,62,1,698,75,59,1.0,-1,-1,-1
225,63,1655,524,134,154,1.0,-1,-1,-1
225,64,481,734,46,49,1.0,-1,-1,-1
225,65,1783,652,75,57,1.0,-1,-1,-1
226,5,1254,922,417,154,1.0,-1,-1,-1
226,6,956,582,141,72,1.0,-1,-1,-1
226,7,621,815,259,178,1.0,-1,-1,-1
226,13,619,580,103,60,1.0,-1,-1,-1
226,14,1053,700,69,61,1.0,-1,-1,-1
226,15,548,592,84,57,1.0,-1,-1,-1
226,16,1886,813,34,95,1.0,-1,-1,-1
226,20,1822,816,47,92,1.0,-1,-1,-1
226,22,488,599,70,44,1.0,-1,-1,-1
226,23,926,709,108,59,1.0,-1,-1,-1
226,31,1681,787,87,85,1.0,-1,-1,-1
226,34,1281,420,192,95,1.0,-1,-1,-1
226,39,891,712,101,62,1.0,-1,-1,-1
226,43,238,771,183,146,1.0,-1,-1,-1
226,44,682,682,66,49,1.0,-1,-1,-1
226,45,10,934,85,88,1.0,-1,-1,-1
226,46,548,751,56,75,1.0,-1,-1,-1
226,48,246,718,117,71,1.0,-1,-1,-1
226,49,764,724,68,57,1.0,-1,-1,-1
226,51,912,808,84,72,1.0,-1,-1,-1
226,52,1197,513,317,176,1.0,-1,-1,-1
226,53,1190,854,123,96,1.0,-1,-1,-1
226,54,416,710,41,49,1.0,-1,-1,-1
226,56,96,712,96,85,1.0,-1,-1,-1
226,57,83,649,104,90,1.0,-1,-1,-1
226,58,28,655,69,58,1.0,-1,-1,-1
226,59,268,660,32,49,1.0,-1,-1,-1
226,60,1485,638,213,95,1.0,-1,-1,-1
226,62,4,699,73,59,1.0,-1,-1,-1
226,63,1653,516,266,170,1.0,-1,-1,-1
226,64,486,735,47,51,1.0,-1,-1,-1
226,65,1773,646,76,62,1.0,-1,-1,-1
227,5,1272,924,412,151,1.0,-1,-1,-1
227,6,956,582,139,71,1.0,-1,-1,-1
227,7,627,818,262,179,1.0,-1,-1,-1
227,13,617,579,104,61,1.0,-1,-1,-1
227,14,1053,701,68,60,1.0,-1,-1,-1
227,15,545,592,86,60,1.0,-1,-1,-1
227,16,1886,813,34,95,1.0,-1,-1,-1
227,20,1823,810,48,98,1.0,-1,-1,-1
227,22,488,600,69,44,1.0,-1,-1,-1
227,23,968,707,64,60,1.0,-1,-1,-1
227,31,1681,787,89,85,1.0,-1,-1,-1
227,34,1281,420,195,95,1.0,-1,-1,-1
227,39,894,710,83,64,1.0,-1,-1,-1
227,43,242,772,185,147,1.0,-1,-1,-1
227,44,681,683,68,48,1.0,-1,-1,-1
227,45,10,934,85,88,1.0,-1,-1,-1
227,46,553,754,56,75,1.0,-1,-1,-1
227,48,248,719,116,72,1.0,-1,-1,-1
227,49,767,728,67,52,1.0,-1,-1,-1
227,51,922,810,87,73,1.0,-1,-1,-1
227,52,1185,514,323,174,1.0,-1,-1,-1
227,53,1206,854,123,100,1.0,-1,-1,-1
227,54,421,710,41,50,1.0,-1,-1,-1
227,56,98,719,96,79,1.0,-1,-1,-1
227,57,84,651,105,88,1.0,-1,-1,-1
227,58,30,656,68,58,1.0,-1,-1,-1
227,59,272,662,31,48,1.0,-1,-1,-1
227,60,1476,638,210,95,1.0,-1,-1,-1
227,62,3,699,76,59,1.0,-1,-1,-1
227,63,1653,515,266,172,1.0,-1,-1,-1
227,64,493,736,46,47,1.0,-1,-1,-1
227,65,1764,650,78,58,1.0,-1,-1,-1
228,5,1286,925,413,151,1.0,-1,-1,-1
228,6,956,582,134,71,1.0,-1,-1,-1
228,7,632,818,266,182,1.0,-1,-1,-1
228,13,616,579,103,60,1.0,-1,-1,-1
228,14,1053,701,69,60,1.0,-1,-1,-1
228,15,549,600,80,59,1.0,-1,-1,-1
228,16,1886,814,34,95,1.0,-1,-1,-1
228,20,1822,815,47,93,1.0,-1,-1,-1
228,22,488,600,75,44,1.0,-1,-1,-1
228,23,969,708,66,59,1.0,-1,-1,-1
228,31,1683,776,87,95,1.0,-1,-1,-1
228,34,1281,420,198,95,1.0,-1,-1,-1
228,39,895,712,76,63,1.0,-1,-1,-1
228,43,245,772,187,149,1.0,-1,-1,-1
228,44,682,683,66,48,1.0,-1,-1,-1
228,45,10,933,85,89,1.0,-1,-1,-1
228,46,559,751,56,79,1.0,-1,-1,-1
228,48,252,720,116,70,1.0,-1,-1,-1
228,49,770,726,68,55,1.0,-1,-1,-1
228,51,935,813,86,73,1.0,-1,-1,-1
228,52,1176,514,329,174,1.0,-1,-1,-1
228,53,1222,854,124,99,1.0,-1,-1,-1
228,54,425,713,40,47,1.0,-1,-1,-1
228,56,100,712,96,87,1.0,-1,-1,-1
228,57,90,656,102,85,1.0,-1,-1,-1
228,58,34,654,71,58,1.0,-1,-1,-1
228,59,275,662,32,50,1.0,-1,-1,-1
228,60,1465,637,213,95,1.0,-1,-1,-1
228,62,8,702,73,56,1.0,-1,-1,-1
228,63,1640,517,279,170,1.0,-1,-1,-1
228,64,499,731,45,52,1.0,-1,-1,-1
228,65,1755,651,74,57,1.0,-1,-1,-1
229,5,1298,927,423,149,1.0,-1,-1,-1
229,6,950,580,138,73,1.0,-1,-1,-1
229,7,638,821,268,181,1.0,-1,-1,-1
229,13,615,579,102,61,1.0,-1,-1,-1
229,14,1053,701,68,60,1.0,-1,-1,-1
229,15,546,594,81,63,1.0,-1,-1,-1
229,16,1887,815,33,93,1.0,-1,-1,-1
229,20,1823,814,45,94,1.0,-1,-1,-1
229,22,485,599,76,42,1.0,-1,-1,-1
229,23,969,707,65,60,1.0,-1,-1,-1
229,27,1763,842,49,94,1.0,-1,-1,-1
229,31,1683,776,89,95,1.0,-1,-1,-1
229,34,1281,420,191,94,1.0,-1,-1,-1
229,39,893,716,87,59,1.0,-1,-1,-1
229,43,247,775,191,149,1.0,-1,-1,-1
229,44,682,682,63,49,1.0,-1,-1,-1
229,45,9,932,86,90,1.0,-1,-1,-1
229,46,566,764,52,67,1.0,-1,-1,-1
229,48,255,722,117,71,1.0,-1,-1,-1
229,49,774,723,67,59,1.0,-1,-1,-1
229,51,945,813,90,76,1.0,-1,-1,-1
229,52,1170,514,331,173,1.0,-1,-1,-1
229,53,1238,856,126,100,1.0,-1,-1,-1
229,54,429,714,41,49,1.0,-1,-1,-1
229,56,102,714,97,87,1.0,-1,-1,-1
229,57,91,657,103,84,1.0,-1,-1,-1
229,58,34,655,69,59,1.0,-1,-1,-1
229,59,279,663,31,50,1.0,-1,-1,-1
229,60,1457,638,211,94,1.0,-1,-1,-1
229,62,10,699,73,60,1.0,-1,-1,-1
229,63,1649,525,269,159,1.0,-1,-1,-1
229,64,505,737,47,50,1.0,-1,-1,-1
229,65,1746,652,75,55,1.0,-1,-1,-1
230,5,1315,927,421,148,1.0,-1,-1,-1
230,6,948,581,137,72,1.0,-1,-1,-1
230,7,645,822,270,184,1.0,-1,-1,-1
230,13,615,579,101,61,1.0,-1,-1,-1
230,14,1052,699,70,62,1.0,-1,-1,-1
230,15,544,591,83,65,1.0,-1,-1,-1
230,16,1885,814,34,84,1.0,-1,-1,-1
230,20,1823,814,46,94,1.0,-1,-1,-1
230,22,483,599,76,44,1.0,-1,-1,-1
230,23,969,704,67,63,1.0,-1,-1,-1
230,27,1767,842,47,95,1.0,-1,-1,-1
230,31,1683,775,89,96,1.0,-1,-1,-1
230,34,1281,420,191,94,1.0,-1,-1,-1
230,39,891,716,103,59,1.0,-1,-1,-1
230,43,251,776,192,153,1.0,-1,-1,-1
230,44,682,682,66,50,1.0,-1,-1,-1
230,45,10,932,85,90,1.0,-1,-1,-1
230,46,570,755,55,78,1.0,-1,-1,-1
230,48,256,722,120,73,1.0,-1,-1,-1
230,49,777,721,67,61,1.0,-1,-1,-1
230,51,959,813,87,76,1.0,-1,-1,-1
230,52,1171,514,325,172,1.0,-1,-1,-1
230,53,1254,859,126,97,1.0,-1,-1,-1
230,54,432,712,43,52,1.0,-1,-1,-1
230,56,104,720,98,81,1.0,-1,-1,-1
230,57,93,658,104,83,1.0,-1,-1,-1
230,58,37,654,65,60,1.0,-1,-1,-1
230,59,284,663,29,50,1.0,-1,-1,-1
230,60,1446,639,212,92,1.0,-1,-1,-1
230,62,16,702,68,58,1.0,-1,-1,-1
230,63,1633,526,286,153,1.0,-1,-1,-1
230,64,511,741,45,49,1.0,-1,-1,-1
230,65,1737,649,75,57,1.0,-1,-1,-1
231,5,1315,927,421,149,1.0,-1,-1,-1
231,6,949,581,136,72,1.0,-1,-1,-1
231,7,645,822,270,184,1.0,-1,-1,-1
231,13,615,578,101,62,1.0,-1,-1,-1
231,14,1052,700,70,61,1.0,-1,-1,-1
231,15,544,591,83,65,1.0,-1,-1,-1
231,16,1886,814,33,84,1.0,-1,-1,-1
231,18,366,571,100,63,1.0,-1,-1,-1
231,20,1823,814,46,94,1.0,-1,-1,-1
231,22,484,599,75,44,1.0,-1,-1,-1
231,23,969,704,67,63,1.0,-1,-1,-1
231,27,1767,842,47,95,1.0,-1,-1,-1
231,31,1683,775,89,96,1.0,-1,-1,-1
231,34,1281,420,188,94,1.0,-1,-1,-1
231,39,891,717,104,58,1.0,-1,-1,-1
231,43,251,777,192,151,1.0,-1,-1,-1
231,44,682,682,65,50,1.0,-1,-1,-1
231,45,10,932,85,90,1.0,-1,-1,-1
231,46,570,755,55,78,1.0,-1,-1,-1
231,48,256,722,120,73,1.0,-1,-1,-1
231,49,777,722,67,60,1.0,-1,-1,-1
231,51,959,813,87,76,1.0,-1,-1,-1
231,52,1171,514,325,172,1.0,-1,-1,-1
231,53,1254,858,126,99,1.0,-1,-1,-1
231,54,432,712,43,52,1.0,-1,-1,-1
231,56,104,720,98,81,1.0,-1,-1,-1
231,57,93,658,104,83,1.0,-1,-1,-1
231,58,37,654,65,60,1.0,-1,-1,-1
231,59,283,663,30,50,1.0,-1,-1,-1
231,60,1446,639,212,92,1.0,-1,-1,-1
231,62,15,702,69,58,1.0,-1,-1,-1
231,63,1633,526,286,152,1.0,-1,-1,-1
231,64,511,741,45,48,1.0,-1,-1,-1
231,65,1736,649,76,58,1.0,-1,-1,-1
232,5,1330,930,426,147,1.0,-1,-1,-1
232,6,952,583,129,69,1.0,-1,-1,-1
232,7,651,824,272,184,1.0,-1,-1,-1
232,13,611,578,101,62,1.0,-1,-1,-1
232,14,1052,700,70,61,1.0,-1,-1,-1
232,15,541,591,85,67,1.0,-1,-1,-1
232,16,1886,815,34,87,1.0,-1,-1,-1
232,17,384,618,25,40,1.0,-1,-1,-1
232,18,365,571,99,63,1.0,-1,-1,-1
232,20,1824,808,47,101,1.0,-1,-1,-1
232,22,481,599,78,49,1.0,-1,-1,-1
232,23,969,704,70,64,1.0,-1,-1,-1
232,27,1770,846,46,92,1.0,-1,-1,-1
232,31,1683,775,90,96,1.0,-1,-1,-1
232,34,1281,420,191,94,1.0,-1,-1,-1
232,39,891,716,103,59,1.0,-1,-1,-1
232,43,255,778,192,152,1.0,-1,-1,-1
232,44,682,682,66,50,1.0,-1,-1,-1
232,45,10,931,85,91,1.0,-1,-1,-1
232,46,575,758,57,77,1.0,-1,-1,-1
232,48,258,721,121,76,1.0,-1,-1,-1
232,49,780,710,68,73,1.0,-1,-1,-1
232,51,969,818,92,76,1.0,-1,-1,-1
232,52,1178,514,314,173,1.0,-1,-1,-1
232,53,1272,861,127,96,1.0,-1,-1,-1
232,54,436,716,43,49,1.0,-1,-1,-1
232,56,106,717,100,85,1.0,-1,-1,-1
232,57,102,659,97,84,1.0,-1,-1,-1
232,58,39,655,69,61,1.0,-1,-1,-1
232,59,286,661,30,51,1.0,-1,-1,-1
232,60,1438,639,210,92,1.0,-1,-1,-1
232,62,15,702,71,60,1.0,-1,-1,-1
232,63,1625,520,294,167,1.0,-1,-1,-1
232,64,517,735,49,55,1.0,-1,-1,-1
232,65,1727,652,77,55,1.0,-1,-1,-1
233,5,1344,930,430,146,1.0,-1,-1,-1
233,6,951,582,126,70,1.0,-1,-1,-1
233,7,656,825,275,188,1.0,-1,-1,-1
233,13,610,578,99,62,1.0,-1,-1,-1
233,14,1052,700,70,61,1.0,-1,-1,-1
233,15,539,592,85,66,1.0,-1,-1,-1
233,16,1886,815,33,85,1.0,-1,-1,-1
233,17,381,619,27,38,1.0,-1,-1,-1
233,18,367,571,96,63,1.0,-1,-1,-1
233,20,1823,808,48,100,1.0,-1,-1,-1
233,23,968,704,69,64,1.0,-1,-1,-1
233,27,1768,846,50,92,1.0,-1,-1,-1
233,31,1683,776,90,95,1.0,-1,-1,-1
233,34,1281,420,191,94,1.0,-1,-1,-1
233,39,892,717,93,57,1.0,-1,-1,-1
233,43,259,778,194,156,1.0,-1,-1,-1
233,44,681,682,69,50,1.0,-1,-1,-1
233,45,10,929,85,93,1.0,-1,-1,-1
233,46,583,765,56,72,1.0,-1,-1,-1
233,48,260,722,123,77,1.0,-1,-1,-1
233,49,785,713,66,70,1.0,-1,-1,-1
233,51,984,822,90,75,1.0,-1,-1,-1
233,52,1173,515,313,171,1.0,-1,-1,-1
233,53,1290,871,126,91,1.0,-1,-1,-1
233,54,440,717,42,48,1.0,-1,-1,-1
233,56,108,724,100,80,1.0,-1,-1,-1
233,57,100,660,102,84,1.0,-1,-1,-1
233,58,39,655,71,62,1.0,-1,-1,-1
233,59,291,668,29,48,1.0,-1,-1,-1
233,60,1430,640,208,91,1.0,-1,-1,-1
233,62,18,703,70,59,1.0,-1,-1,-1
233,63,1617,523,302,165,1.0,-1,-1,-1
233,64,523,729,47,63,1.0,-1,-1,-1
233,65,1719,649,76,58,1.0,-1,-1,-1
234,5,1361,933,429,143,1.0,-1,-1,-1
234,6,949,583,122,69,1.0,-1,-1,-1
234,7,661,826,280,189,1.0,-1,-1,-1
234,13,608,578,100,61,1.0,-1,-1,-1
234,14,1052,699,70,62,1.0,-1,-1,-1
234,15,538,592,84,63,1.0,-1,-1,-1
234,16,1886,815,34,84,1.0,-1,-1,-1
234,17,378,617,28,41,1.0,-1,-1,-1
234,18,366,571,95,64,1.0,-1,-1,-1
234,20,1822,812,48,97,1.0,-1,-1,-1
234,23,967,706,68,62,1.0,-1,-1,-1
234,31,1681,787,90,85,1.0,-1,-1,-1
234,34,1281,420,190,94,1.0,-1,-1,-1
234,39,894,715,70,59,1.0,-1,-1,-1
234,43,261,778,198,157,1.0,-1,-1,-1
234,44,681,683,69,49,1.0,-1,-1,-1
234,45,10,929,85,93,1.0,-1,-1,-1
234,46,588,752,56,88,1.0,-1,-1,-1
234,48,263,723,123,76,1.0,-1,-1,-1
234,49,789,722,65,62,1.0,-1,-1,-1
234,51,994,814,92,84,1.0,-1,-1,-1
234,52,1159,515,324,171,1.0,-1,-1,-1
234,53,1306,866,128,94,1.0,-1,-1,-1
234,54,444,716,42,50,1.0,-1,-1,-1
234,56,110,726,100,79,1.0,-1,-1,-1
234,57,101,661,103,84,1.0,-1,-1,-1
234,58,42,656,68,61,1.0,-1,-1,-1
234,59,294,666,30,50,1.0,-1,-1,-1
234,60,1422,639,208,91,1.0,-1,-1,-1
234,62,20,705,69,58,1.0,-1,-1,-1
234,63,1617,525,301,164,1.0,-1,-1,-1
234,64,530,738,50,56,1.0,-1,-1,-1
234,65,1710,644,77,64,1.0,-1,-1,-1
235,5,1379,935,427,140,1.0,-1,-1,-1
235,6,949,583,120,69,1.0,-1,-1,-1
235,7,668,826,283,192,1.0,-1,-1,-1
235,13,606,578,100,61,1.0,-1,-1,-1
235,14,1052,700,69,61,1.0,-1,-1,-1
235,15,541,592,80,59,1.0,-1,-1,-1
235,16,1886,815,34,84,1.0,-1,-1,-1
235,17,375,616,29,42,1.0,-1,-1,-1
235,20,1824,808,47,100,1.0,-1,-1,-1
235,23,968,708,68,60,1.0,-1,-1,-1
235,26,731,649,65,52,1.0,-1,-1,-1
235,31,1683,777,89,94,1.0,-1,-1,-1
235,34,1281,420,193,94,1.0,-1,-1,-1
235,39,893,715,70,60,1.0,-1,-1,-1
235,43,268,781,198,155,1.0,-1,-1,-1
235,44,681,683,68,49,1.0,-1,-1,-1
235,45,10,930,85,92,1.0,-1,-1,-1
235,46,593,750,57,92,1.0,-1,-1,-1
235,48,268,723,121,75,1.0,-1,-1,-1
235,49,791,722,67,64,1.0,-1,-1,-1
235,51,1009,825,93,77,1.0,-1,-1,-1
235,52,1163,514,315,171,1.0,-1,-1,-1
235,53,1322,871,131,93,1.0,-1,-1,-1
235,54,451,712,41,56,1.0,-1,-1,-1
235,56,112,723,101,84,1.0,-1,-1,-1
235,57,102,659,104,84,1.0,-1,-1,-1
235,58,43,657,72,61,1.0,-1,-1,-1
235,59,297,664,32,51,1.0,-1,-1,-1
235,60,1413,639,208,91,1.0,-1,-1,-1
235,61,0,698,39,36,1.0,-1,-1,-1
235,62,20,705,71,59,1.0,-1,-1,-1
235,63,1614,525,305,163,1.0,-1,-1,-1
235,64,535,735,53,61,1.0,-1,-1,-1
235,65,1700,651,77,56,1.0,-1,-1,-1
236,5,1392,937,431,138,1.0,-1,-1,-1
236,6,949,582,117,70,1.0,-1,-1,-1
236,7,675,828,285,194,1.0,-1,-1,-1
236,13,604,579,100,61,1.0,-1,-1,-1
236,14,1052,699,69,62,1.0,-1,-1,-1
236,15,535,592,84,58,1.0,-1,-1,-1
236,16,1886,815,34,83,1.0,-1,-1,-1
236,17,373,618,29,40,1.0,-1,-1,-1
236,19,284,591,79,45,1.0,-1,-1,-1
236,20,1825,808,46,99,1.0,-1,-1,-1
236,23,969,708,66,60,1.0,-1,-1,-1
236,26,730,651,67,52,1.0,-1,-1,-1
236,31,1681,789,91,83,1.0,-1,-1,-1
236,34,1281,420,204,94,1.0,-1,-1,-1
236,39,892,716,74,58,1.0,-1,-1,-1
236,43,270,782,200,154,1.0,-1,-1,-1
236,44,682,683,67,49,1.0,-1,-1,-1
236,45,9,930,86,92,1.0,-1,-1,-1
236,46,600,768,59,75,1.0,-1,-1,-1
236,48,271,723,120,76,1.0,-1,-1,-1
236,49,794,728,67,58,1.0,-1,-1,-1
236,51,1019,832,96,74,1.0,-1,-1,-1
236,52,1159,515,313,169,1.0,-1,-1,-1
236,53,1342,867,129,98,1.0,-1,-1,-1
236,54,455,709,42,60,1.0,-1,-1,-1
236,56,114,722,101,86,1.0,-1,-1,-1
236,57,104,662,104,83,1.0,-1,-1,-1
236,58,45,656,71,60,1.0,-1,-1,-1
236,59,300,665,32,51,1.0,-1,-1,-1
236,60,1403,638,207,92,1.0,-1,-1,-1
236,61,0,700,41,33,1.0,-1,-1,-1
236,62,21,703,71,61,1.0,-1,-1,-1
236,63,1610,529,309,159,1.0,-1,-1,-1
236,64,543,739,50,58,1.0,-1,-1,-1
236,65,1691,652,77,54,1.0,-1,-1,-1
237,5,1392,937,431,138,1.0,-1,-1,-1
237,6,949,582,117,70,1.0,-1,-1,-1
237,7,675,828,285,194,1.0,-1,-1,-1
237,13,604,579,100,61,1.0,-1,-1,-1
237,14,1052,700,69,61,1.0,-1,-1,-1
237,15,535,592,84,58,1.0,-1,-1,-1
237,16,1886,815,34,88,1.0,-1,-1,-1
237,17,373,618,29,40,1.0,-1,-1,-1
237,19,284,591,79,45,1.0,-1,-1,-1
237,20,1825,808,46,100,1.0,-1,-1,-1
237,23,969,708,66,60,1.0,-1,-1,-1
237,26,730,651,67,52,1.0,-1,-1,-1
237,31,1682,789,90,83,1.0,-1,-1,-1
237,34,1281,420,202,94,1.0,-1,-1,-1
237,39,892,716,73,58,1.0,-1,-1,-1
237,40,588,554,81,31,1.0,-1,-1,-1
237,43,270,782,201,154,1.0,-1,-1,-1
237,44,682,683,67,49,1.0,-1,-1,-1
237,45,9,930,87,92,1.0,-1,-1,-1
237,46,600,768,59,75,1.0,-1,-1,-1
237,48,271,723,120,76,1.0,-1,-1,-1
237,49,794,728,67,58,1.0,-1,-1,-1
237,51,1019,832,96,74,1.0,-1,-1,-1
237,52,1159,515,313,169,1.0,-1,-1,-1
237,53,1342,867,129,98,1.0,-1,-1,-1
237,54,455,709,42,60,1.0,-1,-1,-1
237,56,114,722,101,86,1.0,-1,-1,-1
237,57,104,662,104,83,1.0,-1,-1,-1
237,58,45,656,71,60,1.0,-1,-1,-1
237,59,300,665,32,51,1.0,-1,-1,-1
237,60,1403,638,207,92,1.0,-1,-1,-1
237,61,0,700,41,33,1.0,-1,-1,-1
237,62,21,703,71,61,1.0,-1,-1,-1
237,63,1610,529,309,159,1.0,-1,-1,-1
237,64,543,739,50,58,1.0,-1,-1,-1
237,65,1691,652,77,54,1.0,-1,-1,-1
238,5,1409,941,432,134,1.0,-1,-1,-1
238,6,949,582,114,70,1.0,-1,-1,-1
238,7,681,830,287,196,1.0,-1,-1,-1
238,13,601,579,101,61,1.0,-1,-1,-1
238,14,1052,698,69,63,1.0,-1,-1,-1
238,15,531,591,85,61,1.0,-1,-1,-1
238,16,1886,815,34,88,1.0,-1,-1,-1
238,17,373,617,25,42,1.0,-1,-1,-1
238,18,359,569,98,66,1.0,-1,-1,-1
238,23,969,708,63,60,1.0,-1,-1,-1
238,26,730,645,68,58,1.0,-1,-1,-1
238,31,1684,777,87,94,1.0,-1,-1,-1
238,34,1281,420,206,94,1.0,-1,-1,-1
238,39,891,714,75,60,1.0,-1,-1,-1
238,43,273,785,203,157,1.0,-1,-1,-1
238,44,682,683,68,49,1.0,-1,-1,-1
238,45,9,932,87,90,1.0,-1,-1,-1
238,46,607,766,58,80,1.0,-1,-1,-1
238,48,274,726,122,75,1.0,-1,-1,-1
238,49,799,724,66,64,1.0,-1,-1,-1
238,51,1035,833,94,76,1.0,-1,-1,-1
238,52,1156,515,312,169,1.0,-1,-1,-1
238,53,1360,866,128,100,1.0,-1,-1,-1
238,54,459,714,43,56,1.0,-1,-1,-1
238,56,116,722,101,87,1.0,-1,-1,-1
238,57,107,663,105,85,1.0,-1,-1,-1
238,58,48,656,70,61,1.0,-1,-1,-1
238,59,305,665,30,50,1.0,-1,-1,-1
238,60,1395,636,205,93,1.0,-1,-1,-1
238,61,0,698,38,36,1.0,-1,-1,-1
238,62,22,703,72,62,1.0,-1,-1,-1
238,63,1607,532,312,155,1.0,-1,-1,-1
238,64,550,742,51,57,1.0,-1,-1,-1
238,65,1684,653,74,53,1.0,-1,-1,-1
239,5,1426,941,429,134,1.0,-1,-1,-1
239,6,948,581,111,70,1.0,-1,-1,-1
239,7,687,832,289,197,1.0,-1,-1,-1
239,13,601,578,99,61,1.0,-1,-1,-1
239,14,1052,698,70,63,1.0,-1,-1,-1
239,15,534,591,81,62,1.0,-1,-1,-1
239,16,1886,815,33,88,1.0,-1,-1,-1
239,17,371,618,25,40,1.0,-1,-1,-1
239,18,352,567,105,69,1.0,-1,-1,-1
239,23,970,708,62,60,1.0,-1,-1,-1
239,26,731,645,67,57,1.0,-1,-1,-1
239,31,1683,776,89,95,1.0,-1,-1,-1
239,34,1281,420,205,94,1.0,-1,-1,-1
239,39,890,713,77,61,1.0,-1,-1,-1
239,43,274,787,207,153,1.0,-1,-1,-1
239,44,682,683,68,49,1.0,-1,-1,-1
239,45,9,933,86,89,1.0,-1,-1,-1
239,46,614,780,59,68,1.0,-1,-1,-1
239,48,275,727,125,76,1.0,-1,-1,-1
239,49,801,721,67,66,1.0,-1,-1,-1
239,51,1045,835,98,77,1.0,-1,-1,-1
239,52,1143,516,322,167,1.0,-1,-1,-1
239,53,1376,867,131,100,1.0,-1,-1,-1
239,54,462,709,42,60,1.0,-1,-1,-1
239,56,118,722,102,88,1.0,-1,-1,-1
239,57,106,660,109,90,1.0,-1,-1,-1
239,58,48,656,70,62,1.0,-1,-1,-1
239,59,307,664,29,51,1.0,-1,-1,-1
239,60,1386,636,206,93,1.0,-1,-1,-1
239,61,0,699,38,36,1.0,-1,-1,-1
239,62,23,704,74,63,1.0,-1,-1,-1
239,63,1600,528,318,161,1.0,-1,-1,-1
239,64,557,748,50,53,1.0,-1,-1,-1
239,65,1674,654,74,52,1.0,-1,-1,-1
240,5,1444,944,429,131,1.0,-1,-1,-1
240,6,948,581,107,69,1.0,-1,-1,-1
240,7,693,832,292,199,1.0,-1,-1,-1
240,13,598,578,98,59,1.0,-1,-1,-1
240,14,1053,699,68,62,1.0,-1,-1,-1
240,15,536,591,77,60,1.0,-1,-1,-1
240,16,1886,814,34,91,1.0,-1,-1,-1
240,17,369,619,26,39,1.0,-1,-1,-1
240,18,363,569,92,67,1.0,-1,-1,-1
240,23,970,708,62,60,1.0,-1,-1,-1
240,26,731,645,68,57,1.0,-1,-1,-1
240,31,1684,776,89,95,1.0,-1,-1,-1
240,34,1282,420,202,94,1.0,-1,-1,-1
240,39,890,713,77,61,1.0,-1,-1,-1
240,43,281,789,204,159,1.0,-1,-1,-1
240,44,682,677,73,53,1.0,-1,-1,-1
240,45,9,935,85,87,1.0,-1,-1,-1
240,46,622,785,59,63,1.0,-1,-1,-1
240,48,278,729,125,76,1.0,-1,-1,-1
240,49,803,725,68,63,1.0,-1,-1,-1
240,51,1060,838,99,78,1.0,-1,-1,-1
240,52,1138,516,322,167,1.0,-1,-1,-1
240,53,1395,872,127,97,1.0,-1,-1,-1
240,54,465,727,47,45,1.0,-1,-1,-1
240,56,119,723,104,89,1.0,-1,-1,-1
240,57,116,662,102,89,1.0,-1,-1,-1
240,58,49,656,73,64,1.0,-1,-1,-1
240,59,313,669,30,49,1.0,-1,-1,-1
240,60,1378,636,205,92,1.0,-1,-1,-1
240,61,0,689,39,47,1.0,-1,-1,-1
240,62,25,705,73,62,1.0,-1,-1,-1
240,63,1596,525,323,164,1.0,-1,-1,-1
240,64,564,747,52,56,1.0,-1,-1,-1
240,65,1666,654,75,52,1.0,-1,-1,-1
241,5,1460,945,429,132,1.0,-1,-1,-1
241,6,948,582,104,69,1.0,-1,-1,-1
241,7,701,836,293,198,1.0,-1,-1,-1
241,13,599,578,104,60,1.0,-1,-1,-1
241,14,1053,699,69,62,1.0,-1,-1,-1
241,15,534,592,76,60,1.0,-1,-1,-1
241,16,1886,814,33,91,1.0,-1,-1,-1
241,17,367,619,26,38,1.0,-1,-1,-1
241,18,360,569,95,67,1.0,-1,-1,-1
241,23,971,707,59,60,1.0,-1,-1,-1
241,26,731,646,68,56,1.0,-1,-1,-1
241,31,1684,776,89,95,1.0,-1,-1,-1
241,34,1281,420,207,95,1.0,-1,-1,-1
241,39,890,714,75,59,1.0,-1,-1,-1
241,43,284,789,207,160,1.0,-1,-1,-1
241,44,682,678,74,52,1.0,-1,-1,-1
241,45,9,935,85,87,1.0,-1,-1,-1
241,46,626,789,62,62,1.0,-1,-1,-1
241,48,281,729,125,76,1.0,-1,-1,-1
241,49,807,721,69,68,1.0,-1,-1,-1
241,51,1074,839,101,81,1.0,-1,-1,-1
241,52,1134,516,322,166,1.0,-1,-1,-1
241,53,1415,875,131,96,1.0,-1,-1,-1
241,54,472,728,44,45,1.0,-1,-1,-1
241,56,121,729,105,84,1.0,-1,-1,-1
241,57,111,661,110,91,1.0,-1,-1,-1
241,58,50,656,70,66,1.0,-1,-1,-1
241,59,315,666,31,53,1.0,-1,-1,-1
241,60,1370,636,203,92,1.0,-1,-1,-1
241,61,0,687,40,49,1.0,-1,-1,-1
241,62,27,707,73,60,1.0,-1,-1,-1
241,63,1593,534,326,154,1.0,-1,-1,-1
241,64,571,751,51,52,1.0,-1,-1,-1
241,65,1657,655,76,51,1.0,-1,-1,-1
242,5,1479,946,425,131,1.0,-1,-1,-1
242,6,948,582,101,68,1.0,-1,-1,-1
242,7,707,839,297,198,1.0,-1,-1,-1
242,13,595,577,107,61,1.0,-1,-1,-1
242,14,1052,698,70,63,1.0,-1,-1,-1
242,15,535,592,74,59,1.0,-1,-1,-1
242,16,1885,814,34,90,1.0,-1,-1,-1
242,23,971,706,61,61,1.0,-1,-1,-1
242,26,730,646,67,56,1.0,-1,-1,-1
242,27,1773,845,73,99,1.0,-1,-1,-1
242,31,1684,776,89,95,1.0,-1,-1,-1
242,34,1282,420,204,95,1.0,-1,-1,-1
242,39,890,712,75,61,1.0,-1,-1,-1
242,43,288,790,208,163,1.0,-1,-1,-1
242,44,682,683,70,49,1.0,-1,-1,-1
242,45,9,935,85,87,1.0,-1,-1,-1
242,46,633,789,62,63,1.0,-1,-1,-1
242,48,281,731,127,74,1.0,-1,-1,-1
242,49,807,718,72,71,1.0,-1,-1,-1
242,51,1085,829,103,94,1.0,-1,-1,-1
242,52,1129,515,320,167,1.0,-1,-1,-1
242,53,1431,878,135,96,1.0,-1,-1,-1
242,54,476,710,44,63,1.0,-1,-1,-1
242,56,123,731,106,84,1.0,-1,-1,-1
242,57,112,663,111,87,1.0,-1,-1,-1
242,58,51,656,70,66,1.0,-1,-1,-1
242,59,318,664,32,54,1.0,-1,-1,-1
242,60,1362,635,202,93,1.0,-1,-1,-1
242,61,0,688,46,48,1.0,-1,-1,-1
242,62,28,707,74,60,1.0,-1,-1,-1
242,63,1593,532,326,156,1.0,-1,-1,-1
242,64,578,752,52,51,1.0,-1,-1,-1
242,65,1649,654,74,51,1.0,-1,-1,-1
243,5,1479,946,425,131,1.0,-1,-1,-1
243,6,948,582,101,68,1.0,-1,-1,-1
243,7,707,839,297,198,1.0,-1,-1,-1
243,13,595,577,107,61,1.0,-1,-1,-1
243,14,1053,698,69,63,1.0,-1,-1,-1
243,15,535,591,74,60,1.0,-1,-1,-1
243,16,1885,813,35,92,1.0,-1,-1,-1
243,23,971,706,61,61,1.0,-1,-1,-1
243,26,730,646,67,56,1.0,-1,-1,-1
243,27,1773,845,73,99,1.0,-1,-1,-1
243,31,1684,776,89,95,1.0,-1,-1,-1
243,34,1282,420,203,95,1.0,-1,-1,-1
243,39,891,712,74,61,1.0,-1,-1,-1
243,43,288,790,208,163,1.0,-1,-1,-1
243,44,682,683,70,49,1.0,-1,-1,-1
243,45,10,935,84,87,1.0,-1,-1,-1
243,46,633,789,62,63,1.0,-1,-1,-1
243,48,281,731,127,74,1.0,-1,-1,-1
243,49,807,718,72,71,1.0,-1,-1,-1
243,51,1085,829,103,94,1.0,-1,-1,-1
243,52,1129,516,320,166,1.0,-1,-1,-1
243,53,1431,878,135,96,1.0,-1,-1,-1
243,54,476,710,44,63,1.0,-1,-1,-1
243,56,123,731,106,84,1.0,-1,-1,-1
243,57,112,663,111,87,1.0,-1,-1,-1
243,58,51,656,70,66,1.0,-1,-1,-1
243,59,318,664,32,54,1.0,-1,-1,-1
243,60,1362,635,202,93,1.0,-1,-1,-1
243,61,0,688,46,48,1.0,-1,-1,-1
243,62,28,707,74,60,1.0,-1,-1,-1
243,63,1592,532,327,156,1.0,-1,-1,-1
243,64,578,752,52,51,1.0,-1,-1,-1
243,65,1649,654,74,51,1.0,-1,-1,-1
244,5,1494,948,423,126,1.0,-1,-1,-1
244,6,947,580,99,69,1.0,-1,-1,-1
244,7,714,841,300,199,1.0,-1,-1,-1
244,13,593,578,103,59,1.0,-1,-1,-1
244,14,1053,697,69,64,1.0,-1,-1,-1
244,15,526,594,81,58,1.0,-1,-1,-1
244,16,1885,813,34,90,1.0,-1,-1,-1
244,22,459,595,79,58,1.0,-1,-1,-1
244,23,971,706,61,61,1.0,-1,-1,-1
244,26,733,645,63,56,1.0,-1,-1,-1
244,27,1772,848,74,98,1.0,-1,-1,-1
244,31,1684,776,89,95,1.0,-1,-1,-1
244,34,1282,420,203,94,1.0,-1,-1,-1
244,39,892,711,73,62,1.0,-1,-1,-1
244,43,291,794,211,161,1.0,-1,-1,-1
244,44,682,682,69,50,1.0,-1,-1,-1
244,45,9,935,85,87,1.0,-1,-1,-1
244,46,639,783,63,71,1.0,-1,-1,-1
244,48,285,731,127,75,1.0,-1,-1,-1
244,49,808,715,76,75,1.0,-1,-1,-1
244,51,1102,840,102,87,1.0,-1,-1,-1
244,52,1126,516,321,166,1.0,-1,-1,-1
244,53,1450,883,137,95,1.0,-1,-1,-1
244,54,481,714,45,61,1.0,-1,-1,-1
244,56,125,728,107,88,1.0,-1,-1,-1
244,57,116,664,110,88,1.0,-1,-1,-1
244,58,54,655,70,69,1.0,-1,-1,-1
244,59,322,665,32,54,1.0,-1,-1,-1
244,60,1354,633,200,94,1.0,-1,-1,-1
244,61,0,689,47,47,1.0,-1,-1,-1
244,62,28,706,75,62,1.0,-1,-1,-1
244,63,1578,527,341,161,1.0,-1,-1,-1
244,64,586,751,52,54,1.0,-1,-1,-1
244,65,1640,653,74,52,1.0,-1,-1,-1
245,5,1513,950,405,124,1.0,-1,-1,-1
245,6,947,579,95,71,1.0,-1,-1,-1
245,7,721,843,302,200,1.0,-1,-1,-1
245,13,592,578,99,59,1.0,-1,-1,-1
245,14,1053,697,69,64,1.0,-1,-1,-1
245,15,525,592,81,60,1.0,-1,-1,-1
245,16,1886,813,34,95,1.0,-1,-1,-1
245,23,971,707,61,60,1.0,-1,-1,-1
245,26,732,645,64,56,1.0,-1,-1,-1
245,27,1777,854,72,92,1.0,-1,-1,-1
245,31,1684,783,91,89,1.0,-1,-1,-1
245,34,1282,420,204,94,1.0,-1,-1,-1
245,39,890,711,76,61,1.0,-1,-1,-1
245,43,294,794,214,165,1.0,-1,-1,-1
245,44,683,669,73,62,1.0,-1,-1,-1
245,45,9,935,85,87,1.0,-1,-1,-1
245,46,647,792,62,64,1.0,-1,-1,-1
245,48,289,730,127,78,1.0,-1,-1,-1
245,49,811,715,76,75,1.0,-1,-1,-1
245,51,1114,845,106,85,1.0,-1,-1,-1
245,52,1124,517,317,165,1.0,-1,-1,-1
245,53,1470,883,134,98,1.0,-1,-1,-1
245,54,485,730,46,47,1.0,-1,-1,-1
245,56,127,730,109,87,1.0,-1,-1,-1
245,57,116,663,114,90,1.0,-1,-1,-1
245,58,57,658,72,66,1.0,-1,-1,-1
245,59,326,666,32,52,1.0,-1,-1,-1
245,60,1346,633,200,93,1.0,-1,-1,-1
245,61,0,689,55,48,1.0,-1,-1,-1
245,62,28,708,78,62,1.0,-1,-1,-1
245,63,1572,530,346,158,1.0,-1,-1,-1
245,64,593,752,50,56,1.0,-1,-1,-1
245,65,1633,656,73,50,1.0,-1,-1,-1
246,5,1535,951,383,124,1.0,-1,-1,-1
246,6,948,579,89,70,1.0,-1,-1,-1
246,7,728,844,306,200,1.0,-1,-1,-1
246,13,588,578,99,59,1.0,-1,-1,-1
246,14,1053,697,69,64,1.0,-1,-1,-1
246,15,525,593,79,58,1.0,-1,-1,-1
246,16,1886,813,34,96,1.0,-1,-1,-1
246,18,360,569,88,66,1.0,-1,-1,-1
246,23,970,706,65,62,1.0,-1,-1,-1
246,26,731,645,65,56,1.0,-1,-1,-1
246,31,1684,783,91,89,1.0,-1,-1,-1
246,34,1282,421,194,92,1.0,-1,-1,-1
246,43,298,795,216,165,1.0,-1,-1,-1
246,44,683,668,74,64,1.0,-1,-1,-1
246,45,9,935,85,87,1.0,-1,-1,-1
246,46,654,794,63,64,1.0,-1,-1,-1
246,48,292,732,128,77,1.0,-1,-1,-1
246,49,818,718,73,72,1.0,-1,-1,-1
246,51,1129,837,106,97,1.0,-1,-1,-1
246,52,1119,517,320,165,1.0,-1,-1,-1
246,53,1490,878,132,105,1.0,-1,-1,-1
246,54,489,730,48,49,1.0,-1,-1,-1
246,56,130,734,108,84,1.0,-1,-1,-1
246,57,115,662,117,90,1.0,-1,-1,-1
246,58,58,656,70,69,1.0,-1,-1,-1
246,59,329,667,31,52,1.0,-1,-1,-1
246,60,1338,633,199,94,1.0,-1,-1,-1
246,61,0,688,57,51,1.0,-1,-1,-1
246,62,30,711,77,59,1.0,-1,-1,-1
246,63,1569,532,349,156,1.0,-1,-1,-1
246,64,601,754,52,55,1.0,-1,-1,-1
246,65,1622,654,76,51,1.0,-1,-1,-1
247,5,1553,951,365,124,1.0,-1,-1,-1
247,6,948,580,86,69,1.0,-1,-1,-1
247,7,735,845,308,202,1.0,-1,-1,-1
247,13,586,578,98,58,1.0,-1,-1,-1
247,14,1053,697,69,64,1.0,-1,-1,-1
247,15,518,592,86,59,1.0,-1,-1,-1
247,16,1886,813,33,96,1.0,-1,-1,-1
247,18,365,569,81,66,1.0,-1,-1,-1
247,23,970,706,64,62,1.0,-1,-1,-1
247,26,732,643,64,58,1.0,-1,-1,-1
247,31,1684,783,90,89,1.0,-1,-1,-1
247,34,1283,420,190,94,1.0,-1,-1,-1
247,43,301,795,219,169,1.0,-1,-1,-1
247,44,682,682,71,51,1.0,-1,-1,-1
247,45,9,936,85,86,1.0,-1,-1,-1
247,46,658,782,67,79,1.0,-1,-1,-1
247,48,294,732,131,77,1.0,-1,-1,-1
247,49,822,720,72,71,1.0,-1,-1,-1
247,51,1144,846,107,90,1.0,-1,-1,-1
247,52,1115,516,320,165,1.0,-1,-1,-1
247,53,1509,903,133,82,1.0,-1,-1,-1
247,54,494,728,48,52,1.0,-1,-1,-1
247,56,131,733,110,87,1.0,-1,-1,-1
247,57,128,662,106,92,1.0,-1,-1,-1
247,58,59,657,71,67,1.0,-1,-1,-1
247,59,332,668,33,54,1.0,-1,-1,-1
247,60,1330,632,198,93,1.0,-1,-1,-1
247,61,0,687,50,52,1.0,-1,-1,-1
247,62,31,709,78,63,1.0,-1,-1,-1
247,63,1566,531,352,158,1.0,-1,-1,-1
247,64,608,752,50,59,1.0,-1,-1,-1
247,65,1615,653,75,52,1.0,-1,-1,-1
247,67,0,635,35,59,1.0,-1,-1,-1
248,5,1567,952,349,124,1.0,-1,-1,-1
248,6,949,580,81,68,1.0,-1,-1,-1
248,7,741,848,311,203,1.0,-1,-1,-1
248,13,586,578,96,54,1.0,-1,-1,-1
248,14,1053,697,69,64,1.0,-1,-1,-1
248,15,520,593,82,59,1.0,-1,-1,-1
248,16,1886,813,34,97,1.0,-1,-1,-1
248,18,363,569,82,67,1.0,-1,-1,-1
248,23,970,707,64,61,1.0,-1,-1,-1
248,26,732,644,65,58,1.0,-1,-1,-1
248,31,1683,783,92,89,1.0,-1,-1,-1
248,34,1282,421,189,93,1.0,-1,-1,-1
248,43,305,795,220,170,1.0,-1,-1,-1
248,44,682,682,70,51,1.0,-1,-1,-1
248,45,9,936,85,86,1.0,-1,-1,-1
248,46,668,796,67,68,1.0,-1,-1,-1
248,48,297,732,131,79,1.0,-1,-1,-1
248,49,826,723,72,68,1.0,-1,-1,-1
248,50,653,614,49,35,1.0,-1,-1,-1
248,51,1159,857,107,82,1.0,-1,-1,-1
248,52,1112,516,318,165,1.0,-1,-1,-1
248,53,1528,889,135,97,1.0,-1,-1,-1
248,54,498,728,48,52,1.0,-1,-1,-1
248,56,133,732,111,89,1.0,-1,-1,-1
248,57,125,663,112,92,1.0,-1,-1,-1
248,58,60,656,72,69,1.0,-1,-1,-1
248,59,336,671,34,52,1.0,-1,-1,-1
248,60,1320,633,198,90,1.0,-1,-1,-1
248,61,0,688,48,52,1.0,-1,-1,-1
248,62,33,707,79,65,1.0,-1,-1,-1
248,63,1566,530,352,158,1.0,-1,-1,-1
248,64,616,754,49,61,1.0,-1,-1,-1
248,65,1605,655,74,49,1.0,-1,-1,-1
248,67,0,630,34,63,1.0,-1,-1,-1
249,5,1567,952,349,124,1.0,-1,-1,-1
249,6,949,580,81,68,1.0,-1,-1,-1
249,7,741,848,311,203,1.0,-1,-1,-1
249,13,586,578,96,54,1.0,-1,-1,-1
249,14,1053,697,69,64,1.0,-1,-1,-1
249,15,520,593,82,59,1.0,-1,-1,-1
249,16,1885,813,35,97,1.0,-1,-1,-1
249,18,363,569,82,67,1.0,-1,-1,-1
249,23,970,707,64,61,1.0,-1,-1,-1
249,26,732,644,65,58,1.0,-1,-1,-1
249,27,1777,852,85,95,1.0,-1,-1,-1
249,31,1684,783,91,89,1.0,-1,-1,-1
249,34,1282,421,189,93,1.0,-1,-1,-1
249,43,305,795,220,170,1.0,-1,-1,-1
249,44,682,682,70,51,1.0,-1,-1,-1
249,45,9,936,85,86,1.0,-1,-1,-1
249,46,668,796,67,68,1.0,-1,-1,-1
249,48,297,732,131,79,1.0,-1,-1,-1
249,49,826,723,72,68,1.0,-1,-1,-1
249,50,653,614,49,35,1.0,-1,-1,-1
249,51,1159,857,107,82,1.0,-1,-1,-1
249,52,1112,516,318,165,1.0,-1,-1,-1
249,53,1528,889,135,97,1.0,-1,-1,-1
249,54,498,728,48,52,1.0,-1,-1,-1
249,56,133,732,111,89,1.0,-1,-1,-1
249,57,125,663,112,92,1.0,-1,-1,-1
249,58,60,656,72,69,1.0,-1,-1,-1
249,59,336,671,34,52,1.0,-1,-1,-1
249,60,1320,633,198,90,1.0,-1,-1,-1
249,61,0,688,48,52,1.0,-1,-1,-1
249,62,33,707,79,65,1.0,-1,-1,-1
249,63,1566,530,352,158,1.0,-1,-1,-1
249,64,616,754,49,61,1.0,-1,-1,-1
249,65,1605,655,74,49,1.0,-1,-1,-1
249,67,0,630,34,63,1.0,-1,-1,-1
250,5,1590,954,329,121,1.0,-1,-1,-1
250,6,949,581,77,67,1.0,-1,-1,-1
250,7,749,849,311,207,1.0,-1,-1,-1
250,13,585,577,97,59,1.0,-1,-1,-1
250,14,1053,699,68,61,1.0,-1,-1,-1
250,15,517,593,84,59,1.0,-1,-1,-1
250,16,1886,812,33,97,1.0,-1,-1,-1
250,23,970,708,64,59,1.0,-1,-1,-1
250,26,732,645,65,58,1.0,-1,-1,-1
250,27,1778,841,88,106,1.0,-1,-1,-1
250,31,1683,774,90,98,1.0,-1,-1,-1
250,34,1283,420,195,94,1.0,-1,-1,-1
250,43,309,798,222,170,1.0,-1,-1,-1
250,44,682,681,66,50,1.0,-1,-1,-1
250,45,10,934,85,88,1.0,-1,-1,-1
250,46,673,788,69,78,1.0,-1,-1,-1
250,48,299,733,133,79,1.0,-1,-1,-1
250,49,830,725,72,67,1.0,-1,-1,-1
250,50,649,615,49,34,1.0,-1,-1,-1
250,51,1175,844,110,101,1.0,-1,-1,-1
250,52,1109,516,316,165,1.0,-1,-1,-1
250,53,1549,891,136,97,1.0,-1,-1,-1
250,54,504,734,47,47,1.0,-1,-1,-1
250,56,134,733,114,89,1.0,-1,-1,-1
250,57,127,660,112,99,1.0,-1,-1,-1
250,58,62,656,74,69,1.0,-1,-1,-1
250,59,340,670,34,51,1.0,-1,-1,-1
250,60,1313,635,197,88,1.0,-1,-1,-1
250,61,0,687,44,53,1.0,-1,-1,-1
250,62,36,710,77,63,1.0,-1,-1,-1
250,63,1564,528,354,160,1.0,-1,-1,-1
250,64,624,756,53,58,1.0,-1,-1,-1
250,65,1597,651,73,53,1.0,-1,-1,-1
250,67,0,640,37,53,1.0,-1,-1,-1
251,5,1610,955,309,119,1.0,-1,-1,-1
251,6,949,581,73,68,1.0,-1,-1,-1
251,7,756,852,314,206,1.0,-1,-1,-1
251,13,583,577,100,57,1.0,-1,-1,-1
251,14,1053,700,68,60,1.0,-1,-1,-1
251,15,516,593,83,57,1.0,-1,-1,-1
251,16,1886,813,34,96,1.0,-1,-1,-1
251,23,971,708,62,59,1.0,-1,-1,-1
251,26,732,645,64,57,1.0,-1,-1,-1
251,27,1781,843,88,104,1.0,-1,-1,-1
251,31,1684,781,91,91,1.0,-1,-1,-1
251,34,1283,420,200,94,1.0,-1,-1,-1
251,43,313,801,223,170,1.0,-1,-1,-1
251,44,682,681,66,50,1.0,-1,-1,-1
251,45,10,934,85,88,1.0,-1,-1,-1
251,46,680,789,68,80,1.0,-1,-1,-1
251,48,302,732,133,81,1.0,-1,-1,-1
251,49,833,724,76,68,1.0,-1,-1,-1
251,51,1189,854,113,94,1.0,-1,-1,-1
251,52,1106,515,316,166,1.0,-1,-1,-1
251,53,1568,901,135,87,1.0,-1,-1,-1
251,54,508,730,48,54,1.0,-1,-1,-1
251,56,138,734,112,90,1.0,-1,-1,-1
251,57,130,661,111,95,1.0,-1,-1,-1
251,58,61,655,78,71,1.0,-1,-1,-1
251,59,343,668,33,54,1.0,-1,-1,-1
251,60,1307,635,193,87,1.0,-1,-1,-1
251,61,0,688,51,52,1.0,-1,-1,-1
251,62,38,710,77,63,1.0,-1,-1,-1
251,63,1559,525,359,163,1.0,-1,-1,-1
251,64,631,756,51,60,1.0,-1,-1,-1
251,65,1590,654,73,51,1.0,-1,-1,-1
251,67,0,632,36,61,1.0,-1,-1,-1
252,5,1630,956,290,120,1.0,-1,-1,-1
252,6,949,580,70,69,1.0,-1,-1,-1
252,7,762,855,321,206,1.0,-1,-1,-1
252,13,582,577,101,58,1.0,-1,-1,-1
252,14,1053,700,68,60,1.0,-1,-1,-1
252,15,516,593,82,57,1.0,-1,-1,-1
252,16,1886,813,33,96,1.0,-1,-1,-1
252,23,971,708,62,59,1.0,-1,-1,-1
252,26,732,647,65,56,1.0,-1,-1,-1
252,27,1783,855,93,94,1.0,-1,-1,-1
252,31,1684,780,91,92,1.0,-1,-1,-1
252,34,1283,419,203,95,1.0,-1,-1,-1
252,43,318,803,225,171,1.0,-1,-1,-1
252,44,682,681,63,50,1.0,-1,-1,-1
252,45,10,934,85,88,1.0,-1,-1,-1
252,46,689,800,69,72,1.0,-1,-1,-1
252,48,307,734,131,80,1.0,-1,-1,-1
252,49,836,727,77,64,1.0,-1,-1,-1
252,51,1206,855,112,95,1.0,-1,-1,-1
252,52,1102,515,315,164,1.0,-1,-1,-1
252,53,1587,899,135,93,1.0,-1,-1,-1
252,54,512,730,49,54,1.0,-1,-1,-1
252,56,140,734,113,92,1.0,-1,-1,-1
252,57,130,664,113,91,1.0,-1,-1,-1
252,58,63,656,78,69,1.0,-1,-1,-1
252,59,346,668,35,53,1.0,-1,-1,-1
252,60,1297,635,195,87,1.0,-1,-1,-1
252,61,0,688,52,54,1.0,-1,-1,-1
252,62,40,710,76,65,1.0,-1,-1,-1
252,63,1552,524,366,165,1.0,-1,-1,-1
252,64,640,755,51,64,1.0,-1,-1,-1
252,65,1579,655,74,48,1.0,-1,-1,-1
252,67,0,637,40,56,1.0,-1,-1,-1
253,5,1647,957,272,118,1.0,-1,-1,-1
253,6,949,579,66,68,1.0,-1,-1,-1
253,7,768,856,324,208,1.0,-1,-1,-1
253,13,581,577,97,57,1.0,-1,-1,-1
253,14,1053,700,68,60,1.0,-1,-1,-1
253,15,513,592,82,58,1.0,-1,-1,-1
253,16,1886,813,33,96,1.0,-1,-1,-1
253,23,971,709,62,58,1.0,-1,-1,-1
253,26,732,647,65,56,1.0,-1,-1,-1
253,27,1786,853,95,96,1.0,-1,-1,-1
253,31,1683,780,92,93,1.0,-1,-1,-1
253,34,1282,419,204,95,1.0,-1,-1,-1
253,43,322,804,225,173,1.0,-1,-1,-1
253,44,683,682,61,50,1.0,-1,-1,-1
253,45,10,935,85,87,1.0,-1,-1,-1
253,46,696,798,70,75,1.0,-1,-1,-1
253,48,310,734,135,82,1.0,-1,-1,-1
253,49,840,730,76,62,1.0,-1,-1,-1
253,51,1221,850,114,106,1.0,-1,-1,-1
253,52,1098,514,315,161,1.0,-1,-1,-1
253,53,1609,902,134,92,1.0,-1,-1,-1
253,54,517,729,49,56,1.0,-1,-1,-1
253,56,142,735,114,91,1.0,-1,-1,-1
253,57,129,670,117,88,1.0,-1,-1,-1
253,58,64,657,78,68,1.0,-1,-1,-1
253,59,350,668,33,50,1.0,-1,-1,-1
253,60,1288,635,195,87,1.0,-1,-1,-1
253,61,0,689,49,53,1.0,-1,-1,-1
253,62,42,708,77,68,1.0,-1,-1,-1
253,63,1546,528,372,160,1.0,-1,-1,-1
253,64,649,758,54,61,1.0,-1,-1,-1
253,65,1571,655,74,49,1.0,-1,-1,-1
253,67,0,637,42,59,1.0,-1,-1,-1
254,5,1675,957,243,117,1.0,-1,-1,-1
254,6,950,581,61,65,1.0,-1,-1,-1
254,7,776,858,325,209,1.0,-1,-1,-1
254,13,579,578,97,55,1.0,-1,-1,-1
254,14,1052,700,69,60,1.0,-1,-1,-1
254,15,513,592,81,58,1.0,-1,-1,-1
254,16,1885,813,35,96,1.0,-1,-1,-1
254,23,971,708,62,59,1.0,-1,-1,-1
254,26,733,645,64,58,1.0,-1,-1,-1
254,27,1788,853,98,98,1.0,-1,-1,-1
254,31,1684,773,90,98,1.0,-1,-1,-1
254,34,1283,419,200,95,1.0,-1,-1,-1
254,43,325,807,230,173,1.0,-1,-1,-1
254,44,683,682,61,50,1.0,-1,-1,-1
254,45,10,935,85,87,1.0,-1,-1,-1
254,46,702,809,72,67,1.0,-1,-1,-1
254,48,312,738,136,81,1.0,-1,-1,-1
254,49,842,729,77,62,1.0,-1,-1,-1
254,51,1235,866,116,95,1.0,-1,-1,-1
254,52,1093,513,315,160,1.0,-1,-1,-1
254,53,1630,899,132,98,1.0,-1,-1,-1
254,54,524,732,45,54,1.0,-1,-1,-1
254,56,144,736,115,91,1.0,-1,-1,-1
254,57,131,668,118,91,1.0,-1,-1,-1
254,58,67,656,80,71,1.0,-1,-1,-1
254,60,1276,635,199,86,1.0,-1,-1,-1
254,61,0,691,51,52,1.0,-1,-1,-1
254,62,43,708,78,68,1.0,-1,-1,-1
254,63,1539,528,380,161,1.0,-1,-1,-1
254,64,656,757,55,64,1.0,-1,-1,-1
254,65,1562,656,74,47,1.0,-1,-1,-1
254,67,0,635,45,63,1.0,-1,-1,-1
255,5,1676,957,242,117,1.0,-1,-1,-1
255,6,950,581,61,65,1.0,-1,-1,-1
255,7,776,858,325,209,1.0,-1,-1,-1
255,13,579,578,97,55,1.0,-1,-1,-1
255,14,1052,699,69,61,1.0,-1,-1,-1
255,15,513,592,81,59,1.0,-1,-1,-1
255,16,1885,813,35,96,1.0,-1,-1,-1
255,22,446,598,80,43,1.0,-1,-1,-1
255,26,733,645,64,56,1.0,-1,-1,-1
255,27,1788,852,98,99,1.0,-1,-1,-1
255,31,1684,780,91,92,1.0,-1,-1,-1
255,34,1283,420,189,94,1.0,-1,-1,-1
255,43,325,807,230,173,1.0,-1,-1,-1
255,44,683,672,71,58,1.0,-1,-1,-1
255,45,10,935,84,87,1.0,-1,-1,-1
255,46,702,809,72,67,1.0,-1,-1,-1
255,48,312,738,136,81,1.0,-1,-1,-1
255,49,842,728,77,64,1.0,-1,-1,-1
255,50,627,617,56,35,1.0,-1,-1,-1
255,51,1235,866,116,95,1.0,-1,-1,-1
255,52,1093,513,315,160,1.0,-1,-1,-1
255,53,1631,899,131,98,1.0,-1,-1,-1
255,54,524,733,45,54,1.0,-1,-1,-1
255,56,144,736,115,91,1.0,-1,-1,-1
255,57,131,668,118,91,1.0,-1,-1,-1
255,58,68,655,79,71,1.0,-1,-1,-1
255,60,1276,635,199,86,1.0,-1,-1,-1
255,61,0,691,51,52,1.0,-1,-1,-1
255,62,43,709,78,67,1.0,-1,-1,-1
255,63,1539,528,380,161,1.0,-1,-1,-1
255,64,655,757,56,64,1.0,-1,-1,-1
255,65,1562,656,74,47,1.0,-1,-1,-1
255,67,0,635,45,63,1.0,-1,-1,-1
256,5,1696,957,222,117,1.0,-1,-1,-1
256,6,949,576,57,70,1.0,-1,-1,-1
256,7,784,861,327,210,1.0,-1,-1,-1
256,13,577,578,97,52,1.0,-1,-1,-1
256,14,1052,699,69,61,1.0,-1,-1,-1
256,15,513,591,81,59,1.0,-1,-1,-1
256,16,1885,813,35,96,1.0,-1,-1,-1
256,26,736,649,61,54,1.0,-1,-1,-1
256,27,1793,850,101,102,1.0,-1,-1,-1
256,31,1684,776,88,96,1.0,-1,-1,-1
256,34,1283,421,181,92,1.0,-1,-1,-1
256,43,330,807,230,174,1.0,-1,-1,-1
256,44,683,673,75,56,1.0,-1,-1,-1
256,45,10,937,83,85,1.0,-1,-1,-1
256,46,712,804,71,73,1.0,-1,-1,-1
256,48,315,738,138,81,1.0,-1,-1,-1
256,49,845,727,79,65,1.0,-1,-1,-1
256,50,622,616,55,36,1.0,-1,-1,-1
256,51,1254,870,115,92,1.0,-1,-1,-1
256,52,1089,515,315,159,1.0,-1,-1,-1
256,53,1652,908,130,88,1.0,-1,-1,-1
256,54,529,739,48,50,1.0,-1,-1,-1
256,56,147,740,116,88,1.0,-1,-1,-1
256,57,128,666,124,92,1.0,-1,-1,-1
256,58,69,657,78,68,1.0,-1,-1,-1
256,59,359,686,37,41,1.0,-1,-1,-1
256,60,1272,633,195,87,1.0,-1,-1,-1
256,61,0,691,51,52,1.0,-1,-1,-1
256,62,44,710,78,66,1.0,-1,-1,-1
256,63,1531,525,388,164,1.0,-1,-1,-1
256,64,667,773,49,54,1.0,-1,-1,-1
256,65,1554,654,73,50,1.0,-1,-1,-1
256,67,0,637,47,63,1.0,-1,-1,-1
257,5,1709,960,206,114,1.0,-1,-1,-1
257,6,949,576,54,69,1.0,-1,-1,-1
257,7,791,862,330,214,1.0,-1,-1,-1
257,13,577,578,96,54,1.0,-1,-1,-1
257,14,1052,699,69,61,1.0,-1,-1,-1
257,15,510,591,81,59,1.0,-1,-1,-1
257,16,1885,813,35,96,1.0,-1,-1,-1
257,26,736,649,61,53,1.0,-1,-1,-1
257,27,1793,851,108,99,1.0,-1,-1,-1
257,31,1683,781,92,89,1.0,-1,-1,-1
257,34,1283,421,184,93,1.0,-1,-1,-1
257,43,331,810,236,173,1.0,-1,-1,-1
257,44,684,679,71,52,1.0,-1,-1,-1
257,45,10,937,83,85,1.0,-1,-1,-1
257,46,717,804,74,75,1.0,-1,-1,-1
257,48,316,738,142,82,1.0,-1,-1,-1
257,49,848,730,78,61,1.0,-1,-1,-1
257,50,619,617,53,34,1.0,-1,-1,-1
257,51,1271,870,116,95,1.0,-1,-1,-1
257,52,1086,513,315,159,1.0,-1,-1,-1
257,53,1672,912,132,84,1.0,-1,-1,-1
257,54,533,723,49,67,1.0,-1,-1,-1
257,56,150,742,116,87,1.0,-1,-1,-1
257,57,127,665,127,92,1.0,-1,-1,-1
257,58,70,655,80,69,1.0,-1,-1,-1
257,60,1263,635,195,85,1.0,-1,-1,-1
257,61,0,691,52,52,1.0,-1,-1,-1
257,62,45,710,79,67,1.0,-1,-1,-1
257,63,1526,524,394,165,1.0,-1,-1,-1
257,64,674,749,51,79,1.0,-1,-1,-1
257,65,1546,652,73,51,1.0,-1,-1,-1
257,67,0,638,50,62,1.0,-1,-1,-1
258,5,1724,961,194,114,1.0,-1,-1,-1
258,6,950,579,50,63,1.0,-1,-1,-1
258,7,798,864,336,213,1.0,-1,-1,-1
258,13,574,577,97,55,1.0,-1,-1,-1
258,14,1052,699,69,61,1.0,-1,-1,-1
258,15,509,591,80,58,1.0,-1,-1,-1
258,16,1886,812,34,97,1.0,-1,-1,-1
258,18,344,573,96,62,1.0,-1,-1,-1
258,26,735,648,62,55,1.0,-1,-1,-1
258,27,1796,851,108,102,1.0,-1,-1,-1
258,31,1684,783,90,87,1.0,-1,-1,-1
258,34,1283,420,188,94,1.0,-1,-1,-1
258,43,335,811,237,176,1.0,-1,-1,-1
258,44,682,685,73,46,1.0,-1,-1,-1
258,45,10,937,84,85,1.0,-1,-1,-1
258,46,727,806,73,75,1.0,-1,-1,-1
258,48,320,739,141,82,1.0,-1,-1,-1
258,49,852,731,81,61,1.0,-1,-1,-1
258,50,615,616,53,35,1.0,-1,-1,-1
258,51,1285,884,120,84,1.0,-1,-1,-1
258,52,1083,515,310,157,1.0,-1,-1,-1
258,53,1692,918,135,83,1.0,-1,-1,-1
258,54,538,735,48,55,1.0,-1,-1,-1
258,56,153,743,115,89,1.0,-1,-1,-1
258,57,130,665,126,93,1.0,-1,-1,-1
258,58,72,655,80,71,1.0,-1,-1,-1
258,60,1256,633,193,86,1.0,-1,-1,-1
258,61,0,691,53,53,1.0,-1,-1,-1
258,62,47,709,79,68,1.0,-1,-1,-1
258,63,1523,523,397,165,1.0,-1,-1,-1
258,64,684,772,50,58,1.0,-1,-1,-1
258,65,1538,655,74,48,1.0,-1,-1,-1
258,67,0,637,52,64,1.0,-1,-1,-1
259,5,1743,962,176,112,1.0,-1,-1,-1
259,6,949,580,48,62,1.0,-1,-1,-1
259,7,807,867,336,210,1.0,-1,-1,-1
259,13,571,577,97,55,1.0,-1,-1,-1
259,14,1052,699,69,61,1.0,-1,-1,-1
259,15,507,591,80,59,1.0,-1,-1,-1
259,16,1886,812,34,97,1.0,-1,-1,-1
259,18,344,574,92,61,1.0,-1,-1,-1
259,26,735,647,62,55,1.0,-1,-1,-1
259,27,1803,854,104,98,1.0,-1,-1,-1
259,31,1684,782,89,89,1.0,-1,-1,-1
259,34,1283,420,191,94,1.0,-1,-1,-1
259,43,340,813,240,176,1.0,-1,-1,-1
259,44,682,684,72,47,1.0,-1,-1,-1
259,45,10,937,84,85,1.0,-1,-1,-1
259,46,735,805,74,78,1.0,-1,-1,-1
259,48,325,741,140,81,1.0,-1,-1,-1
259,49,857,731,80,61,1.0,-1,-1,-1
259,50,611,617,53,34,1.0,-1,-1,-1
259,51,1304,880,119,93,1.0,-1,-1,-1
259,52,1076,517,316,154,1.0,-1,-1,-1
259,53,1714,912,131,88,1.0,-1,-1,-1
259,54,544,740,47,53,1.0,-1,-1,-1
259,56,156,743,115,91,1.0,-1,-1,-1
259,57,136,668,125,94,1.0,-1,-1,-1
259,58,74,657,80,69,1.0,-1,-1,-1
259,60,1249,633,193,86,1.0,-1,-1,-1
259,61,0,688,56,56,1.0,-1,-1,-1
259,62,49,711,79,67,1.0,-1,-1,-1
259,63,1521,526,398,163,1.0,-1,-1,-1
259,64,693,749,47,83,1.0,-1,-1,-1
259,65,1529,650,76,53,1.0,-1,-1,-1
259,67,0,637,53,65,1.0,-1,-1,-1
260,2,776,608,70,54,1.0,-1,-1,-1
260,5,1767,962,152,112,1.0,-1,-1,-1
260,6,948,579,44,62,1.0,-1,-1,-1
260,7,814,869,340,207,1.0,-1,-1,-1
260,13,571,577,94,53,1.0,-1,-1,-1
260,14,1052,699,69,61,1.0,-1,-1,-1
260,15,507,592,79,58,1.0,-1,-1,-1
260,16,1886,812,34,97,1.0,-1,-1,-1
260,18,339,571,95,64,1.0,-1,-1,-1
260,26,735,647,63,56,1.0,-1,-1,-1
260,27,1802,857,111,94,1.0,-1,-1,-1
260,31,1683,781,92,91,1.0,-1,-1,-1
260,34,1282,420,197,94,1.0,-1,-1,-1
260,43,344,814,241,177,1.0,-1,-1,-1
260,44,682,685,71,46,1.0,-1,-1,-1
260,45,10,936,84,86,1.0,-1,-1,-1
260,46,741,792,77,96,1.0,-1,-1,-1
260,48,329,742,139,80,1.0,-1,-1,-1
260,49,861,731,81,61,1.0,-1,-1,-1
260,50,605,617,55,36,1.0,-1,-1,-1
260,51,1322,877,121,101,1.0,-1,-1,-1
260,52,1073,517,312,152,1.0,-1,-1,-1
260,53,1735,918,130,86,1.0,-1,-1,-1
260,54,549,740,48,53,1.0,-1,-1,-1
260,56,157,744,118,91,1.0,-1,-1,-1
260,57,138,668,127,93,1.0,-1,-1,-1
260,58,75,657,81,70,1.0,-1,-1,-1
260,59,374,685,37,47,1.0,-1,-1,-1
260,60,1242,634,191,85,1.0,-1,-1,-1
260,61,0,689,58,55,1.0,-1,-1,-1
260,62,48,711,82,69,1.0,-1,-1,-1
260,63,1514,525,404,163,1.0,-1,-1,-1
260,64,702,772,49,63,1.0,-1,-1,-1
260,65,1520,650,75,52,1.0,-1,-1,-1
260,67,0,637,54,64,1.0,-1,-1,-1
261,2,777,607,69,55,1.0,-1,-1,-1
261,5,1767,962,152,112,1.0,-1,-1,-1
261,6,947,579,45,62,1.0,-1,-1,-1
261,7,814,869,340,207,1.0,-1,-1,-1
261,13,571,577,94,53,1.0,-1,-1,-1
261,14,1052,699,69,61,1.0,-1,-1,-1
261,15,507,592,79,58,1.0,-1,-1,-1
261,16,1885,812,35,97,1.0,-1,-1,-1
261,17,337,613,24,40,1.0,-1,-1,-1
261,18,339,572,95,63,1.0,-1,-1,-1
261,26,736,647,61,55,1.0,-1,-1,-1
261,27,1803,857,110,94,1.0,-1,-1,-1
261,31,1683,782,92,90,1.0,-1,-1,-1
261,34,1282,419,206,96,1.0,-1,-1,-1
261,43,344,814,241,177,1.0,-1,-1,-1
261,44,682,686,72,45,1.0,-1,-1,-1
261,45,10,936,84,86,1.0,-1,-1,-1
261,46,741,791,77,97,1.0,-1,-1,-1
261,48,329,742,139,81,1.0,-1,-1,-1
261,49,861,731,81,61,1.0,-1,-1,-1
261,50,605,617,55,36,1.0,-1,-1,-1
261,51,1322,877,121,101,1.0,-1,-1,-1
261,52,1073,517,312,152,1.0,-1,-1,-1
261,53,1735,918,130,86,1.0,-1,-1,-1
261,54,549,740,48,53,1.0,-1,-1,-1
261,56,157,745,118,90,1.0,-1,-1,-1
261,57,138,669,127,92,1.0,-1,-1,-1
261,58,74,657,82,70,1.0,-1,-1,-1
261,59,374,684,37,48,1.0,-1,-1,-1
261,60,1242,634,191,85,1.0,-1,-1,-1
261,61,0,689,58,55,1.0,-1,-1,-1
261,62,48,711,82,69,1.0,-1,-1,-1
261,63,1514,524,404,164,1.0,-1,-1,-1
261,64,704,754,51,78,1.0,-1,-1,-1
261,65,1520,650,75,52,1.0,-1,-1,-1
261,67,0,637,54,64,1.0,-1,-1,-1
262,2,776,607,70,55,1.0,-1,-1,-1
262,5,1786,966,133,110,1.0,-1,-1,-1
262,6,946,579,40,61,1.0,-1,-1,-1
262,7,823,869,341,208,1.0,-1,-1,-1
262,13,569,578,96,48,1.0,-1,-1,-1
262,14,1052,699,69,61,1.0,-1,-1,-1
262,15,504,592,81,57,1.0,-1,-1,-1
262,16,1885,812,35,97,1.0,-1,-1,-1
262,17,336,612,25,41,1.0,-1,-1,-1
262,18,340,573,93,62,1.0,-1,-1,-1
262,26,736,646,61,56,1.0,-1,-1,-1
262,27,1812,860,107,94,1.0,-1,-1,-1
262,31,1683,782,93,90,1.0,-1,-1,-1
262,34,1282,419,203,96,1.0,-1,-1,-1
262,43,349,815,242,179,1.0,-1,-1,-1
262,44,682,684,71,46,1.0,-1,-1,-1
262,45,10,936,84,86,1.0,-1,-1,-1
262,46,751,811,76,77,1.0,-1,-1,-1
262,48,331,743,142,81,1.0,-1,-1,-1
262,49,863,725,83,67,1.0,-1,-1,-1
262,50,603,616,53,37,1.0,-1,-1,-1
262,51,1339,884,123,99,1.0,-1,-1,-1
262,52,1069,518,313,150,1.0,-1,-1,-1
262,53,1754,916,132,89,1.0,-1,-1,-1
262,54,554,735,48,62,1.0,-1,-1,-1
262,56,160,745,118,92,1.0,-1,-1,-1
262,57,142,669,126,94,1.0,-1,-1,-1
262,58,77,658,84,70,1.0,-1,-1,-1
262,59,378,688,37,43,1.0,-1,-1,-1
262,60,1234,633,192,84,1.0,-1,-1,-1
262,61,1,689,59,56,1.0,-1,-1,-1
262,62,49,710,84,71,1.0,-1,-1,-1
262,63,1509,522,410,167,1.0,-1,-1,-1
262,64,712,757,47,76,1.0,-1,-1,-1
262,65,1512,650,75,52,1.0,-1,-1,-1
262,66,1891,635,28,77,1.0,-1,-1,-1
262,67,0,640,57,63,1.0,-1,-1,-1
263,2,777,607,68,57,1.0,-1,-1,-1
263,5,1806,968,113,107,1.0,-1,-1,-1
263,7,830,872,345,207,1.0,-1,-1,-1
263,13,571,578,90,48,1.0,-1,-1,-1
263,14,1053,699,68,61,1.0,-1,-1,-1
263,15,502,592,82,58,1.0,-1,-1,-1
263,16,1885,812,35,97,1.0,-1,-1,-1
263,17,333,613,26,41,1.0,-1,-1,-1
263,26,736,647,61,55,1.0,-1,-1,-1
263,31,1683,782,93,91,1.0,-1,-1,-1
263,34,1281,419,208,96,1.0,-1,-1,-1
263,43,352,815,245,182,1.0,-1,-1,-1
263,44,682,684,72,46,1.0,-1,-1,-1
263,45,10,936,84,86,1.0,-1,-1,-1
263,46,757,792,80,98,1.0,-1,-1,-1
263,48,334,744,143,83,1.0,-1,-1,-1
263,49,868,735,84,57,1.0,-1,-1,-1
263,51,1354,876,125,112,1.0,-1,-1,-1
263,52,1067,518,310,150,1.0,-1,-1,-1
263,53,1776,911,135,98,1.0,-1,-1,-1
263,54,558,736,49,63,1.0,-1,-1,-1
263,56,163,747,118,91,1.0,-1,-1,-1
263,57,144,665,126,93,1.0,-1,-1,-1
263,58,78,658,87,71,1.0,-1,-1,-1
263,59,381,687,40,45,1.0,-1,-1,-1
263,60,1225,634,192,82,1.0,-1,-1,-1
263,61,2,691,60,55,1.0,-1,-1,-1
263,62,51,713,84,69,1.0,-1,-1,-1
263,63,1506,519,411,170,1.0,-1,-1,-1
263,64,722,772,56,66,1.0,-1,-1,-1
263,65,1503,653,75,49,1.0,-1,-1,-1
263,66,1881,638,38,80,1.0,-1,-1,-1
264,2,775,606,70,57,1.0,-1,-1,-1
264,5,1827,973,92,102,1.0,-1,-1,-1
264,7,838,874,350,204,1.0,-1,-1,-1
264,13,564,579,96,46,1.0,-1,-1,-1
264,14,1053,698,68,62,1.0,-1,-1,-1
264,15,499,593,83,58,1.0,-1,-1,-1
264,16,1885,811,35,98,1.0,-1,-1,-1
264,17,332,610,27,43,1.0,-1,-1,-1
264,26,736,645,61,57,1.0,-1,-1,-1
264,31,1683,783,93,90,1.0,-1,-1,-1
264,34,1281,418,210,97,1.0,-1,-1,-1
264,43,355,817,250,184,1.0,-1,-1,-1
264,44,682,684,72,46,1.0,-1,-1,-1
264,45,10,936,84,86,1.0,-1,-1,-1
264,46,766,798,78,94,1.0,-1,-1,-1
264,48,336,743,146,85,1.0,-1,-1,-1
264,49,871,728,86,65,1.0,-1,-1,-1
264,51,1375,893,124,97,1.0,-1,-1,-1
264,52,1062,517,310,150,1.0,-1,-1,-1
264,53,1799,922,118,89,1.0,-1,-1,-1
264,54,562,745,53,57,1.0,-1,-1,-1
264,56,164,747,121,93,1.0,-1,-1,-1
264,57,150,664,125,96,1.0,-1,-1,-1
264,58,80,659,86,70,1.0,-1,-1,-1
264,59,386,685,38,47,1.0,-1,-1,-1
264,60,1218,634,190,82,1.0,-1,-1,-1
264,61,3,691,59,55,1.0,-1,-1,-1
264,62,53,711,84,71,1.0,-1,-1,-1
264,63,1500,524,411,165,1.0,-1,-1,-1
264,64,731,755,52,80,1.0,-1,-1,-1
264,65,1495,647,75,56,1.0,-1,-1,-1
264,66,1871,637,48,81,1.0,-1,-1,-1
265,2,775,605,70,58,1.0,-1,-1,-1
265,5,1845,985,74,91,1.0,-1,-1,-1
265,7,847,877,352,201,1.0,-1,-1,-1
265,13,565,579,93,47,1.0,-1,-1,-1
265,14,1052,700,69,60,1.0,-1,-1,-1
265,15,499,593,80,58,1.0,-1,-1,-1
265,16,1885,812,35,97,1.0,-1,-1,-1
265,17,329,610,27,43,1.0,-1,-1,-1
265,26,735,644,62,58,1.0,-1,-1,-1
265,31,1683,783,93,90,1.0,-1,-1,-1
265,34,1281,418,209,97,1.0,-1,-1,-1
265,43,360,819,251,186,1.0,-1,-1,-1
265,44,682,684,72,46,1.0,-1,-1,-1
265,45,10,936,84,86,1.0,-1,-1,-1
265,46,775,794,80,101,1.0,-1,-1,-1
265,48,339,746,147,83,1.0,-1,-1,-1
265,49,873,738,89,55,1.0,-1,-1,-1
265,51,1391,894,127,100,1.0,-1,-1,-1
265,52,1060,520,308,147,1.0,-1,-1,-1
265,53,1821,914,98,98,1.0,-1,-1,-1
265,54,569,747,52,55,1.0,-1,-1,-1
265,56,167,749,121,93,1.0,-1,-1,-1
265,57,150,664,127,97,1.0,-1,-1,-1
265,58,82,659,84,71,1.0,-1,-1,-1
265,59,389,684,41,48,1.0,-1,-1,-1
265,60,1212,633,189,82,1.0,-1,-1,-1
265,61,5,692,61,54,1.0,-1,-1,-1
265,62,55,715,83,68,1.0,-1,-1,-1
265,63,1495,526,410,163,1.0,-1,-1,-1
265,64,741,757,58,83,1.0,-1,-1,-1
265,65,1489,650,73,51,1.0,-1,-1,-1
265,66,1860,637,59,82,1.0,-1,-1,-1
266,2,776,606,70,56,1.0,-1,-1,-1
266,5,1864,990,56,87,1.0,-1,-1,-1
266,7,854,880,355,198,1.0,-1,-1,-1
266,13,561,578,95,51,1.0,-1,-1,-1
266,14,1052,699,69,61,1.0,-1,-1,-1
266,15,497,593,80,58,1.0,-1,-1,-1
266,16,1885,812,35,97,1.0,-1,-1,-1
266,17,328,610,26,43,1.0,-1,-1,-1
266,26,735,645,62,57,1.0,-1,-1,-1
266,31,1683,783,93,90,1.0,-1,-1,-1
266,34,1281,418,210,97,1.0,-1,-1,-1
266,43,364,819,253,189,1.0,-1,-1,-1
266,44,682,684,72,46,1.0,-1,-1,-1
266,45,10,936,84,86,1.0,-1,-1,-1
266,46,785,815,79,81,1.0,-1,-1,-1
266,48,342,747,147,83,1.0,-1,-1,-1
266,49,876,735,89,57,1.0,-1,-1,-1
266,51,1411,898,128,99,1.0,-1,-1,-1
266,52,1056,519,310,147,1.0,-1,-1,-1
266,53,1842,932,76,80,1.0,-1,-1,-1
266,54,575,742,51,61,1.0,-1,-1,-1
266,56,169,747,123,97,1.0,-1,-1,-1
266,57,154,665,128,97,1.0,-1,-1,-1
266,58,84,661,83,70,1.0,-1,-1,-1
266,59,392,678,41,56,1.0,-1,-1,-1
266,60,1204,633,190,82,1.0,-1,-1,-1
266,61,7,693,59,55,1.0,-1,-1,-1
266,62,56,716,86,69,1.0,-1,-1,-1
266,63,1495,524,407,164,1.0,-1,-1,-1
266,64,752,762,51,81,1.0,-1,-1,-1
266,65,1478,651,75,50,1.0,-1,-1,-1
266,66,1849,634,70,86,1.0,-1,-1,-1
267,2,776,606,69,56,1.0,-1,-1,-1
267,5,1864,990,56,87,1.0,-1,-1,-1
267,7,854,880,355,198,1.0,-1,-1,-1
267,13,561,578,95,51,1.0,-1,-1,-1
267,14,1052,699,69,62,1.0,-1,-1,-1
267,15,497,593,80,58,1.0,-1,-1,-1
267,16,1885,811,35,98,1.0,-1,-1,-1
267,17,328,610,26,43,1.0,-1,-1,-1
267,26,735,646,62,56,1.0,-1,-1,-1
267,31,1683,783,93,90,1.0,-1,-1,-1
267,34,1281,418,211,97,1.0,-1,-1,-1
267,43,364,819,253,189,1.0,-1,-1,-1
267,44,682,684,72,46,1.0,-1,-1,-1
267,45,10,936,84,86,1.0,-1,-1,-1
267,46,785,815,79,81,1.0,-1,-1,-1
267,48,342,747,147,83,1.0,-1,-1,-1
267,49,876,735,90,57,1.0,-1,-1,-1
267,51,1411,897,128,100,1.0,-1,-1,-1
267,52,1056,519,310,148,1.0,-1,-1,-1
267,53,1842,932,76,80,1.0,-1,-1,-1
267,54,575,742,51,62,1.0,-1,-1,-1
267,56,169,747,123,97,1.0,-1,-1,-1
267,57,154,665,128,97,1.0,-1,-1,-1
267,58,84,661,83,70,1.0,-1,-1,-1
267,59,392,678,41,56,1.0,-1,-1,-1
267,60,1204,633,190,82,1.0,-1,-1,-1
267,61,7,693,59,55,1.0,-1,-1,-1
267,62,56,716,86,69,1.0,-1,-1,-1
267,63,1495,524,407,164,1.0,-1,-1,-1
267,64,752,763,51,80,1.0,-1,-1,-1
267,65,1478,651,75,50,1.0,-1,-1,-1
267,66,1849,634,70,86,1.0,-1,-1,-1
268,2,774,604,72,59,1.0,-1,-1,-1
268,5,1887,994,33,84,1.0,-1,-1,-1
268,7,863,883,357,195,1.0,-1,-1,-1
268,13,563,578,96,50,1.0,-1,-1,-1
268,14,1052,699,69,61,1.0,-1,-1,-1
268,15,496,593,80,57,1.0,-1,-1,-1
268,17,326,611,25,41,1.0,-1,-1,-1
268,20,1824,834,51,109,1.0,-1,-1,-1
268,26,735,648,62,54,1.0,-1,-1,-1
268,31,1683,783,93,90,1.0,-1,-1,-1
268,34,1281,418,210,96,1.0,-1,-1,-1
268,43,370,820,252,191,1.0,-1,-1,-1
268,44,682,684,72,45,1.0,-1,-1,-1
268,45,10,936,84,86,1.0,-1,-1,-1
268,46,792,815,80,83,1.0,-1,-1,-1
268,48,346,746,147,87,1.0,-1,-1,-1
268,49,883,733,87,59,1.0,-1,-1,-1
268,51,1427,895,131,106,1.0,-1,-1,-1
268,52,1052,518,311,145,1.0,-1,-1,-1
268,53,1864,934,55,79,1.0,-1,-1,-1
268,54,579,751,54,55,1.0,-1,-1,-1
268,56,173,750,122,95,1.0,-1,-1,-1
268,57,157,667,129,98,1.0,-1,-1,-1
268,58,86,660,83,72,1.0,-1,-1,-1
268,59,397,680,40,53,1.0,-1,-1,-1
268,60,1197,634,189,81,1.0,-1,-1,-1
268,61,7,693,60,56,1.0,-1,-1,-1
268,62,57,716,88,69,1.0,-1,-1,-1
268,63,1493,525,405,162,1.0,-1,-1,-1
268,64,762,772,47,75,1.0,-1,-1,-1
268,65,1472,648,74,51,1.0,-1,-1,-1
268,66,1837,627,82,93,1.0,-1,-1,-1
269,2,770,604,76,60,1.0,-1,-1,-1
269,7,871,884,361,194,1.0,-1,-1,-1
269,13,563,579,92,47,1.0,-1,-1,-1
269,14,1052,700,69,60,1.0,-1,-1,-1
269,15,495,593,81,58,1.0,-1,-1,-1
269,17,325,612,25,41,1.0,-1,-1,-1
269,20,1824,833,56,110,1.0,-1,-1,-1
269,26,736,647,60,55,1.0,-1,-1,-1
269,31,1683,783,93,90,1.0,-1,-1,-1
269,34,1281,419,209,94,1.0,-1,-1,-1
269,43,373,820,256,194,1.0,-1,-1,-1
269,44,682,684,72,45,1.0,-1,-1,-1
269,45,10,936,84,86,1.0,-1,-1,-1
269,46,800,817,81,84,1.0,-1,-1,-1
269,48,349,747,148,86,1.0,-1,-1,-1
269,49,885,734,88,57,1.0,-1,-1,-1
269,51,1447,894,132,111,1.0,-1,-1,-1
269,52,1049,518,310,145,1.0,-1,-1,-1
269,53,1887,922,32,93,1.0,-1,-1,-1
269,54,583,751,56,54,1.0,-1,-1,-1
269,56,174,753,124,94,1.0,-1,-1,-1
269,57,156,667,134,97,1.0,-1,-1,-1
269,58,85,661,89,71,1.0,-1,-1,-1
269,59,401,683,40,51,1.0,-1,-1,-1
269,60,1190,630,187,84,1.0,-1,-1,-1
269,61,6,692,64,57,1.0,-1,-1,-1
269,62,59,717,88,68,1.0,-1,-1,-1
269,63,1481,522,412,164,1.0,-1,-1,-1
269,64,772,776,54,73,1.0,-1,-1,-1
269,65,1464,648,72,52,1.0,-1,-1,-1
269,66,1827,618,93,103,1.0,-1,-1,-1
270,2,768,604,78,60,1.0,-1,-1,-1
270,7,878,885,365,193,1.0,-1,-1,-1
270,13,562,578,89,50,1.0,-1,-1,-1
270,14,1052,700,69,60,1.0,-1,-1,-1
270,15,494,592,82,57,1.0,-1,-1,-1
270,20,1825,812,52,98,1.0,-1,-1,-1
270,26,735,644,62,58,1.0,-1,-1,-1
270,31,1682,783,94,90,1.0,-1,-1,-1
270,34,1281,419,207,95,1.0,-1,-1,-1
270,43,379,821,257,194,1.0,-1,-1,-1
270,44,682,684,72,45,1.0,-1,-1,-1
270,45,10,936,84,86,1.0,-1,-1,-1
270,46,807,817,83,84,1.0,-1,-1,-1
270,48,353,750,149,84,1.0,-1,-1,-1
270,49,888,730,89,60,1.0,-1,-1,-1
270,51,1468,903,128,107,1.0,-1,-1,-1
270,52,1045,518,308,145,1.0,-1,-1,-1
270,53,1905,966,14,53,1.0,-1,-1,-1
270,54,591,749,53,60,1.0,-1,-1,-1
270,56,176,753,125,95,1.0,-1,-1,-1
270,57,160,666,132,98,1.0,-1,-1,-1
270,58,90,658,89,75,1.0,-1,-1,-1
270,59,404,684,40,51,1.0,-1,-1,-1
270,60,1182,633,188,79,1.0,-1,-1,-1
270,61,8,693,63,57,1.0,-1,-1,-1
270,62,62,718,86,69,1.0,-1,-1,-1
270,63,1476,525,412,161,1.0,-1,-1,-1
270,64,784,769,53,81,1.0,-1,-1,-1
270,65,1456,648,72,52,1.0,-1,-1,-1
270,66,1818,609,102,113,1.0,-1,-1,-1
270,67,0,638,68,67,1.0,-1,-1,-1
271,2,765,604,81,59,1.0,-1,-1,-1
271,7,888,886,366,192,1.0,-1,-1,-1
271,13,558,578,93,49,1.0,-1,-1,-1
271,14,1052,701,69,59,1.0,-1,-1,-1
271,15,492,592,82,57,1.0,-1,-1,-1
271,20,1823,811,55,98,1.0,-1,-1,-1
271,26,735,647,62,55,1.0,-1,-1,-1
271,27,1848,865,70,81,1.0,-1,-1,-1
271,31,1682,783,94,89,1.0,-1,-1,-1
271,34,1281,419,209,95,1.0,-1,-1,-1
271,43,382,823,259,194,1.0,-1,-1,-1
271,44,681,684,73,46,1.0,-1,-1,-1
271,45,10,937,84,85,1.0,-1,-1,-1
271,46,816,818,83,86,1.0,-1,-1,-1
271,48,355,750,151,87,1.0,-1,-1,-1
271,49,892,736,91,56,1.0,-1,-1,-1
271,51,1489,905,129,108,1.0,-1,-1,-1
271,52,1042,518,304,145,1.0,-1,-1,-1
271,54,598,755,54,57,1.0,-1,-1,-1
271,56,178,753,127,97,1.0,-1,-1,-1
271,57,163,668,134,98,1.0,-1,-1,-1
271,58,92,659,86,73,1.0,-1,-1,-1
271,59,407,681,40,52,1.0,-1,-1,-1
271,60,1175,634,185,79,1.0,-1,-1,-1
271,61,11,693,63,57,1.0,-1,-1,-1
271,62,64,719,87,69,1.0,-1,-1,-1
271,63,1478,528,402,159,1.0,-1,-1,-1
271,65,1448,647,72,52,1.0,-1,-1,-1
271,66,1810,611,110,110,1.0,-1,-1,-1
271,67,0,637,72,68,1.0,-1,-1,-1
272,2,760,603,82,58,1.0,-1,-1,-1
272,7,894,887,371,191,1.0,-1,-1,-1
272,13,557,578,93,51,1.0,-1,-1,-1
272,14,1052,701,69,59,1.0,-1,-1,-1
272,15,491,592,79,57,1.0,-1,-1,-1
272,16,1885,811,35,98,1.0,-1,-1,-1
272,20,1821,813,53,94,1.0,-1,-1,-1
272,26,734,647,63,55,1.0,-1,-1,-1
272,27,1862,824,57,122,1.0,-1,-1,-1
272,31,1682,783,94,89,1.0,-1,-1,-1
272,34,1280,418,211,96,1.0,-1,-1,-1
272,43,387,825,262,194,1.0,-1,-1,-1
272,44,681,685,73,45,1.0,-1,-1,-1
272,45,10,936,84,86,1.0,-1,-1,-1
272,46,824,832,84,75,1.0,-1,-1,-1
272,48,359,751,152,88,1.0,-1,-1,-1
272,49,893,732,94,59,1.0,-1,-1,-1
272,51,1506,916,135,101,1.0,-1,-1,-1
272,52,1038,516,306,148,1.0,-1,-1,-1
272,54,603,755,55,58,1.0,-1,-1,-1
272,56,181,753,129,98,1.0,-1,-1,-1
272,57,165,668,135,99,1.0,-1,-1,-1
272,58,93,660,88,72,1.0,-1,-1,-1
272,59,412,674,39,59,1.0,-1,-1,-1
272,60,1169,632,184,81,1.0,-1,-1,-1
272,61,13,693,62,57,1.0,-1,-1,-1
272,62,65,718,88,71,1.0,-1,-1,-1
272,63,1473,526,402,160,1.0,-1,-1,-1
272,65,1439,646,74,52,1.0,-1,-1,-1
272,66,1796,607,123,114,1.0,-1,-1,-1
272,67,0,636,73,70,1.0,-1,-1,-1
273,2,758,604,84,57,1.0,-1,-1,-1
273,7,894,887,371,191,1.0,-1,-1,-1
273,13,558,578,92,51,1.0,-1,-1,-1
273,14,1052,700,69,60,1.0,-1,-1,-1
273,15,491,592,79,57,1.0,-1,-1,-1
273,17,319,611,26,41,1.0,-1,-1,-1
273,20,1823,810,53,97,1.0,-1,-1,-1
273,23,974,701,53,66,1.0,-1,-1,-1
273,25,627,620,50,38,1.0,-1,-1,-1
273,26,734,648,63,54,1.0,-1,-1,-1
273,27,1862,824,57,122,1.0,-1,-1,-1
273,31,1682,784,94,88,1.0,-1,-1,-1
273,34,1281,419,208,95,1.0,-1,-1,-1
273,39,899,699,74,81,1.0,-1,-1,-1
273,43,387,825,262,194,1.0,-1,-1,-1
273,44,681,684,73,46,1.0,-1,-1,-1
273,45,10,936,84,86,1.0,-1,-1,-1
273,46,824,832,84,75,1.0,-1,-1,-1
273,48,359,751,152,88,1.0,-1,-1,-1
273,49,893,731,94,60,1.0,-1,-1,-1
273,51,1506,916,135,101,1.0,-1,-1,-1
273,52,1038,516,306,148,1.0,-1,-1,-1
273,54,603,755,55,58,1.0,-1,-1,-1
273,56,181,753,129,98,1.0,-1,-1,-1
273,57,165,668,135,99,1.0,-1,-1,-1
273,58,93,660,88,72,1.0,-1,-1,-1
273,59,412,674,40,59,1.0,-1,-1,-1
273,60,1169,632,184,81,1.0,-1,-1,-1
273,61,13,693,62,57,1.0,-1,-1,-1
273,62,65,718,88,71,1.0,-1,-1,-1
273,63,1473,526,402,159,1.0,-1,-1,-1
273,65,1439,646,74,52,1.0,-1,-1,-1
273,66,1796,607,123,114,1.0,-1,-1,-1
273,67,0,636,73,70,1.0,-1,-1,-1
274,2,747,603,95,57,1.0,-1,-1,-1
274,7,904,888,374,189,1.0,-1,-1,-1
274,13,554,577,93,53,1.0,-1,-1,-1
274,14,1052,700,69,60,1.0,-1,-1,-1
274,15,490,591,81,58,1.0,-1,-1,-1
274,17,317,611,25,40,1.0,-1,-1,-1
274,20,1822,813,49,94,1.0,-1,-1,-1
274,25,623,622,51,37,1.0,-1,-1,-1
274,26,735,643,62,59,1.0,-1,-1,-1
274,27,1863,869,54,76,1.0,-1,-1,-1
274,31,1682,783,94,89,1.0,-1,-1,-1
274,32,817,678,84,76,1.0,-1,-1,-1
274,34,1281,419,205,94,1.0,-1,-1,-1
274,43,389,828,267,194,1.0,-1,-1,-1
274,44,681,684,73,46,1.0,-1,-1,-1
274,45,9,936,85,86,1.0,-1,-1,-1
274,46,826,821,91,90,1.0,-1,-1,-1
274,48,361,752,154,88,1.0,-1,-1,-1
274,49,895,730,98,60,1.0,-1,-1,-1
274,51,1526,910,134,111,1.0,-1,-1,-1
274,52,1035,517,304,147,1.0,-1,-1,-1
274,54,607,754,57,60,1.0,-1,-1,-1
274,56,184,755,129,97,1.0,-1,-1,-1
274,57,165,669,139,99,1.0,-1,-1,-1
274,58,94,661,89,73,1.0,-1,-1,-1
274,59,415,681,42,54,1.0,-1,-1,-1
274,60,1162,634,185,78,1.0,-1,-1,-1
274,61,14,694,65,57,1.0,-1,-1,-1
274,62,67,719,90,71,1.0,-1,-1,-1
274,63,1462,525,411,160,1.0,-1,-1,-1
274,65,1430,645,75,53,1.0,-1,-1,-1
274,66,1787,613,132,109,1.0,-1,-1,-1
274,67,1,637,75,69,1.0,-1,-1,-1
275,2,744,603,100,56,1.0,-1,-1,-1
275,7,911,890,377,185,1.0,-1,-1,-1
275,13,553,577,90,53,1.0,-1,-1,-1
275,14,1052,699,70,62,1.0,-1,-1,-1
275,15,488,590,80,59,1.0,-1,-1,-1
275,17,316,614,25,37,1.0,-1,-1,-1
275,20,1823,810,48,97,1.0,-1,-1,-1
275,25,617,620,51,39,1.0,-1,-1,-1
275,26,735,646,62,56,1.0,-1,-1,-1
275,27,1869,869,49,78,1.0,-1,-1,-1
275,31,1683,783,93,89,1.0,-1,-1,-1
275,32,818,679,78,74,1.0,-1,-1,-1
275,34,1281,418,209,96,1.0,-1,-1,-1
275,43,394,830,268,196,1.0,-1,-1,-1
275,44,681,684,74,46,1.0,-1,-1,-1
275,45,10,936,84,86,1.0,-1,-1,-1
275,46,835,822,92,91,1.0,-1,-1,-1
275,48,365,754,155,88,1.0,-1,-1,-1
275,49,899,727,99,63,1.0,-1,-1,-1
275,51,1546,912,120,108,1.0,-1,-1,-1
275,52,1030,518,305,146,1.0,-1,-1,-1
275,54,613,758,60,61,1.0,-1,-1,-1
275,56,187,757,130,97,1.0,-1,-1,-1
275,57,171,672,136,96,1.0,-1,-1,-1
275,58,97,661,88,72,1.0,-1,-1,-1
275,59,419,682,42,52,1.0,-1,-1,-1
275,60,1155,635,185,74,1.0,-1,-1,-1
275,61,16,695,63,57,1.0,-1,-1,-1
275,62,68,718,91,73,1.0,-1,-1,-1
275,63,1453,526,415,159,1.0,-1,-1,-1
275,65,1423,645,73,52,1.0,-1,-1,-1
275,66,1775,612,144,109,1.0,-1,-1,-1
275,67,2,637,75,70,1.0,-1,-1,-1
276,2,743,603,100,57,1.0,-1,-1,-1
276,7,921,891,379,185,1.0,-1,-1,-1
276,13,552,577,87,54,1.0,-1,-1,-1
276,14,1052,699,70,62,1.0,-1,-1,-1
276,15,487,591,85,58,1.0,-1,-1,-1
276,20,1822,814,47,93,1.0,-1,-1,-1
276,25,613,620,50,39,1.0,-1,-1,-1
276,26,735,642,62,60,1.0,-1,-1,-1
276,27,1875,870,44,76,1.0,-1,-1,-1
276,31,1682,783,94,90,1.0,-1,-1,-1
276,34,1281,419,205,95,1.0,-1,-1,-1
276,40,588,552,77,32,1.0,-1,-1,-1
276,43,399,830,271,199,1.0,-1,-1,-1
276,44,681,684,73,46,1.0,-1,-1,-1
276,45,10,936,84,86,1.0,-1,-1,-1
276,46,842,825,94,90,1.0,-1,-1,-1
276,48,370,756,157,86,1.0,-1,-1,-1
276,49,893,723,107,67,1.0,-1,-1,-1
276,51,1567,922,114,93,1.0,-1,-1,-1
276,52,1026,517,302,146,1.0,-1,-1,-1
276,54,620,761,58,57,1.0,-1,-1,-1
276,56,189,758,131,98,1.0,-1,-1,-1
276,57,176,668,136,99,1.0,-1,-1,-1
276,58,100,661,86,72,1.0,-1,-1,-1
276,59,424,689,40,47,1.0,-1,-1,-1
276,60,1146,634,185,75,1.0,-1,-1,-1
276,61,18,696,63,57,1.0,-1,-1,-1
276,62,70,718,90,73,1.0,-1,-1,-1
276,63,1452,530,414,154,1.0,-1,-1,-1
276,65,1416,648,72,49,1.0,-1,-1,-1
276,66,1764,613,155,108,1.0,-1,-1,-1
276,67,3,637,77,71,1.0,-1,-1,-1
277,2,739,602,105,58,1.0,-1,-1,-1
277,7,930,894,381,183,1.0,-1,-1,-1
277,13,552,578,85,51,1.0,-1,-1,-1
277,14,1052,699,70,61,1.0,-1,-1,-1
277,15,486,590,83,59,1.0,-1,-1,-1
277,20,1821,814,47,93,1.0,-1,-1,-1
277,25,611,621,48,38,1.0,-1,-1,-1
277,26,735,641,63,61,1.0,-1,-1,-1
277,27,1881,868,38,78,1.0,-1,-1,-1
277,31,1682,783,94,89,1.0,-1,-1,-1
277,34,1282,419,200,96,1.0,-1,-1,-1
277,40,587,553,78,31,1.0,-1,-1,-1
277,43,405,833,271,198,1.0,-1,-1,-1
277,44,682,672,74,57,1.0,-1,-1,-1
277,45,10,936,84,86,1.0,-1,-1,-1
277,46,854,828,90,89,1.0,-1,-1,-1
277,48,373,757,157,86,1.0,-1,-1,-1
277,49,893,719,109,70,1.0,-1,-1,-1
277,51,1586,922,133,96,1.0,-1,-1,-1
277,52,1023,517,300,147,1.0,-1,-1,-1
277,54,625,760,59,61,1.0,-1,-1,-1
277,56,192,757,132,100,1.0,-1,-1,-1
277,57,177,673,141,95,1.0,-1,-1,-1
277,58,103,661,86,70,1.0,-1,-1,-1
277,59,427,696,42,40,1.0,-1,-1,-1
277,60,1142,634,183,75,1.0,-1,-1,-1
277,61,20,696,63,58,1.0,-1,-1,-1
277,62,71,721,91,71,1.0,-1,-1,-1
277,63,1457,533,404,152,1.0,-1,-1,-1
277,65,1409,647,70,50,1.0,-1,-1,-1
277,66,1754,616,166,106,1.0,-1,-1,-1
277,67,9,638,73,70,1.0,-1,-1,-1
278,2,735,603,109,58,1.0,-1,-1,-1
278,7,939,897,385,180,1.0,-1,-1,-1
278,13,551,578,87,49,1.0,-1,-1,-1
278,14,1052,698,70,62,1.0,-1,-1,-1
278,15,485,590,80,59,1.0,-1,-1,-1
278,20,1823,811,47,96,1.0,-1,-1,-1
278,25,605,621,49,38,1.0,-1,-1,-1
278,26,734,638,64,64,1.0,-1,-1,-1
278,27,1888,830,31,116,1.0,-1,-1,-1
278,31,1682,783,95,90,1.0,-1,-1,-1
278,34,1282,420,195,95,1.0,-1,-1,-1
278,40,588,553,77,30,1.0,-1,-1,-1
278,43,410,834,272,200,1.0,-1,-1,-1
278,44,682,674,74,56,1.0,-1,-1,-1
278,45,10,935,84,87,1.0,-1,-1,-1
278,46,865,834,87,86,1.0,-1,-1,-1
278,48,377,757,158,89,1.0,-1,-1,-1
278,49,894,722,113,67,1.0,-1,-1,-1
278,51,1609,925,136,109,1.0,-1,-1,-1
278,52,1020,517,300,147,1.0,-1,-1,-1
278,54,630,761,63,63,1.0,-1,-1,-1
278,56,194,757,132,102,1.0,-1,-1,-1
278,57,177,674,140,92,1.0,-1,-1,-1
278,58,103,662,89,72,1.0,-1,-1,-1
278,59,431,686,41,50,1.0,-1,-1,-1
278,60,1134,633,183,75,1.0,-1,-1,-1
278,61,21,696,62,59,1.0,-1,-1,-1
278,62,73,722,92,72,1.0,-1,-1,-1
278,63,1452,532,406,152,1.0,-1,-1,-1
278,65,1401,649,69,47,1.0,-1,-1,-1
278,66,1743,616,177,107,1.0,-1,-1,-1
278,67,1,636,83,74,1.0,-1,-1,-1
279,2,735,603,109,58,1.0,-1,-1,-1
279,7,939,897,385,180,1.0,-1,-1,-1
279,13,551,578,87,49,1.0,-1,-1,-1
279,14,1052,698,70,63,1.0,-1,-1,-1
279,15,485,590,80,59,1.0,-1,-1,-1
279,16,1885,811,35,98,1.0,-1,-1,-1
279,17,310,613,25,38,1.0,-1,-1,-1
279,20,1820,815,46,92,1.0,-1,-1,-1
279,22,414,602,80,42,1.0,-1,-1,-1
279,25,605,621,49,38,1.0,-1,-1,-1
279,26,734,638,64,64,1.0,-1,-1,-1
279,27,1889,828,30,122,1.0,-1,-1,-1
279,31,1682,783,94,90,1.0,-1,-1,-1
279,32,819,685,76,68,1.0,-1,-1,-1
279,34,1281,420,196,95,1.0,-1,-1,-1
279,40,588,552,77,31,1.0,-1,-1,-1
279,43,410,834,272,200,1.0,-1,-1,-1
279,44,683,673,73,57,1.0,-1,-1,-1
279,45,10,935,84,87,1.0,-1,-1,-1
279,46,865,834,87,86,1.0,-1,-1,-1
279,48,377,757,158,89,1.0,-1,-1,-1
279,49,893,722,114,67,1.0,-1,-1,-1
279,51,1608,925,137,109,1.0,-1,-1,-1
279,52,1019,517,301,147,1.0,-1,-1,-1
279,54,630,761,63,63,1.0,-1,-1,-1
279,56,194,757,132,102,1.0,-1,-1,-1
279,57,177,675,140,91,1.0,-1,-1,-1
279,58,103,662,89,72,1.0,-1,-1,-1
279,59,432,691,41,46,1.0,-1,-1,-1
279,60,1134,633,183,75,1.0,-1,-1,-1
279,61,22,696,61,59,1.0,-1,-1,-1
279,62,73,722,92,72,1.0,-1,-1,-1
279,63,1452,532,406,152,1.0,-1,-1,-1
279,65,1401,649,69,47,1.0,-1,-1,-1
279,66,1743,616,177,107,1.0,-1,-1,-1
279,67,1,636,83,74,1.0,-1,-1,-1
280,2,733,603,110,59,1.0,-1,-1,-1
280,7,948,900,387,176,1.0,-1,-1,-1
280,13,548,579,88,49,1.0,-1,-1,-1
280,14,1052,698,70,63,1.0,-1,-1,-1
280,15,484,591,79,57,1.0,-1,-1,-1
280,16,1885,811,35,98,1.0,-1,-1,-1
280,17,307,612,26,38,1.0,-1,-1,-1
280,20,1820,819,43,89,1.0,-1,-1,-1
280,25,601,624,48,36,1.0,-1,-1,-1
280,26,733,639,65,63,1.0,-1,-1,-1
280,27,1892,821,28,126,1.0,-1,-1,-1
280,31,1683,783,93,90,1.0,-1,-1,-1
280,32,823,680,66,73,1.0,-1,-1,-1
280,34,1281,420,187,95,1.0,-1,-1,-1
280,40,588,553,76,32,1.0,-1,-1,-1
280,43,415,837,273,200,1.0,-1,-1,-1
280,44,683,672,74,57,1.0,-1,-1,-1
280,45,10,935,84,87,1.0,-1,-1,-1
280,46,874,840,88,82,1.0,-1,-1,-1
280,48,381,759,159,90,1.0,-1,-1,-1
280,49,892,710,117,75,1.0,-1,-1,-1
280,51,1630,924,133,118,1.0,-1,-1,-1
280,52,1018,516,298,146,1.0,-1,-1,-1
280,54,639,760,59,66,1.0,-1,-1,-1
280,56,197,760,133,101,1.0,-1,-1,-1
280,57,182,678,141,92,1.0,-1,-1,-1
280,58,106,662,88,72,1.0,-1,-1,-1
280,59,436,688,40,50,1.0,-1,-1,-1
280,60,1129,633,178,75,1.0,-1,-1,-1
280,61,24,697,62,58,1.0,-1,-1,-1
280,62,74,721,93,73,1.0,-1,-1,-1
280,63,1452,532,403,152,1.0,-1,-1,-1
280,65,1394,646,72,51,1.0,-1,-1,-1
280,66,1730,618,189,105,1.0,-1,-1,-1
280,67,1,636,85,74,1.0,-1,-1,-1
281,2,730,602,114,60,1.0,-1,-1,-1
281,7,959,902,389,175,1.0,-1,-1,-1
281,13,552,579,83,46,1.0,-1,-1,-1
281,14,1052,698,70,62,1.0,-1,-1,-1
281,16,1885,811,35,98,1.0,-1,-1,-1
281,20,1820,819,42,89,1.0,-1,-1,-1
281,25,598,624,47,36,1.0,-1,-1,-1
281,26,733,639,65,63,1.0,-1,-1,-1
281,31,1682,783,93,90,1.0,-1,-1,-1
281,32,821,681,71,72,1.0,-1,-1,-1
281,34,1281,420,194,96,1.0,-1,-1,-1
281,40,589,553,75,30,1.0,-1,-1,-1
281,43,419,839,276,201,1.0,-1,-1,-1
281,44,683,673,74,57,1.0,-1,-1,-1
281,45,10,935,84,87,1.0,-1,-1,-1
281,46,884,839,90,85,1.0,-1,-1,-1
281,48,384,759,160,92,1.0,-1,-1,-1
281,49,891,713,122,73,1.0,-1,-1,-1
281,51,1650,941,138,107,1.0,-1,-1,-1
281,52,1014,518,297,144,1.0,-1,-1,-1
281,54,646,763,60,64,1.0,-1,-1,-1
281,56,200,761,137,102,1.0,-1,-1,-1
281,57,184,681,138,88,1.0,-1,-1,-1
281,58,108,662,87,73,1.0,-1,-1,-1
281,59,440,696,41,42,1.0,-1,-1,-1
281,60,1123,633,179,75,1.0,-1,-1,-1
281,61,24,696,64,59,1.0,-1,-1,-1
281,62,76,722,94,71,1.0,-1,-1,-1
281,63,1446,527,395,156,1.0,-1,-1,-1
281,65,1385,646,71,49,1.0,-1,-1,-1
281,66,1718,616,201,107,1.0,-1,-1,-1
281,67,3,636,84,75,1.0,-1,-1,-1
282,2,728,602,114,60,1.0,-1,-1,-1
282,7,967,905,393,172,1.0,-1,-1,-1
282,14,1052,699,70,61,1.0,-1,-1,-1
282,16,1885,811,35,98,1.0,-1,-1,-1
282,20,1820,819,41,88,1.0,-1,-1,-1
282,25,592,621,48,39,1.0,-1,-1,-1
282,26,733,642,65,60,1.0,-1,-1,-1
282,31,1683,783,93,89,1.0,-1,-1,-1
282,32,823,680,67,72,1.0,-1,-1,-1
282,34,1281,420,194,95,1.0,-1,-1,-1
282,40,587,554,76,28,1.0,-1,-1,-1
282,43,424,840,280,202,1.0,-1,-1,-1
282,44,683,674,74,56,1.0,-1,-1,-1
282,45,10,935,84,86,1.0,-1,-1,-1
282,46,892,838,91,89,1.0,-1,-1,-1
282,48,387,761,162,92,1.0,-1,-1,-1
282,49,893,710,125,74,1.0,-1,-1,-1
282,51,1695,948,118,110,1.0,-1,-1,-1
282,52,1011,517,298,145,1.0,-1,-1,-1
282,54,651,767,63,62,1.0,-1,-1,-1
282,56,203,762,136,103,1.0,-1,-1,-1
282,57,186,679,141,93,1.0,-1,-1,-1
282,58,108,663,90,73,1.0,-1,-1,-1
282,59,443,698,42,41,1.0,-1,-1,-1
282,60,1116,632,180,74,1.0,-1,-1,-1
282,61,25,698,66,58,1.0,-1,-1,-1
282,62,77,722,97,73,1.0,-1,-1,-1
282,63,1443,533,396,150,1.0,-1,-1,-1
282,65,1379,647,71,48,1.0,-1,-1,-1
282,66,1706,616,203,108,1.0,-1,-1,-1
282,67,4,637,84,73,1.0,-1,-1,-1
283,2,724,603,117,59,1.0,-1,-1,-1
283,7,977,908,395,169,1.0,-1,-1,-1
283,14,1052,699,70,61,1.0,-1,-1,-1
283,16,1885,811,35,98,1.0,-1,-1,-1
283,20,1820,819,40,89,1.0,-1,-1,-1
283,25,590,619,46,41,1.0,-1,-1,-1
283,26,734,640,64,61,1.0,-1,-1,-1
283,31,1683,783,93,89,1.0,-1,-1,-1
283,32,829,679,60,74,1.0,-1,-1,-1
283,34,1282,420,189,95,1.0,-1,-1,-1
283,43,428,841,283,204,1.0,-1,-1,-1
283,44,683,673,74,57,1.0,-1,-1,-1
283,45,10,935,84,87,1.0,-1,-1,-1
283,46,898,837,95,92,1.0,-1,-1,-1
283,48,391,761,164,93,1.0,-1,-1,-1
283,49,914,712,108,73,1.0,-1,-1,-1
283,51,1687,940,145,111,1.0,-1,-1,-1
283,52,1008,517,295,144,1.0,-1,-1,-1
283,54,658,767,63,65,1.0,-1,-1,-1
283,56,205,763,137,103,1.0,-1,-1,-1
283,57,188,680,140,94,1.0,-1,-1,-1
283,58,112,662,90,75,1.0,-1,-1,-1
283,59,447,689,41,50,1.0,-1,-1,-1
283,60,1110,631,177,76,1.0,-1,-1,-1
283,61,27,698,66,58,1.0,-1,-1,-1
283,62,81,723,95,72,1.0,-1,-1,-1
283,63,1438,529,394,154,1.0,-1,-1,-1
283,65,1371,646,70,49,1.0,-1,-1,-1
283,66,1696,617,203,106,1.0,-1,-1,-1
283,67,10,638,80,72,1.0,-1,-1,-1
284,2,720,602,121,61,1.0,-1,-1,-1
284,7,988,909,397,168,1.0,-1,-1,-1
284,14,1052,700,70,60,1.0,-1,-1,-1
284,16,1885,811,35,98,1.0,-1,-1,-1
284,20,1820,819,39,89,1.0,-1,-1,-1
284,25,584,621,48,39,1.0,-1,-1,-1
284,26,734,642,64,60,1.0,-1,-1,-1
284,31,1683,784,93,88,1.0,-1,-1,-1
284,32,828,680,61,72,1.0,-1,-1,-1
284,34,1282,420,187,95,1.0,-1,-1,-1
284,43,434,843,284,205,1.0,-1,-1,-1
284,44,683,672,74,58,1.0,-1,-1,-1
284,45,10,935,84,86,1.0,-1,-1,-1
284,46,908,846,92,87,1.0,-1,-1,-1
284,48,395,763,164,94,1.0,-1,-1,-1
284,49,925,713,101,70,1.0,-1,-1,-1
284,51,1716,951,137,101,1.0,-1,-1,-1
284,52,1006,517,295,145,1.0,-1,-1,-1
284,54,666,759,60,75,1.0,-1,-1,-1
284,56,208,765,139,104,1.0,-1,-1,-1
284,57,190,679,139,96,1.0,-1,-1,-1
284,58,113,662,92,76,1.0,-1,-1,-1
284,59,450,698,44,43,1.0,-1,-1,-1
284,60,1103,632,176,74,1.0,-1,-1,-1
284,61,29,699,67,58,1.0,-1,-1,-1
284,62,83,724,94,72,1.0,-1,-1,-1
284,63,1436,533,391,149,1.0,-1,-1,-1
284,65,1363,645,70,48,1.0,-1,-1,-1
284,66,1686,617,202,107,1.0,-1,-1,-1
284,67,26,643,68,66,1.0,-1,-1,-1
285,2,720,602,121,61,1.0,-1,-1,-1
285,7,988,909,397,168,1.0,-1,-1,-1
285,14,1052,700,70,60,1.0,-1,-1,-1
285,16,1885,811,35,98,1.0,-1,-1,-1
285,20,1820,819,39,89,1.0,-1,-1,-1
285,25,583,621,49,39,1.0,-1,-1,-1
285,26,734,642,64,59,1.0,-1,-1,-1
285,31,1683,784,92,88,1.0,-1,-1,-1
285,32,828,680,62,72,1.0,-1,-1,-1
285,34,1281,420,188,95,1.0,-1,-1,-1
285,43,434,843,284,205,1.0,-1,-1,-1
285,44,683,672,74,58,1.0,-1,-1,-1
285,45,10,935,84,86,1.0,-1,-1,-1
285,46,908,846,92,86,1.0,-1,-1,-1
285,48,395,763,164,94,1.0,-1,-1,-1
285,49,925,713,101,71,1.0,-1,-1,-1
285,51,1715,951,138,102,1.0,-1,-1,-1
285,52,1005,517,295,144,1.0,-1,-1,-1
285,54,666,758,60,76,1.0,-1,-1,-1
285,56,208,765,139,104,1.0,-1,-1,-1
285,57,190,679,139,97,1.0,-1,-1,-1
285,58,113,662,92,76,1.0,-1,-1,-1
285,59,450,698,44,43,1.0,-1,-1,-1
285,60,1102,632,177,74,1.0,-1,-1,-1
285,61,29,699,67,58,1.0,-1,-1,-1
285,62,84,724,93,72,1.0,-1,-1,-1
285,63,1436,534,392,148,1.0,-1,-1,-1
285,65,1363,645,70,49,1.0,-1,-1,-1
285,66,1686,617,202,107,1.0,-1,-1,-1
286,2,715,600,125,61,1.0,-1,-1,-1
286,7,999,911,398,166,1.0,-1,-1,-1
286,14,1052,700,69,60,1.0,-1,-1,-1
286,16,1885,811,35,98,1.0,-1,-1,-1
286,20,1820,817,41,91,1.0,-1,-1,-1
286,25,582,621,46,39,1.0,-1,-1,-1
286,26,734,642,64,59,1.0,-1,-1,-1
286,31,1683,784,92,88,1.0,-1,-1,-1
286,34,1282,420,191,95,1.0,-1,-1,-1
286,43,438,843,288,208,1.0,-1,-1,-1
286,44,683,671,74,58,1.0,-1,-1,-1
286,45,10,935,84,86,1.0,-1,-1,-1
286,46,917,854,92,82,1.0,-1,-1,-1
286,48,398,764,167,95,1.0,-1,-1,-1
286,49,933,713,97,70,1.0,-1,-1,-1
286,51,1736,942,140,114,1.0,-1,-1,-1
286,52,1001,518,294,144,1.0,-1,-1,-1
286,54,673,772,62,63,1.0,-1,-1,-1
286,56,210,766,139,105,1.0,-1,-1,-1
286,57,194,679,139,97,1.0,-1,-1,-1
286,58,115,664,93,74,1.0,-1,-1,-1
286,59,454,695,43,47,1.0,-1,-1,-1
286,60,1097,630,178,75,1.0,-1,-1,-1
286,61,30,700,67,58,1.0,-1,-1,-1
286,62,85,725,95,73,1.0,-1,-1,-1
286,63,1436,532,383,150,1.0,-1,-1,-1
286,65,1355,647,69,47,1.0,-1,-1,-1
286,66,1674,618,203,107,1.0,-1,-1,-1
287,2,712,600,128,60,1.0,-1,-1,-1
287,7,1008,913,401,164,1.0,-1,-1,-1
287,14,1052,701,69,59,1.0,-1,-1,-1
287,16,1885,810,35,99,1.0,-1,-1,-1
287,20,1820,818,40,89,1.0,-1,-1,-1
287,25,578,625,47,35,1.0,-1,-1,-1
287,26,735,643,63,58,1.0,-1,-1,-1
287,31,1683,783,93,89,1.0,-1,-1,-1
287,34,1282,420,192,94,1.0,-1,-1,-1
287,40,589,553,72,30,1.0,-1,-1,-1
287,43,442,845,290,209,1.0,-1,-1,-1
287,44,682,684,71,47,1.0,-1,-1,-1
287,45,10,935,84,86,1.0,-1,-1,-1
287,46,926,852,90,87,1.0,-1,-1,-1
287,48,403,764,166,97,1.0,-1,-1,-1
287,49,943,724,92,63,1.0,-1,-1,-1
287,51,1756,955,144,104,1.0,-1,-1,-1
287,52,1001,518,291,143,1.0,-1,-1,-1
287,54,678,769,67,68,1.0,-1,-1,-1
287,56,212,767,141,105,1.0,-1,-1,-1
287,57,199,678,138,99,1.0,-1,-1,-1
287,58,116,665,94,74,1.0,-1,-1,-1
287,59,458,690,43,51,1.0,-1,-1,-1
287,60,1090,631,175,74,1.0,-1,-1,-1
287,61,32,700,66,59,1.0,-1,-1,-1
287,62,87,725,96,74,1.0,-1,-1,-1
287,63,1428,533,388,146,1.0,-1,-1,-1
287,65,1349,645,69,48,1.0,-1,-1,-1
287,66,1661,618,205,107,1.0,-1,-1,-1
288,2,710,599,127,61,1.0,-1,-1,-1
288,7,1015,915,408,162,1.0,-1,-1,-1
288,14,1054,690,67,71,1.0,-1,-1,-1
288,16,1884,810,36,99,1.0,-1,-1,-1
288,20,1819,821,37,87,1.0,-1,-1,-1
288,25,574,625,45,36,1.0,-1,-1,-1
288,26,734,642,63,59,1.0,-1,-1,-1
288,31,1683,783,93,89,1.0,-1,-1,-1
288,34,1282,420,191,94,1.0,-1,-1,-1
288,40,587,553,74,30,1.0,-1,-1,-1
288,43,447,847,292,210,1.0,-1,-1,-1
288,44,682,684,71,47,1.0,-1,-1,-1
288,45,10,936,84,85,1.0,-1,-1,-1
288,46,934,858,91,83,1.0,-1,-1,-1
288,48,406,765,169,98,1.0,-1,-1,-1
288,49,945,721,94,64,1.0,-1,-1,-1
288,51,1783,955,137,104,1.0,-1,-1,-1
288,52,994,517,294,143,1.0,-1,-1,-1
288,54,687,761,62,78,1.0,-1,-1,-1
288,56,215,771,144,103,1.0,-1,-1,-1
288,57,199,682,142,96,1.0,-1,-1,-1
288,58,118,665,93,76,1.0,-1,-1,-1
288,59,461,698,43,44,1.0,-1,-1,-1
288,60,1085,630,175,74,1.0,-1,-1,-1
288,61,35,700,66,60,1.0,-1,-1,-1
288,62,89,725,95,76,1.0,-1,-1,-1
288,63,1422,532,393,143,1.0,-1,-1,-1
288,65,1343,644,67,49,1.0,-1,-1,-1
288,66,1652,620,203,105,1.0,-1,-1,-1
289,2,708,599,129,61,1.0,-1,-1,-1
289,7,1024,916,409,161,1.0,-1,-1,-1
289,14,1052,700,70,60,1.0,-1,-1,-1
289,16,1885,811,34,98,1.0,-1,-1,-1
289,20,1820,823,35,84,1.0,-1,-1,-1
289,25,569,623,47,38,1.0,-1,-1,-1
289,26,734,642,63,59,1.0,-1,-1,-1
289,31,1682,784,93,88,1.0,-1,-1,-1
289,34,1282,421,188,93,1.0,-1,-1,-1
289,40,586,553,75,30,1.0,-1,-1,-1
289,43,451,849,297,212,1.0,-1,-1,-1
289,44,682,685,72,46,1.0,-1,-1,-1
289,45,10,936,84,85,1.0,-1,-1,-1
289,46,942,857,95,86,1.0,-1,-1,-1
289,48,409,768,172,97,1.0,-1,-1,-1
289,49,951,714,94,69,1.0,-1,-1,-1
289,51,1804,959,116,104,1.0,-1,-1,-1
289,52,994,515,289,145,1.0,-1,-1,-1
289,54,694,784,65,59,1.0,-1,-1,-1
289,56,219,772,143,104,1.0,-1,-1,-1
289,57,201,682,143,97,1.0,-1,-1,-1
289,58,119,666,95,77,1.0,-1,-1,-1
289,59,465,700,44,42,1.0,-1,-1,-1
289,60,1076,630,179,74,1.0,-1,-1,-1
289,61,37,700,65,61,1.0,-1,-1,-1
289,62,92,725,95,77,1.0,-1,-1,-1
289,63,1420,535,389,138,1.0,-1,-1,-1
289,65,1334,648,69,45,1.0,-1,-1,-1
289,66,1640,620,203,105,1.0,-1,-1,-1
289,69,338,686,35,57,1.0,-1,-1,-1
290,2,706,600,128,60,1.0,-1,-1,-1
290,7,1036,919,411,157,1.0,-1,-1,-1
290,14,1052,699,69,61,1.0,-1,-1,-1
290,16,1885,810,34,99,1.0,-1,-1,-1
290,20,1820,822,38,86,1.0,-1,-1,-1
290,25,564,624,48,37,1.0,-1,-1,-1
290,26,734,642,63,58,1.0,-1,-1,-1
290,31,1683,784,92,88,1.0,-1,-1,-1
290,34,1282,421,185,93,1.0,-1,-1,-1
290,39,891,711,48,66,1.0,-1,-1,-1
290,40,587,553,75,29,1.0,-1,-1,-1
290,43,456,852,298,212,1.0,-1,-1,-1
290,44,682,685,71,46,1.0,-1,-1,-1
290,45,10,936,83,85,1.0,-1,-1,-1
290,46,952,861,92,84,1.0,-1,-1,-1
290,48,413,769,172,101,1.0,-1,-1,-1
290,49,953,711,95,73,1.0,-1,-1,-1
290,50,507,623,42,37,1.0,-1,-1,-1
290,51,1825,968,95,89,1.0,-1,-1,-1
290,52,990,514,289,147,1.0,-1,-1,-1
290,54,700,778,69,69,1.0,-1,-1,-1
290,56,223,773,144,105,1.0,-1,-1,-1
290,57,203,682,143,98,1.0,-1,-1,-1
290,58,123,664,93,77,1.0,-1,-1,-1
290,59,468,706,46,38,1.0,-1,-1,-1
290,60,1071,630,177,74,1.0,-1,-1,-1
290,61,38,701,67,60,1.0,-1,-1,-1
290,62,93,725,97,78,1.0,-1,-1,-1
290,63,1415,533,393,129,1.0,-1,-1,-1
290,64,996,838,80,64,1.0,-1,-1,-1
290,65,1328,648,69,44,1.0,-1,-1,-1
290,66,1628,620,204,105,1.0,-1,-1,-1
290,69,342,685,35,57,1.0,-1,-1,-1
291,2,706,600,127,60,1.0,-1,-1,-1
291,7,1036,919,411,157,1.0,-1,-1,-1
291,14,1051,699,70,61,1.0,-1,-1,-1
291,16,1885,810,34,99,1.0,-1,-1,-1
291,20,1820,822,38,87,1.0,-1,-1,-1
291,25,564,624,48,37,1.0,-1,-1,-1
291,26,734,642,63,58,1.0,-1,-1,-1
291,31,1683,784,92,88,1.0,-1,-1,-1
291,34,1281,421,189,93,1.0,-1,-1,-1
291,39,891,710,48,67,1.0,-1,-1,-1
291,40,587,553,75,29,1.0,-1,-1,-1
291,43,456,852,298,212,1.0,-1,-1,-1
291,44,682,685,71,46,1.0,-1,-1,-1
291,45,10,935,84,86,1.0,-1,-1,-1
291,46,952,861,92,84,1.0,-1,-1,-1
291,48,413,769,172,101,1.0,-1,-1,-1
291,49,953,711,95,74,1.0,-1,-1,-1
291,50,507,623,42,37,1.0,-1,-1,-1
291,51,1825,968,95,89,1.0,-1,-1,-1
291,52,990,514,288,147,1.0,-1,-1,-1
291,54,700,778,69,69,1.0,-1,-1,-1
291,56,223,773,144,105,1.0,-1,-1,-1
291,57,203,682,143,98,1.0,-1,-1,-1
291,58,123,665,94,76,1.0,-1,-1,-1
291,59,468,706,46,38,1.0,-1,-1,-1
291,60,1071,630,177,74,1.0,-1,-1,-1
291,61,38,701,67,60,1.0,-1,-1,-1
291,62,93,725,97,78,1.0,-1,-1,-1
291,63,1414,532,394,130,1.0,-1,-1,-1
291,64,996,838,80,64,1.0,-1,-1,-1
291,65,1328,648,69,44,1.0,-1,-1,-1
291,66,1628,620,204,105,1.0,-1,-1,-1
291,69,342,685,35,57,1.0,-1,-1,-1
292,2,703,600,124,59,1.0,-1,-1,-1
292,7,1046,920,415,156,1.0,-1,-1,-1
292,14,1052,699,69,61,1.0,-1,-1,-1
292,16,1885,813,34,96,1.0,-1,-1,-1
292,20,1820,823,37,86,1.0,-1,-1,-1
292,25,559,621,49,40,1.0,-1,-1,-1
292,26,734,641,63,59,1.0,-1,-1,-1
292,31,1683,784,92,88,1.0,-1,-1,-1
292,32,827,683,61,70,1.0,-1,-1,-1
292,34,1282,421,184,93,1.0,-1,-1,-1
292,39,891,710,48,67,1.0,-1,-1,-1
292,43,463,854,299,212,1.0,-1,-1,-1
292,44,682,684,71,47,1.0,-1,-1,-1
292,45,10,936,83,85,1.0,-1,-1,-1
292,46,960,864,92,84,1.0,-1,-1,-1
292,48,417,770,173,101,1.0,-1,-1,-1
292,49,954,718,93,69,1.0,-1,-1,-1
292,51,1846,975,72,84,1.0,-1,-1,-1
292,52,983,512,256,145,1.0,-1,-1,-1
292,54,708,786,69,62,1.0,-1,-1,-1
292,56,226,774,145,108,1.0,-1,-1,-1
292,57,206,683,144,98,1.0,-1,-1,-1
292,58,124,665,94,76,1.0,-1,-1,-1
292,59,471,705,48,39,1.0,-1,-1,-1
292,60,1068,629,169,75,1.0,-1,-1,-1
292,61,41,700,65,62,1.0,-1,-1,-1
292,62,95,727,98,77,1.0,-1,-1,-1
292,63,1417,535,389,127,1.0,-1,-1,-1
292,64,1001,832,88,73,1.0,-1,-1,-1
292,65,1320,645,70,46,1.0,-1,-1,-1
292,66,1615,620,208,105,1.0,-1,-1,-1
292,69,351,709,34,37,1.0,-1,-1,-1
293,2,702,602,121,58,1.0,-1,-1,-1
293,7,1055,923,418,152,1.0,-1,-1,-1
293,14,1052,700,69,60,1.0,-1,-1,-1
293,16,1884,813,35,96,1.0,-1,-1,-1
293,20,1820,825,36,84,1.0,-1,-1,-1
293,25,556,618,48,43,1.0,-1,-1,-1
293,26,734,641,64,59,1.0,-1,-1,-1
293,31,1683,784,92,88,1.0,-1,-1,-1
293,32,827,683,62,70,1.0,-1,-1,-1
293,34,1281,421,189,93,1.0,-1,-1,-1
293,39,891,710,50,68,1.0,-1,-1,-1
293,43,467,856,302,213,1.0,-1,-1,-1
293,44,681,685,72,46,1.0,-1,-1,-1
293,45,10,936,83,85,1.0,-1,-1,-1
293,46,968,866,94,85,1.0,-1,-1,-1
293,48,422,770,173,99,1.0,-1,-1,-1
293,49,957,710,94,74,1.0,-1,-1,-1
293,51,1869,981,51,80,1.0,-1,-1,-1
293,52,977,513,257,142,1.0,-1,-1,-1
293,54,715,785,70,64,1.0,-1,-1,-1
293,56,228,776,146,107,1.0,-1,-1,-1
293,57,210,685,142,97,1.0,-1,-1,-1
293,58,127,665,94,78,1.0,-1,-1,-1
293,59,475,698,46,46,1.0,-1,-1,-1
293,60,1061,627,169,77,1.0,-1,-1,-1
293,61,43,700,71,63,1.0,-1,-1,-1
293,62,97,728,99,76,1.0,-1,-1,-1
293,63,1407,527,390,136,1.0,-1,-1,-1
293,64,1016,834,86,74,1.0,-1,-1,-1
293,65,1313,645,69,46,1.0,-1,-1,-1
293,66,1605,620,204,105,1.0,-1,-1,-1
293,69,353,706,39,42,1.0,-1,-1,-1
294,2,698,601,123,58,1.0,-1,-1,-1
294,7,1064,925,422,150,1.0,-1,-1,-1
294,14,1052,700,69,60,1.0,-1,-1,-1
294,25,552,618,47,43,1.0,-1,-1,-1
294,26,733,642,65,58,1.0,-1,-1,-1
294,31,1683,785,92,87,1.0,-1,-1,-1
294,32,826,683,63,71,1.0,-1,-1,-1
294,34,1282,421,190,93,1.0,-1,-1,-1
294,39,890,709,53,69,1.0,-1,-1,-1
294,43,472,857,306,214,1.0,-1,-1,-1
294,44,681,685,73,45,1.0,-1,-1,-1
294,45,10,935,83,86,1.0,-1,-1,-1
294,46,977,867,95,87,1.0,-1,-1,-1
294,48,426,771,174,103,1.0,-1,-1,-1
294,49,959,710,95,74,1.0,-1,-1,-1
294,51,1890,978,29,85,1.0,-1,-1,-1
294,52,972,511,258,145,1.0,-1,-1,-1
294,54,719,784,75,68,1.0,-1,-1,-1
294,56,230,778,148,108,1.0,-1,-1,-1
294,57,213,685,143,98,1.0,-1,-1,-1
294,58,128,665,96,78,1.0,-1,-1,-1
294,59,480,701,47,43,1.0,-1,-1,-1
294,60,1055,626,171,76,1.0,-1,-1,-1
294,61,44,701,70,63,1.0,-1,-1,-1
294,62,99,729,100,77,1.0,-1,-1,-1
294,64,1018,832,96,81,1.0,-1,-1,-1
294,65,1306,645,69,47,1.0,-1,-1,-1
294,66,1594,620,205,106,1.0,-1,-1,-1
294,67,19,640,89,78,1.0,-1,-1,-1
294,69,359,693,37,56,1.0,-1,-1,-1
295,2,693,601,125,58,1.0,-1,-1,-1
295,7,1077,925,422,152,1.0,-1,-1,-1
295,14,1052,700,69,59,1.0,-1,-1,-1
295,25,547,615,47,46,1.0,-1,-1,-1
295,26,734,641,64,59,1.0,-1,-1,-1
295,31,1682,785,92,87,1.0,-1,-1,-1
295,32,826,682,63,72,1.0,-1,-1,-1
295,34,1281,421,191,93,1.0,-1,-1,-1
295,39,891,707,55,70,1.0,-1,-1,-1
295,43,476,859,308,216,1.0,-1,-1,-1
295,44,681,685,73,45,1.0,-1,-1,-1
295,45,10,936,83,85,1.0,-1,-1,-1
295,46,984,875,97,80,1.0,-1,-1,-1
295,48,430,772,176,104,1.0,-1,-1,-1
295,49,961,711,96,73,1.0,-1,-1,-1
295,52,973,511,253,146,1.0,-1,-1,-1
295,54,731,788,70,68,1.0,-1,-1,-1
295,56,234,778,150,110,1.0,-1,-1,-1
295,57,217,685,145,99,1.0,-1,-1,-1
295,58,130,665,96,81,1.0,-1,-1,-1
295,59,483,705,48,39,1.0,-1,-1,-1
295,60,1049,628,171,73,1.0,-1,-1,-1
295,61,45,700,71,64,1.0,-1,-1,-1
295,62,101,730,101,77,1.0,-1,-1,-1
295,64,1036,832,92,80,1.0,-1,-1,-1
295,65,1299,646,70,45,1.0,-1,-1,-1
295,66,1583,622,204,102,1.0,-1,-1,-1
295,67,21,639,89,78,1.0,-1,-1,-1
295,69,364,691,36,57,1.0,-1,-1,-1
296,2,690,600,124,59,1.0,-1,-1,-1
296,7,1088,927,427,149,1.0,-1,-1,-1
296,14,1054,701,66,57,1.0,-1,-1,-1
296,25,541,616,48,45,1.0,-1,-1,-1
296,26,734,641,65,59,1.0,-1,-1,-1
296,31,1682,785,92,87,1.0,-1,-1,-1
296,32,826,682,63,72,1.0,-1,-1,-1
296,34,1281,421,189,93,1.0,-1,-1,-1
296,39,891,708,57,69,1.0,-1,-1,-1
296,43,483,860,311,217,1.0,-1,-1,-1
296,44,682,684,72,46,1.0,-1,-1,-1
296,45,10,936,83,85,1.0,-1,-1,-1
296,46,990,874,101,85,1.0,-1,-1,-1
296,48,434,773,177,107,1.0,-1,-1,-1
296,49,964,711,95,74,1.0,-1,-1,-1
296,52,968,509,254,144,1.0,-1,-1,-1
296,54,738,791,72,67,1.0,-1,-1,-1
296,56,238,780,150,111,1.0,-1,-1,-1
296,57,220,687,145,98,1.0,-1,-1,-1
296,58,132,666,98,81,1.0,-1,-1,-1
296,59,486,707,48,37,1.0,-1,-1,-1
296,60,1043,629,171,72,1.0,-1,-1,-1
296,61,45,700,73,65,1.0,-1,-1,-1
296,62,103,731,102,78,1.0,-1,-1,-1
296,64,1041,827,99,89,1.0,-1,-1,-1
296,65,1292,644,69,47,1.0,-1,-1,-1
296,66,1570,620,207,104,1.0,-1,-1,-1
296,69,371,708,38,41,1.0,-1,-1,-1
296,70,1869,596,50,54,1.0,-1,-1,-1
297,2,690,600,124,59,1.0,-1,-1,-1
297,7,1088,928,427,148,1.0,-1,-1,-1
297,14,1054,701,66,57,1.0,-1,-1,-1
297,25,541,616,48,45,1.0,-1,-1,-1
297,26,734,642,64,58,1.0,-1,-1,-1
297,31,1682,785,92,87,1.0,-1,-1,-1
297,32,827,682,62,72,1.0,-1,-1,-1
297,34,1281,421,190,93,1.0,-1,-1,-1
297,39,890,708,58,69,1.0,-1,-1,-1
297,43,483,860,311,217,1.0,-1,-1,-1
297,44,682,684,72,46,1.0,-1,-1,-1
297,45,10,936,83,85,1.0,-1,-1,-1
297,46,990,874,101,85,1.0,-1,-1,-1
297,48,434,773,177,106,1.0,-1,-1,-1
297,49,964,711,95,74,1.0,-1,-1,-1
297,52,965,511,252,141,1.0,-1,-1,-1
297,54,738,791,72,67,1.0,-1,-1,-1
297,56,239,780,149,111,1.0,-1,-1,-1
297,57,220,687,145,98,1.0,-1,-1,-1
297,58,132,666,98,81,1.0,-1,-1,-1
297,59,486,707,48,37,1.0,-1,-1,-1
297,60,1043,629,171,72,1.0,-1,-1,-1
297,61,45,701,73,64,1.0,-1,-1,-1
297,62,103,731,102,78,1.0,-1,-1,-1
297,63,1394,531,389,130,1.0,-1,-1,-1
297,64,1041,827,99,89,1.0,-1,-1,-1
297,65,1292,644,69,47,1.0,-1,-1,-1
297,66,1570,620,207,104,1.0,-1,-1,-1
297,69,371,708,38,41,1.0,-1,-1,-1
297,70,1869,596,50,54,1.0,-1,-1,-1
298,2,687,600,124,58,1.0,-1,-1,-1
298,7,1098,930,428,145,1.0,-1,-1,-1
298,14,1054,701,67,56,1.0,-1,-1,-1
298,25,539,620,47,41,1.0,-1,-1,-1
298,26,734,643,65,57,1.0,-1,-1,-1
298,31,1682,784,93,88,1.0,-1,-1,-1
298,34,1282,421,192,93,1.0,-1,-1,-1
298,39,890,709,57,68,1.0,-1,-1,-1
298,43,487,862,314,214,1.0,-1,-1,-1
298,44,682,685,71,45,1.0,-1,-1,-1
298,45,10,936,83,85,1.0,-1,-1,-1
298,46,1002,871,97,88,1.0,-1,-1,-1
298,48,438,776,180,103,1.0,-1,-1,-1
298,49,968,724,94,64,1.0,-1,-1,-1
298,52,965,512,252,140,1.0,-1,-1,-1
298,54,746,792,74,68,1.0,-1,-1,-1
298,56,240,779,152,114,1.0,-1,-1,-1
298,57,224,687,144,97,1.0,-1,-1,-1
298,58,134,667,98,77,1.0,-1,-1,-1
298,59,489,705,49,40,1.0,-1,-1,-1
298,60,1036,630,170,70,1.0,-1,-1,-1
298,61,48,701,72,65,1.0,-1,-1,-1
298,62,107,731,101,79,1.0,-1,-1,-1
298,63,1387,527,390,135,1.0,-1,-1,-1
298,64,1056,841,97,76,1.0,-1,-1,-1
298,65,1284,644,70,46,1.0,-1,-1,-1
298,66,1560,620,206,106,1.0,-1,-1,-1
298,69,378,709,38,44,1.0,-1,-1,-1
298,70,1859,597,60,52,1.0,-1,-1,-1
299,2,681,600,127,59,1.0,-1,-1,-1
299,7,1109,934,427,141,1.0,-1,-1,-1
299,14,1055,701,66,55,1.0,-1,-1,-1
299,25,538,622,44,39,1.0,-1,-1,-1
299,26,734,642,66,58,1.0,-1,-1,-1
299,31,1682,784,93,88,1.0,-1,-1,-1
299,34,1282,421,191,93,1.0,-1,-1,-1
299,39,891,710,56,67,1.0,-1,-1,-1
299,43,492,863,317,215,1.0,-1,-1,-1
299,44,682,685,72,45,1.0,-1,-1,-1
299,45,10,937,83,84,1.0,-1,-1,-1
299,46,1011,876,98,88,1.0,-1,-1,-1
299,48,441,776,184,105,1.0,-1,-1,-1
299,49,973,727,92,60,1.0,-1,-1,-1
299,52,982,517,292,145,1.0,-1,-1,-1
299,54,755,797,75,66,1.0,-1,-1,-1
299,56,243,781,152,113,1.0,-1,-1,-1
299,57,223,684,150,104,1.0,-1,-1,-1
299,58,136,668,100,78,1.0,-1,-1,-1
299,59,493,705,49,40,1.0,-1,-1,-1
299,60,1029,629,171,70,1.0,-1,-1,-1
299,61,50,704,73,63,1.0,-1,-1,-1
299,62,108,733,102,78,1.0,-1,-1,-1
299,63,1380,528,396,138,1.0,-1,-1,-1
299,64,1061,834,104,84,1.0,-1,-1,-1
299,65,1280,643,67,46,1.0,-1,-1,-1
299,66,1548,620,204,106,1.0,-1,-1,-1
299,69,384,709,38,44,1.0,-1,-1,-1
299,70,1850,593,65,57,1.0,-1,-1,-1
300,2,677,601,128,59,1.0,-1,-1,-1
300,7,1124,935,429,141,1.0,-1,-1,-1
300,14,1056,700,65,54,1.0,-1,-1,-1
300,25,531,618,47,44,1.0,-1,-1,-1
300,26,736,642,63,59,1.0,-1,-1,-1
300,31,1682,784,93,88,1.0,-1,-1,-1
300,34,1282,421,189,93,1.0,-1,-1,-1
300,39,891,711,55,66,1.0,-1,-1,-1
300,40,590,554,71,29,1.0,-1,-1,-1
300,43,498,865,319,213,1.0,-1,-1,-1
300,44,682,685,71,45,1.0,-1,-1,-1
300,45,10,937,82,85,1.0,-1,-1,-1
300,46,1019,874,99,92,1.0,-1,-1,-1
300,48,446,780,184,102,1.0,-1,-1,-1
300,49,976,726,92,61,1.0,-1,-1,-1
300,52,986,517,283,143,1.0,-1,-1,-1
300,54,764,794,76,71,1.0,-1,-1,-1
300,56,247,782,153,114,1.0,-1,-1,-1
300,57,231,688,143,100,1.0,-1,-1,-1
300,58,136,669,103,79,1.0,-1,-1,-1
300,59,497,705,48,41,1.0,-1,-1,-1
300,60,1024,629,168,69,1.0,-1,-1,-1
300,61,52,705,72,62,1.0,-1,-1,-1
300,62,111,734,102,79,1.0,-1,-1,-1
300,63,1377,531,396,129,1.0,-1,-1,-1
300,64,1079,839,100,83,1.0,-1,-1,-1
300,65,1272,642,66,45,1.0,-1,-1,-1
300,66,1538,620,206,105,1.0,-1,-1,-1
300,67,29,641,85,75,1.0,-1,-1,-1
300,69,393,717,36,38,1.0,-1,-1,-1
300,70,1842,594,68,56,1.0,-1,-1,-1
301,2,677,602,125,57,1.0,-1,-1,-1
301,7,1133,938,432,137,1.0,-1,-1,-1
301,14,1057,700,64,54,1.0,-1,-1,-1
301,25,529,619,46,43,1.0,-1,-1,-1
301,26,734,643,66,58,1.0,-1,-1,-1
301,31,1682,784,93,88,1.0,-1,-1,-1
301,34,1282,421,193,93,1.0,-1,-1,-1
301,39,891,710,58,67,1.0,-1,-1,-1
301,40,590,554,71,30,1.0,-1,-1,-1
301,43,502,867,322,210,1.0,-1,-1,-1
301,44,682,685,71,45,1.0,-1,-1,-1
301,45,10,937,83,85,1.0,-1,-1,-1
301,46,1028,884,100,86,1.0,-1,-1,-1
301,48,450,781,184,105,1.0,-1,-1,-1
301,49,977,724,92,62,1.0,-1,-1,-1
301,54,772,792,77,77,1.0,-1,-1,-1
301,56,252,783,154,115,1.0,-1,-1,-1
301,57,232,688,150,101,1.0,-1,-1,-1
301,58,140,670,100,77,1.0,-1,-1,-1
301,59,501,706,48,40,1.0,-1,-1,-1
301,60,1015,628,172,70,1.0,-1,-1,-1
301,61,53,705,74,63,1.0,-1,-1,-1
301,62,113,734,103,79,1.0,-1,-1,-1
301,63,1373,531,397,131,1.0,-1,-1,-1
301,64,1084,833,106,91,1.0,-1,-1,-1
301,65,1266,641,65,46,1.0,-1,-1,-1
301,66,1524,620,209,104,1.0,-1,-1,-1
301,67,32,642,84,75,1.0,-1,-1,-1
301,69,398,714,36,41,1.0,-1,-1,-1
301,70,1832,591,65,59,1.0,-1,-1,-1
302,2,678,601,122,58,1.0,-1,-1,-1
302,7,1145,940,433,135,1.0,-1,-1,-1
302,14,1057,701,64,53,1.0,-1,-1,-1
302,25,525,623,46,38,1.0,-1,-1,-1
302,26,734,644,65,57,1.0,-1,-1,-1
302,31,1682,784,93,88,1.0,-1,-1,-1
302,34,1283,421,191,93,1.0,-1,-1,-1
302,39,890,710,60,67,1.0,-1,-1,-1
302,40,590,554,71,30,1.0,-1,-1,-1
302,43,509,869,323,209,1.0,-1,-1,-1
302,44,682,685,71,45,1.0,-1,-1,-1
302,45,10,937,83,85,1.0,-1,-1,-1
302,46,1037,889,102,83,1.0,-1,-1,-1
302,48,455,781,183,106,1.0,-1,-1,-1
302,49,979,727,92,58,1.0,-1,-1,-1
302,54,780,798,79,74,1.0,-1,-1,-1
302,56,254,783,156,117,1.0,-1,-1,-1
302,57,235,685,151,105,1.0,-1,-1,-1
302,58,142,671,102,76,1.0,-1,-1,-1
302,59,505,707,50,40,1.0,-1,-1,-1
302,60,1007,628,172,67,1.0,-1,-1,-1
302,61,54,704,75,64,1.0,-1,-1,-1
302,62,114,735,105,79,1.0,-1,-1,-1
302,63,1371,530,391,133,1.0,-1,-1,-1
302,64,1095,844,108,82,1.0,-1,-1,-1
302,65,1258,643,68,44,1.0,-1,-1,-1
302,66,1514,621,207,105,1.0,-1,-1,-1
302,67,35,643,85,76,1.0,-1,-1,-1
302,69,402,713,38,44,1.0,-1,-1,-1
302,70,1826,593,65,55,1.0,-1,-1,-1
302,77,1870,605,50,74,1.0,-1,-1,-1
303,2,678,601,122,58,1.0,-1,-1,-1
303,7,1145,940,433,135,1.0,-1,-1,-1
303,14,1057,701,63,53,1.0,-1,-1,-1
303,25,525,623,47,38,1.0,-1,-1,-1
303,26,734,644,65,57,1.0,-1,-1,-1
303,31,1682,784,93,88,1.0,-1,-1,-1
303,34,1282,421,195,93,1.0,-1,-1,-1
303,39,891,710,59,67,1.0,-1,-1,-1
303,40,590,554,71,30,1.0,-1,-1,-1
303,43,509,869,323,209,1.0,-1,-1,-1
303,44,682,685,71,45,1.0,-1,-1,-1
303,45,10,937,83,85,1.0,-1,-1,-1
303,46,1037,889,102,83,1.0,-1,-1,-1
303,48,454,781,184,106,1.0,-1,-1,-1
303,49,979,727,92,58,1.0,-1,-1,-1
303,52,978,517,289,142,1.0,-1,-1,-1
303,54,780,798,79,74,1.0,-1,-1,-1
303,56,254,783,156,117,1.0,-1,-1,-1
303,57,235,685,151,105,1.0,-1,-1,-1
303,58,142,671,102,76,1.0,-1,-1,-1
303,59,505,707,50,40,1.0,-1,-1,-1
303,60,1008,628,171,67,1.0,-1,-1,-1
303,61,54,704,75,64,1.0,-1,-1,-1
303,62,114,735,105,79,1.0,-1,-1,-1
303,63,1371,530,391,133,1.0,-1,-1,-1
303,64,1095,844,108,82,1.0,-1,-1,-1
303,65,1259,643,67,44,1.0,-1,-1,-1
303,66,1514,621,207,105,1.0,-1,-1,-1
303,67,35,643,85,76,1.0,-1,-1,-1
303,69,402,713,38,44,1.0,-1,-1,-1
303,70,1826,594,65,54,1.0,-1,-1,-1
303,77,1870,606,50,73,1.0,-1,-1,-1
304,2,674,601,123,58,1.0,-1,-1,-1
304,7,1158,943,435,132,1.0,-1,-1,-1
304,14,1060,701,60,53,1.0,-1,-1,-1
304,16,1884,813,35,96,1.0,-1,-1,-1
304,25,522,621,46,40,1.0,-1,-1,-1
304,26,734,645,65,56,1.0,-1,-1,-1
304,31,1682,785,93,87,1.0,-1,-1,-1
304,34,1282,421,198,93,1.0,-1,-1,-1
304,39,891,711,56,66,1.0,-1,-1,-1
304,40,589,554,72,30,1.0,-1,-1,-1
304,43,514,871,328,208,1.0,-1,-1,-1
304,44,682,685,70,45,1.0,-1,-1,-1
304,45,10,937,83,85,1.0,-1,-1,-1
304,46,1046,887,102,87,1.0,-1,-1,-1
304,48,459,781,186,107,1.0,-1,-1,-1
304,49,982,730,92,55,1.0,-1,-1,-1
304,52,977,518,286,138,1.0,-1,-1,-1
304,54,790,804,80,69,1.0,-1,-1,-1
304,56,258,786,157,116,1.0,-1,-1,-1
304,57,236,686,153,105,1.0,-1,-1,-1
304,58,145,669,102,78,1.0,-1,-1,-1
304,59,507,707,50,40,1.0,-1,-1,-1
304,60,1005,629,163,65,1.0,-1,-1,-1
304,61,58,703,75,66,1.0,-1,-1,-1
304,62,117,734,105,82,1.0,-1,-1,-1
304,63,1365,530,391,129,1.0,-1,-1,-1
304,64,1111,843,104,86,1.0,-1,-1,-1
304,65,1253,642,66,45,1.0,-1,-1,-1
304,66,1502,622,206,102,1.0,-1,-1,-1
304,67,32,642,90,79,1.0,-1,-1,-1
304,69,410,714,38,45,1.0,-1,-1,-1
304,70,1815,596,68,53,1.0,-1,-1,-1
304,77,1861,613,59,66,1.0,-1,-1,-1
305,2,671,602,123,58,1.0,-1,-1,-1
305,7,1173,944,431,133,1.0,-1,-1,-1
305,14,1060,701,61,53,1.0,-1,-1,-1
305,16,1884,813,35,96,1.0,-1,-1,-1
305,25,520,625,43,37,1.0,-1,-1,-1
305,26,734,645,64,56,1.0,-1,-1,-1
305,31,1682,785,93,87,1.0,-1,-1,-1
305,34,1282,420,204,95,1.0,-1,-1,-1
305,39,891,711,54,67,1.0,-1,-1,-1
305,40,589,554,72,31,1.0,-1,-1,-1
305,43,520,871,329,208,1.0,-1,-1,-1
305,44,683,685,69,45,1.0,-1,-1,-1
305,45,10,937,83,85,1.0,-1,-1,-1
305,46,1054,892,104,88,1.0,-1,-1,-1
305,48,463,782,190,109,1.0,-1,-1,-1
305,49,985,730,92,56,1.0,-1,-1,-1
305,52,981,517,279,138,1.0,-1,-1,-1
305,54,797,804,82,72,1.0,-1,-1,-1
305,56,261,787,159,116,1.0,-1,-1,-1
305,57,240,686,153,108,1.0,-1,-1,-1
305,58,146,670,103,79,1.0,-1,-1,-1
305,59,512,708,49,38,1.0,-1,-1,-1
305,60,1000,628,168,66,1.0,-1,-1,-1
305,61,57,703,78,67,1.0,-1,-1,-1
305,62,119,735,107,82,1.0,-1,-1,-1
305,63,1359,532,394,132,1.0,-1,-1,-1
305,64,1122,844,105,88,1.0,-1,-1,-1
305,65,1247,640,64,46,1.0,-1,-1,-1
305,66,1492,622,204,103,1.0,-1,-1,-1
305,67,34,642,89,76,1.0,-1,-1,-1
305,69,412,716,40,46,1.0,-1,-1,-1
305,70,1808,597,60,52,1.0,-1,-1,-1
305,77,1852,619,67,61,1.0,-1,-1,-1
306,2,668,602,122,61,1.0,-1,-1,-1
306,7,1183,946,436,129,1.0,-1,-1,-1
306,14,1061,701,59,53,1.0,-1,-1,-1
306,16,1884,813,35,96,1.0,-1,-1,-1
306,20,1819,825,38,84,1.0,-1,-1,-1
306,25,515,621,44,42,1.0,-1,-1,-1
306,26,734,644,64,57,1.0,-1,-1,-1
306,31,1682,785,92,87,1.0,-1,-1,-1
306,34,1282,420,206,95,1.0,-1,-1,-1
306,39,891,712,55,66,1.0,-1,-1,-1
306,40,588,553,73,32,1.0,-1,-1,-1
306,43,524,875,333,203,1.0,-1,-1,-1
306,44,683,686,69,44,1.0,-1,-1,-1
306,45,10,937,83,85,1.0,-1,-1,-1
306,46,1062,890,105,93,1.0,-1,-1,-1
306,48,468,785,189,109,1.0,-1,-1,-1
306,49,988,733,93,52,1.0,-1,-1,-1
306,52,982,517,278,138,1.0,-1,-1,-1
306,54,807,808,83,70,1.0,-1,-1,-1
306,56,264,790,161,116,1.0,-1,-1,-1
306,57,243,689,153,106,1.0,-1,-1,-1
306,58,150,669,102,82,1.0,-1,-1,-1
306,59,517,706,48,41,1.0,-1,-1,-1
306,60,993,628,163,64,1.0,-1,-1,-1
306,61,60,704,76,67,1.0,-1,-1,-1
306,62,120,736,110,83,1.0,-1,-1,-1
306,63,1358,528,389,130,1.0,-1,-1,-1
306,64,1131,837,109,97,1.0,-1,-1,-1
306,65,1237,640,69,47,1.0,-1,-1,-1
306,66,1478,621,209,103,1.0,-1,-1,-1
306,67,35,641,90,78,1.0,-1,-1,-1
306,69,419,713,40,48,1.0,-1,-1,-1
306,70,1800,598,63,50,1.0,-1,-1,-1
306,77,1844,625,69,55,1.0,-1,-1,-1
307,2,665,602,123,60,1.0,-1,-1,-1
307,7,1198,949,435,128,1.0,-1,-1,-1
307,14,1060,700,61,53,1.0,-1,-1,-1
307,16,1885,813,34,96,1.0,-1,-1,-1
307,20,1819,823,40,86,1.0,-1,-1,-1
307,26,734,645,64,56,1.0,-1,-1,-1
307,31,1682,785,92,87,1.0,-1,-1,-1
307,34,1282,420,201,95,1.0,-1,-1,-1
307,39,891,711,58,67,1.0,-1,-1,-1
307,40,589,553,72,32,1.0,-1,-1,-1
307,43,531,874,335,204,1.0,-1,-1,-1
307,44,682,686,70,44,1.0,-1,-1,-1
307,45,10,937,83,85,1.0,-1,-1,-1
307,46,1073,895,105,89,1.0,-1,-1,-1
307,48,472,785,192,111,1.0,-1,-1,-1
307,49,990,733,93,52,1.0,-1,-1,-1
307,52,969,516,286,139,1.0,-1,-1,-1
307,54,818,808,81,75,1.0,-1,-1,-1
307,56,268,790,161,118,1.0,-1,-1,-1
307,57,249,688,151,108,1.0,-1,-1,-1
307,58,152,671,102,81,1.0,-1,-1,-1
307,59,520,704,49,44,1.0,-1,-1,-1
307,60,990,627,161,63,1.0,-1,-1,-1
307,61,63,705,75,67,1.0,-1,-1,-1
307,62,122,736,111,84,1.0,-1,-1,-1
307,63,1355,527,392,131,1.0,-1,-1,-1
307,64,1142,844,110,92,1.0,-1,-1,-1
307,65,1232,640,66,46,1.0,-1,-1,-1
307,66,1470,622,205,102,1.0,-1,-1,-1
307,67,37,642,88,78,1.0,-1,-1,-1
307,69,422,708,44,55,1.0,-1,-1,-1
307,70,1789,599,62,49,1.0,-1,-1,-1
307,77,1837,610,70,69,1.0,-1,-1,-1
308,2,662,603,124,59,1.0,-1,-1,-1
308,7,1211,952,436,123,1.0,-1,-1,-1
308,14,1060,701,60,51,1.0,-1,-1,-1
308,16,1885,812,34,97,1.0,-1,-1,-1
308,20,1819,824,39,85,1.0,-1,-1,-1
308,26,734,646,63,55,1.0,-1,-1,-1
308,31,1682,785,92,87,1.0,-1,-1,-1
308,34,1282,421,195,95,1.0,-1,-1,-1
308,39,890,711,61,66,1.0,-1,-1,-1
308,40,589,554,72,31,1.0,-1,-1,-1
308,43,536,877,338,201,1.0,-1,-1,-1
308,44,682,687,70,43,1.0,-1,-1,-1
308,45,10,937,83,85,1.0,-1,-1,-1
308,46,1080,899,108,88,1.0,-1,-1,-1
308,48,474,788,194,112,1.0,-1,-1,-1
308,49,993,733,93,53,1.0,-1,-1,-1
308,52,968,514,283,140,1.0,-1,-1,-1
308,54,827,812,84,72,1.0,-1,-1,-1
308,56,271,793,163,118,1.0,-1,-1,-1
308,57,253,690,154,109,1.0,-1,-1,-1
308,58,155,670,104,83,1.0,-1,-1,-1
308,59,523,705,51,42,1.0,-1,-1,-1
308,60,980,629,169,61,1.0,-1,-1,-1
308,61,66,706,74,67,1.0,-1,-1,-1
308,62,125,739,111,82,1.0,-1,-1,-1
308,63,1349,532,390,128,1.0,-1,-1,-1
308,64,1151,846,117,93,1.0,-1,-1,-1
308,65,1226,639,66,45,1.0,-1,-1,-1
308,66,1458,623,206,101,1.0,-1,-1,-1
308,67,37,641,89,80,1.0,-1,-1,-1
308,69,431,717,43,49,1.0,-1,-1,-1
308,70,1781,599,62,48,1.0,-1,-1,-1
308,77,1830,622,68,56,1.0,-1,-1,-1
309,2,662,602,124,60,1.0,-1,-1,-1
309,7,1211,952,436,123,1.0,-1,-1,-1
309,14,1060,700,61,52,1.0,-1,-1,-1
309,16,1885,813,34,96,1.0,-1,-1,-1
309,18,277,574,90,60,1.0,-1,-1,-1
309,20,1818,822,40,87,1.0,-1,-1,-1
309,26,735,645,62,56,1.0,-1,-1,-1
309,31,1682,785,92,86,1.0,-1,-1,-1
309,34,1282,421,192,95,1.0,-1,-1,-1
309,39,890,711,63,66,1.0,-1,-1,-1
309,40,590,554,70,31,1.0,-1,-1,-1
309,43,536,877,338,201,1.0,-1,-1,-1
309,44,683,686,68,44,1.0,-1,-1,-1
309,45,10,937,82,85,1.0,-1,-1,-1
309,46,1080,899,108,88,1.0,-1,-1,-1
309,48,474,788,194,112,1.0,-1,-1,-1
309,49,993,733,93,53,1.0,-1,-1,-1
309,52,966,512,282,143,1.0,-1,-1,-1
309,54,827,812,84,72,1.0,-1,-1,-1
309,56,271,793,163,118,1.0,-1,-1,-1
309,57,252,690,155,109,1.0,-1,-1,-1
309,58,155,670,103,83,1.0,-1,-1,-1
309,59,523,705,51,43,1.0,-1,-1,-1
309,60,980,629,169,61,1.0,-1,-1,-1
309,61,66,706,74,67,1.0,-1,-1,-1
309,62,126,739,110,82,1.0,-1,-1,-1
309,63,1349,532,390,128,1.0,-1,-1,-1
309,64,1152,846,116,93,1.0,-1,-1,-1
309,65,1226,639,66,45,1.0,-1,-1,-1
309,66,1458,623,206,101,1.0,-1,-1,-1
309,67,37,642,89,79,1.0,-1,-1,-1
309,69,431,717,43,49,1.0,-1,-1,-1
309,70,1781,599,62,48,1.0,-1,-1,-1
309,72,0,658,26,43,1.0,-1,-1,-1
309,77,1830,622,68,56,1.0,-1,-1,-1
310,2,659,603,125,59,1.0,-1,-1,-1
310,7,1224,954,442,121,1.0,-1,-1,-1
310,14,1061,694,59,55,1.0,-1,-1,-1
310,16,1885,813,34,96,1.0,-1,-1,-1
310,18,280,573,84,61,1.0,-1,-1,-1
310,20,1819,823,38,86,1.0,-1,-1,-1
310,26,735,646,62,54,1.0,-1,-1,-1
310,31,1682,785,92,86,1.0,-1,-1,-1
310,34,1282,422,182,94,1.0,-1,-1,-1
310,40,591,554,69,31,1.0,-1,-1,-1
310,43,540,879,341,199,1.0,-1,-1,-1
310,44,683,687,67,43,1.0,-1,-1,-1
310,45,11,937,81,84,1.0,-1,-1,-1
310,46,1091,895,106,94,1.0,-1,-1,-1
310,48,479,793,195,108,1.0,-1,-1,-1
310,49,994,729,94,56,1.0,-1,-1,-1
310,54,838,813,84,74,1.0,-1,-1,-1
310,56,275,794,167,121,1.0,-1,-1,-1
310,57,254,690,156,108,1.0,-1,-1,-1
310,58,155,671,106,81,1.0,-1,-1,-1
310,59,525,699,53,49,1.0,-1,-1,-1
310,60,971,628,170,62,1.0,-1,-1,-1
310,61,67,706,76,69,1.0,-1,-1,-1
310,62,130,738,109,85,1.0,-1,-1,-1
310,63,1349,535,385,131,1.0,-1,-1,-1
310,64,1163,847,116,93,1.0,-1,-1,-1
310,65,1220,640,66,44,1.0,-1,-1,-1
310,66,1445,623,208,102,1.0,-1,-1,-1
310,67,39,643,90,79,1.0,-1,-1,-1
310,69,436,715,45,52,1.0,-1,-1,-1
310,70,1772,600,62,48,1.0,-1,-1,-1
310,77,1822,617,67,60,1.0,-1,-1,-1
311,2,658,603,123,58,1.0,-1,-1,-1
311,7,1239,955,442,121,1.0,-1,-1,-1
311,14,1061,694,59,55,1.0,-1,-1,-1
311,16,1884,813,35,96,1.0,-1,-1,-1
311,18,279,573,87,61,1.0,-1,-1,-1
311,20,1819,820,39,89,1.0,-1,-1,-1
311,26,736,644,61,56,1.0,-1,-1,-1
311,31,1682,784,93,87,1.0,-1,-1,-1
311,34,1282,421,185,96,1.0,-1,-1,-1
311,40,590,554,70,32,1.0,-1,-1,-1
311,43,547,882,344,196,1.0,-1,-1,-1
311,44,682,666,66,64,1.0,-1,-1,-1
311,45,11,937,81,84,1.0,-1,-1,-1
311,46,1100,897,110,92,1.0,-1,-1,-1
311,48,483,793,196,110,1.0,-1,-1,-1
311,49,999,727,91,56,1.0,-1,-1,-1
311,54,845,815,89,75,1.0,-1,-1,-1
311,56,278,796,166,121,1.0,-1,-1,-1
311,57,256,690,158,111,1.0,-1,-1,-1
311,58,158,668,105,86,1.0,-1,-1,-1
311,59,529,704,52,45,1.0,-1,-1,-1
311,60,967,627,169,62,1.0,-1,-1,-1
311,61,69,707,75,68,1.0,-1,-1,-1
311,62,132,739,110,85,1.0,-1,-1,-1
311,64,1179,847,114,98,1.0,-1,-1,-1
311,65,1214,639,65,46,1.0,-1,-1,-1
311,66,1434,621,211,102,1.0,-1,-1,-1
311,67,39,642,90,80,1.0,-1,-1,-1
311,69,439,717,48,52,1.0,-1,-1,-1
311,70,1762,607,63,41,1.0,-1,-1,-1
311,77,1816,621,68,53,1.0,-1,-1,-1
312,2,657,602,120,58,1.0,-1,-1,-1
312,7,1254,957,439,120,1.0,-1,-1,-1
312,14,1064,693,56,56,1.0,-1,-1,-1
312,16,1884,813,35,95,1.0,-1,-1,-1
312,20,1820,820,38,89,1.0,-1,-1,-1
312,26,736,645,62,55,1.0,-1,-1,-1
312,31,1682,784,93,87,1.0,-1,-1,-1
312,34,1282,422,182,93,1.0,-1,-1,-1
312,40,589,554,72,32,1.0,-1,-1,-1
312,43,551,884,350,194,1.0,-1,-1,-1
312,44,682,667,65,63,1.0,-1,-1,-1
312,45,11,937,81,84,1.0,-1,-1,-1
312,46,1110,898,110,95,1.0,-1,-1,-1
312,48,488,792,198,113,1.0,-1,-1,-1
312,49,1000,725,94,58,1.0,-1,-1,-1
312,54,858,811,86,82,1.0,-1,-1,-1
312,56,282,797,167,123,1.0,-1,-1,-1
312,57,257,690,162,111,1.0,-1,-1,-1
312,58,159,667,108,89,1.0,-1,-1,-1
312,59,531,706,54,43,1.0,-1,-1,-1
312,60,963,624,166,64,1.0,-1,-1,-1
312,61,69,707,77,68,1.0,-1,-1,-1
312,62,133,740,113,85,1.0,-1,-1,-1
312,64,1187,846,118,100,1.0,-1,-1,-1
312,65,1208,638,65,46,1.0,-1,-1,-1
312,66,1426,623,205,101,1.0,-1,-1,-1
312,67,41,642,91,79,1.0,-1,-1,-1
312,69,449,718,46,52,1.0,-1,-1,-1
312,70,1755,604,63,44,1.0,-1,-1,-1
312,77,1806,621,69,53,1.0,-1,-1,-1
313,2,654,603,120,57,1.0,-1,-1,-1
313,6,724,583,100,59,1.0,-1,-1,-1
313,7,1267,961,435,116,1.0,-1,-1,-1
313,14,1064,693,56,56,1.0,-1,-1,-1
313,16,1884,811,36,96,1.0,-1,-1,-1
313,20,1820,821,38,88,1.0,-1,-1,-1
313,26,736,643,61,57,1.0,-1,-1,-1
313,31,1682,784,93,87,1.0,-1,-1,-1
313,34,1281,422,184,94,1.0,-1,-1,-1
313,40,589,554,72,33,1.0,-1,-1,-1
313,43,558,884,350,194,1.0,-1,-1,-1
313,44,682,667,65,63,1.0,-1,-1,-1
313,45,11,937,81,84,1.0,-1,-1,-1
313,46,1117,899,116,98,1.0,-1,-1,-1
313,48,492,792,201,115,1.0,-1,-1,-1
313,49,1002,724,93,58,1.0,-1,-1,-1
313,54,868,819,89,76,1.0,-1,-1,-1
313,56,285,800,170,122,1.0,-1,-1,-1
313,57,258,692,166,112,1.0,-1,-1,-1
313,58,160,667,111,91,1.0,-1,-1,-1
313,59,535,704,53,46,1.0,-1,-1,-1
313,60,960,625,163,63,1.0,-1,-1,-1
313,61,72,708,76,68,1.0,-1,-1,-1
313,62,136,741,115,86,1.0,-1,-1,-1
313,64,1204,856,117,91,1.0,-1,-1,-1
313,65,1201,638,65,46,1.0,-1,-1,-1
313,66,1414,622,204,100,1.0,-1,-1,-1
313,67,43,642,92,83,1.0,-1,-1,-1
313,69,457,715,47,58,1.0,-1,-1,-1
313,70,1750,599,59,48,1.0,-1,-1,-1
313,72,0,649,33,54,1.0,-1,-1,-1
313,73,1872,665,47,76,1.0,-1,-1,-1
313,77,1801,619,66,54,1.0,-1,-1,-1
314,2,652,604,120,56,1.0,-1,-1,-1
314,6,715,582,105,59,1.0,-1,-1,-1
314,7,1285,965,433,111,1.0,-1,-1,-1
314,14,1066,686,53,63,1.0,-1,-1,-1
314,16,1884,811,36,96,1.0,-1,-1,-1
314,20,1820,823,37,85,1.0,-1,-1,-1
314,26,736,642,62,58,1.0,-1,-1,-1
314,31,1682,785,93,86,1.0,-1,-1,-1
314,34,1281,422,191,94,1.0,-1,-1,-1
314,40,588,554,73,33,1.0,-1,-1,-1
314,43,562,887,355,190,1.0,-1,-1,-1
314,44,682,667,67,63,1.0,-1,-1,-1
314,45,11,937,81,84,1.0,-1,-1,-1
314,46,1130,899,111,100,1.0,-1,-1,-1
314,48,497,794,203,115,1.0,-1,-1,-1
314,49,1004,724,94,59,1.0,-1,-1,-1
314,52,949,511,247,141,1.0,-1,-1,-1
314,54,876,824,91,74,1.0,-1,-1,-1
314,56,289,800,171,123,1.0,-1,-1,-1
314,57,266,694,163,109,1.0,-1,-1,-1
314,58,161,669,113,89,1.0,-1,-1,-1
314,59,540,701,51,51,1.0,-1,-1,-1
314,60,955,626,160,63,1.0,-1,-1,-1
314,61,73,709,77,68,1.0,-1,-1,-1
314,62,139,741,116,87,1.0,-1,-1,-1
314,64,1217,851,116,99,1.0,-1,-1,-1
314,65,1195,638,65,45,1.0,-1,-1,-1
314,66,1402,622,207,101,1.0,-1,-1,-1
314,67,44,642,92,83,1.0,-1,-1,-1
314,69,463,727,48,47,1.0,-1,-1,-1
314,70,1738,601,63,46,1.0,-1,-1,-1
314,72,0,649,35,53,1.0,-1,-1,-1
314,73,1863,661,56,79,1.0,-1,-1,-1
314,77,1794,621,67,51,1.0,-1,-1,-1
315,2,652,604,120,56,1.0,-1,-1,-1
315,6,715,581,106,60,1.0,-1,-1,-1
315,7,1285,965,434,111,1.0,-1,-1,-1
315,14,1065,687,55,62,1.0,-1,-1,-1
315,16,1884,811,36,96,1.0,-1,-1,-1
315,18,275,574,94,59,1.0,-1,-1,-1
315,20,1820,823,36,86,1.0,-1,-1,-1
315,26,736,643,61,57,1.0,-1,-1,-1
315,31,1682,784,93,87,1.0,-1,-1,-1
315,34,1282,421,194,95,1.0,-1,-1,-1
315,40,589,554,72,33,1.0,-1,-1,-1
315,43,562,887,355,190,1.0,-1,-1,-1
315,44,682,685,69,45,1.0,-1,-1,-1
315,45,10,937,83,84,1.0,-1,-1,-1
315,46,1130,899,111,100,1.0,-1,-1,-1
315,48,497,794,203,115,1.0,-1,-1,-1
315,49,1004,723,93,60,1.0,-1,-1,-1
315,52,949,511,247,140,1.0,-1,-1,-1
315,54,877,824,90,74,1.0,-1,-1,-1
315,56,289,800,171,123,1.0,-1,-1,-1
315,57,266,694,163,109,1.0,-1,-1,-1
315,58,161,669,113,89,1.0,-1,-1,-1
315,59,540,702,52,50,1.0,-1,-1,-1
315,60,954,625,162,64,1.0,-1,-1,-1
315,61,74,709,76,68,1.0,-1,-1,-1
315,62,139,741,116,87,1.0,-1,-1,-1
315,63,1404,539,305,137,1.0,-1,-1,-1
315,64,1217,851,116,99,1.0,-1,-1,-1
315,65,1195,638,64,45,1.0,-1,-1,-1
315,66,1402,623,207,100,1.0,-1,-1,-1
315,67,44,642,92,82,1.0,-1,-1,-1
315,69,464,727,47,47,1.0,-1,-1,-1
315,70,1738,600,63,47,1.0,-1,-1,-1
315,72,0,649,35,53,1.0,-1,-1,-1
315,73,1863,661,57,79,1.0,-1,-1,-1
315,77,1794,621,67,51,1.0,-1,-1,-1
316,2,648,604,118,57,1.0,-1,-1,-1
316,6,706,583,113,58,1.0,-1,-1,-1
316,7,1299,968,406,109,1.0,-1,-1,-1
316,14,1066,690,54,60,1.0,-1,-1,-1
316,16,1884,810,36,97,1.0,-1,-1,-1
316,20,1821,822,39,87,1.0,-1,-1,-1
316,26,736,644,61,57,1.0,-1,-1,-1
316,31,1683,782,94,91,1.0,-1,-1,-1
316,34,1282,421,192,95,1.0,-1,-1,-1
316,40,589,554,73,31,1.0,-1,-1,-1
316,43,569,887,356,190,1.0,-1,-1,-1
316,44,683,685,68,45,1.0,-1,-1,-1
316,45,10,937,84,84,1.0,-1,-1,-1
316,46,1139,906,114,95,1.0,-1,-1,-1
316,48,502,797,201,113,1.0,-1,-1,-1
316,49,1006,715,92,67,1.0,-1,-1,-1
316,54,889,827,91,72,1.0,-1,-1,-1
316,56,293,803,172,122,1.0,-1,-1,-1
316,57,268,694,166,112,1.0,-1,-1,-1
316,58,164,670,113,87,1.0,-1,-1,-1
316,59,545,703,51,48,1.0,-1,-1,-1
316,60,953,626,160,63,1.0,-1,-1,-1
316,61,77,710,75,68,1.0,-1,-1,-1
316,62,143,744,115,85,1.0,-1,-1,-1
316,64,1229,859,118,93,1.0,-1,-1,-1
316,65,1189,638,64,46,1.0,-1,-1,-1
316,66,1393,620,204,101,1.0,-1,-1,-1
316,67,49,643,90,85,1.0,-1,-1,-1
316,69,469,726,50,49,1.0,-1,-1,-1
316,70,1730,602,65,45,1.0,-1,-1,-1
316,72,0,651,37,52,1.0,-1,-1,-1
316,73,1854,661,66,81,1.0,-1,-1,-1
316,77,1789,617,65,54,1.0,-1,-1,-1
317,2,645,604,119,57,1.0,-1,-1,-1
317,6,706,583,110,58,1.0,-1,-1,-1
317,7,1317,971,438,106,1.0,-1,-1,-1
317,14,1068,690,53,59,1.0,-1,-1,-1
317,16,1885,812,35,96,1.0,-1,-1,-1
317,20,1820,821,40,88,1.0,-1,-1,-1
317,26,736,642,61,59,1.0,-1,-1,-1
317,31,1683,782,93,91,1.0,-1,-1,-1
317,34,1282,422,187,93,1.0,-1,-1,-1
317,43,575,889,360,188,1.0,-1,-1,-1
317,44,683,685,68,44,1.0,-1,-1,-1
317,45,10,936,84,85,1.0,-1,-1,-1
317,46,1152,905,111,101,1.0,-1,-1,-1
317,48,507,797,203,117,1.0,-1,-1,-1
317,49,1008,713,96,68,1.0,-1,-1,-1
317,54,897,828,93,72,1.0,-1,-1,-1
317,56,296,803,174,125,1.0,-1,-1,-1
317,57,269,695,167,108,1.0,-1,-1,-1
317,58,166,669,115,87,1.0,-1,-1,-1
317,59,548,705,52,46,1.0,-1,-1,-1
317,60,953,625,152,64,1.0,-1,-1,-1
317,61,78,711,79,67,1.0,-1,-1,-1
317,62,145,745,116,85,1.0,-1,-1,-1
317,64,1244,859,117,95,1.0,-1,-1,-1
317,65,1184,637,63,47,1.0,-1,-1,-1
317,66,1382,620,205,101,1.0,-1,-1,-1
317,67,48,642,94,88,1.0,-1,-1,-1
317,69,477,725,49,52,1.0,-1,-1,-1
317,70,1721,602,67,46,1.0,-1,-1,-1
317,72,0,651,39,53,1.0,-1,-1,-1
317,73,1845,656,74,85,1.0,-1,-1,-1
317,77,1783,613,62,58,1.0,-1,-1,-1
318,2,644,604,116,57,1.0,-1,-1,-1
318,6,706,583,106,58,1.0,-1,-1,-1
318,7,1332,973,438,103,1.0,-1,-1,-1
318,14,1068,692,53,57,1.0,-1,-1,-1
318,16,1885,812,35,96,1.0,-1,-1,-1
318,20,1821,822,39,87,1.0,-1,-1,-1
318,26,736,645,62,56,1.0,-1,-1,-1
318,31,1683,782,93,91,1.0,-1,-1,-1
318,34,1282,421,191,94,1.0,-1,-1,-1
318,43,582,891,361,185,1.0,-1,-1,-1
318,44,683,685,68,44,1.0,-1,-1,-1
318,45,11,936,82,85,1.0,-1,-1,-1
318,46,1158,916,115,90,1.0,-1,-1,-1
318,48,512,796,204,117,1.0,-1,-1,-1
318,49,1011,714,95,68,1.0,-1,-1,-1
318,54,910,829,93,77,1.0,-1,-1,-1
318,56,299,805,176,125,1.0,-1,-1,-1
318,57,275,693,165,112,1.0,-1,-1,-1
318,58,170,670,114,87,1.0,-1,-1,-1
318,59,552,708,52,45,1.0,-1,-1,-1
318,60,955,624,140,64,1.0,-1,-1,-1
318,61,79,711,79,68,1.0,-1,-1,-1
318,62,148,746,117,86,1.0,-1,-1,-1
318,64,1252,861,124,96,1.0,-1,-1,-1
318,65,1177,639,62,44,1.0,-1,-1,-1
318,66,1373,621,203,100,1.0,-1,-1,-1
318,67,52,643,91,84,1.0,-1,-1,-1
318,69,486,730,50,49,1.0,-1,-1,-1
318,70,1712,599,66,48,1.0,-1,-1,-1
318,72,0,651,41,53,1.0,-1,-1,-1
318,73,1834,650,85,92,1.0,-1,-1,-1
318,77,1774,613,66,57,1.0,-1,-1,-1
319,2,641,604,118,55,1.0,-1,-1,-1
319,6,704,582,104,58,1.0,-1,-1,-1
319,7,1348,975,439,102,1.0,-1,-1,-1
319,14,1066,690,55,60,1.0,-1,-1,-1
319,16,1885,811,35,97,1.0,-1,-1,-1
319,20,1821,821,40,88,1.0,-1,-1,-1
319,26,736,644,62,57,1.0,-1,-1,-1
319,31,1683,782,93,91,1.0,-1,-1,-1
319,34,1282,421,199,94,1.0,-1,-1,-1
319,43,588,893,362,183,1.0,-1,-1,-1
319,44,683,684,68,45,1.0,-1,-1,-1
319,45,11,937,82,84,1.0,-1,-1,-1
319,46,1166,907,118,103,1.0,-1,-1,-1
319,48,516,799,207,120,1.0,-1,-1,-1
319,49,1013,711,94,70,1.0,-1,-1,-1
319,54,921,836,95,73,1.0,-1,-1,-1
319,56,303,806,178,127,1.0,-1,-1,-1
319,57,278,694,170,114,1.0,-1,-1,-1
319,58,172,670,114,87,1.0,-1,-1,-1
319,59,555,708,52,45,1.0,-1,-1,-1
319,60,950,623,141,64,1.0,-1,-1,-1
319,61,81,712,79,68,1.0,-1,-1,-1
319,62,151,747,116,86,1.0,-1,-1,-1
319,64,1268,861,121,98,1.0,-1,-1,-1
319,65,1170,637,63,46,1.0,-1,-1,-1
319,66,1362,620,202,100,1.0,-1,-1,-1
319,67,52,641,95,89,1.0,-1,-1,-1
319,69,491,728,53,52,1.0,-1,-1,-1
319,70,1707,599,65,49,1.0,-1,-1,-1
319,72,0,652,43,53,1.0,-1,-1,-1
319,73,1823,643,96,98,1.0,-1,-1,-1
319,77,1769,612,64,57,1.0,-1,-1,-1
320,2,640,603,116,57,1.0,-1,-1,-1
320,6,700,581,104,58,1.0,-1,-1,-1
320,7,1364,977,439,100,1.0,-1,-1,-1
320,16,1885,812,35,96,1.0,-1,-1,-1
320,18,267,572,124,66,1.0,-1,-1,-1
320,20,1821,820,39,89,1.0,-1,-1,-1
320,26,736,646,61,55,1.0,-1,-1,-1
320,31,1683,782,93,91,1.0,-1,-1,-1
320,34,1281,421,203,95,1.0,-1,-1,-1
320,43,595,893,366,183,1.0,-1,-1,-1
320,44,683,684,68,45,1.0,-1,-1,-1
320,45,10,936,84,85,1.0,-1,-1,-1
320,46,1177,910,121,102,1.0,-1,-1,-1
320,48,520,797,209,122,1.0,-1,-1,-1
320,49,1015,706,94,75,1.0,-1,-1,-1
320,52,943,510,231,140,1.0,-1,-1,-1
320,54,933,836,94,74,1.0,-1,-1,-1
320,56,307,808,181,126,1.0,-1,-1,-1
320,57,278,696,173,114,1.0,-1,-1,-1
320,58,174,671,115,87,1.0,-1,-1,-1
320,59,557,706,53,48,1.0,-1,-1,-1
320,60,942,624,143,63,1.0,-1,-1,-1
320,61,81,713,83,67,1.0,-1,-1,-1
320,62,156,747,116,87,1.0,-1,-1,-1
320,64,1280,868,122,93,1.0,-1,-1,-1
320,65,1165,638,63,45,1.0,-1,-1,-1
320,66,1351,620,202,100,1.0,-1,-1,-1
320,69,498,727,53,54,1.0,-1,-1,-1
320,70,1697,600,65,46,1.0,-1,-1,-1
320,72,0,653,45,52,1.0,-1,-1,-1
320,73,1815,639,105,102,1.0,-1,-1,-1
320,77,1761,607,63,63,1.0,-1,-1,-1
321,2,640,603,116,57,1.0,-1,-1,-1
321,6,701,581,103,58,1.0,-1,-1,-1
321,7,1364,977,439,100,1.0,-1,-1,-1
321,16,1885,812,35,96,1.0,-1,-1,-1
321,18,267,573,123,65,1.0,-1,-1,-1
321,20,1821,820,39,89,1.0,-1,-1,-1
321,26,736,645,61,56,1.0,-1,-1,-1
321,31,1683,781,93,92,1.0,-1,-1,-1
321,34,1281,421,201,94,1.0,-1,-1,-1
321,39,890,714,84,63,1.0,-1,-1,-1
321,43,595,893,366,184,1.0,-1,-1,-1
321,44,682,684,68,45,1.0,-1,-1,-1
321,45,11,937,83,84,1.0,-1,-1,-1
321,46,1177,910,121,102,1.0,-1,-1,-1
321,48,520,798,209,121,1.0,-1,-1,-1
321,49,1014,706,95,75,1.0,-1,-1,-1
321,52,942,510,233,139,1.0,-1,-1,-1
321,54,933,836,94,74,1.0,-1,-1,-1
321,56,307,808,181,126,1.0,-1,-1,-1
321,57,278,696,173,114,1.0,-1,-1,-1
321,58,175,671,114,87,1.0,-1,-1,-1
321,59,557,706,53,47,1.0,-1,-1,-1
321,60,943,624,142,63,1.0,-1,-1,-1
321,61,81,713,84,67,1.0,-1,-1,-1
321,62,156,747,116,87,1.0,-1,-1,-1
321,64,1280,868,122,93,1.0,-1,-1,-1
321,65,1165,638,63,45,1.0,-1,-1,-1
321,66,1351,620,202,100,1.0,-1,-1,-1
321,69,497,727,54,54,1.0,-1,-1,-1
321,70,1697,600,65,46,1.0,-1,-1,-1
321,72,0,654,45,51,1.0,-1,-1,-1
321,73,1815,639,105,102,1.0,-1,-1,-1
321,77,1761,606,63,64,1.0,-1,-1,-1
322,2,636,603,119,58,1.0,-1,-1,-1
322,6,689,581,113,56,1.0,-1,-1,-1
322,7,1380,979,437,97,1.0,-1,-1,-1
322,13,483,581,93,51,1.0,-1,-1,-1
322,16,1885,814,35,95,1.0,-1,-1,-1
322,18,265,574,81,61,1.0,-1,-1,-1
322,20,1821,820,40,88,1.0,-1,-1,-1
322,26,737,645,60,56,1.0,-1,-1,-1
322,31,1683,781,93,92,1.0,-1,-1,-1
322,32,833,686,64,69,1.0,-1,-1,-1
322,34,1281,421,196,95,1.0,-1,-1,-1
322,39,890,714,84,63,1.0,-1,-1,-1
322,43,601,896,370,181,1.0,-1,-1,-1
322,44,682,684,69,45,1.0,-1,-1,-1
322,45,10,936,84,85,1.0,-1,-1,-1
322,46,1188,916,121,99,1.0,-1,-1,-1
322,48,525,797,211,125,1.0,-1,-1,-1
322,49,1016,708,96,73,1.0,-1,-1,-1
322,52,942,513,229,138,1.0,-1,-1,-1
322,54,942,836,97,79,1.0,-1,-1,-1
322,56,311,811,181,126,1.0,-1,-1,-1
322,57,282,696,175,117,1.0,-1,-1,-1
322,58,177,671,115,87,1.0,-1,-1,-1
322,59,561,704,52,48,1.0,-1,-1,-1
322,60,936,623,144,64,1.0,-1,-1,-1
322,61,83,713,85,68,1.0,-1,-1,-1
322,62,158,748,117,88,1.0,-1,-1,-1
322,63,1382,537,298,139,1.0,-1,-1,-1
322,64,1298,868,119,95,1.0,-1,-1,-1
322,65,1158,638,64,44,1.0,-1,-1,-1
322,66,1342,619,201,100,1.0,-1,-1,-1
322,69,505,729,55,54,1.0,-1,-1,-1
322,70,1688,600,66,46,1.0,-1,-1,-1
322,72,0,653,45,54,1.0,-1,-1,-1
322,73,1805,641,114,102,1.0,-1,-1,-1
322,77,1756,610,60,57,1.0,-1,-1,-1
323,2,633,602,118,58,1.0,-1,-1,-1
323,6,692,580,106,57,1.0,-1,-1,-1
323,7,1400,981,427,95,1.0,-1,-1,-1
323,16,1885,813,35,95,1.0,-1,-1,-1
323,18,260,575,86,60,1.0,-1,-1,-1
323,20,1822,820,39,88,1.0,-1,-1,-1
323,26,738,645,58,56,1.0,-1,-1,-1
323,31,1683,781,93,92,1.0,-1,-1,-1
323,32,833,683,63,72,1.0,-1,-1,-1
323,34,1281,421,190,96,1.0,-1,-1,-1
323,39,893,714,83,62,1.0,-1,-1,-1
323,43,605,898,372,180,1.0,-1,-1,-1
323,44,682,684,69,46,1.0,-1,-1,-1
323,45,11,936,83,85,1.0,-1,-1,-1
323,46,1197,923,121,94,1.0,-1,-1,-1
323,48,528,799,214,129,1.0,-1,-1,-1
323,49,1016,704,101,77,1.0,-1,-1,-1
323,52,942,513,225,136,1.0,-1,-1,-1
323,54,954,838,97,79,1.0,-1,-1,-1
323,56,316,813,180,127,1.0,-1,-1,-1
323,57,288,697,175,117,1.0,-1,-1,-1
323,58,180,673,115,86,1.0,-1,-1,-1
323,59,565,704,52,48,1.0,-1,-1,-1
323,60,953,620,122,65,1.0,-1,-1,-1
323,61,87,713,83,69,1.0,-1,-1,-1
323,62,161,749,120,89,1.0,-1,-1,-1
323,63,1375,536,298,140,1.0,-1,-1,-1
323,64,1310,867,122,96,1.0,-1,-1,-1
323,65,1153,638,61,44,1.0,-1,-1,-1
323,66,1333,619,200,99,1.0,-1,-1,-1
323,69,514,728,54,56,1.0,-1,-1,-1
323,70,1682,600,64,45,1.0,-1,-1,-1
323,72,0,654,48,54,1.0,-1,-1,-1
323,73,1796,641,124,101,1.0,-1,-1,-1
323,77,1749,607,62,60,1.0,-1,-1,-1
324,2,632,602,117,58,1.0,-1,-1,-1
324,6,695,581,100,58,1.0,-1,-1,-1
324,7,1420,984,424,94,1.0,-1,-1,-1
324,16,1885,813,35,95,1.0,-1,-1,-1
324,20,1822,820,39,88,1.0,-1,-1,-1
324,26,738,646,58,55,1.0,-1,-1,-1
324,31,1683,781,93,92,1.0,-1,-1,-1
324,32,833,683,63,72,1.0,-1,-1,-1
324,34,1281,421,184,95,1.0,-1,-1,-1
324,39,893,714,83,61,1.0,-1,-1,-1
324,43,610,900,377,177,1.0,-1,-1,-1
324,44,682,684,69,46,1.0,-1,-1,-1
324,45,11,936,82,85,1.0,-1,-1,-1
324,46,1208,918,121,101,1.0,-1,-1,-1
324,48,534,799,214,130,1.0,-1,-1,-1
324,49,1018,703,102,78,1.0,-1,-1,-1
324,52,942,514,221,135,1.0,-1,-1,-1
324,54,965,839,100,81,1.0,-1,-1,-1
324,56,319,814,186,129,1.0,-1,-1,-1
324,57,291,698,175,117,1.0,-1,-1,-1
324,58,183,673,116,86,1.0,-1,-1,-1
324,59,568,705,54,47,1.0,-1,-1,-1
324,60,948,621,120,65,1.0,-1,-1,-1
324,61,87,713,85,70,1.0,-1,-1,-1
324,62,163,750,120,90,1.0,-1,-1,-1
324,63,1384,537,286,140,1.0,-1,-1,-1
324,64,1323,874,123,93,1.0,-1,-1,-1
324,65,1146,638,63,44,1.0,-1,-1,-1
324,66,1324,620,197,98,1.0,-1,-1,-1
324,67,59,641,93,93,1.0,-1,-1,-1
324,69,519,730,56,55,1.0,-1,-1,-1
324,70,1678,600,60,45,1.0,-1,-1,-1
324,72,0,654,50,54,1.0,-1,-1,-1
324,73,1785,642,135,100,1.0,-1,-1,-1
324,77,1740,610,63,57,1.0,-1,-1,-1
325,2,632,602,114,58,1.0,-1,-1,-1
325,6,695,581,96,55,1.0,-1,-1,-1
325,7,1442,987,423,90,1.0,-1,-1,-1
325,16,1885,813,35,95,1.0,-1,-1,-1
325,20,1822,820,39,88,1.0,-1,-1,-1
325,26,739,647,57,54,1.0,-1,-1,-1
325,31,1683,781,93,92,1.0,-1,-1,-1
325,32,834,683,62,72,1.0,-1,-1,-1
325,34,1282,422,180,95,1.0,-1,-1,-1
325,39,893,713,83,62,1.0,-1,-1,-1
325,43,617,902,378,175,1.0,-1,-1,-1
325,44,682,683,69,47,1.0,-1,-1,-1
325,45,11,936,82,85,1.0,-1,-1,-1
325,46,1217,915,125,106,1.0,-1,-1,-1
325,48,539,799,214,131,1.0,-1,-1,-1
325,49,1021,700,100,81,1.0,-1,-1,-1
325,52,942,513,215,136,1.0,-1,-1,-1
325,54,975,842,103,79,1.0,-1,-1,-1
325,56,323,815,187,130,1.0,-1,-1,-1
325,57,294,698,176,117,1.0,-1,-1,-1
325,58,187,673,114,87,1.0,-1,-1,-1
325,59,569,706,56,48,1.0,-1,-1,-1
325,60,950,621,113,65,1.0,-1,-1,-1
325,61,89,714,85,70,1.0,-1,-1,-1
325,62,166,752,121,89,1.0,-1,-1,-1
325,63,1380,536,290,142,1.0,-1,-1,-1
325,64,1339,871,126,98,1.0,-1,-1,-1
325,65,1141,638,62,44,1.0,-1,-1,-1
325,66,1313,618,198,99,1.0,-1,-1,-1
325,67,59,641,95,93,1.0,-1,-1,-1
325,69,529,731,54,56,1.0,-1,-1,-1
325,70,1666,597,63,49,1.0,-1,-1,-1
325,72,0,654,51,55,1.0,-1,-1,-1
325,73,1776,639,143,103,1.0,-1,-1,-1
325,77,1735,609,63,56,1.0,-1,-1,-1
326,2,630,603,113,57,1.0,-1,-1,-1
326,6,689,583,101,54,1.0,-1,-1,-1
326,7,1460,989,424,89,1.0,-1,-1,-1
326,16,1885,814,35,94,1.0,-1,-1,-1
326,20,1822,820,38,88,1.0,-1,-1,-1
326,26,738,645,59,56,1.0,-1,-1,-1
326,31,1683,781,93,92,1.0,-1,-1,-1
326,32,834,683,62,72,1.0,-1,-1,-1
326,34,1281,421,184,96,1.0,-1,-1,-1
326,39,893,713,82,62,1.0,-1,-1,-1
326,43,624,905,382,173,1.0,-1,-1,-1
326,44,682,683,69,47,1.0,-1,-1,-1
326,45,11,936,82,85,1.0,-1,-1,-1
326,46,1229,927,123,97,1.0,-1,-1,-1
326,48,544,801,216,130,1.0,-1,-1,-1
326,49,1024,702,98,80,1.0,-1,-1,-1
326,52,942,512,210,135,1.0,-1,-1,-1
326,54,988,846,101,79,1.0,-1,-1,-1
326,56,327,816,188,131,1.0,-1,-1,-1
326,57,296,699,180,117,1.0,-1,-1,-1
326,58,190,674,116,85,1.0,-1,-1,-1
326,59,577,707,52,47,1.0,-1,-1,-1
326,60,946,620,113,65,1.0,-1,-1,-1
326,61,93,716,84,68,1.0,-1,-1,-1
326,62,170,753,122,89,1.0,-1,-1,-1
326,63,1371,535,297,142,1.0,-1,-1,-1
326,64,1350,869,129,101,1.0,-1,-1,-1
326,65,1136,638,61,45,1.0,-1,-1,-1
326,66,1304,618,197,99,1.0,-1,-1,-1
326,67,59,639,98,96,1.0,-1,-1,-1
326,69,536,729,56,60,1.0,-1,-1,-1
326,70,1662,598,59,46,1.0,-1,-1,-1
326,71,1879,547,41,90,1.0,-1,-1,-1
326,72,0,654,55,54,1.0,-1,-1,-1
326,73,1764,641,156,100,1.0,-1,-1,-1
326,77,1730,611,59,53,1.0,-1,-1,-1
327,2,630,603,113,57,1.0,-1,-1,-1
327,6,691,583,99,54,1.0,-1,-1,-1
327,7,1460,989,424,89,1.0,-1,-1,-1
327,13,470,582,97,53,1.0,-1,-1,-1
327,16,1883,812,37,95,1.0,-1,-1,-1
327,20,1822,820,38,88,1.0,-1,-1,-1
327,26,738,645,59,56,1.0,-1,-1,-1
327,31,1683,781,93,92,1.0,-1,-1,-1
327,32,834,683,62,72,1.0,-1,-1,-1
327,34,1280,421,187,96,1.0,-1,-1,-1
327,39,893,713,82,62,1.0,-1,-1,-1
327,43,624,905,383,173,1.0,-1,-1,-1
327,44,682,683,69,47,1.0,-1,-1,-1
327,45,11,937,82,84,1.0,-1,-1,-1
327,46,1229,927,123,97,1.0,-1,-1,-1
327,48,544,801,216,130,1.0,-1,-1,-1
327,49,1024,702,98,80,1.0,-1,-1,-1
327,52,942,512,210,135,1.0,-1,-1,-1
327,54,988,846,101,79,1.0,-1,-1,-1
327,56,327,816,188,131,1.0,-1,-1,-1
327,57,296,699,180,117,1.0,-1,-1,-1
327,58,190,674,116,85,1.0,-1,-1,-1
327,59,577,707,53,47,1.0,-1,-1,-1
327,60,946,620,113,65,1.0,-1,-1,-1
327,61,93,716,84,68,1.0,-1,-1,-1
327,62,170,753,122,89,1.0,-1,-1,-1
327,63,1370,535,298,142,1.0,-1,-1,-1
327,64,1350,869,129,101,1.0,-1,-1,-1
327,65,1136,638,61,45,1.0,-1,-1,-1
327,66,1303,618,198,99,1.0,-1,-1,-1
327,67,59,639,98,96,1.0,-1,-1,-1
327,69,536,729,56,60,1.0,-1,-1,-1
327,70,1662,598,59,46,1.0,-1,-1,-1
327,71,1879,547,41,90,1.0,-1,-1,-1
327,72,0,654,55,54,1.0,-1,-1,-1
327,73,1764,641,156,100,1.0,-1,-1,-1
327,77,1730,611,59,53,1.0,-1,-1,-1
328,2,626,602,115,58,1.0,-1,-1,-1
328,7,1481,990,421,89,1.0,-1,-1,-1
328,13,463,583,101,50,1.0,-1,-1,-1
328,16,1884,812,36,84,1.0,-1,-1,-1
328,20,1822,820,39,88,1.0,-1,-1,-1
328,26,739,646,58,55,1.0,-1,-1,-1
328,31,1682,781,94,92,1.0,-1,-1,-1
328,32,835,682,60,73,1.0,-1,-1,-1
328,34,1280,421,190,96,1.0,-1,-1,-1
328,39,893,713,83,62,1.0,-1,-1,-1
328,43,630,905,387,172,1.0,-1,-1,-1
328,44,682,683,69,47,1.0,-1,-1,-1
328,45,11,937,82,84,1.0,-1,-1,-1
328,46,1237,924,128,104,1.0,-1,-1,-1
328,48,549,803,218,131,1.0,-1,-1,-1
328,49,1027,699,94,82,1.0,-1,-1,-1
328,52,943,511,206,136,1.0,-1,-1,-1
328,54,998,848,103,82,1.0,-1,-1,-1
328,56,332,819,188,131,1.0,-1,-1,-1
328,57,299,701,182,116,1.0,-1,-1,-1
328,58,193,675,117,86,1.0,-1,-1,-1
328,59,580,706,52,49,1.0,-1,-1,-1
328,60,947,621,105,63,1.0,-1,-1,-1
328,61,95,716,83,70,1.0,-1,-1,-1
328,62,173,753,122,92,1.0,-1,-1,-1
328,63,1300,535,371,140,1.0,-1,-1,-1
328,64,1366,869,129,104,1.0,-1,-1,-1
328,65,1129,637,61,45,1.0,-1,-1,-1
328,66,1294,617,198,99,1.0,-1,-1,-1
328,67,61,639,96,97,1.0,-1,-1,-1
328,69,542,735,60,58,1.0,-1,-1,-1
328,70,1662,600,51,42,1.0,-1,-1,-1
328,71,1847,545,73,96,1.0,-1,-1,-1
328,72,0,655,54,55,1.0,-1,-1,-1
328,73,1757,642,163,99,1.0,-1,-1,-1
328,77,1723,610,62,54,1.0,-1,-1,-1
329,2,624,603,114,57,1.0,-1,-1,-1
329,7,1504,992,414,87,1.0,-1,-1,-1
329,16,1885,814,35,80,1.0,-1,-1,-1
329,20,1822,820,39,88,1.0,-1,-1,-1
329,26,738,646,59,55,1.0,-1,-1,-1
329,31,1683,782,93,91,1.0,-1,-1,-1
329,32,835,682,60,73,1.0,-1,-1,-1
329,34,1280,421,188,96,1.0,-1,-1,-1
329,39,893,713,84,62,1.0,-1,-1,-1
329,43,639,906,385,172,1.0,-1,-1,-1
329,44,682,682,69,48,1.0,-1,-1,-1
329,45,11,937,82,84,1.0,-1,-1,-1
329,46,1250,936,125,95,1.0,-1,-1,-1
329,48,552,804,222,135,1.0,-1,-1,-1
329,49,1029,698,94,84,1.0,-1,-1,-1
329,52,943,511,201,131,1.0,-1,-1,-1
329,54,1011,848,102,83,1.0,-1,-1,-1
329,56,335,820,193,132,1.0,-1,-1,-1
329,57,304,701,183,117,1.0,-1,-1,-1
329,58,196,676,119,86,1.0,-1,-1,-1
329,59,579,706,57,50,1.0,-1,-1,-1
329,60,946,621,102,63,1.0,-1,-1,-1
329,61,96,716,87,71,1.0,-1,-1,-1
329,62,173,754,126,93,1.0,-1,-1,-1
329,63,1368,537,304,139,1.0,-1,-1,-1
329,64,1379,876,132,98,1.0,-1,-1,-1
329,65,1123,638,61,44,1.0,-1,-1,-1
329,66,1286,617,198,100,1.0,-1,-1,-1
329,67,62,641,98,95,1.0,-1,-1,-1
329,69,551,733,58,62,1.0,-1,-1,-1
329,70,1655,594,50,49,1.0,-1,-1,-1
329,71,1863,545,57,95,1.0,-1,-1,-1
329,72,0,656,57,54,1.0,-1,-1,-1
329,73,1747,641,173,101,1.0,-1,-1,-1
329,77,1715,610,61,53,1.0,-1,-1,-1
330,2,621,602,115,58,1.0,-1,-1,-1
330,7,1524,993,394,86,1.0,-1,-1,-1
330,16,1885,814,35,80,1.0,-1,-1,-1
330,20,1822,820,39,88,1.0,-1,-1,-1
330,26,737,646,59,55,1.0,-1,-1,-1
330,31,1683,782,93,91,1.0,-1,-1,-1
330,32,836,681,58,74,1.0,-1,-1,-1
330,34,1280,421,189,96,1.0,-1,-1,-1
330,39,893,714,83,61,1.0,-1,-1,-1
330,43,645,909,389,169,1.0,-1,-1,-1
330,44,682,683,69,47,1.0,-1,-1,-1
330,45,11,937,82,84,1.0,-1,-1,-1
330,46,1259,924,126,110,1.0,-1,-1,-1
330,48,557,806,224,134,1.0,-1,-1,-1
330,49,1032,697,94,84,1.0,-1,-1,-1
330,52,942,511,200,131,1.0,-1,-1,-1
330,54,1022,852,105,80,1.0,-1,-1,-1
330,56,340,822,193,134,1.0,-1,-1,-1
330,57,304,702,185,120,1.0,-1,-1,-1
330,58,198,677,121,86,1.0,-1,-1,-1
330,59,589,689,46,63,1.0,-1,-1,-1
330,60,905,619,136,66,1.0,-1,-1,-1
330,61,97,715,88,73,1.0,-1,-1,-1
330,62,176,756,127,93,1.0,-1,-1,-1
330,63,1363,537,302,139,1.0,-1,-1,-1
330,64,1395,881,131,93,1.0,-1,-1,-1
330,65,1117,637,62,45,1.0,-1,-1,-1
330,66,1276,618,200,98,1.0,-1,-1,-1
330,67,64,640,98,97,1.0,-1,-1,-1
330,69,556,742,62,56,1.0,-1,-1,-1
330,70,1647,591,49,51,1.0,-1,-1,-1
330,71,1839,542,80,105,1.0,-1,-1,-1
330,72,0,656,60,54,1.0,-1,-1,-1
330,73,1738,641,180,100,1.0,-1,-1,-1
330,77,1709,609,60,53,1.0,-1,-1,-1
331,2,618,602,114,58,1.0,-1,-1,-1
331,7,1545,997,375,82,1.0,-1,-1,-1
331,16,1884,805,36,66,1.0,-1,-1,-1
331,20,1822,819,41,89,1.0,-1,-1,-1
331,26,738,645,58,55,1.0,-1,-1,-1
331,31,1683,782,93,91,1.0,-1,-1,-1
331,32,838,681,56,73,1.0,-1,-1,-1
331,34,1281,421,189,95,1.0,-1,-1,-1
331,39,892,713,80,63,1.0,-1,-1,-1
331,43,652,908,390,170,1.0,-1,-1,-1
331,44,682,682,69,48,1.0,-1,-1,-1
331,45,11,936,83,85,1.0,-1,-1,-1
331,46,1266,937,134,98,1.0,-1,-1,-1
331,48,564,809,223,130,1.0,-1,-1,-1
331,49,1034,698,93,82,1.0,-1,-1,-1
331,52,943,512,194,130,1.0,-1,-1,-1
331,54,1035,855,103,82,1.0,-1,-1,-1
331,56,343,824,195,135,1.0,-1,-1,-1
331,57,310,704,185,119,1.0,-1,-1,-1
331,58,200,678,121,86,1.0,-1,-1,-1
331,59,587,690,53,63,1.0,-1,-1,-1
331,60,932,620,107,62,1.0,-1,-1,-1
331,61,98,716,89,73,1.0,-1,-1,-1
331,62,180,756,127,95,1.0,-1,-1,-1
331,63,1353,536,311,139,1.0,-1,-1,-1
331,64,1410,877,132,100,1.0,-1,-1,-1
331,65,1112,637,61,45,1.0,-1,-1,-1
331,66,1268,618,197,97,1.0,-1,-1,-1
331,67,66,642,98,96,1.0,-1,-1,-1
331,69,560,741,68,59,1.0,-1,-1,-1
331,70,1621,586,67,56,1.0,-1,-1,-1
331,71,1839,539,79,114,1.0,-1,-1,-1
331,72,0,657,61,54,1.0,-1,-1,-1
331,73,1728,641,191,101,1.0,-1,-1,-1
331,77,1702,607,60,54,1.0,-1,-1,-1
332,2,617,602,112,57,1.0,-1,-1,-1
332,7,1565,1000,355,79,1.0,-1,-1,-1
332,16,1884,812,36,51,1.0,-1,-1,-1
332,20,1822,819,41,89,1.0,-1,-1,-1
332,26,737,647,59,54,1.0,-1,-1,-1
332,31,1683,782,93,91,1.0,-1,-1,-1
332,32,837,681,57,74,1.0,-1,-1,-1
332,34,1281,421,189,95,1.0,-1,-1,-1
332,39,892,712,80,64,1.0,-1,-1,-1
332,43,657,911,395,166,1.0,-1,-1,-1
332,44,682,682,69,48,1.0,-1,-1,-1
332,45,11,937,82,84,1.0,-1,-1,-1
332,46,1279,935,129,100,1.0,-1,-1,-1
332,48,568,811,227,129,1.0,-1,-1,-1
332,49,1035,699,93,82,1.0,-1,-1,-1
332,52,943,515,190,127,1.0,-1,-1,-1
332,54,1045,858,107,81,1.0,-1,-1,-1
332,56,347,825,196,137,1.0,-1,-1,-1
332,57,315,705,187,119,1.0,-1,-1,-1
332,58,202,677,124,87,1.0,-1,-1,-1
332,59,593,690,54,64,1.0,-1,-1,-1
332,60,837,620,196,66,1.0,-1,-1,-1
332,61,99,718,91,72,1.0,-1,-1,-1
332,62,182,757,130,95,1.0,-1,-1,-1
332,64,1424,882,136,96,1.0,-1,-1,-1
332,65,1106,635,61,47,1.0,-1,-1,-1
332,66,1261,617,192,97,1.0,-1,-1,-1
332,67,67,640,100,96,1.0,-1,-1,-1
332,69,576,736,61,69,1.0,-1,-1,-1
332,70,1624,595,55,47,1.0,-1,-1,-1
332,71,1833,539,84,113,1.0,-1,-1,-1
332,72,0,658,65,54,1.0,-1,-1,-1
332,73,1716,641,201,100,1.0,-1,-1,-1
332,77,1696,607,59,53,1.0,-1,-1,-1
333,2,616,602,113,57,1.0,-1,-1,-1
333,6,682,584,92,53,1.0,-1,-1,-1
333,7,1565,1000,355,79,1.0,-1,-1,-1
333,16,1883,811,37,52,1.0,-1,-1,-1
333,20,1823,819,40,89,1.0,-1,-1,-1
333,26,737,647,59,54,1.0,-1,-1,-1
333,31,1683,782,93,91,1.0,-1,-1,-1
333,32,837,681,57,74,1.0,-1,-1,-1
333,34,1281,421,190,95,1.0,-1,-1,-1
333,39,893,714,83,61,1.0,-1,-1,-1
333,43,657,911,395,166,1.0,-1,-1,-1
333,44,682,682,69,48,1.0,-1,-1,-1
333,45,11,937,82,84,1.0,-1,-1,-1
333,46,1279,935,129,100,1.0,-1,-1,-1
333,48,568,810,227,130,1.0,-1,-1,-1
333,49,1035,699,93,82,1.0,-1,-1,-1
333,52,943,515,190,127,1.0,-1,-1,-1
333,54,1045,858,107,81,1.0,-1,-1,-1
333,56,347,825,196,137,1.0,-1,-1,-1
333,57,315,705,187,119,1.0,-1,-1,-1
333,58,202,677,124,87,1.0,-1,-1,-1
333,59,593,690,54,64,1.0,-1,-1,-1
333,60,837,620,196,66,1.0,-1,-1,-1
333,61,99,718,91,72,1.0,-1,-1,-1
333,62,182,757,130,95,1.0,-1,-1,-1
333,64,1424,881,136,97,1.0,-1,-1,-1
333,65,1106,635,61,47,1.0,-1,-1,-1
333,66,1261,617,193,97,1.0,-1,-1,-1
333,67,67,640,100,97,1.0,-1,-1,-1
333,69,576,736,61,69,1.0,-1,-1,-1
333,70,1624,595,55,47,1.0,-1,-1,-1
333,71,1833,539,84,113,1.0,-1,-1,-1
333,72,0,658,65,54,1.0,-1,-1,-1
333,73,1716,641,202,100,1.0,-1,-1,-1
333,77,1696,607,59,53,1.0,-1,-1,-1
334,2,614,601,113,57,1.0,-1,-1,-1
334,6,672,584,97,51,1.0,-1,-1,-1
334,7,1596,1003,323,76,1.0,-1,-1,-1
334,13,462,584,92,49,1.0,-1,-1,-1
334,16,1882,811,38,52,1.0,-1,-1,-1
334,20,1823,819,40,89,1.0,-1,-1,-1
334,26,738,647,57,53,1.0,-1,-1,-1
334,31,1683,782,93,91,1.0,-1,-1,-1
334,32,838,682,57,73,1.0,-1,-1,-1
334,34,1281,421,184,95,1.0,-1,-1,-1
334,39,893,714,83,61,1.0,-1,-1,-1
334,43,664,914,400,163,1.0,-1,-1,-1
334,44,682,682,69,48,1.0,-1,-1,-1
334,45,11,937,82,84,1.0,-1,-1,-1
334,46,1290,939,130,101,1.0,-1,-1,-1
334,48,574,811,226,135,1.0,-1,-1,-1
334,49,1038,705,91,76,1.0,-1,-1,-1
334,52,943,514,187,130,1.0,-1,-1,-1
334,54,1058,858,107,85,1.0,-1,-1,-1
334,56,353,828,198,137,1.0,-1,-1,-1
334,57,316,704,191,118,1.0,-1,-1,-1
334,58,206,676,125,90,1.0,-1,-1,-1
334,59,597,689,53,65,1.0,-1,-1,-1
334,61,103,719,88,72,1.0,-1,-1,-1
334,62,185,759,131,94,1.0,-1,-1,-1
334,63,1348,537,303,138,1.0,-1,-1,-1
334,64,1443,883,133,97,1.0,-1,-1,-1
334,65,1103,621,57,59,1.0,-1,-1,-1
334,66,1252,617,193,97,1.0,-1,-1,-1
334,67,69,641,101,97,1.0,-1,-1,-1
334,69,585,736,61,69,1.0,-1,-1,-1
334,70,1617,595,55,47,1.0,-1,-1,-1
334,71,1832,535,87,117,1.0,-1,-1,-1
334,72,1,660,65,53,1.0,-1,-1,-1
334,73,1704,643,211,98,1.0,-1,-1,-1
334,77,1689,610,60,50,1.0,-1,-1,-1
335,2,612,600,112,59,1.0,-1,-1,-1
335,6,672,585,92,45,1.0,-1,-1,-1
335,7,1612,1002,308,77,1.0,-1,-1,-1
335,13,462,584,89,49,1.0,-1,-1,-1
335,16,1883,809,37,63,1.0,-1,-1,-1
335,20,1823,819,40,89,1.0,-1,-1,-1
335,26,739,647,56,53,1.0,-1,-1,-1
335,31,1683,783,93,90,1.0,-1,-1,-1
335,32,839,683,55,72,1.0,-1,-1,-1
335,34,1281,421,185,95,1.0,-1,-1,-1
335,39,893,714,83,61,1.0,-1,-1,-1
335,43,671,913,400,163,1.0,-1,-1,-1
335,44,682,682,69,48,1.0,-1,-1,-1
335,45,11,937,83,84,1.0,-1,-1,-1
335,46,1302,933,128,109,1.0,-1,-1,-1
335,48,579,814,226,132,1.0,-1,-1,-1
335,49,1037,701,94,79,1.0,-1,-1,-1
335,52,942,514,183,129,1.0,-1,-1,-1
335,54,1070,860,107,84,1.0,-1,-1,-1
335,56,356,827,201,140,1.0,-1,-1,-1
335,57,323,705,185,120,1.0,-1,-1,-1
335,58,207,678,127,88,1.0,-1,-1,-1
335,59,601,691,52,66,1.0,-1,-1,-1
335,61,104,718,89,73,1.0,-1,-1,-1
335,62,189,760,130,94,1.0,-1,-1,-1
335,63,1350,538,297,137,1.0,-1,-1,-1
335,64,1459,885,133,97,1.0,-1,-1,-1
335,65,1095,637,61,44,1.0,-1,-1,-1
335,66,1241,617,195,96,1.0,-1,-1,-1
335,67,69,642,103,97,1.0,-1,-1,-1
335,69,598,750,56,56,1.0,-1,-1,-1
335,70,1619,600,44,41,1.0,-1,-1,-1
335,71,1828,535,91,118,1.0,-1,-1,-1
335,72,3,661,64,52,1.0,-1,-1,-1
335,73,1694,642,214,99,1.0,-1,-1,-1
335,77,1681,607,60,52,1.0,-1,-1,-1
336,2,610,602,113,57,1.0,-1,-1,-1
336,6,668,585,93,49,1.0,-1,-1,-1
336,7,1630,1005,289,74,1.0,-1,-1,-1
336,16,1883,809,37,63,1.0,-1,-1,-1
336,20,1823,820,40,88,1.0,-1,-1,-1
336,26,738,647,57,53,1.0,-1,-1,-1
336,31,1683,782,93,91,1.0,-1,-1,-1
336,32,837,683,58,72,1.0,-1,-1,-1
336,34,1281,421,186,95,1.0,-1,-1,-1
336,39,892,713,80,63,1.0,-1,-1,-1
336,43,677,917,404,159,1.0,-1,-1,-1
336,44,682,681,69,49,1.0,-1,-1,-1
336,45,11,937,82,84,1.0,-1,-1,-1
336,46,1314,937,127,109,1.0,-1,-1,-1
336,48,584,816,231,133,1.0,-1,-1,-1
336,49,1040,707,92,74,1.0,-1,-1,-1
336,52,942,515,177,128,1.0,-1,-1,-1
336,54,1081,854,108,93,1.0,-1,-1,-1
336,56,361,830,203,140,1.0,-1,-1,-1
336,57,324,706,189,121,1.0,-1,-1,-1
336,58,209,679,128,89,1.0,-1,-1,-1
336,61,108,718,88,74,1.0,-1,-1,-1
336,62,193,762,131,94,1.0,-1,-1,-1
336,63,1341,538,304,137,1.0,-1,-1,-1
336,64,1471,896,139,87,1.0,-1,-1,-1
336,65,1092,623,58,56,1.0,-1,-1,-1
336,66,1234,616,193,96,1.0,-1,-1,-1
336,67,71,643,102,97,1.0,-1,-1,-1
336,69,604,730,60,80,1.0,-1,-1,-1
336,70,1616,599,39,41,1.0,-1,-1,-1
336,71,1820,525,99,128,1.0,-1,-1,-1
336,72,4,662,65,51,1.0,-1,-1,-1
336,73,1684,642,216,99,1.0,-1,-1,-1
336,77,1676,610,59,49,1.0,-1,-1,-1
337,2,609,603,112,56,1.0,-1,-1,-1
337,6,660,585,98,52,1.0,-1,-1,-1
337,7,1650,1007,270,71,1.0,-1,-1,-1
337,16,1880,809,40,59,1.0,-1,-1,-1
337,20,1823,820,41,88,1.0,-1,-1,-1
337,26,738,647,57,53,1.0,-1,-1,-1
337,31,1683,782,93,91,1.0,-1,-1,-1
337,32,836,683,60,72,1.0,-1,-1,-1
337,34,1282,421,184,95,1.0,-1,-1,-1
337,39,892,713,79,63,1.0,-1,-1,-1
337,43,685,920,407,157,1.0,-1,-1,-1
337,44,682,681,69,49,1.0,-1,-1,-1
337,45,11,937,82,84,1.0,-1,-1,-1
337,46,1323,942,128,104,1.0,-1,-1,-1
337,48,589,817,231,135,1.0,-1,-1,-1
337,49,1041,705,92,76,1.0,-1,-1,-1
337,52,942,513,174,131,1.0,-1,-1,-1
337,54,1090,860,110,93,1.0,-1,-1,-1
337,56,366,833,203,140,1.0,-1,-1,-1
337,57,326,705,194,123,1.0,-1,-1,-1
337,58,213,679,128,89,1.0,-1,-1,-1
337,61,110,718,89,75,1.0,-1,-1,-1
337,62,197,764,131,95,1.0,-1,-1,-1
337,63,1310,537,329,138,1.0,-1,-1,-1
337,64,1490,888,136,95,1.0,-1,-1,-1
337,65,1089,617,54,61,1.0,-1,-1,-1
337,66,1227,614,191,98,1.0,-1,-1,-1
337,67,72,641,102,99,1.0,-1,-1,-1
337,69,614,741,59,72,1.0,-1,-1,-1
337,71,1812,529,108,122,1.0,-1,-1,-1
337,72,7,661,65,53,1.0,-1,-1,-1
337,73,1676,642,213,99,1.0,-1,-1,-1
337,77,1668,609,60,48,1.0,-1,-1,-1
338,2,606,603,113,56,1.0,-1,-1,-1
338,6,659,585,95,53,1.0,-1,-1,-1
338,16,1884,803,36,77,1.0,-1,-1,-1
338,20,1823,820,40,88,1.0,-1,-1,-1
338,26,738,647,57,54,1.0,-1,-1,-1
338,31,1683,782,93,91,1.0,-1,-1,-1
338,32,836,684,61,71,1.0,-1,-1,-1
338,34,1281,421,185,95,1.0,-1,-1,-1
338,39,892,714,79,62,1.0,-1,-1,-1
338,43,692,921,410,156,1.0,-1,-1,-1
338,44,682,681,69,49,1.0,-1,-1,-1
338,45,11,937,82,84,1.0,-1,-1,-1
338,46,1333,943,132,107,1.0,-1,-1,-1
338,48,595,820,232,131,1.0,-1,-1,-1
338,49,1044,710,91,71,1.0,-1,-1,-1
338,52,943,517,169,128,1.0,-1,-1,-1
338,54,1103,866,110,89,1.0,-1,-1,-1
338,56,369,835,208,140,1.0,-1,-1,-1
338,57,332,707,191,120,1.0,-1,-1,-1
338,58,219,679,126,90,1.0,-1,-1,-1
338,61,113,721,91,73,1.0,-1,-1,-1
338,62,200,764,132,97,1.0,-1,-1,-1
338,63,1340,538,295,137,1.0,-1,-1,-1
338,64,1506,890,137,95,1.0,-1,-1,-1
338,65,1083,617,54,60,1.0,-1,-1,-1
338,66,1218,614,191,96,1.0,-1,-1,-1
338,67,74,642,103,100,1.0,-1,-1,-1
338,69,627,754,57,62,1.0,-1,-1,-1
338,71,1807,532,112,122,1.0,-1,-1,-1
338,72,9,661,65,53,1.0,-1,-1,-1
338,73,1667,645,212,97,1.0,-1,-1,-1
338,77,1660,606,59,50,1.0,-1,-1,-1
339,2,607,603,112,56,1.0,-1,-1,-1
339,6,659,585,95,53,1.0,-1,-1,-1
339,16,1886,810,34,80,1.0,-1,-1,-1
339,20,1823,820,41,88,1.0,-1,-1,-1
339,26,738,647,57,54,1.0,-1,-1,-1
339,31,1683,782,93,91,1.0,-1,-1,-1
339,32,836,684,61,71,1.0,-1,-1,-1
339,34,1282,421,185,95,1.0,-1,-1,-1
339,39,894,715,82,60,1.0,-1,-1,-1
339,43,691,921,411,156,1.0,-1,-1,-1
339,44,682,681,69,49,1.0,-1,-1,-1
339,45,10,937,83,84,1.0,-1,-1,-1
339,46,1333,943,133,107,1.0,-1,-1,-1
339,48,595,820,232,131,1.0,-1,-1,-1
339,49,1044,711,91,70,1.0,-1,-1,-1
339,52,943,517,169,128,1.0,-1,-1,-1
339,54,1103,866,110,89,1.0,-1,-1,-1
339,56,369,835,208,140,1.0,-1,-1,-1
339,57,332,707,191,121,1.0,-1,-1,-1
339,58,219,679,126,90,1.0,-1,-1,-1
339,61,113,721,91,73,1.0,-1,-1,-1
339,62,200,764,132,97,1.0,-1,-1,-1
339,63,1340,538,295,137,1.0,-1,-1,-1
339,64,1506,889,137,96,1.0,-1,-1,-1
339,65,1083,617,54,60,1.0,-1,-1,-1
339,66,1218,614,191,96,1.0,-1,-1,-1
339,67,74,642,103,100,1.0,-1,-1,-1
339,69,627,754,57,62,1.0,-1,-1,-1
339,71,1807,532,112,122,1.0,-1,-1,-1
339,72,9,661,65,53,1.0,-1,-1,-1
339,73,1667,645,212,97,1.0,-1,-1,-1
339,77,1660,606,59,50,1.0,-1,-1,-1
340,2,605,604,112,56,1.0,-1,-1,-1
340,6,659,586,92,51,1.0,-1,-1,-1
340,16,1885,809,34,99,1.0,-1,-1,-1
340,20,1823,820,41,88,1.0,-1,-1,-1
340,26,739,647,56,54,1.0,-1,-1,-1
340,31,1683,782,92,91,1.0,-1,-1,-1
340,32,836,682,60,73,1.0,-1,-1,-1
340,34,1282,421,183,95,1.0,-1,-1,-1
340,39,894,715,81,59,1.0,-1,-1,-1
340,43,701,922,410,156,1.0,-1,-1,-1
340,44,682,681,69,49,1.0,-1,-1,-1
340,45,11,936,83,85,1.0,-1,-1,-1
340,46,1343,939,133,115,1.0,-1,-1,-1
340,48,599,820,235,134,1.0,-1,-1,-1
340,49,1045,706,92,75,1.0,-1,-1,-1
340,52,943,514,165,130,1.0,-1,-1,-1
340,54,1113,869,113,86,1.0,-1,-1,-1
340,56,373,837,209,141,1.0,-1,-1,-1
340,57,333,706,195,123,1.0,-1,-1,-1
340,58,221,679,127,91,1.0,-1,-1,-1
340,61,115,721,91,75,1.0,-1,-1,-1
340,62,204,764,132,99,1.0,-1,-1,-1
340,63,1337,537,293,137,1.0,-1,-1,-1
340,64,1522,896,139,91,1.0,-1,-1,-1
340,65,1078,621,53,55,1.0,-1,-1,-1
340,66,1210,614,190,96,1.0,-1,-1,-1
340,67,78,642,101,101,1.0,-1,-1,-1
340,69,635,747,58,71,1.0,-1,-1,-1
340,71,1800,531,119,122,1.0,-1,-1,-1
340,72,10,661,66,54,1.0,-1,-1,-1
340,73,1659,646,212,96,1.0,-1,-1,-1
340,77,1654,606,59,50,1.0,-1,-1,-1
341,2,604,604,111,55,1.0,-1,-1,-1
341,6,656,585,92,52,1.0,-1,-1,-1
341,16,1885,809,34,99,1.0,-1,-1,-1
341,20,1823,821,39,87,1.0,-1,-1,-1
341,26,739,648,56,53,1.0,-1,-1,-1
341,31,1683,782,93,91,1.0,-1,-1,-1
341,32,835,683,62,72,1.0,-1,-1,-1
341,34,1282,421,187,95,1.0,-1,-1,-1
341,39,894,715,82,59,1.0,-1,-1,-1
341,43,707,925,416,152,1.0,-1,-1,-1
341,44,682,682,69,47,1.0,-1,-1,-1
341,45,11,936,83,85,1.0,-1,-1,-1
341,46,1356,948,134,110,1.0,-1,-1,-1
341,48,605,822,238,136,1.0,-1,-1,-1
341,49,1047,704,91,76,1.0,-1,-1,-1
341,52,943,515,162,130,1.0,-1,-1,-1
341,54,1126,870,113,90,1.0,-1,-1,-1
341,56,379,839,210,144,1.0,-1,-1,-1
341,57,338,708,196,123,1.0,-1,-1,-1
341,58,222,678,132,93,1.0,-1,-1,-1
341,61,117,722,92,74,1.0,-1,-1,-1
341,62,207,766,132,98,1.0,-1,-1,-1
341,63,1317,536,306,137,1.0,-1,-1,-1
341,64,1539,891,139,97,1.0,-1,-1,-1
341,65,1071,615,56,63,1.0,-1,-1,-1
341,66,1203,613,191,97,1.0,-1,-1,-1
341,67,79,643,102,99,1.0,-1,-1,-1
341,69,643,754,61,66,1.0,-1,-1,-1
341,71,1793,532,126,120,1.0,-1,-1,-1
341,72,11,659,67,56,1.0,-1,-1,-1
341,73,1646,645,214,96,1.0,-1,-1,-1
341,77,1646,608,60,47,1.0,-1,-1,-1
342,2,601,603,111,57,1.0,-1,-1,-1
342,6,656,586,89,52,1.0,-1,-1,-1
342,7,1739,1013,180,63,1.0,-1,-1,-1
342,16,1885,809,34,99,1.0,-1,-1,-1
342,20,1823,820,40,88,1.0,-1,-1,-1
342,25,424,621,33,39,1.0,-1,-1,-1
342,26,739,648,56,52,1.0,-1,-1,-1
342,31,1682,783,93,89,1.0,-1,-1,-1
342,32,836,683,61,72,1.0,-1,-1,-1
342,34,1282,421,185,95,1.0,-1,-1,-1
342,39,894,715,82,59,1.0,-1,-1,-1
342,43,713,925,420,152,1.0,-1,-1,-1
342,44,682,683,69,47,1.0,-1,-1,-1
342,45,10,937,84,84,1.0,-1,-1,-1
342,46,1367,955,133,105,1.0,-1,-1,-1
342,48,610,823,240,139,1.0,-1,-1,-1
342,49,1049,706,91,75,1.0,-1,-1,-1
342,52,943,516,158,128,1.0,-1,-1,-1
342,54,1136,873,116,88,1.0,-1,-1,-1
342,56,383,841,210,144,1.0,-1,-1,-1
342,57,343,708,195,124,1.0,-1,-1,-1
342,58,229,678,128,98,1.0,-1,-1,-1
342,61,119,722,92,75,1.0,-1,-1,-1
342,62,208,768,135,97,1.0,-1,-1,-1
342,63,1325,537,295,136,1.0,-1,-1,-1
342,64,1556,896,138,92,1.0,-1,-1,-1
342,65,1067,614,54,63,1.0,-1,-1,-1
342,66,1195,613,191,97,1.0,-1,-1,-1
342,67,80,641,103,103,1.0,-1,-1,-1
342,69,651,755,62,65,1.0,-1,-1,-1
342,71,1786,531,133,123,1.0,-1,-1,-1
342,72,13,662,67,53,1.0,-1,-1,-1
342,73,1635,644,218,97,1.0,-1,-1,-1
342,77,1639,606,60,48,1.0,-1,-1,-1
343,2,599,602,109,58,1.0,-1,-1,-1
343,6,657,586,86,51,1.0,-1,-1,-1
343,7,1763,1017,156,61,1.0,-1,-1,-1
343,16,1886,809,33,99,1.0,-1,-1,-1
343,20,1823,819,40,89,1.0,-1,-1,-1
343,25,421,625,33,35,1.0,-1,-1,-1
343,26,740,648,55,52,1.0,-1,-1,-1
343,31,1683,783,92,90,1.0,-1,-1,-1
343,32,834,683,63,72,1.0,-1,-1,-1
343,34,1281,421,183,95,1.0,-1,-1,-1
343,39,894,714,82,60,1.0,-1,-1,-1
343,43,721,927,422,150,1.0,-1,-1,-1
343,44,682,682,70,48,1.0,-1,-1,-1
343,45,11,937,83,84,1.0,-1,-1,-1
343,46,1377,952,136,110,1.0,-1,-1,-1
343,48,616,828,242,136,1.0,-1,-1,-1
343,49,1049,704,92,76,1.0,-1,-1,-1
343,52,944,513,153,131,1.0,-1,-1,-1
343,54,1151,876,113,89,1.0,-1,-1,-1
343,56,387,842,215,146,1.0,-1,-1,-1
343,57,344,709,200,123,1.0,-1,-1,-1
343,58,230,680,132,93,1.0,-1,-1,-1
343,59,623,695,48,57,1.0,-1,-1,-1
343,61,121,724,93,73,1.0,-1,-1,-1
343,62,210,769,138,100,1.0,-1,-1,-1
343,63,1321,538,294,136,1.0,-1,-1,-1
343,64,1575,901,129,87,1.0,-1,-1,-1
343,65,1060,619,56,58,1.0,-1,-1,-1
343,66,1188,613,187,96,1.0,-1,-1,-1
343,67,82,644,106,101,1.0,-1,-1,-1
343,69,660,762,65,60,1.0,-1,-1,-1
343,71,1779,529,140,123,1.0,-1,-1,-1
343,72,14,664,66,53,1.0,-1,-1,-1
343,73,1628,644,213,96,1.0,-1,-1,-1
343,77,1632,606,61,47,1.0,-1,-1,-1
344,2,598,599,110,60,1.0,-1,-1,-1
344,7,1783,1016,136,61,1.0,-1,-1,-1
344,16,1885,810,34,97,1.0,-1,-1,-1
344,20,1823,819,40,89,1.0,-1,-1,-1
344,25,419,627,32,33,1.0,-1,-1,-1
344,26,740,647,55,53,1.0,-1,-1,-1
344,31,1683,783,92,90,1.0,-1,-1,-1
344,32,835,683,62,72,1.0,-1,-1,-1
344,34,1281,421,181,95,1.0,-1,-1,-1
344,39,894,715,82,60,1.0,-1,-1,-1
344,43,729,929,420,148,1.0,-1,-1,-1
344,44,683,682,69,49,1.0,-1,-1,-1
344,45,10,937,84,84,1.0,-1,-1,-1
344,46,1390,948,133,116,1.0,-1,-1,-1
344,48,622,827,243,136,1.0,-1,-1,-1
344,49,1050,706,93,74,1.0,-1,-1,-1
344,52,944,516,150,128,1.0,-1,-1,-1
344,54,1160,877,117,90,1.0,-1,-1,-1
344,56,393,844,216,147,1.0,-1,-1,-1
344,57,345,709,207,128,1.0,-1,-1,-1
344,58,233,680,133,95,1.0,-1,-1,-1
344,59,625,695,52,57,1.0,-1,-1,-1
344,61,123,724,94,74,1.0,-1,-1,-1
344,62,213,770,139,102,1.0,-1,-1,-1
344,63,1292,536,320,138,1.0,-1,-1,-1
344,64,1592,895,110,92,1.0,-1,-1,-1
344,65,1054,617,55,58,1.0,-1,-1,-1
344,66,1183,612,184,97,1.0,-1,-1,-1
344,67,84,643,107,103,1.0,-1,-1,-1
344,69,671,769,65,60,1.0,-1,-1,-1
344,71,1773,527,146,127,1.0,-1,-1,-1
344,72,16,663,70,54,1.0,-1,-1,-1
344,73,1617,645,215,96,1.0,-1,-1,-1
344,77,1627,608,57,44,1.0,-1,-1,-1
345,2,597,600,111,60,1.0,-1,-1,-1
345,7,1782,1016,137,60,1.0,-1,-1,-1
345,16,1885,810,34,97,1.0,-1,-1,-1
345,20,1822,819,41,89,1.0,-1,-1,-1
345,25,419,627,31,33,1.0,-1,-1,-1
345,26,740,647,56,53,1.0,-1,-1,-1
345,31,1683,782,93,91,1.0,-1,-1,-1
345,32,835,682,63,73,1.0,-1,-1,-1
345,34,1281,421,181,95,1.0,-1,-1,-1
345,39,894,715,82,60,1.0,-1,-1,-1
345,43,729,929,421,148,1.0,-1,-1,-1
345,44,683,682,69,49,1.0,-1,-1,-1
345,45,10,938,83,83,1.0,-1,-1,-1
345,46,1390,948,133,116,1.0,-1,-1,-1
345,48,622,827,243,136,1.0,-1,-1,-1
345,49,1050,706,92,74,1.0,-1,-1,-1
345,52,943,516,150,129,1.0,-1,-1,-1
345,54,1160,878,117,89,1.0,-1,-1,-1
345,56,393,844,216,147,1.0,-1,-1,-1
345,57,346,709,206,129,1.0,-1,-1,-1
345,58,232,680,134,95,1.0,-1,-1,-1
345,59,625,695,52,58,1.0,-1,-1,-1
345,61,123,724,94,74,1.0,-1,-1,-1
345,62,213,770,139,102,1.0,-1,-1,-1
345,63,1297,537,315,137,1.0,-1,-1,-1
345,64,1592,895,110,92,1.0,-1,-1,-1
345,65,1054,617,55,58,1.0,-1,-1,-1
345,66,1183,612,184,97,1.0,-1,-1,-1
345,67,84,643,107,102,1.0,-1,-1,-1
345,69,670,770,66,59,1.0,-1,-1,-1
345,71,1773,527,146,127,1.0,-1,-1,-1
345,72,16,663,70,54,1.0,-1,-1,-1
345,73,1617,645,215,96,1.0,-1,-1,-1
345,77,1627,607,57,45,1.0,-1,-1,-1
346,2,595,602,111,58,1.0,-1,-1,-1
346,7,1808,1018,111,59,1.0,-1,-1,-1
346,16,1885,809,34,97,1.0,-1,-1,-1
346,20,1823,818,40,90,1.0,-1,-1,-1
346,26,739,647,57,53,1.0,-1,-1,-1
346,31,1682,781,93,92,1.0,-1,-1,-1
346,32,833,682,65,73,1.0,-1,-1,-1
346,34,1281,421,182,96,1.0,-1,-1,-1
346,39,894,714,82,61,1.0,-1,-1,-1
346,43,736,931,426,146,1.0,-1,-1,-1
346,44,682,682,69,47,1.0,-1,-1,-1
346,45,10,937,84,84,1.0,-1,-1,-1
346,46,1401,950,135,116,1.0,-1,-1,-1
346,48,627,829,246,139,1.0,-1,-1,-1
346,49,1052,705,90,74,1.0,-1,-1,-1
346,52,943,520,146,125,1.0,-1,-1,-1
346,54,1173,877,117,94,1.0,-1,-1,-1
346,56,397,846,219,148,1.0,-1,-1,-1
346,57,349,709,208,131,1.0,-1,-1,-1
346,58,236,681,134,96,1.0,-1,-1,-1
346,59,628,698,56,56,1.0,-1,-1,-1
346,61,125,724,94,74,1.0,-1,-1,-1
346,62,218,772,137,100,1.0,-1,-1,-1
346,63,1313,538,293,135,1.0,-1,-1,-1
346,64,1613,902,127,89,1.0,-1,-1,-1
346,65,1047,616,57,59,1.0,-1,-1,-1
346,66,1173,612,188,96,1.0,-1,-1,-1
346,67,84,642,109,104,1.0,-1,-1,-1
346,69,678,766,69,63,1.0,-1,-1,-1
346,71,1767,531,152,122,1.0,-1,-1,-1
346,72,18,663,68,53,1.0,-1,-1,-1
346,73,1607,646,214,95,1.0,-1,-1,-1
346,77,1618,609,59,42,1.0,-1,-1,-1
347,2,594,601,110,60,1.0,-1,-1,-1
347,7,1833,1019,86,59,1.0,-1,-1,-1
347,16,1885,810,34,96,1.0,-1,-1,-1
347,20,1822,817,40,91,1.0,-1,-1,-1
347,26,738,647,58,54,1.0,-1,-1,-1
347,31,1683,780,93,92,1.0,-1,-1,-1
347,32,834,681,64,74,1.0,-1,-1,-1
347,34,1281,422,180,94,1.0,-1,-1,-1
347,39,894,715,82,60,1.0,-1,-1,-1
347,43,745,931,426,146,1.0,-1,-1,-1
347,44,684,669,68,58,1.0,-1,-1,-1
347,45,10,937,84,85,1.0,-1,-1,-1
347,46,1413,957,135,113,1.0,-1,-1,-1
347,48,634,830,246,138,1.0,-1,-1,-1
347,49,1052,707,90,72,1.0,-1,-1,-1
347,52,943,515,143,132,1.0,-1,-1,-1
347,54,1184,881,118,92,1.0,-1,-1,-1
347,56,402,848,221,149,1.0,-1,-1,-1
347,57,355,711,207,128,1.0,-1,-1,-1
347,58,238,681,135,92,1.0,-1,-1,-1
347,59,628,710,59,46,1.0,-1,-1,-1
347,61,127,722,96,78,1.0,-1,-1,-1
347,62,222,772,139,101,1.0,-1,-1,-1
347,63,1309,539,293,134,1.0,-1,-1,-1
347,64,1628,903,123,88,1.0,-1,-1,-1
347,65,1044,613,53,61,1.0,-1,-1,-1
347,66,1166,613,186,94,1.0,-1,-1,-1
347,67,87,642,107,104,1.0,-1,-1,-1
347,69,689,764,68,67,1.0,-1,-1,-1
347,71,1759,532,160,122,1.0,-1,-1,-1
347,72,19,662,70,55,1.0,-1,-1,-1
347,73,1598,644,213,96,1.0,-1,-1,-1
347,77,1610,607,60,43,1.0,-1,-1,-1
348,2,592,601,111,59,1.0,-1,-1,-1
348,6,640,584,90,52,1.0,-1,-1,-1
348,16,1885,809,35,97,1.0,-1,-1,-1
348,20,1820,817,45,91,1.0,-1,-1,-1
348,26,738,647,58,54,1.0,-1,-1,-1
348,31,1684,780,91,92,1.0,-1,-1,-1
348,32,834,682,64,73,1.0,-1,-1,-1
348,34,1280,422,184,94,1.0,-1,-1,-1
348,39,894,715,82,60,1.0,-1,-1,-1
348,43,752,933,426,144,1.0,-1,-1,-1
348,44,685,669,69,60,1.0,-1,-1,-1
348,45,11,937,83,85,1.0,-1,-1,-1
348,46,1425,956,136,118,1.0,-1,-1,-1
348,48,638,832,250,145,1.0,-1,-1,-1
348,49,1053,710,92,69,1.0,-1,-1,-1
348,52,943,516,138,129,1.0,-1,-1,-1
348,54,1196,884,119,93,1.0,-1,-1,-1
348,56,405,849,223,152,1.0,-1,-1,-1
348,57,357,711,210,130,1.0,-1,-1,-1
348,58,239,681,138,95,1.0,-1,-1,-1
348,59,631,710,57,47,1.0,-1,-1,-1
348,61,129,723,97,79,1.0,-1,-1,-1
348,62,226,773,139,102,1.0,-1,-1,-1
348,63,1286,534,315,140,1.0,-1,-1,-1
348,64,1646,905,137,89,1.0,-1,-1,-1
348,65,1035,614,57,60,1.0,-1,-1,-1
348,66,1160,610,185,98,1.0,-1,-1,-1
348,67,89,642,109,105,1.0,-1,-1,-1
348,69,698,768,71,67,1.0,-1,-1,-1
348,71,1753,533,166,122,1.0,-1,-1,-1
348,72,21,655,71,63,1.0,-1,-1,-1
348,73,1585,644,215,96,1.0,-1,-1,-1
348,77,1604,603,57,46,1.0,-1,-1,-1
349,2,590,601,112,59,1.0,-1,-1,-1
349,6,633,584,94,51,1.0,-1,-1,-1
349,16,1885,810,34,95,1.0,-1,-1,-1
349,20,1820,816,45,92,1.0,-1,-1,-1
349,26,738,648,58,53,1.0,-1,-1,-1
349,31,1684,781,91,90,1.0,-1,-1,-1
349,32,829,682,65,73,1.0,-1,-1,-1
349,34,1281,422,181,94,1.0,-1,-1,-1
349,39,894,715,81,60,1.0,-1,-1,-1
349,43,759,934,426,142,1.0,-1,-1,-1
349,44,682,673,73,54,1.0,-1,-1,-1
349,45,10,937,84,85,1.0,-1,-1,-1
349,46,1436,954,137,122,1.0,-1,-1,-1
349,48,646,830,250,146,1.0,-1,-1,-1
349,49,1053,707,93,72,1.0,-1,-1,-1
349,52,943,517,132,130,1.0,-1,-1,-1
349,54,1205,882,123,98,1.0,-1,-1,-1
349,56,410,850,224,153,1.0,-1,-1,-1
349,57,362,712,212,132,1.0,-1,-1,-1
349,58,244,682,139,95,1.0,-1,-1,-1
349,59,633,708,59,49,1.0,-1,-1,-1
349,61,131,724,97,79,1.0,-1,-1,-1
349,62,230,776,138,101,1.0,-1,-1,-1
349,63,1293,536,302,137,1.0,-1,-1,-1
349,64,1668,909,134,89,1.0,-1,-1,-1
349,65,1033,614,52,58,1.0,-1,-1,-1
349,66,1152,609,185,98,1.0,-1,-1,-1
349,67,90,641,109,106,1.0,-1,-1,-1
349,69,709,764,70,69,1.0,-1,-1,-1
349,71,1747,532,172,126,1.0,-1,-1,-1
349,72,23,659,69,60,1.0,-1,-1,-1
349,73,1577,643,215,96,1.0,-1,-1,-1
349,77,1597,605,60,44,1.0,-1,-1,-1
350,2,589,602,110,58,1.0,-1,-1,-1
350,6,607,586,116,54,1.0,-1,-1,-1
350,16,1886,810,33,94,1.0,-1,-1,-1
350,20,1818,816,47,92,1.0,-1,-1,-1
350,26,738,648,58,53,1.0,-1,-1,-1
350,31,1685,781,90,90,1.0,-1,-1,-1
350,32,828,682,66,73,1.0,-1,-1,-1
350,34,1281,421,182,95,1.0,-1,-1,-1
350,39,894,715,80,60,1.0,-1,-1,-1
350,43,767,938,432,137,1.0,-1,-1,-1
350,44,683,671,67,56,1.0,-1,-1,-1
350,45,10,937,84,85,1.0,-1,-1,-1
350,46,1448,962,137,117,1.0,-1,-1,-1
350,48,651,836,253,142,1.0,-1,-1,-1
350,49,1054,703,93,76,1.0,-1,-1,-1
350,52,943,515,126,130,1.0,-1,-1,-1
350,54,1218,883,123,101,1.0,-1,-1,-1
350,56,415,851,227,155,1.0,-1,-1,-1
350,57,366,712,212,131,1.0,-1,-1,-1
350,58,248,684,139,94,1.0,-1,-1,-1
350,59,636,708,60,49,1.0,-1,-1,-1
350,61,134,726,98,79,1.0,-1,-1,-1
350,62,231,776,142,103,1.0,-1,-1,-1
350,63,1299,537,291,135,1.0,-1,-1,-1
350,64,1732,910,86,89,1.0,-1,-1,-1
350,65,1028,616,54,56,1.0,-1,-1,-1
350,66,1146,610,183,96,1.0,-1,-1,-1
350,67,91,641,111,109,1.0,-1,-1,-1
350,69,721,770,72,67,1.0,-1,-1,-1
350,71,1740,533,179,126,1.0,-1,-1,-1
350,72,25,664,68,55,1.0,-1,-1,-1
350,73,1566,643,215,96,1.0,-1,-1,-1
350,77,1590,609,60,39,1.0,-1,-1,-1
351,2,589,602,110,58,1.0,-1,-1,-1
351,6,615,579,109,55,1.0,-1,-1,-1
351,16,1886,810,33,92,1.0,-1,-1,-1
351,20,1818,815,47,93,1.0,-1,-1,-1
351,26,738,648,58,53,1.0,-1,-1,-1
351,31,1685,781,90,90,1.0,-1,-1,-1
351,32,833,680,63,75,1.0,-1,-1,-1
351,34,1281,421,184,95,1.0,-1,-1,-1
351,39,894,715,80,59,1.0,-1,-1,-1
351,43,767,938,432,138,1.0,-1,-1,-1
351,44,683,672,73,54,1.0,-1,-1,-1
351,45,11,936,83,86,1.0,-1,-1,-1
351,46,1448,962,137,117,1.0,-1,-1,-1
351,48,651,836,253,142,1.0,-1,-1,-1
351,49,1054,703,93,76,1.0,-1,-1,-1
351,52,943,515,126,130,1.0,-1,-1,-1
351,54,1218,883,123,101,1.0,-1,-1,-1
351,56,415,851,227,155,1.0,-1,-1,-1
351,57,365,711,213,132,1.0,-1,-1,-1
351,58,248,684,139,94,1.0,-1,-1,-1
351,59,636,709,60,48,1.0,-1,-1,-1
351,61,134,726,98,79,1.0,-1,-1,-1
351,62,231,777,144,103,1.0,-1,-1,-1
351,63,1298,537,291,135,1.0,-1,-1,-1
351,64,1733,910,85,89,1.0,-1,-1,-1
351,65,1028,616,54,56,1.0,-1,-1,-1
351,66,1146,610,183,96,1.0,-1,-1,-1
351,67,91,640,111,110,1.0,-1,-1,-1
351,69,721,770,72,67,1.0,-1,-1,-1
351,71,1740,533,179,126,1.0,-1,-1,-1
351,72,25,664,67,55,1.0,-1,-1,-1
351,73,1566,643,215,96,1.0,-1,-1,-1
351,74,0,685,26,42,1.0,-1,-1,-1
351,77,1590,609,60,39,1.0,-1,-1,-1
352,2,587,601,109,58,1.0,-1,-1,-1
352,6,617,580,106,55,1.0,-1,-1,-1
352,16,1885,809,34,94,1.0,-1,-1,-1
352,20,1819,815,45,93,1.0,-1,-1,-1
352,26,739,649,57,53,1.0,-1,-1,-1
352,31,1684,783,90,88,1.0,-1,-1,-1
352,32,828,682,66,73,1.0,-1,-1,-1
352,34,1281,421,187,95,1.0,-1,-1,-1
352,39,894,715,80,60,1.0,-1,-1,-1
352,43,776,940,429,136,1.0,-1,-1,-1
352,44,684,674,73,53,1.0,-1,-1,-1
352,45,11,936,83,86,1.0,-1,-1,-1
352,46,1461,965,138,114,1.0,-1,-1,-1
352,48,657,836,256,144,1.0,-1,-1,-1
352,49,1054,705,95,75,1.0,-1,-1,-1
352,52,943,517,123,128,1.0,-1,-1,-1
352,54,1229,888,121,98,1.0,-1,-1,-1
352,56,420,852,230,157,1.0,-1,-1,-1
352,57,369,715,214,130,1.0,-1,-1,-1
352,58,251,684,139,95,1.0,-1,-1,-1
352,59,640,708,58,50,1.0,-1,-1,-1
352,61,136,727,98,79,1.0,-1,-1,-1
352,62,233,777,146,106,1.0,-1,-1,-1
352,63,1293,537,292,135,1.0,-1,-1,-1
352,64,1728,918,109,83,1.0,-1,-1,-1
352,65,1021,617,56,56,1.0,-1,-1,-1
352,66,1140,610,181,96,1.0,-1,-1,-1
352,67,92,642,113,111,1.0,-1,-1,-1
352,69,727,774,75,64,1.0,-1,-1,-1
352,71,1732,532,187,125,1.0,-1,-1,-1
352,72,27,664,67,56,1.0,-1,-1,-1
352,73,1557,643,214,96,1.0,-1,-1,-1
352,74,0,687,26,42,1.0,-1,-1,-1
352,77,1583,601,59,45,1.0,-1,-1,-1
353,2,585,601,110,58,1.0,-1,-1,-1
353,6,623,582,94,51,1.0,-1,-1,-1
353,16,1885,810,34,78,1.0,-1,-1,-1
353,20,1818,815,47,93,1.0,-1,-1,-1
353,26,739,649,57,53,1.0,-1,-1,-1
353,31,1685,783,90,88,1.0,-1,-1,-1
353,32,830,681,68,74,1.0,-1,-1,-1
353,34,1282,421,186,94,1.0,-1,-1,-1
353,39,894,714,81,61,1.0,-1,-1,-1
353,43,786,944,429,132,1.0,-1,-1,-1
353,44,685,671,66,56,1.0,-1,-1,-1
353,45,12,936,82,86,1.0,-1,-1,-1
353,46,1472,968,140,112,1.0,-1,-1,-1
353,48,662,839,258,147,1.0,-1,-1,-1
353,49,1053,703,96,77,1.0,-1,-1,-1
353,52,943,518,120,124,1.0,-1,-1,-1
353,54,1241,894,125,93,1.0,-1,-1,-1
353,56,427,855,228,158,1.0,-1,-1,-1
353,57,377,714,212,134,1.0,-1,-1,-1
353,58,255,685,140,95,1.0,-1,-1,-1
353,59,642,712,59,46,1.0,-1,-1,-1
353,61,137,727,100,80,1.0,-1,-1,-1
353,62,237,778,145,107,1.0,-1,-1,-1
353,63,1288,536,292,136,1.0,-1,-1,-1
353,64,1731,913,125,89,1.0,-1,-1,-1
353,65,1015,613,55,59,1.0,-1,-1,-1
353,66,1133,610,180,94,1.0,-1,-1,-1
353,67,94,643,112,109,1.0,-1,-1,-1
353,69,741,772,80,72,1.0,-1,-1,-1
353,71,1727,532,192,125,1.0,-1,-1,-1
353,72,28,666,69,54,1.0,-1,-1,-1
353,73,1549,642,213,97,1.0,-1,-1,-1
353,74,0,689,27,41,1.0,-1,-1,-1
353,77,1575,601,61,46,1.0,-1,-1,-1
354,2,584,601,108,58,1.0,-1,-1,-1
354,6,621,583,94,50,1.0,-1,-1,-1
354,16,1886,810,33,81,1.0,-1,-1,-1
354,20,1823,814,43,92,1.0,-1,-1,-1
354,26,738,648,59,54,1.0,-1,-1,-1
354,31,1684,782,91,89,1.0,-1,-1,-1
354,32,830,682,67,73,1.0,-1,-1,-1
354,34,1282,421,186,94,1.0,-1,-1,-1
354,39,894,713,81,62,1.0,-1,-1,-1
354,43,793,944,437,133,1.0,-1,-1,-1
354,44,685,669,66,57,1.0,-1,-1,-1
354,45,12,936,82,86,1.0,-1,-1,-1
354,46,1485,964,143,115,1.0,-1,-1,-1
354,48,670,839,258,145,1.0,-1,-1,-1
354,49,1053,702,97,78,1.0,-1,-1,-1
354,52,943,517,116,124,1.0,-1,-1,-1
354,54,1250,895,131,97,1.0,-1,-1,-1
354,56,430,859,233,156,1.0,-1,-1,-1
354,57,379,716,215,133,1.0,-1,-1,-1
354,58,258,685,140,95,1.0,-1,-1,-1
354,59,644,709,62,49,1.0,-1,-1,-1
354,61,139,728,100,80,1.0,-1,-1,-1
354,62,243,779,144,109,1.0,-1,-1,-1
354,63,1283,535,293,137,1.0,-1,-1,-1
354,64,1738,915,134,88,1.0,-1,-1,-1
354,65,1009,616,56,57,1.0,-1,-1,-1
354,66,1125,610,182,94,1.0,-1,-1,-1
354,67,95,644,114,109,1.0,-1,-1,-1
354,69,749,779,82,66,1.0,-1,-1,-1
354,71,1720,531,199,126,1.0,-1,-1,-1
354,72,30,665,69,56,1.0,-1,-1,-1
354,73,1537,642,214,97,1.0,-1,-1,-1
354,74,0,689,28,42,1.0,-1,-1,-1
354,77,1569,599,57,46,1.0,-1,-1,-1
355,2,581,597,110,62,1.0,-1,-1,-1
355,6,616,585,97,48,1.0,-1,-1,-1
355,16,1885,810,34,95,1.0,-1,-1,-1
355,20,1827,813,44,83,1.0,-1,-1,-1
355,26,738,647,59,55,1.0,-1,-1,-1
355,31,1684,781,91,90,1.0,-1,-1,-1
355,32,831,682,66,73,1.0,-1,-1,-1
355,34,1282,421,188,94,1.0,-1,-1,-1
355,39,894,713,81,62,1.0,-1,-1,-1
355,43,799,947,438,129,1.0,-1,-1,-1
355,44,686,669,65,57,1.0,-1,-1,-1
355,45,11,936,83,86,1.0,-1,-1,-1
355,46,1494,976,150,101,1.0,-1,-1,-1
355,48,676,844,261,141,1.0,-1,-1,-1
355,49,1054,702,97,77,1.0,-1,-1,-1
355,54,1264,893,130,99,1.0,-1,-1,-1
355,56,436,860,234,157,1.0,-1,-1,-1
355,57,381,715,219,137,1.0,-1,-1,-1
355,58,261,686,144,95,1.0,-1,-1,-1
355,59,645,717,62,42,1.0,-1,-1,-1
355,61,143,730,100,79,1.0,-1,-1,-1
355,62,245,780,144,108,1.0,-1,-1,-1
355,63,1277,533,291,138,1.0,-1,-1,-1
355,64,1754,922,134,84,1.0,-1,-1,-1
355,65,1006,619,52,53,1.0,-1,-1,-1
355,66,1119,611,181,93,1.0,-1,-1,-1
355,67,97,644,116,110,1.0,-1,-1,-1
355,69,756,780,87,66,1.0,-1,-1,-1
355,71,1713,530,206,127,1.0,-1,-1,-1
355,72,31,665,71,56,1.0,-1,-1,-1
355,73,1530,643,213,96,1.0,-1,-1,-1
355,74,0,687,28,45,1.0,-1,-1,-1
355,77,1560,602,60,43,1.0,-1,-1,-1
356,2,580,601,107,59,1.0,-1,-1,-1
356,6,619,587,91,46,1.0,-1,-1,-1
356,16,1886,809,33,97,1.0,-1,-1,-1
356,20,1825,812,47,85,1.0,-1,-1,-1
356,26,737,648,60,54,1.0,-1,-1,-1
356,31,1684,781,92,90,1.0,-1,-1,-1
356,32,830,685,69,71,1.0,-1,-1,-1
356,34,1283,421,191,95,1.0,-1,-1,-1
356,39,894,714,80,61,1.0,-1,-1,-1
356,43,808,950,440,125,1.0,-1,-1,-1
356,44,690,671,64,54,1.0,-1,-1,-1
356,45,11,936,83,86,1.0,-1,-1,-1
356,46,1509,979,147,100,1.0,-1,-1,-1
356,48,681,845,263,143,1.0,-1,-1,-1
356,49,1054,703,98,76,1.0,-1,-1,-1
356,54,1276,903,128,93,1.0,-1,-1,-1
356,56,440,863,238,158,1.0,-1,-1,-1
356,57,388,716,218,138,1.0,-1,-1,-1
356,58,266,685,142,97,1.0,-1,-1,-1
356,59,648,718,62,42,1.0,-1,-1,-1
356,61,145,730,100,81,1.0,-1,-1,-1
356,62,248,780,148,110,1.0,-1,-1,-1
356,63,1272,534,294,137,1.0,-1,-1,-1
356,64,1776,919,129,87,1.0,-1,-1,-1
356,65,1000,614,52,57,1.0,-1,-1,-1
356,66,1112,611,181,93,1.0,-1,-1,-1
356,67,99,643,119,112,1.0,-1,-1,-1
356,69,772,786,85,65,1.0,-1,-1,-1
356,71,1705,527,214,130,1.0,-1,-1,-1
356,72,34,664,69,58,1.0,-1,-1,-1
356,73,1517,642,214,96,1.0,-1,-1,-1
356,74,0,684,31,48,1.0,-1,-1,-1
356,77,1552,593,60,51,1.0,-1,-1,-1
357,2,580,600,107,60,1.0,-1,-1,-1
357,6,618,586,92,47,1.0,-1,-1,-1
357,16,1886,809,33,96,1.0,-1,-1,-1
357,20,1825,812,47,85,1.0,-1,-1,-1
357,26,737,648,60,54,1.0,-1,-1,-1
357,31,1684,781,92,90,1.0,-1,-1,-1
357,32,829,685,70,71,1.0,-1,-1,-1
357,34,1282,421,189,95,1.0,-1,-1,-1
357,39,894,713,80,62,1.0,-1,-1,-1
357,43,808,950,440,125,1.0,-1,-1,-1
357,44,686,667,64,58,1.0,-1,-1,-1
357,45,12,936,82,86,1.0,-1,-1,-1
357,46,1509,978,147,97,1.0,-1,-1,-1
357,48,681,845,262,143,1.0,-1,-1,-1
357,49,1054,703,98,76,1.0,-1,-1,-1
357,54,1275,903,129,93,1.0,-1,-1,-1
357,56,440,863,237,158,1.0,-1,-1,-1
357,57,388,716,218,138,1.0,-1,-1,-1
357,58,266,685,142,97,1.0,-1,-1,-1
357,59,648,718,62,42,1.0,-1,-1,-1
357,61,145,730,100,81,1.0,-1,-1,-1
357,62,248,780,148,110,1.0,-1,-1,-1
357,63,1272,534,294,137,1.0,-1,-1,-1
357,64,1776,919,129,87,1.0,-1,-1,-1
357,65,1000,614,52,57,1.0,-1,-1,-1
357,66,1112,611,181,93,1.0,-1,-1,-1
357,67,99,643,118,112,1.0,-1,-1,-1
357,69,772,786,85,65,1.0,-1,-1,-1
357,71,1705,527,214,130,1.0,-1,-1,-1
357,72,34,665,69,57,1.0,-1,-1,-1
357,73,1517,642,214,96,1.0,-1,-1,-1
357,74,0,684,31,48,1.0,-1,-1,-1
357,77,1552,593,60,51,1.0,-1,-1,-1
358,2,578,598,109,60,1.0,-1,-1,-1
358,6,612,582,93,51,1.0,-1,-1,-1
358,16,1886,810,33,96,1.0,-1,-1,-1
358,20,1825,811,48,94,1.0,-1,-1,-1
358,26,737,650,61,51,1.0,-1,-1,-1
358,31,1683,781,93,90,1.0,-1,-1,-1
358,32,828,685,70,70,1.0,-1,-1,-1
358,34,1282,421,191,95,1.0,-1,-1,-1
358,39,894,714,79,61,1.0,-1,-1,-1
358,43,818,950,442,125,1.0,-1,-1,-1
358,44,691,670,62,55,1.0,-1,-1,-1
358,45,11,936,83,86,1.0,-1,-1,-1
358,46,1516,973,160,105,1.0,-1,-1,-1
358,48,687,846,264,142,1.0,-1,-1,-1
358,49,1055,700,97,79,1.0,-1,-1,-1
358,52,943,517,104,124,1.0,-1,-1,-1
358,54,1288,904,131,97,1.0,-1,-1,-1
358,56,446,865,239,158,1.0,-1,-1,-1
358,57,392,716,220,139,1.0,-1,-1,-1
358,58,268,685,145,97,1.0,-1,-1,-1
358,59,651,716,64,44,1.0,-1,-1,-1
358,61,146,731,102,80,1.0,-1,-1,-1
358,62,252,782,146,110,1.0,-1,-1,-1
358,63,1259,532,300,138,1.0,-1,-1,-1
358,64,1790,917,129,91,1.0,-1,-1,-1
358,65,998,622,48,48,1.0,-1,-1,-1
358,66,1105,610,180,94,1.0,-1,-1,-1
358,67,100,643,118,113,1.0,-1,-1,-1
358,69,782,790,89,67,1.0,-1,-1,-1
358,71,1699,525,221,131,1.0,-1,-1,-1
358,72,34,664,72,58,1.0,-1,-1,-1
358,73,1507,643,216,95,1.0,-1,-1,-1
358,74,0,685,33,48,1.0,-1,-1,-1
358,77,1542,581,62,62,1.0,-1,-1,-1
359,2,578,597,106,61,1.0,-1,-1,-1
359,16,1886,810,33,97,1.0,-1,-1,-1
359,20,1824,813,43,91,1.0,-1,-1,-1
359,26,737,649,60,52,1.0,-1,-1,-1
359,31,1684,781,92,90,1.0,-1,-1,-1
359,32,831,684,68,71,1.0,-1,-1,-1
359,34,1282,421,189,95,1.0,-1,-1,-1
359,39,894,713,81,62,1.0,-1,-1,-1
359,43,827,952,445,123,1.0,-1,-1,-1
359,44,691,669,62,56,1.0,-1,-1,-1
359,45,11,936,83,86,1.0,-1,-1,-1
359,46,1538,984,147,93,1.0,-1,-1,-1
359,48,694,849,268,146,1.0,-1,-1,-1
359,49,1054,701,98,78,1.0,-1,-1,-1
359,54,1301,901,129,104,1.0,-1,-1,-1
359,56,450,869,240,158,1.0,-1,-1,-1
359,57,395,716,222,140,1.0,-1,-1,-1
359,58,270,686,147,97,1.0,-1,-1,-1
359,59,655,715,64,46,1.0,-1,-1,-1
359,61,149,733,102,79,1.0,-1,-1,-1
359,62,254,783,146,111,1.0,-1,-1,-1
359,63,1254,534,302,136,1.0,-1,-1,-1
359,64,1810,919,110,88,1.0,-1,-1,-1
359,65,992,624,48,46,1.0,-1,-1,-1
359,66,1099,610,179,93,1.0,-1,-1,-1
359,67,103,642,118,116,1.0,-1,-1,-1
359,69,798,791,84,70,1.0,-1,-1,-1
359,71,1693,528,226,128,1.0,-1,-1,-1
359,72,36,664,72,59,1.0,-1,-1,-1
359,73,1502,642,212,96,1.0,-1,-1,-1
359,74,0,686,34,48,1.0,-1,-1,-1
359,77,1525,580,73,61,1.0,-1,-1,-1
360,2,575,596,108,62,1.0,-1,-1,-1
360,16,1886,810,33,97,1.0,-1,-1,-1
360,20,1823,813,42,99,1.0,-1,-1,-1
360,26,737,648,59,53,1.0,-1,-1,-1
360,31,1684,781,92,90,1.0,-1,-1,-1
360,32,829,682,69,74,1.0,-1,-1,-1
360,34,1282,421,190,95,1.0,-1,-1,-1
360,39,893,713,84,62,1.0,-1,-1,-1
360,43,835,955,433,120,1.0,-1,-1,-1
360,44,691,670,62,55,1.0,-1,-1,-1
360,45,10,936,84,86,1.0,-1,-1,-1
360,46,1551,991,155,87,1.0,-1,-1,-1
360,48,700,852,269,141,1.0,-1,-1,-1
360,49,1054,701,99,78,1.0,-1,-1,-1
360,54,1315,907,129,101,1.0,-1,-1,-1
360,56,455,871,245,160,1.0,-1,-1,-1
360,57,400,718,223,141,1.0,-1,-1,-1
360,58,273,687,149,98,1.0,-1,-1,-1
360,59,658,714,59,46,1.0,-1,-1,-1
360,61,152,732,103,82,1.0,-1,-1,-1
360,62,256,787,151,110,1.0,-1,-1,-1
360,63,1215,531,342,139,1.0,-1,-1,-1
360,64,1828,911,92,95,1.0,-1,-1,-1
360,65,988,623,47,47,1.0,-1,-1,-1
360,66,1093,610,178,92,1.0,-1,-1,-1
360,67,108,644,116,115,1.0,-1,-1,-1
360,69,810,793,85,71,1.0,-1,-1,-1
360,71,1684,528,234,127,1.0,-1,-1,-1
360,72,37,663,74,59,1.0,-1,-1,-1
360,73,1490,642,217,95,1.0,-1,-1,-1
360,74,0,686,34,50,1.0,-1,-1,-1
360,77,1510,576,80,64,1.0,-1,-1,-1
361,2,573,595,109,63,1.0,-1,-1,-1
361,16,1886,810,33,97,1.0,-1,-1,-1
361,20,1823,814,40,99,1.0,-1,-1,-1
361,26,737,649,58,52,1.0,-1,-1,-1
361,31,1683,780,93,91,1.0,-1,-1,-1
361,32,826,681,69,74,1.0,-1,-1,-1
361,34,1282,420,190,95,1.0,-1,-1,-1
361,39,894,710,83,65,1.0,-1,-1,-1
361,43,843,955,439,122,1.0,-1,-1,-1
361,44,691,671,61,54,1.0,-1,-1,-1
361,45,9,935,85,87,1.0,-1,-1,-1
361,46,1567,993,148,87,1.0,-1,-1,-1
361,48,706,851,271,143,1.0,-1,-1,-1
361,49,1055,703,98,76,1.0,-1,-1,-1
361,54,1324,905,128,105,1.0,-1,-1,-1
361,56,460,874,248,160,1.0,-1,-1,-1
361,57,403,719,224,142,1.0,-1,-1,-1
361,58,279,686,147,100,1.0,-1,-1,-1
361,59,661,713,59,49,1.0,-1,-1,-1
361,61,156,732,101,82,1.0,-1,-1,-1
361,62,257,787,153,113,1.0,-1,-1,-1
361,63,1249,534,279,135,1.0,-1,-1,-1
361,64,1845,912,73,96,1.0,-1,-1,-1
361,65,980,624,50,46,1.0,-1,-1,-1
361,66,1087,610,175,92,1.0,-1,-1,-1
361,67,109,646,118,113,1.0,-1,-1,-1
361,69,820,796,93,78,1.0,-1,-1,-1
361,71,1678,529,239,125,1.0,-1,-1,-1
361,72,40,663,74,60,1.0,-1,-1,-1
361,73,1482,642,212,95,1.0,-1,-1,-1
361,74,0,686,36,51,1.0,-1,-1,-1
361,77,1509,582,74,58,1.0,-1,-1,-1
362,2,570,596,111,63,1.0,-1,-1,-1
362,16,1886,810,33,97,1.0,-1,-1,-1
362,20,1823,814,41,99,1.0,-1,-1,-1
362,26,737,648,58,53,1.0,-1,-1,-1
362,31,1683,780,93,93,1.0,-1,-1,-1
362,32,827,680,68,75,1.0,-1,-1,-1
362,34,1282,420,191,96,1.0,-1,-1,-1
362,39,894,710,85,65,1.0,-1,-1,-1
362,43,853,959,439,116,1.0,-1,-1,-1
362,44,690,671,63,55,1.0,-1,-1,-1
362,45,9,935,86,87,1.0,-1,-1,-1
362,46,1580,985,149,94,1.0,-1,-1,-1
362,48,713,847,272,153,1.0,-1,-1,-1
362,49,1055,704,98,75,1.0,-1,-1,-1
362,54,1338,911,129,103,1.0,-1,-1,-1
362,56,463,876,252,160,1.0,-1,-1,-1
362,57,409,719,224,140,1.0,-1,-1,-1
362,58,281,686,150,102,1.0,-1,-1,-1
362,59,663,711,59,51,1.0,-1,-1,-1
362,61,158,733,102,82,1.0,-1,-1,-1
362,62,261,789,152,111,1.0,-1,-1,-1
362,63,1251,535,306,134,1.0,-1,-1,-1
362,64,1863,914,56,94,1.0,-1,-1,-1
362,65,977,624,45,44,1.0,-1,-1,-1
362,66,1078,611,179,90,1.0,-1,-1,-1
362,67,110,646,121,114,1.0,-1,-1,-1
362,69,834,800,92,78,1.0,-1,-1,-1
362,71,1671,527,247,126,1.0,-1,-1,-1
362,72,43,663,72,61,1.0,-1,-1,-1
362,73,1472,642,213,96,1.0,-1,-1,-1
362,74,0,686,37,52,1.0,-1,-1,-1
362,77,1514,589,60,51,1.0,-1,-1,-1
363,2,570,596,111,63,1.0,-1,-1,-1
363,16,1886,811,33,97,1.0,-1,-1,-1
363,20,1823,814,42,99,1.0,-1,-1,-1
363,26,737,648,58,53,1.0,-1,-1,-1
363,31,1683,780,93,93,1.0,-1,-1,-1
363,32,827,681,67,74,1.0,-1,-1,-1
363,34,1283,420,192,96,1.0,-1,-1,-1
363,39,894,710,86,65,1.0,-1,-1,-1
363,43,854,959,436,116,1.0,-1,-1,-1
363,44,690,671,63,54,1.0,-1,-1,-1
363,45,9,935,85,87,1.0,-1,-1,-1
363,46,1580,985,149,94,1.0,-1,-1,-1
363,48,713,847,272,153,1.0,-1,-1,-1
363,49,1055,705,98,74,1.0,-1,-1,-1
363,54,1337,911,130,103,1.0,-1,-1,-1
363,56,464,876,251,160,1.0,-1,-1,-1
363,57,409,719,224,140,1.0,-1,-1,-1
363,58,281,686,150,102,1.0,-1,-1,-1
363,59,663,712,59,50,1.0,-1,-1,-1
363,61,158,733,102,82,1.0,-1,-1,-1
363,62,261,789,152,111,1.0,-1,-1,-1
363,63,1250,535,307,134,1.0,-1,-1,-1
363,64,1863,914,56,94,1.0,-1,-1,-1
363,65,977,624,46,44,1.0,-1,-1,-1
363,66,1078,611,179,90,1.0,-1,-1,-1
363,67,110,646,121,114,1.0,-1,-1,-1
363,69,834,800,92,78,1.0,-1,-1,-1
363,71,1671,525,247,128,1.0,-1,-1,-1
363,72,43,663,72,61,1.0,-1,-1,-1
363,73,1472,642,213,96,1.0,-1,-1,-1
363,74,0,686,37,52,1.0,-1,-1,-1
363,77,1514,589,60,51,1.0,-1,-1,-1
364,2,568,596,113,63,1.0,-1,-1,-1
364,13,421,582,89,51,1.0,-1,-1,-1
364,16,1886,811,33,97,1.0,-1,-1,-1
364,20,1823,814,43,99,1.0,-1,-1,-1
364,26,737,648,59,53,1.0,-1,-1,-1
364,31,1683,781,92,92,1.0,-1,-1,-1
364,32,827,682,67,73,1.0,-1,-1,-1
364,34,1282,421,188,95,1.0,-1,-1,-1
364,39,895,709,85,66,1.0,-1,-1,-1
364,43,862,964,437,113,1.0,-1,-1,-1
364,44,695,673,57,52,1.0,-1,-1,-1
364,45,9,935,85,87,1.0,-1,-1,-1
364,46,1596,996,148,84,1.0,-1,-1,-1
364,48,719,847,274,155,1.0,-1,-1,-1
364,49,1056,707,97,72,1.0,-1,-1,-1
364,54,1347,910,132,108,1.0,-1,-1,-1
364,56,472,877,251,162,1.0,-1,-1,-1
364,57,413,721,226,140,1.0,-1,-1,-1
364,58,285,687,150,101,1.0,-1,-1,-1
364,59,666,711,59,51,1.0,-1,-1,-1
364,61,160,733,105,83,1.0,-1,-1,-1
364,62,264,790,153,110,1.0,-1,-1,-1
364,63,1246,535,281,133,1.0,-1,-1,-1
364,64,1882,926,37,82,1.0,-1,-1,-1
364,65,971,620,46,47,1.0,-1,-1,-1
364,66,1073,610,177,90,1.0,-1,-1,-1
364,67,112,645,122,116,1.0,-1,-1,-1
364,69,844,799,95,83,1.0,-1,-1,-1
364,71,1664,406,252,248,1.0,-1,-1,-1
364,72,45,666,72,59,1.0,-1,-1,-1
364,73,1461,642,215,96,1.0,-1,-1,-1
364,74,0,686,38,53,1.0,-1,-1,-1
364,77,1495,588,73,51,1.0,-1,-1,-1
365,2,566,597,114,62,1.0,-1,-1,-1
365,13,421,582,88,50,1.0,-1,-1,-1
365,16,1886,811,33,97,1.0,-1,-1,-1
365,20,1823,815,42,98,1.0,-1,-1,-1
365,26,736,647,60,54,1.0,-1,-1,-1
365,31,1683,780,92,95,1.0,-1,-1,-1
365,32,826,684,69,72,1.0,-1,-1,-1
365,34,1282,421,188,94,1.0,-1,-1,-1
365,39,896,709,83,65,1.0,-1,-1,-1
365,43,869,964,444,112,1.0,-1,-1,-1
365,45,8,934,87,88,1.0,-1,-1,-1
365,46,1610,997,150,83,1.0,-1,-1,-1
365,48,727,849,274,154,1.0,-1,-1,-1
365,49,1054,706,99,73,1.0,-1,-1,-1
365,54,1362,915,131,104,1.0,-1,-1,-1
365,56,476,877,255,166,1.0,-1,-1,-1
365,57,415,722,229,140,1.0,-1,-1,-1
365,58,290,687,150,103,1.0,-1,-1,-1
365,59,667,714,60,49,1.0,-1,-1,-1
365,61,162,733,105,85,1.0,-1,-1,-1
365,62,268,792,153,110,1.0,-1,-1,-1
365,63,1234,535,316,133,1.0,-1,-1,-1
365,64,1901,937,19,74,1.0,-1,-1,-1
365,65,967,614,45,54,1.0,-1,-1,-1
365,66,1067,610,174,91,1.0,-1,-1,-1
365,67,113,648,123,115,1.0,-1,-1,-1
365,69,860,802,94,80,1.0,-1,-1,-1
365,71,1658,402,250,253,1.0,-1,-1,-1
365,72,47,663,71,63,1.0,-1,-1,-1
365,73,1455,641,212,96,1.0,-1,-1,-1
365,74,0,686,40,54,1.0,-1,-1,-1
366,2,565,599,112,60,1.0,-1,-1,-1
366,13,420,582,87,50,1.0,-1,-1,-1
366,16,1886,810,33,98,1.0,-1,-1,-1
366,20,1823,815,42,98,1.0,-1,-1,-1
366,26,736,647,61,55,1.0,-1,-1,-1
366,31,1684,780,91,95,1.0,-1,-1,-1
366,32,827,684,67,71,1.0,-1,-1,-1
366,34,1282,421,187,94,1.0,-1,-1,-1
366,39,898,702,79,69,1.0,-1,-1,-1
366,43,879,966,442,111,1.0,-1,-1,-1
366,45,8,934,87,88,1.0,-1,-1,-1
366,46,1623,998,156,81,1.0,-1,-1,-1
366,48,732,852,281,153,1.0,-1,-1,-1
366,49,1054,706,99,73,1.0,-1,-1,-1
366,52,794,520,224,119,1.0,-1,-1,-1
366,54,1371,916,133,104,1.0,-1,-1,-1
366,56,483,880,254,165,1.0,-1,-1,-1
366,57,421,721,231,144,1.0,-1,-1,-1
366,58,290,688,154,102,1.0,-1,-1,-1
366,59,669,717,61,46,1.0,-1,-1,-1
366,61,165,734,106,85,1.0,-1,-1,-1
366,62,271,793,154,111,1.0,-1,-1,-1
366,63,1228,534,308,134,1.0,-1,-1,-1
366,66,1059,611,175,89,1.0,-1,-1,-1
366,67,114,649,126,114,1.0,-1,-1,-1
366,69,873,807,97,78,1.0,-1,-1,-1
366,71,1653,402,252,251,1.0,-1,-1,-1
366,72,47,665,73,61,1.0,-1,-1,-1
366,73,1444,641,214,96,1.0,-1,-1,-1
366,74,0,685,41,55,1.0,-1,-1,-1
367,2,564,597,112,61,1.0,-1,-1,-1
367,16,1886,811,33,96,1.0,-1,-1,-1
367,20,1823,815,43,98,1.0,-1,-1,-1
367,26,737,648,60,53,1.0,-1,-1,-1
367,31,1685,780,90,95,1.0,-1,-1,-1
367,32,828,685,65,70,1.0,-1,-1,-1
367,34,1282,420,191,95,1.0,-1,-1,-1
367,39,895,708,80,64,1.0,-1,-1,-1
367,43,889,967,424,109,1.0,-1,-1,-1
367,45,7,935,88,87,1.0,-1,-1,-1
367,46,1639,994,153,84,1.0,-1,-1,-1
367,48,739,851,282,157,1.0,-1,-1,-1
367,49,1055,709,98,70,1.0,-1,-1,-1
367,52,778,520,237,117,1.0,-1,-1,-1
367,54,1384,920,136,104,1.0,-1,-1,-1
367,56,487,884,261,165,1.0,-1,-1,-1
367,57,421,723,235,146,1.0,-1,-1,-1
367,58,293,688,158,103,1.0,-1,-1,-1
367,59,671,717,61,46,1.0,-1,-1,-1
367,61,167,734,107,86,1.0,-1,-1,-1
367,62,274,795,156,112,1.0,-1,-1,-1
367,63,1175,527,323,141,1.0,-1,-1,-1
367,66,1054,610,174,90,1.0,-1,-1,-1
367,67,117,651,125,112,1.0,-1,-1,-1
367,69,888,808,95,81,1.0,-1,-1,-1
367,71,1646,489,250,163,1.0,-1,-1,-1
367,72,48,667,76,61,1.0,-1,-1,-1
367,73,1436,641,211,95,1.0,-1,-1,-1
367,74,0,685,44,56,1.0,-1,-1,-1
368,2,561,599,114,59,1.0,-1,-1,-1
368,16,1885,808,34,99,1.0,-1,-1,-1
368,20,1823,815,43,98,1.0,-1,-1,-1
368,26,736,647,61,54,1.0,-1,-1,-1
368,31,1683,779,93,96,1.0,-1,-1,-1
368,32,828,685,66,70,1.0,-1,-1,-1
368,34,1282,420,195,95,1.0,-1,-1,-1
368,39,894,708,85,65,1.0,-1,-1,-1
368,43,898,970,435,106,1.0,-1,-1,-1
368,45,9,935,85,87,1.0,-1,-1,-1
368,46,1656,994,151,86,1.0,-1,-1,-1
368,48,746,852,283,156,1.0,-1,-1,-1
368,49,1055,709,98,70,1.0,-1,-1,-1
368,52,778,519,234,119,1.0,-1,-1,-1
368,54,1398,919,137,108,1.0,-1,-1,-1
368,56,493,888,262,163,1.0,-1,-1,-1
368,57,427,724,234,147,1.0,-1,-1,-1
368,58,301,687,154,106,1.0,-1,-1,-1
368,59,673,716,61,47,1.0,-1,-1,-1
368,61,171,736,105,84,1.0,-1,-1,-1
368,62,277,796,158,114,1.0,-1,-1,-1
368,63,1171,526,330,142,1.0,-1,-1,-1
368,66,1047,610,174,88,1.0,-1,-1,-1
368,67,120,650,125,113,1.0,-1,-1,-1
368,69,901,811,97,79,1.0,-1,-1,-1
368,71,1639,519,249,132,1.0,-1,-1,-1
368,72,49,668,77,60,1.0,-1,-1,-1
368,73,1426,640,212,95,1.0,-1,-1,-1
368,74,0,685,45,57,1.0,-1,-1,-1
368,75,1878,642,41,77,1.0,-1,-1,-1
368,77,1469,549,61,87,1.0,-1,-1,-1
369,2,561,598,114,60,1.0,-1,-1,-1
369,16,1884,808,35,99,1.0,-1,-1,-1
369,20,1824,815,43,98,1.0,-1,-1,-1
369,26,736,646,61,55,1.0,-1,-1,-1
369,31,1683,778,93,97,1.0,-1,-1,-1
369,32,828,684,64,70,1.0,-1,-1,-1
369,34,1282,421,191,94,1.0,-1,-1,-1
369,39,894,708,83,66,1.0,-1,-1,-1
369,43,898,970,435,106,1.0,-1,-1,-1
369,45,9,936,85,86,1.0,-1,-1,-1
369,46,1656,995,151,85,1.0,-1,-1,-1
369,48,745,852,284,156,1.0,-1,-1,-1
369,49,1054,707,99,72,1.0,-1,-1,-1
369,52,777,519,235,119,1.0,-1,-1,-1
369,54,1398,919,137,108,1.0,-1,-1,-1
369,56,493,888,262,163,1.0,-1,-1,-1
369,57,427,724,233,148,1.0,-1,-1,-1
369,58,301,687,154,106,1.0,-1,-1,-1
369,59,673,716,61,47,1.0,-1,-1,-1
369,61,171,736,105,84,1.0,-1,-1,-1
369,62,276,796,159,114,1.0,-1,-1,-1
369,63,1172,527,326,142,1.0,-1,-1,-1
369,66,1047,610,174,88,1.0,-1,-1,-1
369,67,120,650,125,114,1.0,-1,-1,-1
369,69,902,811,96,79,1.0,-1,-1,-1
369,71,1639,519,249,132,1.0,-1,-1,-1
369,72,49,668,77,60,1.0,-1,-1,-1
369,73,1427,640,211,96,1.0,-1,-1,-1
369,74,0,685,45,57,1.0,-1,-1,-1
369,75,1878,642,41,77,1.0,-1,-1,-1
369,77,1469,549,61,87,1.0,-1,-1,-1
370,2,559,595,114,64,1.0,-1,-1,-1
370,13,412,582,91,51,1.0,-1,-1,-1
370,16,1886,809,33,97,1.0,-1,-1,-1
370,20,1823,815,43,98,1.0,-1,-1,-1
370,26,735,649,62,53,1.0,-1,-1,-1
370,31,1683,779,93,95,1.0,-1,-1,-1
370,32,828,684,64,70,1.0,-1,-1,-1
370,34,1282,421,190,94,1.0,-1,-1,-1
370,39,893,712,87,62,1.0,-1,-1,-1
370,43,909,974,430,102,1.0,-1,-1,-1
370,45,9,937,84,85,1.0,-1,-1,-1
370,46,1670,991,154,89,1.0,-1,-1,-1
370,48,752,851,285,161,1.0,-1,-1,-1
370,49,1054,707,99,72,1.0,-1,-1,-1
370,52,770,519,236,121,1.0,-1,-1,-1
370,54,1412,927,135,106,1.0,-1,-1,-1
370,56,499,890,263,164,1.0,-1,-1,-1
370,57,432,724,233,154,1.0,-1,-1,-1
370,58,302,689,156,105,1.0,-1,-1,-1
370,59,674,713,66,52,1.0,-1,-1,-1
370,61,173,738,109,85,1.0,-1,-1,-1
370,62,279,796,160,115,1.0,-1,-1,-1
370,63,1171,529,343,139,1.0,-1,-1,-1
370,66,1042,610,173,89,1.0,-1,-1,-1
370,67,121,650,128,113,1.0,-1,-1,-1
370,69,916,816,99,78,1.0,-1,-1,-1
370,71,1633,518,248,134,1.0,-1,-1,-1
370,72,51,669,76,60,1.0,-1,-1,-1
370,73,1414,642,215,92,1.0,-1,-1,-1
370,74,0,685,46,58,1.0,-1,-1,-1
370,75,1869,641,50,79,1.0,-1,-1,-1
371,2,555,597,115,62,1.0,-1,-1,-1
371,13,413,582,89,51,1.0,-1,-1,-1
371,16,1888,815,31,90,1.0,-1,-1,-1
371,20,1823,815,43,98,1.0,-1,-1,-1
371,26,735,648,62,54,1.0,-1,-1,-1
371,31,1683,779,92,95,1.0,-1,-1,-1
371,32,829,684,61,70,1.0,-1,-1,-1
371,34,1281,421,191,94,1.0,-1,-1,-1
371,39,893,711,82,64,1.0,-1,-1,-1
371,43,919,976,425,100,1.0,-1,-1,-1
371,45,9,937,84,85,1.0,-1,-1,-1
371,46,1685,995,152,85,1.0,-1,-1,-1
371,48,760,852,288,162,1.0,-1,-1,-1
371,49,1055,706,98,73,1.0,-1,-1,-1
371,52,768,519,235,121,1.0,-1,-1,-1
371,54,1420,931,145,105,1.0,-1,-1,-1
371,56,505,890,267,168,1.0,-1,-1,-1
371,57,436,724,236,155,1.0,-1,-1,-1
371,58,306,690,159,105,1.0,-1,-1,-1
371,59,678,711,63,53,1.0,-1,-1,-1
371,61,176,737,106,87,1.0,-1,-1,-1
371,62,282,798,161,115,1.0,-1,-1,-1
371,63,1160,526,356,141,1.0,-1,-1,-1
371,66,1038,610,171,89,1.0,-1,-1,-1
371,67,124,650,128,114,1.0,-1,-1,-1
371,69,930,821,102,75,1.0,-1,-1,-1
371,71,1626,517,249,136,1.0,-1,-1,-1
371,72,54,666,76,62,1.0,-1,-1,-1
371,73,1410,641,210,94,1.0,-1,-1,-1
371,74,0,686,49,57,1.0,-1,-1,-1
371,75,1860,639,59,80,1.0,-1,-1,-1
372,2,554,597,113,61,1.0,-1,-1,-1
372,16,1888,814,31,91,1.0,-1,-1,-1
372,20,1823,815,43,98,1.0,-1,-1,-1
372,26,735,651,62,50,1.0,-1,-1,-1
372,31,1683,775,90,97,1.0,-1,-1,-1
372,32,830,684,59,70,1.0,-1,-1,-1
372,34,1281,421,189,94,1.0,-1,-1,-1
372,39,892,714,79,62,1.0,-1,-1,-1
372,43,930,977,418,99,1.0,-1,-1,-1
372,45,10,937,84,85,1.0,-1,-1,-1
372,46,1701,995,153,85,1.0,-1,-1,-1
372,48,766,855,289,161,1.0,-1,-1,-1
372,49,1054,705,99,74,1.0,-1,-1,-1
372,52,770,523,231,115,1.0,-1,-1,-1
372,54,1434,930,142,107,1.0,-1,-1,-1
372,56,510,891,269,169,1.0,-1,-1,-1
372,57,438,726,240,153,1.0,-1,-1,-1
372,58,306,690,162,106,1.0,-1,-1,-1
372,59,682,709,62,55,1.0,-1,-1,-1
372,61,179,739,106,87,1.0,-1,-1,-1
372,62,286,799,160,115,1.0,-1,-1,-1
372,63,1156,525,354,141,1.0,-1,-1,-1
372,66,1029,609,172,90,1.0,-1,-1,-1
372,67,126,649,128,116,1.0,-1,-1,-1
372,69,944,816,102,83,1.0,-1,-1,-1
372,71,1618,511,253,141,1.0,-1,-1,-1
372,72,54,668,77,60,1.0,-1,-1,-1
372,73,1401,641,208,92,1.0,-1,-1,-1
372,74,0,686,49,58,1.0,-1,-1,-1
372,75,1851,638,68,81,1.0,-1,-1,-1
373,2,552,597,113,61,1.0,-1,-1,-1
373,16,1888,815,31,90,1.0,-1,-1,-1
373,20,1822,815,44,98,1.0,-1,-1,-1
373,23,971,705,62,60,1.0,-1,-1,-1
373,26,734,647,62,55,1.0,-1,-1,-1
373,31,1683,775,90,97,1.0,-1,-1,-1
373,32,830,685,59,70,1.0,-1,-1,-1
373,34,1282,421,189,93,1.0,-1,-1,-1
373,39,894,712,83,62,1.0,-1,-1,-1
373,43,943,980,402,96,1.0,-1,-1,-1
373,45,9,937,85,85,1.0,-1,-1,-1
373,46,1708,993,163,86,1.0,-1,-1,-1
373,48,774,856,290,161,1.0,-1,-1,-1
373,49,1054,704,99,74,1.0,-1,-1,-1
373,52,766,526,234,111,1.0,-1,-1,-1
373,54,1450,935,139,104,1.0,-1,-1,-1
373,56,517,890,269,174,1.0,-1,-1,-1
373,57,442,728,241,153,1.0,-1,-1,-1
373,58,311,690,162,107,1.0,-1,-1,-1
373,59,682,707,64,59,1.0,-1,-1,-1
373,61,181,738,109,88,1.0,-1,-1,-1
373,62,290,801,160,115,1.0,-1,-1,-1
373,63,1162,530,342,136,1.0,-1,-1,-1
373,66,1022,609,171,88,1.0,-1,-1,-1
373,67,128,650,128,116,1.0,-1,-1,-1
373,69,958,821,106,82,1.0,-1,-1,-1
373,71,1611,515,249,138,1.0,-1,-1,-1
373,72,58,665,75,64,1.0,-1,-1,-1
373,73,1391,640,208,93,1.0,-1,-1,-1
373,74,0,688,50,56,1.0,-1,-1,-1
373,75,1843,635,76,84,1.0,-1,-1,-1
374,2,550,596,112,62,1.0,-1,-1,-1
374,16,1887,810,32,95,1.0,-1,-1,-1
374,20,1822,815,43,98,1.0,-1,-1,-1
374,23,971,705,61,60,1.0,-1,-1,-1
374,26,733,648,65,54,1.0,-1,-1,-1
374,31,1683,775,90,97,1.0,-1,-1,-1
374,32,831,685,58,70,1.0,-1,-1,-1
374,34,1282,421,190,93,1.0,-1,-1,-1
374,39,893,713,76,62,1.0,-1,-1,-1
374,43,955,981,403,95,1.0,-1,-1,-1
374,45,9,937,85,85,1.0,-1,-1,-1
374,46,1729,997,155,82,1.0,-1,-1,-1
374,48,781,856,292,164,1.0,-1,-1,-1
374,49,1054,704,99,75,1.0,-1,-1,-1
374,52,767,525,228,110,1.0,-1,-1,-1
374,54,1463,937,142,105,1.0,-1,-1,-1
374,56,523,891,274,176,1.0,-1,-1,-1
374,57,445,728,242,155,1.0,-1,-1,-1
374,58,319,692,160,107,1.0,-1,-1,-1
374,59,682,711,69,56,1.0,-1,-1,-1
374,61,182,738,110,90,1.0,-1,-1,-1
374,62,292,802,163,117,1.0,-1,-1,-1
374,63,1152,528,347,139,1.0,-1,-1,-1
374,66,1017,609,169,87,1.0,-1,-1,-1
374,67,131,650,130,116,1.0,-1,-1,-1
374,69,972,824,108,82,1.0,-1,-1,-1
374,71,1604,509,252,143,1.0,-1,-1,-1
374,72,59,663,76,67,1.0,-1,-1,-1
374,73,1383,639,208,94,1.0,-1,-1,-1
374,74,0,688,52,58,1.0,-1,-1,-1
374,75,1833,631,86,89,1.0,-1,-1,-1
375,2,550,595,112,63,1.0,-1,-1,-1
375,16,1887,810,32,96,1.0,-1,-1,-1
375,20,1822,815,43,98,1.0,-1,-1,-1
375,23,971,705,62,61,1.0,-1,-1,-1
375,26,733,648,65,54,1.0,-1,-1,-1
375,31,1683,774,90,98,1.0,-1,-1,-1
375,32,829,685,61,70,1.0,-1,-1,-1
375,34,1282,420,191,94,1.0,-1,-1,-1
375,39,893,711,74,65,1.0,-1,-1,-1
375,43,955,981,403,95,1.0,-1,-1,-1
375,45,10,936,84,86,1.0,-1,-1,-1
375,46,1730,997,155,82,1.0,-1,-1,-1
375,48,781,856,292,164,1.0,-1,-1,-1
375,49,1054,704,99,75,1.0,-1,-1,-1
375,52,765,526,230,109,1.0,-1,-1,-1
375,54,1463,936,142,106,1.0,-1,-1,-1
375,56,522,891,275,177,1.0,-1,-1,-1
375,57,445,729,242,152,1.0,-1,-1,-1
375,58,318,692,161,107,1.0,-1,-1,-1
375,59,682,710,69,57,1.0,-1,-1,-1
375,61,182,739,110,88,1.0,-1,-1,-1
375,62,292,802,163,117,1.0,-1,-1,-1
375,63,1152,528,348,138,1.0,-1,-1,-1
375,66,1017,609,169,87,1.0,-1,-1,-1
375,67,131,651,130,115,1.0,-1,-1,-1
375,69,972,824,108,82,1.0,-1,-1,-1
375,71,1604,509,252,143,1.0,-1,-1,-1
375,72,59,663,76,67,1.0,-1,-1,-1
375,73,1383,639,208,94,1.0,-1,-1,-1
375,74,0,688,52,58,1.0,-1,-1,-1
375,75,1833,631,86,89,1.0,-1,-1,-1
376,2,550,600,111,59,1.0,-1,-1,-1
376,16,1887,810,32,90,1.0,-1,-1,-1
376,20,1821,816,43,97,1.0,-1,-1,-1
376,23,969,704,49,61,1.0,-1,-1,-1
376,26,731,643,66,59,1.0,-1,-1,-1
376,31,1690,779,83,93,1.0,-1,-1,-1
376,32,829,686,61,69,1.0,-1,-1,-1
376,34,1282,419,199,97,1.0,-1,-1,-1
376,39,894,712,67,64,1.0,-1,-1,-1
376,43,967,985,396,90,1.0,-1,-1,-1
376,45,13,939,81,83,1.0,-1,-1,-1
376,46,1741,1009,158,70,1.0,-1,-1,-1
376,48,788,858,294,163,1.0,-1,-1,-1
376,49,1054,707,98,72,1.0,-1,-1,-1
376,52,752,528,238,107,1.0,-1,-1,-1
376,54,1478,937,141,106,1.0,-1,-1,-1
376,56,527,892,278,179,1.0,-1,-1,-1
376,57,456,729,237,155,1.0,-1,-1,-1
376,58,322,695,161,106,1.0,-1,-1,-1
376,59,684,704,66,64,1.0,-1,-1,-1
376,61,186,739,109,89,1.0,-1,-1,-1
376,62,294,803,166,119,1.0,-1,-1,-1
376,63,1149,527,342,138,1.0,-1,-1,-1
376,66,1012,609,169,87,1.0,-1,-1,-1
376,67,134,654,131,115,1.0,-1,-1,-1
376,69,989,829,105,77,1.0,-1,-1,-1
376,71,1598,512,249,139,1.0,-1,-1,-1
376,72,62,665,78,65,1.0,-1,-1,-1
376,73,1372,639,212,94,1.0,-1,-1,-1
376,74,0,691,53,55,1.0,-1,-1,-1
376,75,1825,623,94,96,1.0,-1,-1,-1
377,2,548,598,110,60,1.0,-1,-1,-1
377,16,1887,811,33,77,1.0,-1,-1,-1
377,20,1821,816,43,97,1.0,-1,-1,-1
377,23,969,704,50,61,1.0,-1,-1,-1
377,26,729,642,68,60,1.0,-1,-1,-1
377,31,1687,778,87,95,1.0,-1,-1,-1
377,32,830,684,60,71,1.0,-1,-1,-1
377,34,1282,419,201,97,1.0,-1,-1,-1
377,39,894,711,67,65,1.0,-1,-1,-1
377,43,979,987,397,89,1.0,-1,-1,-1
377,45,13,941,81,82,1.0,-1,-1,-1
377,46,1768,1000,151,80,1.0,-1,-1,-1
377,48,796,859,293,165,1.0,-1,-1,-1
377,49,1054,705,99,74,1.0,-1,-1,-1
377,52,751,529,235,105,1.0,-1,-1,-1
377,54,1490,943,145,102,1.0,-1,-1,-1
377,56,534,894,276,179,1.0,-1,-1,-1
377,57,458,728,242,152,1.0,-1,-1,-1
377,58,324,695,165,107,1.0,-1,-1,-1
377,59,686,703,66,67,1.0,-1,-1,-1
377,61,188,739,110,90,1.0,-1,-1,-1
377,62,299,802,163,121,1.0,-1,-1,-1
377,63,1140,526,342,139,1.0,-1,-1,-1
377,66,1007,609,167,84,1.0,-1,-1,-1
377,67,137,653,130,116,1.0,-1,-1,-1
377,69,1006,834,107,79,1.0,-1,-1,-1
377,71,1590,512,249,139,1.0,-1,-1,-1
377,72,64,666,78,64,1.0,-1,-1,-1
377,73,1363,642,211,89,1.0,-1,-1,-1
377,74,0,689,55,58,1.0,-1,-1,-1
377,75,1815,617,105,100,1.0,-1,-1,-1
378,2,545,599,112,59,1.0,-1,-1,-1
378,16,1887,811,33,77,1.0,-1,-1,-1
378,20,1821,816,44,97,1.0,-1,-1,-1
378,23,969,702,51,63,1.0,-1,-1,-1
378,26,729,642,69,60,1.0,-1,-1,-1
378,31,1686,778,88,94,1.0,-1,-1,-1
378,32,830,682,61,73,1.0,-1,-1,-1
378,34,1282,419,199,96,1.0,-1,-1,-1
378,39,893,710,69,66,1.0,-1,-1,-1
378,43,992,992,382,85,1.0,-1,-1,-1
378,45,13,938,81,85,1.0,-1,-1,-1
378,46,1779,1010,141,70,1.0,-1,-1,-1
378,48,802,861,298,165,1.0,-1,-1,-1
378,49,1055,705,97,74,1.0,-1,-1,-1
378,52,747,524,236,110,1.0,-1,-1,-1
378,54,1505,944,143,104,1.0,-1,-1,-1
378,56,540,896,280,181,1.0,-1,-1,-1
378,57,461,729,244,153,1.0,-1,-1,-1
378,58,328,696,166,106,1.0,-1,-1,-1
378,59,688,699,66,73,1.0,-1,-1,-1
378,61,191,741,111,90,1.0,-1,-1,-1
378,62,301,804,167,120,1.0,-1,-1,-1
378,63,1137,527,346,136,1.0,-1,-1,-1
378,66,1001,609,168,80,1.0,-1,-1,-1
378,67,138,651,131,119,1.0,-1,-1,-1
378,69,1019,833,111,82,1.0,-1,-1,-1
378,71,1584,511,248,139,1.0,-1,-1,-1
378,72,65,668,79,64,1.0,-1,-1,-1
378,73,1356,638,207,93,1.0,-1,-1,-1
378,74,0,688,58,61,1.0,-1,-1,-1
378,75,1808,616,112,102,1.0,-1,-1,-1
379,2,544,597,110,61,1.0,-1,-1,-1
379,16,1885,812,35,68,1.0,-1,-1,-1
379,20,1821,816,44,96,1.0,-1,-1,-1
379,23,969,703,50,62,1.0,-1,-1,-1
379,31,1684,773,90,98,1.0,-1,-1,-1
379,32,830,682,61,73,1.0,-1,-1,-1
379,34,1282,419,196,96,1.0,-1,-1,-1
379,39,892,712,70,64,1.0,-1,-1,-1
379,43,1009,993,383,83,1.0,-1,-1,-1
379,45,13,938,81,85,1.0,-1,-1,-1
379,48,811,861,300,167,1.0,-1,-1,-1
379,49,1054,704,98,75,1.0,-1,-1,-1
379,52,751,524,228,110,1.0,-1,-1,-1
379,54,1517,947,150,104,1.0,-1,-1,-1
379,56,547,899,282,179,1.0,-1,-1,-1
379,57,465,730,244,154,1.0,-1,-1,-1
379,58,332,695,166,107,1.0,-1,-1,-1
379,59,690,701,66,72,1.0,-1,-1,-1
379,61,194,742,112,91,1.0,-1,-1,-1
379,62,304,807,168,118,1.0,-1,-1,-1
379,63,1134,526,345,137,1.0,-1,-1,-1
379,66,996,609,165,79,1.0,-1,-1,-1
379,67,139,655,136,115,1.0,-1,-1,-1
379,69,1035,835,113,84,1.0,-1,-1,-1
379,71,1579,512,248,138,1.0,-1,-1,-1
379,72,65,668,82,63,1.0,-1,-1,-1
379,73,1350,639,204,92,1.0,-1,-1,-1
379,74,0,688,59,60,1.0,-1,-1,-1
379,75,1798,618,122,99,1.0,-1,-1,-1
380,2,542,597,110,60,1.0,-1,-1,-1
380,16,1884,813,36,66,1.0,-1,-1,-1
380,20,1821,817,43,95,1.0,-1,-1,-1
380,23,968,704,52,61,1.0,-1,-1,-1
380,31,1684,773,89,97,1.0,-1,-1,-1
380,32,829,682,62,73,1.0,-1,-1,-1
380,34,1282,419,200,97,1.0,-1,-1,-1
380,39,892,712,70,64,1.0,-1,-1,-1
380,43,1022,995,382,82,1.0,-1,-1,-1
380,45,13,937,81,85,1.0,-1,-1,-1
380,48,817,862,303,169,1.0,-1,-1,-1
380,49,1054,704,98,75,1.0,-1,-1,-1
380,52,742,522,229,114,1.0,-1,-1,-1
380,54,1534,946,148,108,1.0,-1,-1,-1
380,56,552,900,287,179,1.0,-1,-1,-1
380,57,466,729,248,156,1.0,-1,-1,-1
380,58,335,695,169,108,1.0,-1,-1,-1
380,59,692,702,66,70,1.0,-1,-1,-1
380,61,196,743,114,93,1.0,-1,-1,-1
380,62,307,807,167,120,1.0,-1,-1,-1
380,63,1126,526,349,134,1.0,-1,-1,-1
380,66,989,609,167,77,1.0,-1,-1,-1
380,67,140,653,138,117,1.0,-1,-1,-1
380,69,1054,838,110,83,1.0,-1,-1,-1
380,71,1571,519,250,130,1.0,-1,-1,-1
380,72,68,667,80,66,1.0,-1,-1,-1
380,73,1340,636,206,94,1.0,-1,-1,-1
380,74,0,689,61,61,1.0,-1,-1,-1
380,75,1788,614,131,104,1.0,-1,-1,-1
381,2,542,597,110,60,1.0,-1,-1,-1
381,16,1883,813,37,66,1.0,-1,-1,-1
381,20,1821,817,43,95,1.0,-1,-1,-1
381,23,968,703,55,62,1.0,-1,-1,-1
381,31,1684,773,89,97,1.0,-1,-1,-1
381,32,829,681,62,75,1.0,-1,-1,-1
381,34,1282,419,198,97,1.0,-1,-1,-1
381,39,892,712,70,65,1.0,-1,-1,-1
381,43,1022,995,382,82,1.0,-1,-1,-1
381,45,13,937,81,86,1.0,-1,-1,-1
381,48,817,862,303,169,1.0,-1,-1,-1
381,49,1054,705,98,74,1.0,-1,-1,-1
381,52,742,522,230,113,1.0,-1,-1,-1
381,54,1534,946,148,108,1.0,-1,-1,-1
381,56,552,900,287,179,1.0,-1,-1,-1
381,57,466,729,248,156,1.0,-1,-1,-1
381,58,335,695,169,108,1.0,-1,-1,-1
381,59,692,703,66,69,1.0,-1,-1,-1
381,61,196,743,114,93,1.0,-1,-1,-1
381,62,307,807,167,120,1.0,-1,-1,-1
381,63,1126,526,350,134,1.0,-1,-1,-1
381,66,989,609,167,77,1.0,-1,-1,-1
381,67,140,653,138,117,1.0,-1,-1,-1
381,69,1054,838,110,83,1.0,-1,-1,-1
381,71,1571,519,250,130,1.0,-1,-1,-1
381,72,68,667,80,66,1.0,-1,-1,-1
381,73,1340,636,206,94,1.0,-1,-1,-1
381,74,0,689,61,61,1.0,-1,-1,-1
381,75,1788,614,132,104,1.0,-1,-1,-1
382,2,542,597,109,60,1.0,-1,-1,-1
382,16,1886,813,34,61,1.0,-1,-1,-1
382,20,1821,816,43,96,1.0,-1,-1,-1
382,23,969,703,53,62,1.0,-1,-1,-1
382,31,1684,773,89,97,1.0,-1,-1,-1
382,32,829,681,62,75,1.0,-1,-1,-1
382,34,1281,420,196,96,1.0,-1,-1,-1
382,39,892,714,69,63,1.0,-1,-1,-1
382,43,1036,997,379,81,1.0,-1,-1,-1
382,45,13,937,81,86,1.0,-1,-1,-1
382,46,1837,1019,82,61,1.0,-1,-1,-1
382,48,826,863,305,170,1.0,-1,-1,-1
382,49,1054,707,99,72,1.0,-1,-1,-1
382,52,736,524,229,109,1.0,-1,-1,-1
382,54,1547,949,149,106,1.0,-1,-1,-1
382,56,559,902,288,178,1.0,-1,-1,-1
382,57,471,730,251,162,1.0,-1,-1,-1
382,58,338,697,170,107,1.0,-1,-1,-1
382,59,694,704,68,67,1.0,-1,-1,-1
382,61,198,744,115,92,1.0,-1,-1,-1
382,62,310,808,171,120,1.0,-1,-1,-1
382,63,1125,526,347,136,1.0,-1,-1,-1
382,66,983,607,169,79,1.0,-1,-1,-1
382,67,144,659,136,113,1.0,-1,-1,-1
382,68,0,684,133,62,1.0,-1,-1,-1
382,69,1070,840,114,84,1.0,-1,-1,-1
382,71,1564,519,249,130,1.0,-1,-1,-1
382,72,70,668,80,65,1.0,-1,-1,-1
382,73,1330,637,206,92,1.0,-1,-1,-1
382,74,0,691,62,60,1.0,-1,-1,-1
382,75,1780,611,139,107,1.0,-1,-1,-1
383,2,541,596,107,61,1.0,-1,-1,-1
383,16,1884,808,36,58,1.0,-1,-1,-1
383,20,1820,817,45,95,1.0,-1,-1,-1
383,31,1685,773,88,97,1.0,-1,-1,-1
383,32,829,681,62,74,1.0,-1,-1,-1
383,34,1282,420,194,97,1.0,-1,-1,-1
383,39,890,713,70,64,1.0,-1,-1,-1
383,43,1050,999,376,78,1.0,-1,-1,-1
383,45,14,936,80,87,1.0,-1,-1,-1
383,46,1848,1024,71,55,1.0,-1,-1,-1
383,48,833,866,306,169,1.0,-1,-1,-1
383,49,1054,708,99,71,1.0,-1,-1,-1
383,52,736,526,174,107,1.0,-1,-1,-1
383,54,1562,950,152,110,1.0,-1,-1,-1
383,56,565,905,291,174,1.0,-1,-1,-1
383,57,475,736,252,152,1.0,-1,-1,-1
383,58,342,698,172,109,1.0,-1,-1,-1
383,59,698,700,67,72,1.0,-1,-1,-1
383,61,203,746,113,92,1.0,-1,-1,-1
383,62,313,811,173,120,1.0,-1,-1,-1
383,63,1125,526,342,136,1.0,-1,-1,-1
383,66,976,606,167,80,1.0,-1,-1,-1
383,67,149,661,136,112,1.0,-1,-1,-1
383,69,1088,843,114,87,1.0,-1,-1,-1
383,71,1558,519,248,130,1.0,-1,-1,-1
383,72,71,665,82,70,1.0,-1,-1,-1
383,73,1324,638,204,91,1.0,-1,-1,-1
383,74,1,693,64,59,1.0,-1,-1,-1
383,75,1772,615,147,102,1.0,-1,-1,-1
384,2,539,599,108,58,1.0,-1,-1,-1
384,16,1884,808,36,59,1.0,-1,-1,-1
384,20,1820,818,45,94,1.0,-1,-1,-1
384,31,1694,772,80,94,1.0,-1,-1,-1
384,32,830,681,60,74,1.0,-1,-1,-1
384,34,1282,420,195,97,1.0,-1,-1,-1
384,39,891,715,69,62,1.0,-1,-1,-1
384,43,1067,1002,371,74,1.0,-1,-1,-1
384,45,14,938,79,85,1.0,-1,-1,-1
384,48,841,867,309,171,1.0,-1,-1,-1
384,49,1054,710,99,70,1.0,-1,-1,-1
384,54,1579,946,150,113,1.0,-1,-1,-1
384,56,572,908,295,171,1.0,-1,-1,-1
384,57,479,738,254,159,1.0,-1,-1,-1
384,58,346,697,172,111,1.0,-1,-1,-1
384,59,699,703,67,68,1.0,-1,-1,-1
384,61,205,747,115,92,1.0,-1,-1,-1
384,62,316,811,175,121,1.0,-1,-1,-1
384,63,1116,525,345,136,1.0,-1,-1,-1
384,66,971,606,165,79,1.0,-1,-1,-1
384,67,151,659,138,114,1.0,-1,-1,-1
384,69,1104,849,116,83,1.0,-1,-1,-1
384,71,1551,521,246,127,1.0,-1,-1,-1
384,72,73,664,82,71,1.0,-1,-1,-1
384,73,1317,636,202,91,1.0,-1,-1,-1
384,74,4,693,62,61,1.0,-1,-1,-1
384,75,1762,614,158,104,1.0,-1,-1,-1
385,2,538,602,107,55,1.0,-1,-1,-1
385,13,392,582,89,50,1.0,-1,-1,-1
385,16,1877,812,43,99,1.0,-1,-1,-1
385,20,1820,817,45,95,1.0,-1,-1,-1
385,31,1685,774,88,96,1.0,-1,-1,-1
385,32,839,678,53,77,1.0,-1,-1,-1
385,34,1282,420,196,96,1.0,-1,-1,-1
385,39,891,714,69,63,1.0,-1,-1,-1
385,43,1081,1004,370,73,1.0,-1,-1,-1
385,45,13,938,80,85,1.0,-1,-1,-1
385,48,850,868,312,172,1.0,-1,-1,-1
385,49,1054,710,99,69,1.0,-1,-1,-1
385,54,1593,959,151,102,1.0,-1,-1,-1
385,56,577,911,300,168,1.0,-1,-1,-1
385,57,484,739,255,159,1.0,-1,-1,-1
385,58,349,698,174,109,1.0,-1,-1,-1
385,59,697,705,74,71,1.0,-1,-1,-1
385,61,208,747,116,93,1.0,-1,-1,-1
385,62,319,813,176,121,1.0,-1,-1,-1
385,63,1110,526,347,134,1.0,-1,-1,-1
385,66,967,606,165,79,1.0,-1,-1,-1
385,67,152,657,141,118,1.0,-1,-1,-1
385,69,1123,851,117,86,1.0,-1,-1,-1
385,71,1544,522,246,126,1.0,-1,-1,-1
385,72,74,663,83,73,1.0,-1,-1,-1
385,73,1308,636,202,90,1.0,-1,-1,-1
385,74,6,695,61,58,1.0,-1,-1,-1
385,75,1754,614,165,105,1.0,-1,-1,-1
386,2,535,603,109,54,1.0,-1,-1,-1
386,13,390,582,88,51,1.0,-1,-1,-1
386,16,1884,811,35,89,1.0,-1,-1,-1
386,20,1821,819,44,93,1.0,-1,-1,-1
386,23,967,704,60,61,1.0,-1,-1,-1
386,31,1693,772,81,93,1.0,-1,-1,-1
386,32,830,682,60,73,1.0,-1,-1,-1
386,34,1282,420,195,96,1.0,-1,-1,-1
386,39,891,716,68,61,1.0,-1,-1,-1
386,43,1096,1007,369,70,1.0,-1,-1,-1
386,45,13,939,81,84,1.0,-1,-1,-1
386,48,858,869,312,173,1.0,-1,-1,-1
386,49,1054,710,98,69,1.0,-1,-1,-1
386,54,1607,957,154,106,1.0,-1,-1,-1
386,56,585,913,300,166,1.0,-1,-1,-1
386,57,487,739,259,162,1.0,-1,-1,-1
386,58,353,698,175,111,1.0,-1,-1,-1
386,59,703,705,69,69,1.0,-1,-1,-1
386,61,211,749,116,92,1.0,-1,-1,-1
386,62,324,815,173,120,1.0,-1,-1,-1
386,63,1109,528,346,132,1.0,-1,-1,-1
386,66,961,606,164,79,1.0,-1,-1,-1
386,67,154,657,141,120,1.0,-1,-1,-1
386,69,1135,857,124,84,1.0,-1,-1,-1
386,71,1539,520,244,127,1.0,-1,-1,-1
386,72,77,661,82,76,1.0,-1,-1,-1
386,73,1300,636,202,90,1.0,-1,-1,-1
386,74,6,694,65,62,1.0,-1,-1,-1
386,75,1746,614,174,106,1.0,-1,-1,-1
387,2,535,603,109,54,1.0,-1,-1,-1
387,13,390,582,88,51,1.0,-1,-1,-1
387,16,1884,809,36,96,1.0,-1,-1,-1
387,20,1821,819,44,93,1.0,-1,-1,-1
387,23,967,704,60,61,1.0,-1,-1,-1
387,31,1693,772,81,93,1.0,-1,-1,-1
387,32,829,683,61,72,1.0,-1,-1,-1
387,34,1282,420,195,96,1.0,-1,-1,-1
387,39,891,715,68,62,1.0,-1,-1,-1
387,43,1096,1007,369,70,1.0,-1,-1,-1
387,45,13,939,81,84,1.0,-1,-1,-1
387,48,858,869,312,173,1.0,-1,-1,-1
387,49,1054,710,99,69,1.0,-1,-1,-1
387,54,1607,957,154,106,1.0,-1,-1,-1
387,56,585,913,300,166,1.0,-1,-1,-1
387,57,487,739,259,162,1.0,-1,-1,-1
387,58,353,698,175,111,1.0,-1,-1,-1
387,59,703,705,69,68,1.0,-1,-1,-1
387,61,211,749,116,92,1.0,-1,-1,-1
387,62,323,815,174,120,1.0,-1,-1,-1
387,63,1109,528,346,132,1.0,-1,-1,-1
387,66,961,606,164,79,1.0,-1,-1,-1
387,67,154,657,141,120,1.0,-1,-1,-1
387,69,1136,857,122,84,1.0,-1,-1,-1
387,71,1538,519,245,128,1.0,-1,-1,-1
387,72,77,661,82,76,1.0,-1,-1,-1
387,73,1300,636,202,90,1.0,-1,-1,-1
387,74,6,694,65,62,1.0,-1,-1,-1
387,75,1746,614,174,106,1.0,-1,-1,-1
388,2,535,601,108,57,1.0,-1,-1,-1
388,13,387,582,90,51,1.0,-1,-1,-1
388,16,1884,809,36,96,1.0,-1,-1,-1
388,20,1822,818,43,94,1.0,-1,-1,-1
388,23,967,703,65,62,1.0,-1,-1,-1
388,31,1692,772,82,93,1.0,-1,-1,-1
388,32,829,681,61,74,1.0,-1,-1,-1
388,34,1283,420,197,96,1.0,-1,-1,-1
388,39,891,714,68,63,1.0,-1,-1,-1
388,43,1111,1009,369,68,1.0,-1,-1,-1
388,45,14,939,79,84,1.0,-1,-1,-1
388,48,866,871,317,174,1.0,-1,-1,-1
388,49,1054,706,99,73,1.0,-1,-1,-1
388,54,1626,960,151,103,1.0,-1,-1,-1
388,56,591,913,303,167,1.0,-1,-1,-1
388,57,491,740,260,160,1.0,-1,-1,-1
388,58,356,699,177,112,1.0,-1,-1,-1
388,59,710,709,63,66,1.0,-1,-1,-1
388,61,213,750,118,91,1.0,-1,-1,-1
388,62,326,816,178,120,1.0,-1,-1,-1
388,63,1103,526,345,134,1.0,-1,-1,-1
388,66,957,606,161,80,1.0,-1,-1,-1
388,67,157,662,143,115,1.0,-1,-1,-1
388,69,1157,855,121,90,1.0,-1,-1,-1
388,71,1532,511,244,135,1.0,-1,-1,-1
388,72,80,664,82,72,1.0,-1,-1,-1
388,73,1292,638,201,88,1.0,-1,-1,-1
388,74,7,696,66,60,1.0,-1,-1,-1
388,75,1737,614,182,105,1.0,-1,-1,-1
389,2,533,601,109,57,1.0,-1,-1,-1
389,13,386,583,90,50,1.0,-1,-1,-1
389,16,1884,810,36,97,1.0,-1,-1,-1
389,20,1821,819,45,94,1.0,-1,-1,-1
389,23,966,703,71,63,1.0,-1,-1,-1
389,31,1694,771,80,93,1.0,-1,-1,-1
389,32,829,681,61,74,1.0,-1,-1,-1
389,34,1283,420,199,96,1.0,-1,-1,-1
389,39,890,713,70,64,1.0,-1,-1,-1
389,43,1124,1011,364,68,1.0,-1,-1,-1
389,45,14,939,79,84,1.0,-1,-1,-1
389,48,874,872,320,176,1.0,-1,-1,-1
389,49,1054,706,98,73,1.0,-1,-1,-1
389,54,1640,965,152,100,1.0,-1,-1,-1
389,56,597,915,306,165,1.0,-1,-1,-1
389,57,496,739,262,164,1.0,-1,-1,-1
389,58,359,700,178,112,1.0,-1,-1,-1
389,59,716,707,61,68,1.0,-1,-1,-1
389,61,216,749,119,95,1.0,-1,-1,-1
389,62,329,818,180,122,1.0,-1,-1,-1
389,63,1105,528,338,131,1.0,-1,-1,-1
389,66,955,606,156,81,1.0,-1,-1,-1
389,67,159,660,143,119,1.0,-1,-1,-1
389,69,1178,856,120,91,1.0,-1,-1,-1
389,71,1524,514,245,132,1.0,-1,-1,-1
389,72,83,663,83,75,1.0,-1,-1,-1
389,73,1284,638,201,88,1.0,-1,-1,-1
389,74,9,698,65,59,1.0,-1,-1,-1
389,75,1728,613,192,106,1.0,-1,-1,-1
390,2,532,599,109,59,1.0,-1,-1,-1
390,13,382,582,93,51,1.0,-1,-1,-1
390,16,1884,809,36,99,1.0,-1,-1,-1
390,20,1821,819,45,93,1.0,-1,-1,-1
390,23,966,703,70,63,1.0,-1,-1,-1
390,31,1693,771,81,94,1.0,-1,-1,-1
390,32,830,680,61,75,1.0,-1,-1,-1
390,34,1283,420,199,96,1.0,-1,-1,-1
390,39,891,712,69,65,1.0,-1,-1,-1
390,43,1140,1013,369,66,1.0,-1,-1,-1
390,45,13,936,80,87,1.0,-1,-1,-1
390,48,884,873,320,177,1.0,-1,-1,-1
390,49,1054,704,98,75,1.0,-1,-1,-1
390,54,1657,962,154,105,1.0,-1,-1,-1
390,56,603,917,311,162,1.0,-1,-1,-1
390,57,502,737,261,168,1.0,-1,-1,-1
390,58,364,700,178,113,1.0,-1,-1,-1
390,59,718,704,60,78,1.0,-1,-1,-1
390,61,219,751,119,94,1.0,-1,-1,-1
390,62,332,818,180,124,1.0,-1,-1,-1
390,63,1103,529,335,129,1.0,-1,-1,-1
390,66,954,606,153,81,1.0,-1,-1,-1
390,67,163,662,143,117,1.0,-1,-1,-1
390,69,1197,859,122,93,1.0,-1,-1,-1
390,71,1518,508,244,137,1.0,-1,-1,-1
390,72,84,667,84,70,1.0,-1,-1,-1
390,73,1277,637,199,88,1.0,-1,-1,-1
390,74,11,697,65,61,1.0,-1,-1,-1
390,75,1718,611,202,108,1.0,-1,-1,-1
391,2,530,599,109,59,1.0,-1,-1,-1
391,13,381,582,92,52,1.0,-1,-1,-1
391,16,1885,811,35,99,1.0,-1,-1,-1
391,20,1821,819,45,94,1.0,-1,-1,-1
391,23,965,703,74,63,1.0,-1,-1,-1
391,31,1696,773,78,88,1.0,-1,-1,-1
391,32,838,677,55,77,1.0,-1,-1,-1
391,34,1283,420,197,95,1.0,-1,-1,-1
391,39,890,713,70,64,1.0,-1,-1,-1
391,43,1157,1017,360,61,1.0,-1,-1,-1
391,45,14,938,79,84,1.0,-1,-1,-1
391,48,892,875,323,179,1.0,-1,-1,-1
391,49,1054,706,98,73,1.0,-1,-1,-1
391,52,734,528,105,104,1.0,-1,-1,-1
391,54,1675,963,151,103,1.0,-1,-1,-1
391,56,612,919,311,160,1.0,-1,-1,-1
391,57,506,738,264,168,1.0,-1,-1,-1
391,58,370,701,177,114,1.0,-1,-1,-1
391,59,720,703,60,76,1.0,-1,-1,-1
391,61,221,752,119,94,1.0,-1,-1,-1
391,62,336,818,181,128,1.0,-1,-1,-1
391,63,1093,527,336,130,1.0,-1,-1,-1
391,66,956,606,144,82,1.0,-1,-1,-1
391,67,164,662,146,118,1.0,-1,-1,-1
391,69,1211,865,126,91,1.0,-1,-1,-1
391,71,1511,510,243,135,1.0,-1,-1,-1
391,72,85,671,86,68,1.0,-1,-1,-1
391,73,1270,638,198,87,1.0,-1,-1,-1
391,74,13,698,64,60,1.0,-1,-1,-1
391,75,1704,610,216,108,1.0,-1,-1,-1
392,2,529,602,108,56,1.0,-1,-1,-1
392,13,380,583,89,51,1.0,-1,-1,-1
392,16,1884,813,36,96,1.0,-1,-1,-1
392,20,1820,819,45,93,1.0,-1,-1,-1
392,23,965,703,74,63,1.0,-1,-1,-1
392,31,1695,772,79,90,1.0,-1,-1,-1
392,32,840,677,53,77,1.0,-1,-1,-1
392,34,1283,419,198,96,1.0,-1,-1,-1
392,39,890,712,70,65,1.0,-1,-1,-1
392,43,1165,1018,364,60,1.0,-1,-1,-1
392,45,14,938,79,85,1.0,-1,-1,-1
392,48,901,875,326,181,1.0,-1,-1,-1
392,49,1054,708,99,71,1.0,-1,-1,-1
392,52,731,527,109,103,1.0,-1,-1,-1
392,54,1690,966,151,100,1.0,-1,-1,-1
392,56,618,921,315,158,1.0,-1,-1,-1
392,57,511,739,264,170,1.0,-1,-1,-1
392,58,372,701,181,114,1.0,-1,-1,-1
392,59,717,703,65,84,1.0,-1,-1,-1
392,60,684,618,112,58,1.0,-1,-1,-1
392,61,222,752,122,96,1.0,-1,-1,-1
392,62,340,819,182,127,1.0,-1,-1,-1
392,63,1090,527,334,129,1.0,-1,-1,-1
392,66,956,606,138,80,1.0,-1,-1,-1
392,67,167,662,145,119,1.0,-1,-1,-1
392,69,1231,871,126,89,1.0,-1,-1,-1
392,71,1504,513,244,133,1.0,-1,-1,-1
392,72,88,672,84,67,1.0,-1,-1,-1
392,73,1261,639,198,85,1.0,-1,-1,-1
392,74,13,696,67,63,1.0,-1,-1,-1
392,75,1696,610,217,108,1.0,-1,-1,-1
393,2,529,602,108,56,1.0,-1,-1,-1
393,13,380,583,88,51,1.0,-1,-1,-1
393,16,1884,813,36,96,1.0,-1,-1,-1
393,20,1820,819,45,93,1.0,-1,-1,-1
393,23,965,703,74,63,1.0,-1,-1,-1
393,31,1695,772,79,91,1.0,-1,-1,-1
393,32,839,677,54,77,1.0,-1,-1,-1
393,34,1283,419,197,96,1.0,-1,-1,-1
393,39,890,712,70,65,1.0,-1,-1,-1
393,43,1165,1018,365,60,1.0,-1,-1,-1
393,45,14,938,79,85,1.0,-1,-1,-1
393,48,901,875,326,181,1.0,-1,-1,-1
393,49,1054,708,99,72,1.0,-1,-1,-1
393,52,731,527,109,103,1.0,-1,-1,-1
393,54,1690,966,152,100,1.0,-1,-1,-1
393,56,619,921,314,158,1.0,-1,-1,-1
393,57,511,740,265,169,1.0,-1,-1,-1
393,58,372,701,181,114,1.0,-1,-1,-1
393,59,718,703,64,84,1.0,-1,-1,-1
393,60,684,618,112,58,1.0,-1,-1,-1
393,61,222,752,122,96,1.0,-1,-1,-1
393,62,340,819,182,127,1.0,-1,-1,-1
393,63,1091,527,333,129,1.0,-1,-1,-1
393,66,956,606,138,80,1.0,-1,-1,-1
393,67,167,662,145,119,1.0,-1,-1,-1
393,69,1231,871,126,89,1.0,-1,-1,-1
393,71,1504,512,244,134,1.0,-1,-1,-1
393,72,88,672,84,67,1.0,-1,-1,-1
393,73,1261,639,198,85,1.0,-1,-1,-1
393,74,13,696,67,63,1.0,-1,-1,-1
393,75,1696,610,217,108,1.0,-1,-1,-1
394,2,528,600,108,59,1.0,-1,-1,-1
394,13,372,584,96,49,1.0,-1,-1,-1
394,16,1884,813,35,96,1.0,-1,-1,-1
394,20,1821,819,44,94,1.0,-1,-1,-1
394,23,967,702,70,64,1.0,-1,-1,-1
394,31,1697,773,77,88,1.0,-1,-1,-1
394,32,840,677,53,77,1.0,-1,-1,-1
394,34,1283,419,198,96,1.0,-1,-1,-1
394,39,891,711,68,66,1.0,-1,-1,-1
394,43,1184,1021,359,56,1.0,-1,-1,-1
394,45,14,936,79,87,1.0,-1,-1,-1
394,48,911,877,328,182,1.0,-1,-1,-1
394,49,1054,707,99,73,1.0,-1,-1,-1
394,52,727,528,113,104,1.0,-1,-1,-1
394,54,1705,966,156,102,1.0,-1,-1,-1
394,56,625,924,320,155,1.0,-1,-1,-1
394,57,514,739,268,171,1.0,-1,-1,-1
394,58,377,701,180,114,1.0,-1,-1,-1
394,59,723,702,62,87,1.0,-1,-1,-1
394,60,681,616,117,57,1.0,-1,-1,-1
394,61,225,754,122,96,1.0,-1,-1,-1
394,62,342,820,186,127,1.0,-1,-1,-1
394,63,1085,526,334,128,1.0,-1,-1,-1
394,66,955,605,132,81,1.0,-1,-1,-1
394,67,167,661,148,121,1.0,-1,-1,-1
394,69,1253,868,126,96,1.0,-1,-1,-1
394,71,1496,511,246,133,1.0,-1,-1,-1
394,72,91,671,82,69,1.0,-1,-1,-1
394,73,1254,637,197,87,1.0,-1,-1,-1
394,74,12,698,72,63,1.0,-1,-1,-1
394,75,1691,611,213,108,1.0,-1,-1,-1
395,2,527,600,106,58,1.0,-1,-1,-1
395,13,372,584,93,49,1.0,-1,-1,-1
395,16,1884,813,35,96,1.0,-1,-1,-1
395,20,1820,818,45,94,1.0,-1,-1,-1
395,31,1696,772,78,90,1.0,-1,-1,-1
395,32,833,680,58,75,1.0,-1,-1,-1
395,34,1283,419,197,97,1.0,-1,-1,-1
395,39,890,712,69,65,1.0,-1,-1,-1
395,43,1202,1024,356,55,1.0,-1,-1,-1
395,45,12,932,82,91,1.0,-1,-1,-1
395,48,919,879,331,182,1.0,-1,-1,-1
395,49,1054,708,99,72,1.0,-1,-1,-1
395,52,709,527,131,108,1.0,-1,-1,-1
395,54,1725,968,152,100,1.0,-1,-1,-1
395,56,632,924,322,154,1.0,-1,-1,-1
395,57,516,738,272,174,1.0,-1,-1,-1
395,58,380,703,182,114,1.0,-1,-1,-1
395,59,726,704,65,90,1.0,-1,-1,-1
395,60,678,617,118,55,1.0,-1,-1,-1
395,61,229,754,121,96,1.0,-1,-1,-1
395,62,345,821,187,128,1.0,-1,-1,-1
395,63,1082,528,333,125,1.0,-1,-1,-1
395,66,952,605,129,80,1.0,-1,-1,-1
395,67,170,662,148,121,1.0,-1,-1,-1
395,69,1271,873,127,94,1.0,-1,-1,-1
395,71,1491,516,247,127,1.0,-1,-1,-1
395,72,93,668,85,72,1.0,-1,-1,-1
395,73,1246,637,197,86,1.0,-1,-1,-1
395,74,13,700,72,63,1.0,-1,-1,-1
395,75,1684,610,212,107,1.0,-1,-1,-1
396,2,523,599,105,58,1.0,-1,-1,-1
396,13,371,584,92,49,1.0,-1,-1,-1
396,16,1884,813,35,96,1.0,-1,-1,-1
396,20,1820,818,45,93,1.0,-1,-1,-1
396,31,1698,771,76,91,1.0,-1,-1,-1
396,32,834,680,55,75,1.0,-1,-1,-1
396,34,1283,419,198,97,1.0,-1,-1,-1
396,39,890,712,69,65,1.0,-1,-1,-1
396,43,1212,1026,353,51,1.0,-1,-1,-1
396,45,13,932,81,91,1.0,-1,-1,-1
396,48,929,882,333,181,1.0,-1,-1,-1
396,49,1053,707,100,72,1.0,-1,-1,-1
396,52,716,527,124,108,1.0,-1,-1,-1
396,54,1742,971,151,95,1.0,-1,-1,-1
396,56,637,928,332,150,1.0,-1,-1,-1
396,57,522,740,272,174,1.0,-1,-1,-1
396,58,384,704,183,113,1.0,-1,-1,-1
396,59,728,707,68,90,1.0,-1,-1,-1
396,60,675,616,118,56,1.0,-1,-1,-1
396,61,231,753,123,99,1.0,-1,-1,-1
396,62,349,821,188,130,1.0,-1,-1,-1
396,63,1078,527,334,124,1.0,-1,-1,-1
396,66,952,605,123,80,1.0,-1,-1,-1
396,67,172,663,151,122,1.0,-1,-1,-1
396,69,1292,874,129,98,1.0,-1,-1,-1
396,71,1486,517,244,126,1.0,-1,-1,-1
396,72,95,667,86,74,1.0,-1,-1,-1
396,73,1238,636,197,87,1.0,-1,-1,-1
396,74,15,701,70,63,1.0,-1,-1,-1
396,75,1675,610,211,108,1.0,-1,-1,-1
397,2,521,598,107,59,1.0,-1,-1,-1
397,13,372,584,91,49,1.0,-1,-1,-1
397,16,1884,813,35,96,1.0,-1,-1,-1
397,20,1820,817,45,95,1.0,-1,-1,-1
397,31,1685,775,80,93,1.0,-1,-1,-1
397,34,1283,419,199,97,1.0,-1,-1,-1
397,39,889,709,70,68,1.0,-1,-1,-1
397,43,1229,1028,346,50,1.0,-1,-1,-1
397,45,14,932,80,91,1.0,-1,-1,-1
397,48,937,884,337,181,1.0,-1,-1,-1
397,49,1053,706,100,73,1.0,-1,-1,-1
397,52,711,527,130,110,1.0,-1,-1,-1
397,54,1760,970,147,99,1.0,-1,-1,-1
397,56,646,929,326,148,1.0,-1,-1,-1
397,57,527,743,273,174,1.0,-1,-1,-1
397,58,388,704,184,115,1.0,-1,-1,-1
397,59,732,701,65,85,1.0,-1,-1,-1
397,60,673,616,117,55,1.0,-1,-1,-1
397,61,231,754,128,98,1.0,-1,-1,-1
397,62,353,823,190,131,1.0,-1,-1,-1
397,63,1073,528,335,125,1.0,-1,-1,-1
397,66,952,604,118,79,1.0,-1,-1,-1
397,67,176,663,151,122,1.0,-1,-1,-1
397,69,1311,874,133,102,1.0,-1,-1,-1
397,71,1478,517,242,126,1.0,-1,-1,-1
397,72,96,670,88,71,1.0,-1,-1,-1
397,73,1231,635,197,87,1.0,-1,-1,-1
397,74,16,702,71,64,1.0,-1,-1,-1
397,75,1666,612,213,106,1.0,-1,-1,-1
398,2,521,599,104,58,1.0,-1,-1,-1
398,13,368,584,93,49,1.0,-1,-1,-1
398,16,1884,813,35,96,1.0,-1,-1,-1
398,20,1820,818,45,94,1.0,-1,-1,-1
398,23,968,701,64,65,1.0,-1,-1,-1
398,31,1697,771,77,93,1.0,-1,-1,-1
398,34,1282,419,200,98,1.0,-1,-1,-1
398,39,889,707,70,70,1.0,-1,-1,-1
398,43,1261,1032,321,48,1.0,-1,-1,-1
398,45,15,928,79,95,1.0,-1,-1,-1
398,48,946,884,339,183,1.0,-1,-1,-1
398,49,1053,707,100,73,1.0,-1,-1,-1
398,52,706,527,134,110,1.0,-1,-1,-1
398,54,1778,974,142,93,1.0,-1,-1,-1
398,56,652,933,339,146,1.0,-1,-1,-1
398,57,534,742,272,176,1.0,-1,-1,-1
398,58,392,703,186,116,1.0,-1,-1,-1
398,59,731,705,68,76,1.0,-1,-1,-1
398,60,670,615,119,57,1.0,-1,-1,-1
398,61,235,756,126,97,1.0,-1,-1,-1
398,62,356,825,191,132,1.0,-1,-1,-1
398,63,1070,527,335,126,1.0,-1,-1,-1
398,66,949,604,116,79,1.0,-1,-1,-1
398,67,178,663,150,122,1.0,-1,-1,-1
398,69,1330,877,136,106,1.0,-1,-1,-1
398,71,1470,516,242,127,1.0,-1,-1,-1
398,72,98,671,89,71,1.0,-1,-1,-1
398,73,1223,634,196,87,1.0,-1,-1,-1
398,74,15,699,75,68,1.0,-1,-1,-1
398,75,1657,611,213,106,1.0,-1,-1,-1
399,2,520,598,105,60,1.0,-1,-1,-1
399,13,368,584,93,48,1.0,-1,-1,-1
399,16,1884,813,35,96,1.0,-1,-1,-1
399,20,1820,818,45,94,1.0,-1,-1,-1
399,23,970,700,57,66,1.0,-1,-1,-1
399,31,1696,770,79,93,1.0,-1,-1,-1
399,34,1283,420,197,97,1.0,-1,-1,-1
399,39,889,709,73,68,1.0,-1,-1,-1
399,43,1261,1032,321,48,1.0,-1,-1,-1
399,45,15,928,79,96,1.0,-1,-1,-1
399,48,946,884,339,183,1.0,-1,-1,-1
399,49,1053,708,100,72,1.0,-1,-1,-1
399,52,710,527,131,109,1.0,-1,-1,-1
399,54,1778,975,142,93,1.0,-1,-1,-1
399,56,652,933,340,146,1.0,-1,-1,-1
399,57,532,739,274,178,1.0,-1,-1,-1
399,58,392,703,186,116,1.0,-1,-1,-1
399,59,731,705,69,78,1.0,-1,-1,-1
399,60,669,616,122,55,1.0,-1,-1,-1
399,61,235,756,126,97,1.0,-1,-1,-1
399,62,356,825,191,132,1.0,-1,-1,-1
399,63,1069,527,335,125,1.0,-1,-1,-1
399,66,950,604,115,80,1.0,-1,-1,-1
399,67,178,663,151,122,1.0,-1,-1,-1
399,69,1331,877,135,105,1.0,-1,-1,-1
399,71,1470,516,242,127,1.0,-1,-1,-1
399,72,98,671,89,71,1.0,-1,-1,-1
399,73,1223,634,196,87,1.0,-1,-1,-1
399,74,13,697,77,70,1.0,-1,-1,-1
399,75,1657,611,213,106,1.0,-1,-1,-1
400,2,518,601,107,56,1.0,-1,-1,-1
400,13,367,584,91,48,1.0,-1,-1,-1
400,16,1884,813,35,96,1.0,-1,-1,-1
400,20,1821,818,46,94,1.0,-1,-1,-1
400,23,969,699,57,67,1.0,-1,-1,-1
400,31,1696,771,79,92,1.0,-1,-1,-1
400,34,1283,420,194,97,1.0,-1,-1,-1
400,39,890,708,72,69,1.0,-1,-1,-1
400,43,1273,1036,334,42,1.0,-1,-1,-1
400,45,16,929,78,95,1.0,-1,-1,-1
400,48,957,887,340,183,1.0,-1,-1,-1
400,49,1053,707,100,73,1.0,-1,-1,-1
400,52,708,527,134,110,1.0,-1,-1,-1
400,54,1793,970,127,100,1.0,-1,-1,-1
400,56,660,935,340,144,1.0,-1,-1,-1
400,57,536,743,277,176,1.0,-1,-1,-1
400,58,397,704,185,117,1.0,-1,-1,-1
400,59,733,704,68,68,1.0,-1,-1,-1
400,60,667,616,123,55,1.0,-1,-1,-1
400,61,238,757,126,97,1.0,-1,-1,-1
400,62,359,826,194,132,1.0,-1,-1,-1
400,63,1062,526,339,125,1.0,-1,-1,-1
400,66,950,604,108,78,1.0,-1,-1,-1
400,67,179,662,154,128,1.0,-1,-1,-1
400,69,1353,878,136,108,1.0,-1,-1,-1
400,71,1463,518,242,123,1.0,-1,-1,-1
400,72,102,670,88,73,1.0,-1,-1,-1
400,73,1217,634,193,86,1.0,-1,-1,-1
400,74,13,700,79,69,1.0,-1,-1,-1
400,75,1649,611,213,105,1.0,-1,-1,-1
400,78,1683,796,61,76,1.0,-1,-1,-1
401,2,516,602,107,55,1.0,-1,-1,-1
401,13,366,584,92,48,1.0,-1,-1,-1
401,16,1884,813,35,96,1.0,-1,-1,-1
401,20,1823,814,46,99,1.0,-1,-1,-1
401,23,970,699,54,67,1.0,-1,-1,-1
401,31,1694,771,81,94,1.0,-1,-1,-1
401,34,1282,420,197,97,1.0,-1,-1,-1
401,39,890,706,71,70,1.0,-1,-1,-1
401,43,1302,1038,318,39,1.0,-1,-1,-1
401,44,682,651,109,78,1.0,-1,-1,-1
401,45,17,932,77,92,1.0,-1,-1,-1
401,48,967,887,342,184,1.0,-1,-1,-1
401,49,1054,708,99,72,1.0,-1,-1,-1
401,52,706,527,134,109,1.0,-1,-1,-1
401,54,1812,978,108,89,1.0,-1,-1,-1
401,56,670,938,335,139,1.0,-1,-1,-1
401,57,542,745,278,177,1.0,-1,-1,-1
401,58,399,704,188,118,1.0,-1,-1,-1
401,59,736,704,64,71,1.0,-1,-1,-1
401,60,665,616,124,55,1.0,-1,-1,-1
401,61,241,758,127,98,1.0,-1,-1,-1
401,62,364,827,194,133,1.0,-1,-1,-1
401,63,1058,525,337,128,1.0,-1,-1,-1
401,66,949,605,103,75,1.0,-1,-1,-1
401,67,180,663,157,127,1.0,-1,-1,-1
401,69,1376,883,135,107,1.0,-1,-1,-1
401,71,1456,516,242,125,1.0,-1,-1,-1
401,72,102,673,89,70,1.0,-1,-1,-1
401,73,1209,634,194,86,1.0,-1,-1,-1
401,74,16,703,79,66,1.0,-1,-1,-1
401,75,1640,610,213,106,1.0,-1,-1,-1
401,78,1683,795,62,76,1.0,-1,-1,-1
402,2,514,602,106,56,1.0,-1,-1,-1
402,13,367,584,88,48,1.0,-1,-1,-1
402,16,1884,812,35,97,1.0,-1,-1,-1
402,20,1822,818,45,94,1.0,-1,-1,-1
402,23,970,699,54,67,1.0,-1,-1,-1
402,31,1692,771,83,95,1.0,-1,-1,-1
402,34,1282,420,198,98,1.0,-1,-1,-1
402,39,890,707,71,69,1.0,-1,-1,-1
402,43,1322,1039,309,40,1.0,-1,-1,-1
402,45,15,927,79,97,1.0,-1,-1,-1
402,48,977,890,344,184,1.0,-1,-1,-1
402,49,1054,709,99,71,1.0,-1,-1,-1
402,52,707,527,134,111,1.0,-1,-1,-1
402,54,1829,980,91,89,1.0,-1,-1,-1
402,56,676,939,340,140,1.0,-1,-1,-1
402,57,545,748,281,175,1.0,-1,-1,-1
402,58,403,704,189,119,1.0,-1,-1,-1
402,59,732,701,73,76,1.0,-1,-1,-1
402,60,663,615,123,55,1.0,-1,-1,-1
402,61,245,758,129,101,1.0,-1,-1,-1
402,62,367,828,197,134,1.0,-1,-1,-1
402,63,1055,524,333,126,1.0,-1,-1,-1
402,66,949,606,99,74,1.0,-1,-1,-1
402,67,183,665,157,124,1.0,-1,-1,-1
402,69,1397,891,137,101,1.0,-1,-1,-1
402,71,1450,516,241,125,1.0,-1,-1,-1
402,72,106,674,87,70,1.0,-1,-1,-1
402,73,1202,635,193,84,1.0,-1,-1,-1
402,74,15,700,82,72,1.0,-1,-1,-1
402,75,1632,610,211,106,1.0,-1,-1,-1
402,78,1683,795,64,76,1.0,-1,-1,-1
403,2,513,602,104,55,1.0,-1,-1,-1
403,13,364,583,90,50,1.0,-1,-1,-1
403,16,1884,813,35,96,1.0,-1,-1,-1
403,20,1823,818,43,94,1.0,-1,-1,-1
403,31,1685,777,84,91,1.0,-1,-1,-1
403,34,1282,420,199,97,1.0,-1,-1,-1
403,40,592,554,67,34,1.0,-1,-1,-1
403,45,16,929,78,95,1.0,-1,-1,-1
403,48,986,892,347,184,1.0,-1,-1,-1
403,49,1053,708,101,71,1.0,-1,-1,-1
403,52,703,527,137,112,1.0,-1,-1,-1
403,54,1847,986,73,83,1.0,-1,-1,-1
403,56,683,942,344,137,1.0,-1,-1,-1
403,57,551,748,281,178,1.0,-1,-1,-1
403,58,409,705,188,121,1.0,-1,-1,-1
403,59,739,699,68,73,1.0,-1,-1,-1
403,60,660,615,118,55,1.0,-1,-1,-1
403,61,247,757,131,103,1.0,-1,-1,-1
403,62,370,830,198,134,1.0,-1,-1,-1
403,63,1050,524,336,126,1.0,-1,-1,-1
403,66,949,606,93,74,1.0,-1,-1,-1
403,67,187,664,156,127,1.0,-1,-1,-1
403,69,1419,893,139,102,1.0,-1,-1,-1
403,71,1443,510,242,131,1.0,-1,-1,-1
403,72,108,675,87,69,1.0,-1,-1,-1
403,73,1195,635,192,84,1.0,-1,-1,-1
403,74,28,706,70,66,1.0,-1,-1,-1
403,75,1625,611,209,105,1.0,-1,-1,-1
404,2,509,603,105,54,1.0,-1,-1,-1
404,13,357,583,94,50,1.0,-1,-1,-1
404,16,1884,813,35,96,1.0,-1,-1,-1
404,20,1823,817,43,95,1.0,-1,-1,-1
404,31,1693,772,82,92,1.0,-1,-1,-1
404,34,1282,420,196,98,1.0,-1,-1,-1
404,40,592,554,69,34,1.0,-1,-1,-1
404,45,13,915,81,106,1.0,-1,-1,-1
404,48,1007,894,351,183,1.0,-1,-1,-1
404,49,1055,711,100,68,1.0,-1,-1,-1
404,52,698,526,143,102,1.0,-1,-1,-1
404,54,1885,987,35,84,1.0,-1,-1,-1
404,56,692,946,356,133,1.0,-1,-1,-1
404,57,557,749,291,179,1.0,-1,-1,-1
404,58,416,706,191,122,1.0,-1,-1,-1
404,59,744,699,58,59,1.0,-1,-1,-1
404,60,653,616,118,53,1.0,-1,-1,-1
404,61,254,759,130,103,1.0,-1,-1,-1
404,62,378,833,202,136,1.0,-1,-1,-1
404,63,1043,526,335,124,1.0,-1,-1,-1
404,66,950,604,81,70,1.0,-1,-1,-1
404,67,193,662,158,130,1.0,-1,-1,-1
404,69,1464,904,141,97,1.0,-1,-1,-1
404,71,1429,511,241,128,1.0,-1,-1,-1
404,72,111,671,92,75,1.0,-1,-1,-1
404,73,1182,634,190,83,1.0,-1,-1,-1
404,74,30,710,73,64,1.0,-1,-1,-1
404,75,1607,611,212,104,1.0,-1,-1,-1
405,2,509,602,105,54,1.0,-1,-1,-1
405,13,357,582,94,51,1.0,-1,-1,-1
405,16,1885,811,35,98,1.0,-1,-1,-1
405,20,1822,819,40,92,1.0,-1,-1,-1
405,31,1686,775,86,93,1.0,-1,-1,-1
405,34,1284,418,211,102,1.0,-1,-1,-1
405,40,591,554,73,35,1.0,-1,-1,-1
405,45,10,913,85,107,1.0,-1,-1,-1
405,48,1007,894,351,184,1.0,-1,-1,-1
405,49,1056,708,98,71,1.0,-1,-1,-1
405,52,696,526,143,101,1.0,-1,-1,-1
405,54,1886,987,34,83,1.0,-1,-1,-1
405,56,699,947,350,130,1.0,-1,-1,-1
405,57,571,742,274,182,1.0,-1,-1,-1
405,58,415,706,193,122,1.0,-1,-1,-1
405,59,743,701,61,58,1.0,-1,-1,-1
405,60,653,616,121,53,1.0,-1,-1,-1
405,61,254,758,131,104,1.0,-1,-1,-1
405,62,378,833,203,137,1.0,-1,-1,-1
405,63,1043,526,335,124,1.0,-1,-1,-1
405,66,949,603,83,72,1.0,-1,-1,-1
405,67,193,662,158,131,1.0,-1,-1,-1
405,69,1464,903,140,98,1.0,-1,-1,-1
405,71,1429,511,241,129,1.0,-1,-1,-1
405,72,111,672,92,74,1.0,-1,-1,-1
405,73,1182,633,190,84,1.0,-1,-1,-1
405,74,31,710,72,63,1.0,-1,-1,-1
405,75,1606,611,214,104,1.0,-1,-1,-1
406,2,508,602,104,54,1.0,-1,-1,-1
406,13,348,583,102,50,1.0,-1,-1,-1
406,16,1885,811,35,98,1.0,-1,-1,-1
406,20,1822,819,41,92,1.0,-1,-1,-1
406,31,1686,775,86,93,1.0,-1,-1,-1
406,34,1284,418,212,102,1.0,-1,-1,-1
406,40,591,555,73,34,1.0,-1,-1,-1
406,44,683,663,57,66,1.0,-1,-1,-1
406,45,6,912,89,108,1.0,-1,-1,-1
406,48,1018,896,352,182,1.0,-1,-1,-1
406,49,1057,711,98,68,1.0,-1,-1,-1
406,52,684,526,159,103,1.0,-1,-1,-1
406,54,1903,994,17,81,1.0,-1,-1,-1
406,56,706,950,354,126,1.0,-1,-1,-1
406,57,562,748,293,181,1.0,-1,-1,-1
406,58,420,706,192,123,1.0,-1,-1,-1
406,59,750,700,58,60,1.0,-1,-1,-1
406,60,652,616,116,52,1.0,-1,-1,-1
406,61,255,760,131,102,1.0,-1,-1,-1
406,62,383,834,203,138,1.0,-1,-1,-1
406,63,1039,529,327,123,1.0,-1,-1,-1
406,66,950,603,74,70,1.0,-1,-1,-1
406,67,196,664,158,130,1.0,-1,-1,-1
406,69,1491,898,136,106,1.0,-1,-1,-1
406,71,1423,513,239,126,1.0,-1,-1,-1
406,72,113,673,93,74,1.0,-1,-1,-1
406,73,1176,634,187,83,1.0,-1,-1,-1
406,74,32,710,74,65,1.0,-1,-1,-1
406,75,1598,611,212,103,1.0,-1,-1,-1
407,2,507,604,104,52,1.0,-1,-1,-1
407,13,355,583,92,50,1.0,-1,-1,-1
407,16,1884,813,35,96,1.0,-1,-1,-1
407,20,1822,818,42,94,1.0,-1,-1,-1
407,23,969,682,80,85,1.0,-1,-1,-1
407,31,1685,776,84,93,1.0,-1,-1,-1
407,34,1284,418,211,102,1.0,-1,-1,-1
407,40,592,555,73,34,1.0,-1,-1,-1
407,44,683,663,57,67,1.0,-1,-1,-1
407,45,4,912,91,108,1.0,-1,-1,-1
407,48,1027,899,356,179,1.0,-1,-1,-1
407,49,1057,709,99,70,1.0,-1,-1,-1
407,52,685,526,155,96,1.0,-1,-1,-1
407,56,714,953,356,123,1.0,-1,-1,-1
407,57,567,749,295,182,1.0,-1,-1,-1
407,58,422,707,195,123,1.0,-1,-1,-1
407,59,751,702,60,59,1.0,-1,-1,-1
407,60,650,615,115,53,1.0,-1,-1,-1
407,61,257,761,133,103,1.0,-1,-1,-1
407,62,385,835,206,138,1.0,-1,-1,-1
407,63,1033,528,334,121,1.0,-1,-1,-1
407,66,950,603,68,70,1.0,-1,-1,-1
407,67,198,662,159,133,1.0,-1,-1,-1
407,69,1514,904,137,105,1.0,-1,-1,-1
407,71,1418,513,238,126,1.0,-1,-1,-1
407,72,116,666,91,82,1.0,-1,-1,-1
407,73,1170,633,187,83,1.0,-1,-1,-1
407,74,34,711,73,66,1.0,-1,-1,-1
407,75,1590,609,211,105,1.0,-1,-1,-1
408,2,505,604,104,53,1.0,-1,-1,-1
408,13,355,583,91,49,1.0,-1,-1,-1
408,16,1884,813,35,96,1.0,-1,-1,-1
408,20,1821,818,44,94,1.0,-1,-1,-1
408,31,1685,777,77,92,1.0,-1,-1,-1
408,34,1284,418,211,103,1.0,-1,-1,-1
408,40,591,555,77,35,1.0,-1,-1,-1
408,44,684,671,65,61,1.0,-1,-1,-1
408,45,5,912,90,108,1.0,-1,-1,-1
408,48,1037,902,359,177,1.0,-1,-1,-1
408,49,1059,719,97,61,1.0,-1,-1,-1
408,52,677,525,164,97,1.0,-1,-1,-1
408,56,722,955,359,121,1.0,-1,-1,-1
408,57,575,752,294,181,1.0,-1,-1,-1
408,58,426,707,197,124,1.0,-1,-1,-1
408,59,754,702,59,58,1.0,-1,-1,-1
408,60,648,615,114,53,1.0,-1,-1,-1
408,61,260,763,133,102,1.0,-1,-1,-1
408,62,389,838,208,137,1.0,-1,-1,-1
408,63,1032,530,329,117,1.0,-1,-1,-1
408,66,949,606,65,67,1.0,-1,-1,-1
408,67,202,664,159,132,1.0,-1,-1,-1
408,69,1534,908,143,103,1.0,-1,-1,-1
408,71,1410,515,239,123,1.0,-1,-1,-1
408,72,118,674,92,74,1.0,-1,-1,-1
408,73,1160,633,189,82,1.0,-1,-1,-1
408,74,36,711,73,67,1.0,-1,-1,-1
408,75,1583,609,210,105,1.0,-1,-1,-1
409,2,503,603,103,54,1.0,-1,-1,-1
409,13,355,583,89,50,1.0,-1,-1,-1
409,16,1885,812,35,97,1.0,-1,-1,-1
409,20,1822,818,43,94,1.0,-1,-1,-1
409,31,1685,777,80,92,1.0,-1,-1,-1
409,34,1284,418,211,103,1.0,-1,-1,-1
409,40,591,556,75,34,1.0,-1,-1,-1
409,44,684,676,65,55,1.0,-1,-1,-1
409,45,5,913,89,106,1.0,-1,-1,-1
409,48,1047,903,361,175,1.0,-1,-1,-1
409,49,1059,720,98,59,1.0,-1,-1,-1
409,52,670,525,171,92,1.0,-1,-1,-1
409,56,730,957,358,120,1.0,-1,-1,-1
409,57,578,756,297,178,1.0,-1,-1,-1
409,58,429,708,199,124,1.0,-1,-1,-1
409,59,758,701,56,59,1.0,-1,-1,-1
409,60,646,615,116,53,1.0,-1,-1,-1
409,61,262,764,134,103,1.0,-1,-1,-1
409,62,393,839,209,140,1.0,-1,-1,-1
409,63,1025,527,325,121,1.0,-1,-1,-1
409,66,950,606,59,69,1.0,-1,-1,-1
409,67,202,663,162,132,1.0,-1,-1,-1
409,69,1556,915,143,99,1.0,-1,-1,-1
409,71,1403,512,238,126,1.0,-1,-1,-1
409,72,120,674,93,74,1.0,-1,-1,-1
409,73,1154,633,189,82,1.0,-1,-1,-1
409,74,38,714,74,65,1.0,-1,-1,-1
409,75,1572,610,213,103,1.0,-1,-1,-1
410,2,499,603,104,52,1.0,-1,-1,-1
410,13,354,583,87,49,1.0,-1,-1,-1
410,16,1886,812,34,95,1.0,-1,-1,-1
410,20,1822,817,43,94,1.0,-1,-1,-1
410,31,1686,775,78,95,1.0,-1,-1,-1
410,32,855,675,49,78,1.0,-1,-1,-1
410,34,1284,419,210,102,1.0,-1,-1,-1
410,40,591,555,73,35,1.0,-1,-1,-1
410,44,684,676,66,56,1.0,-1,-1,-1
410,45,4,912,91,106,1.0,-1,-1,-1
410,48,1059,906,362,173,1.0,-1,-1,-1
410,49,1061,719,97,60,1.0,-1,-1,-1
410,52,670,525,169,94,1.0,-1,-1,-1
410,56,739,960,359,116,1.0,-1,-1,-1
410,57,582,754,300,181,1.0,-1,-1,-1
410,58,433,708,200,125,1.0,-1,-1,-1
410,59,760,699,56,61,1.0,-1,-1,-1
410,60,643,614,115,54,1.0,-1,-1,-1
410,61,264,764,134,104,1.0,-1,-1,-1
410,62,399,840,209,141,1.0,-1,-1,-1
410,63,1024,528,330,119,1.0,-1,-1,-1
410,67,205,666,162,129,1.0,-1,-1,-1
410,69,1580,911,144,104,1.0,-1,-1,-1
410,71,1396,509,239,127,1.0,-1,-1,-1
410,72,122,672,92,77,1.0,-1,-1,-1
410,73,1149,633,185,82,1.0,-1,-1,-1
410,74,39,714,74,66,1.0,-1,-1,-1
410,75,1562,609,214,104,1.0,-1,-1,-1
411,2,499,603,104,53,1.0,-1,-1,-1
411,13,354,583,87,49,1.0,-1,-1,-1
411,16,1885,815,34,92,1.0,-1,-1,-1
411,20,1821,817,44,94,1.0,-1,-1,-1
411,31,1686,776,78,94,1.0,-1,-1,-1
411,32,855,674,49,79,1.0,-1,-1,-1
411,34,1284,419,210,102,1.0,-1,-1,-1
411,39,891,705,78,72,1.0,-1,-1,-1
411,44,684,676,66,56,1.0,-1,-1,-1
411,45,4,912,91,107,1.0,-1,-1,-1
411,48,1059,906,362,173,1.0,-1,-1,-1
411,49,1061,719,97,60,1.0,-1,-1,-1
411,52,670,525,169,94,1.0,-1,-1,-1
411,56,739,960,359,116,1.0,-1,-1,-1
411,57,582,755,300,181,1.0,-1,-1,-1
411,58,433,708,200,125,1.0,-1,-1,-1
411,59,760,700,56,60,1.0,-1,-1,-1
411,60,643,614,115,54,1.0,-1,-1,-1
411,61,264,764,134,104,1.0,-1,-1,-1
411,62,399,840,209,142,1.0,-1,-1,-1
411,63,1024,528,330,119,1.0,-1,-1,-1
411,67,205,665,162,130,1.0,-1,-1,-1
411,69,1580,911,144,104,1.0,-1,-1,-1
411,71,1396,509,238,128,1.0,-1,-1,-1
411,72,122,672,92,77,1.0,-1,-1,-1
411,73,1149,633,185,82,1.0,-1,-1,-1
411,74,39,714,74,66,1.0,-1,-1,-1
411,75,1562,609,214,104,1.0,-1,-1,-1
412,2,498,604,102,51,1.0,-1,-1,-1
412,13,349,583,92,49,1.0,-1,-1,-1
412,16,1884,815,35,92,1.0,-1,-1,-1
412,20,1821,816,45,95,1.0,-1,-1,-1
412,23,968,701,62,65,1.0,-1,-1,-1
412,31,1685,775,82,96,1.0,-1,-1,-1
412,34,1284,419,211,101,1.0,-1,-1,-1
412,39,890,704,80,73,1.0,-1,-1,-1
412,44,684,679,68,53,1.0,-1,-1,-1
412,45,3,908,90,109,1.0,-1,-1,-1
412,48,1071,909,362,169,1.0,-1,-1,-1
412,49,1063,721,95,58,1.0,-1,-1,-1
412,52,677,526,163,95,1.0,-1,-1,-1
412,56,748,962,358,113,1.0,-1,-1,-1
412,57,589,759,302,178,1.0,-1,-1,-1
412,58,440,710,199,124,1.0,-1,-1,-1
412,59,763,708,53,55,1.0,-1,-1,-1
412,60,640,614,117,54,1.0,-1,-1,-1
412,61,267,764,134,106,1.0,-1,-1,-1
412,62,402,841,213,142,1.0,-1,-1,-1
412,63,1019,529,326,118,1.0,-1,-1,-1
412,67,206,668,167,128,1.0,-1,-1,-1
412,69,1604,915,143,102,1.0,-1,-1,-1
412,71,1390,509,236,128,1.0,-1,-1,-1
412,72,126,674,91,76,1.0,-1,-1,-1
412,73,1143,633,182,81,1.0,-1,-1,-1
412,74,43,715,74,66,1.0,-1,-1,-1
412,75,1557,612,212,100,1.0,-1,-1,-1
413,2,496,606,102,49,1.0,-1,-1,-1
413,13,348,584,92,48,1.0,-1,-1,-1
413,16,1884,811,36,96,1.0,-1,-1,-1
413,20,1821,817,44,94,1.0,-1,-1,-1
413,23,968,701,63,65,1.0,-1,-1,-1
413,31,1685,775,82,95,1.0,-1,-1,-1
413,34,1284,418,210,103,1.0,-1,-1,-1
413,44,683,683,68,48,1.0,-1,-1,-1
413,45,4,910,90,108,1.0,-1,-1,-1
413,48,1082,910,365,168,1.0,-1,-1,-1
413,49,1062,719,97,60,1.0,-1,-1,-1
413,52,674,526,165,95,1.0,-1,-1,-1
413,56,755,964,362,111,1.0,-1,-1,-1
413,57,598,761,298,177,1.0,-1,-1,-1
413,58,443,708,201,127,1.0,-1,-1,-1
413,59,767,702,52,60,1.0,-1,-1,-1
413,60,637,614,122,53,1.0,-1,-1,-1
413,61,268,765,139,105,1.0,-1,-1,-1
413,62,407,844,214,141,1.0,-1,-1,-1
413,63,1015,530,329,115,1.0,-1,-1,-1
413,67,208,670,168,127,1.0,-1,-1,-1
413,69,1627,915,145,104,1.0,-1,-1,-1
413,71,1384,509,235,129,1.0,-1,-1,-1
413,72,129,675,91,75,1.0,-1,-1,-1
413,73,1136,632,182,82,1.0,-1,-1,-1
413,74,45,715,75,68,1.0,-1,-1,-1
413,75,1549,612,210,99,1.0,-1,-1,-1
414,2,494,605,102,50,1.0,-1,-1,-1
414,13,346,585,92,47,1.0,-1,-1,-1
414,16,1885,810,35,92,1.0,-1,-1,-1
414,20,1821,816,45,95,1.0,-1,-1,-1
414,23,969,701,60,65,1.0,-1,-1,-1
414,31,1684,775,83,96,1.0,-1,-1,-1
414,34,1284,419,209,101,1.0,-1,-1,-1
414,44,684,681,67,51,1.0,-1,-1,-1
414,45,12,939,82,84,1.0,-1,-1,-1
414,48,1093,912,365,166,1.0,-1,-1,-1
414,49,1064,722,96,57,1.0,-1,-1,-1
414,52,664,525,172,97,1.0,-1,-1,-1
414,56,765,966,363,109,1.0,-1,-1,-1
414,57,599,762,306,178,1.0,-1,-1,-1
414,58,447,708,201,128,1.0,-1,-1,-1
414,59,767,717,55,48,1.0,-1,-1,-1
414,60,636,614,128,53,1.0,-1,-1,-1
414,61,273,767,136,105,1.0,-1,-1,-1
414,62,410,843,219,144,1.0,-1,-1,-1
414,63,1012,531,330,114,1.0,-1,-1,-1
414,67,209,668,170,131,1.0,-1,-1,-1
414,69,1653,924,141,96,1.0,-1,-1,-1
414,71,1377,510,234,127,1.0,-1,-1,-1
414,72,130,675,93,76,1.0,-1,-1,-1
414,73,1131,632,180,80,1.0,-1,-1,-1
414,74,46,717,75,66,1.0,-1,-1,-1
414,75,1542,610,208,103,1.0,-1,-1,-1
415,2,492,606,102,49,1.0,-1,-1,-1
415,13,344,583,90,49,1.0,-1,-1,-1
415,16,1884,812,35,79,1.0,-1,-1,-1
415,20,1820,818,44,92,1.0,-1,-1,-1
415,23,968,701,61,64,1.0,-1,-1,-1
415,31,1685,777,73,94,1.0,-1,-1,-1
415,34,1284,419,209,102,1.0,-1,-1,-1
415,44,685,682,66,50,1.0,-1,-1,-1
415,45,13,940,81,83,1.0,-1,-1,-1
415,48,1103,912,369,166,1.0,-1,-1,-1
415,49,1065,719,96,60,1.0,-1,-1,-1
415,52,666,525,166,98,1.0,-1,-1,-1
415,56,773,969,367,107,1.0,-1,-1,-1
415,57,603,766,306,177,1.0,-1,-1,-1
415,58,453,709,203,127,1.0,-1,-1,-1
415,59,769,721,55,46,1.0,-1,-1,-1
415,60,632,615,126,52,1.0,-1,-1,-1
415,61,276,768,136,106,1.0,-1,-1,-1
415,62,413,846,221,144,1.0,-1,-1,-1
415,63,1008,530,328,114,1.0,-1,-1,-1
415,67,212,666,170,135,1.0,-1,-1,-1
415,69,1677,925,141,98,1.0,-1,-1,-1
415,71,1370,508,235,127,1.0,-1,-1,-1
415,72,132,673,92,78,1.0,-1,-1,-1
415,73,1124,633,182,79,1.0,-1,-1,-1
415,74,48,717,76,68,1.0,-1,-1,-1
415,75,1532,609,209,103,1.0,-1,-1,-1
416,2,491,606,101,49,1.0,-1,-1,-1
416,13,344,584,91,48,1.0,-1,-1,-1
416,16,1881,813,39,80,1.0,-1,-1,-1
416,20,1822,818,41,92,1.0,-1,-1,-1
416,23,969,700,61,66,1.0,-1,-1,-1
416,31,1686,778,77,93,1.0,-1,-1,-1
416,34,1284,419,209,101,1.0,-1,-1,-1
416,39,891,705,80,69,1.0,-1,-1,-1
416,44,685,681,67,51,1.0,-1,-1,-1
416,45,12,935,82,87,1.0,-1,-1,-1
416,48,1114,913,370,165,1.0,-1,-1,-1
416,49,1067,722,95,57,1.0,-1,-1,-1
416,52,667,526,165,98,1.0,-1,-1,-1
416,56,783,970,363,106,1.0,-1,-1,-1
416,57,607,765,313,179,1.0,-1,-1,-1
416,58,454,709,207,129,1.0,-1,-1,-1
416,59,771,708,57,59,1.0,-1,-1,-1
416,60,629,614,125,53,1.0,-1,-1,-1
416,61,278,770,137,104,1.0,-1,-1,-1
416,62,420,848,219,145,1.0,-1,-1,-1
416,63,1005,531,327,113,1.0,-1,-1,-1
416,67,217,667,170,134,1.0,-1,-1,-1
416,69,1702,930,139,96,1.0,-1,-1,-1
416,71,1363,509,235,126,1.0,-1,-1,-1
416,72,136,677,90,77,1.0,-1,-1,-1
416,73,1118,632,181,79,1.0,-1,-1,-1
416,74,50,718,76,69,1.0,-1,-1,-1
416,75,1523,610,211,101,1.0,-1,-1,-1
416,79,1868,595,52,70,1.0,-1,-1,-1
417,2,491,606,101,49,1.0,-1,-1,-1
417,13,344,584,91,48,1.0,-1,-1,-1
417,16,1884,809,36,79,1.0,-1,-1,-1
417,20,1822,818,42,92,1.0,-1,-1,-1
417,23,969,700,61,66,1.0,-1,-1,-1
417,31,1686,778,77,93,1.0,-1,-1,-1
417,34,1284,419,209,101,1.0,-1,-1,-1
417,39,891,705,80,69,1.0,-1,-1,-1
417,44,685,681,67,51,1.0,-1,-1,-1
417,45,12,935,82,87,1.0,-1,-1,-1
417,48,1114,913,370,165,1.0,-1,-1,-1
417,49,1067,722,95,57,1.0,-1,-1,-1
417,52,667,526,165,98,1.0,-1,-1,-1
417,56,783,970,363,106,1.0,-1,-1,-1
417,57,607,765,313,179,1.0,-1,-1,-1
417,58,454,709,207,129,1.0,-1,-1,-1
417,59,771,708,57,59,1.0,-1,-1,-1
417,60,630,614,124,53,1.0,-1,-1,-1
417,61,278,770,137,104,1.0,-1,-1,-1
417,62,420,847,219,146,1.0,-1,-1,-1
417,63,1005,531,327,113,1.0,-1,-1,-1
417,67,217,667,170,134,1.0,-1,-1,-1
417,69,1702,930,139,96,1.0,-1,-1,-1
417,71,1363,509,235,126,1.0,-1,-1,-1
417,72,136,677,90,77,1.0,-1,-1,-1
417,73,1117,632,182,79,1.0,-1,-1,-1
417,74,50,718,76,69,1.0,-1,-1,-1
417,75,1523,610,211,101,1.0,-1,-1,-1
417,79,1868,595,52,70,1.0,-1,-1,-1
418,2,489,608,101,46,1.0,-1,-1,-1
418,6,440,594,103,48,1.0,-1,-1,-1
418,13,342,583,90,49,1.0,-1,-1,-1
418,16,1884,809,36,79,1.0,-1,-1,-1
418,20,1820,820,42,90,1.0,-1,-1,-1
418,23,968,700,64,66,1.0,-1,-1,-1
418,31,1686,778,74,93,1.0,-1,-1,-1
418,34,1284,419,209,101,1.0,-1,-1,-1
418,39,892,705,81,69,1.0,-1,-1,-1
418,44,685,681,66,51,1.0,-1,-1,-1
418,45,11,933,83,89,1.0,-1,-1,-1
418,48,1126,914,373,163,1.0,-1,-1,-1
418,49,1070,722,94,57,1.0,-1,-1,-1
418,52,657,525,174,100,1.0,-1,-1,-1
418,56,791,972,364,104,1.0,-1,-1,-1
418,57,610,767,318,178,1.0,-1,-1,-1
418,58,458,711,209,128,1.0,-1,-1,-1
418,59,772,729,63,44,1.0,-1,-1,-1
418,60,628,614,122,53,1.0,-1,-1,-1
418,61,281,772,137,103,1.0,-1,-1,-1
418,62,424,849,221,146,1.0,-1,-1,-1
418,63,1000,532,321,111,1.0,-1,-1,-1
418,67,219,670,171,132,1.0,-1,-1,-1
418,69,1726,927,139,101,1.0,-1,-1,-1
418,71,1354,510,237,124,1.0,-1,-1,-1
418,72,137,677,91,77,1.0,-1,-1,-1
418,73,1108,631,183,80,1.0,-1,-1,-1
418,74,52,720,77,69,1.0,-1,-1,-1
418,75,1517,609,210,101,1.0,-1,-1,-1
418,79,1857,596,60,71,1.0,-1,-1,-1
419,2,487,603,99,51,1.0,-1,-1,-1
419,13,341,584,92,48,1.0,-1,-1,-1
419,16,1885,811,35,88,1.0,-1,-1,-1
419,23,965,699,70,67,1.0,-1,-1,-1
419,31,1686,778,77,92,1.0,-1,-1,-1
419,34,1284,419,211,101,1.0,-1,-1,-1
419,39,893,706,85,68,1.0,-1,-1,-1
419,44,684,679,68,53,1.0,-1,-1,-1
419,45,1,913,93,103,1.0,-1,-1,-1
419,48,1137,916,376,161,1.0,-1,-1,-1
419,49,1073,716,92,63,1.0,-1,-1,-1
419,52,656,524,178,103,1.0,-1,-1,-1
419,56,800,974,366,102,1.0,-1,-1,-1
419,57,620,764,315,184,1.0,-1,-1,-1
419,58,462,710,209,130,1.0,-1,-1,-1
419,59,776,720,67,57,1.0,-1,-1,-1
419,60,625,613,127,54,1.0,-1,-1,-1
419,61,284,772,138,104,1.0,-1,-1,-1
419,62,429,850,223,147,1.0,-1,-1,-1
419,63,995,533,325,113,1.0,-1,-1,-1
419,67,222,670,172,132,1.0,-1,-1,-1
419,69,1751,935,136,97,1.0,-1,-1,-1
419,71,1348,508,236,126,1.0,-1,-1,-1
419,72,139,681,92,74,1.0,-1,-1,-1
419,73,1104,631,181,79,1.0,-1,-1,-1
419,74,54,721,77,69,1.0,-1,-1,-1
419,75,1509,610,209,99,1.0,-1,-1,-1
419,79,1847,604,68,64,1.0,-1,-1,-1
420,2,485,602,99,52,1.0,-1,-1,-1
420,13,340,584,89,49,1.0,-1,-1,-1
420,16,1885,811,34,83,1.0,-1,-1,-1
420,23,963,700,76,66,1.0,-1,-1,-1
420,26,735,643,62,56,1.0,-1,-1,-1
420,31,1687,778,73,91,1.0,-1,-1,-1
420,34,1284,418,213,101,1.0,-1,-1,-1
420,39,892,708,84,66,1.0,-1,-1,-1
420,44,684,679,69,53,1.0,-1,-1,-1
420,45,0,937,86,86,1.0,-1,-1,-1
420,48,1149,917,377,160,1.0,-1,-1,-1
420,49,1073,720,92,59,1.0,-1,-1,-1
420,52,662,523,172,109,1.0,-1,-1,-1
420,56,809,976,368,100,1.0,-1,-1,-1
420,57,628,765,315,184,1.0,-1,-1,-1
420,58,466,711,211,131,1.0,-1,-1,-1
420,59,776,728,69,50,1.0,-1,-1,-1
420,60,624,614,118,53,1.0,-1,-1,-1
420,61,287,773,138,105,1.0,-1,-1,-1
420,62,433,852,224,149,1.0,-1,-1,-1
420,63,997,530,318,116,1.0,-1,-1,-1
420,67,224,670,174,133,1.0,-1,-1,-1
420,69,1777,928,130,105,1.0,-1,-1,-1
420,71,1342,509,235,125,1.0,-1,-1,-1
420,72,142,682,94,73,1.0,-1,-1,-1
420,73,1097,631,181,78,1.0,-1,-1,-1
420,74,55,721,78,72,1.0,-1,-1,-1
420,75,1502,609,206,100,1.0,-1,-1,-1
420,79,1835,595,68,72,1.0,-1,-1,-1
421,2,484,602,99,52,1.0,-1,-1,-1
421,13,339,583,90,50,1.0,-1,-1,-1
421,23,960,701,80,65,1.0,-1,-1,-1
421,26,735,643,62,56,1.0,-1,-1,-1
421,31,1686,778,77,92,1.0,-1,-1,-1
421,34,1284,418,213,102,1.0,-1,-1,-1
421,39,888,710,88,62,1.0,-1,-1,-1
421,44,683,678,68,54,1.0,-1,-1,-1
421,45,1,934,84,89,1.0,-1,-1,-1
421,48,1160,919,379,157,1.0,-1,-1,-1
421,49,1074,714,93,63,1.0,-1,-1,-1
421,52,659,525,178,106,1.0,-1,-1,-1
421,56,818,978,369,99,1.0,-1,-1,-1
421,57,635,765,316,188,1.0,-1,-1,-1
421,58,470,710,212,134,1.0,-1,-1,-1
421,59,783,717,64,62,1.0,-1,-1,-1
421,60,622,614,115,54,1.0,-1,-1,-1
421,61,289,773,140,106,1.0,-1,-1,-1
421,62,438,852,227,150,1.0,-1,-1,-1
421,63,992,531,319,113,1.0,-1,-1,-1
421,67,227,668,174,135,1.0,-1,-1,-1
421,69,1799,940,121,91,1.0,-1,-1,-1
421,71,1335,511,233,123,1.0,-1,-1,-1
421,72,144,682,94,74,1.0,-1,-1,-1
421,73,1091,631,181,78,1.0,-1,-1,-1
421,74,58,723,80,70,1.0,-1,-1,-1
421,75,1493,609,208,100,1.0,-1,-1,-1
421,79,1827,605,68,61,1.0,-1,-1,-1
422,2,483,602,98,52,1.0,-1,-1,-1
422,13,336,584,89,49,1.0,-1,-1,-1
422,26,735,644,62,56,1.0,-1,-1,-1
422,31,1686,777,77,93,1.0,-1,-1,-1
422,34,1284,417,213,103,1.0,-1,-1,-1
422,39,888,709,85,63,1.0,-1,-1,-1
422,44,683,677,68,55,1.0,-1,-1,-1
422,45,2,928,82,95,1.0,-1,-1,-1
422,48,1172,921,378,155,1.0,-1,-1,-1
422,49,1075,713,92,64,1.0,-1,-1,-1
422,52,647,524,191,107,1.0,-1,-1,-1
422,56,828,981,369,95,1.0,-1,-1,-1
422,57,638,769,320,185,1.0,-1,-1,-1
422,58,474,712,214,131,1.0,-1,-1,-1
422,59,785,716,63,64,1.0,-1,-1,-1
422,60,620,614,111,53,1.0,-1,-1,-1
422,61,292,775,141,105,1.0,-1,-1,-1
422,62,445,853,226,152,1.0,-1,-1,-1
422,63,986,531,323,113,1.0,-1,-1,-1
422,67,229,668,177,138,1.0,-1,-1,-1
422,69,1821,940,99,88,1.0,-1,-1,-1
422,71,1329,517,231,117,1.0,-1,-1,-1
422,72,146,684,94,73,1.0,-1,-1,-1
422,73,1081,630,182,78,1.0,-1,-1,-1
422,74,59,723,81,72,1.0,-1,-1,-1
422,75,1485,609,207,99,1.0,-1,-1,-1
422,79,1817,607,68,60,1.0,-1,-1,-1
423,2,483,601,98,53,1.0,-1,-1,-1
423,13,336,585,89,47,1.0,-1,-1,-1
423,26,735,643,62,56,1.0,-1,-1,-1
423,31,1686,777,77,93,1.0,-1,-1,-1
423,34,1284,418,213,102,1.0,-1,-1,-1
423,39,888,709,85,62,1.0,-1,-1,-1
423,44,683,677,68,55,1.0,-1,-1,-1
423,45,2,927,82,96,1.0,-1,-1,-1
423,48,1172,921,378,155,1.0,-1,-1,-1
423,49,1075,713,92,64,1.0,-1,-1,-1
423,52,648,524,190,108,1.0,-1,-1,-1
423,56,828,981,369,95,1.0,-1,-1,-1
423,57,638,769,320,185,1.0,-1,-1,-1
423,58,474,713,214,130,1.0,-1,-1,-1
423,59,785,717,63,63,1.0,-1,-1,-1
423,60,620,614,111,53,1.0,-1,-1,-1
423,61,292,775,141,105,1.0,-1,-1,-1
423,62,445,853,226,152,1.0,-1,-1,-1
423,63,986,530,323,114,1.0,-1,-1,-1
423,67,229,669,177,137,1.0,-1,-1,-1
423,69,1821,940,99,88,1.0,-1,-1,-1
423,71,1329,517,231,117,1.0,-1,-1,-1
423,72,146,684,94,73,1.0,-1,-1,-1
423,73,1081,630,182,78,1.0,-1,-1,-1
423,74,59,723,81,71,1.0,-1,-1,-1
423,75,1485,609,207,99,1.0,-1,-1,-1
423,79,1817,607,68,60,1.0,-1,-1,-1
424,2,479,601,98,53,1.0,-1,-1,-1
424,13,333,582,89,51,1.0,-1,-1,-1
424,26,734,643,62,57,1.0,-1,-1,-1
424,31,1686,777,77,93,1.0,-1,-1,-1
424,34,1284,418,211,102,1.0,-1,-1,-1
424,39,883,711,89,59,1.0,-1,-1,-1
424,44,684,678,68,54,1.0,-1,-1,-1
424,45,0,929,86,94,1.0,-1,-1,-1
424,48,1183,923,381,153,1.0,-1,-1,-1
424,49,1078,712,91,64,1.0,-1,-1,-1
424,52,646,525,191,109,1.0,-1,-1,-1
424,56,837,982,368,94,1.0,-1,-1,-1
424,57,657,764,309,191,1.0,-1,-1,-1
424,58,477,713,218,133,1.0,-1,-1,-1
424,59,788,720,61,60,1.0,-1,-1,-1
424,60,618,613,110,54,1.0,-1,-1,-1
424,61,293,775,143,107,1.0,-1,-1,-1
424,62,447,856,229,151,1.0,-1,-1,-1
424,63,983,531,322,113,1.0,-1,-1,-1
424,67,230,670,178,136,1.0,-1,-1,-1
424,69,1845,946,75,83,1.0,-1,-1,-1
424,71,1324,516,229,118,1.0,-1,-1,-1
424,72,149,683,94,74,1.0,-1,-1,-1
424,73,1079,629,177,78,1.0,-1,-1,-1
424,74,60,723,83,73,1.0,-1,-1,-1
424,75,1475,608,210,100,1.0,-1,-1,-1
424,79,1806,603,69,62,1.0,-1,-1,-1
425,2,476,601,99,52,1.0,-1,-1,-1
425,13,332,582,89,51,1.0,-1,-1,-1
425,26,735,644,60,57,1.0,-1,-1,-1
425,31,1686,780,75,90,1.0,-1,-1,-1
425,34,1284,418,210,102,1.0,-1,-1,-1
425,39,883,712,87,58,1.0,-1,-1,-1
425,44,684,678,67,55,1.0,-1,-1,-1
425,45,2,914,93,100,1.0,-1,-1,-1
425,48,1195,923,384,152,1.0,-1,-1,-1
425,49,1079,712,91,64,1.0,-1,-1,-1
425,52,647,525,190,108,1.0,-1,-1,-1
425,56,847,989,369,88,1.0,-1,-1,-1
425,57,649,772,325,187,1.0,-1,-1,-1
425,58,483,714,217,133,1.0,-1,-1,-1
425,59,789,713,62,66,1.0,-1,-1,-1
425,60,616,614,111,54,1.0,-1,-1,-1
425,61,296,777,143,107,1.0,-1,-1,-1
425,62,452,856,232,153,1.0,-1,-1,-1
425,63,978,533,320,111,1.0,-1,-1,-1
425,67,233,672,179,135,1.0,-1,-1,-1
425,69,1868,948,51,81,1.0,-1,-1,-1
425,71,1318,515,227,118,1.0,-1,-1,-1
425,72,152,683,95,76,1.0,-1,-1,-1
425,73,1073,629,177,78,1.0,-1,-1,-1
425,74,62,725,84,72,1.0,-1,-1,-1
425,75,1470,607,207,102,1.0,-1,-1,-1
425,79,1796,615,69,50,1.0,-1,-1,-1
425,80,97,664,25,45,1.0,-1,-1,-1
426,2,475,601,98,52,1.0,-1,-1,-1
426,13,331,581,88,52,1.0,-1,-1,-1
426,16,1884,810,36,100,1.0,-1,-1,-1
426,20,1819,817,47,92,1.0,-1,-1,-1
426,23,969,700,68,66,1.0,-1,-1,-1
426,26,734,645,62,57,1.0,-1,-1,-1
426,31,1686,781,75,90,1.0,-1,-1,-1
426,34,1284,418,210,102,1.0,-1,-1,-1
426,39,885,713,80,58,1.0,-1,-1,-1
426,44,684,679,68,54,1.0,-1,-1,-1
426,45,5,912,89,103,1.0,-1,-1,-1
426,48,1207,925,385,150,1.0,-1,-1,-1
426,49,1082,714,92,62,1.0,-1,-1,-1
426,52,641,526,196,104,1.0,-1,-1,-1
426,56,857,990,368,87,1.0,-1,-1,-1
426,57,655,772,328,189,1.0,-1,-1,-1
426,58,487,716,219,131,1.0,-1,-1,-1
426,59,792,715,64,65,1.0,-1,-1,-1
426,60,613,614,111,54,1.0,-1,-1,-1
426,61,298,778,145,108,1.0,-1,-1,-1
426,62,458,858,230,152,1.0,-1,-1,-1
426,63,976,534,319,110,1.0,-1,-1,-1
426,67,234,673,180,135,1.0,-1,-1,-1
426,69,1892,947,27,84,1.0,-1,-1,-1
426,71,1309,512,232,121,1.0,-1,-1,-1
426,72,155,684,93,77,1.0,-1,-1,-1
426,73,1068,629,176,78,1.0,-1,-1,-1
426,74,65,727,83,71,1.0,-1,-1,-1
426,75,1463,607,205,100,1.0,-1,-1,-1
426,79,1788,609,66,56,1.0,-1,-1,-1
426,80,101,667,24,43,1.0,-1,-1,-1
427,2,473,603,98,50,1.0,-1,-1,-1
427,6,421,591,85,52,1.0,-1,-1,-1
427,13,331,580,87,53,1.0,-1,-1,-1
427,16,1884,810,35,99,1.0,-1,-1,-1
427,20,1819,816,48,93,1.0,-1,-1,-1
427,23,968,700,66,66,1.0,-1,-1,-1
427,26,733,645,64,57,1.0,-1,-1,-1
427,31,1687,780,73,90,1.0,-1,-1,-1
427,34,1284,419,210,101,1.0,-1,-1,-1
427,39,883,715,81,56,1.0,-1,-1,-1
427,44,684,680,67,53,1.0,-1,-1,-1
427,45,7,931,88,91,1.0,-1,-1,-1
427,48,1219,926,387,150,1.0,-1,-1,-1
427,49,1086,713,89,61,1.0,-1,-1,-1
427,52,638,525,199,106,1.0,-1,-1,-1
427,56,867,993,373,84,1.0,-1,-1,-1
427,57,662,774,330,189,1.0,-1,-1,-1
427,58,493,715,219,134,1.0,-1,-1,-1
427,59,795,730,63,50,1.0,-1,-1,-1
427,60,611,614,114,54,1.0,-1,-1,-1
427,61,302,777,144,110,1.0,-1,-1,-1
427,62,463,862,235,152,1.0,-1,-1,-1
427,63,971,534,319,110,1.0,-1,-1,-1
427,67,236,675,182,133,1.0,-1,-1,-1
427,71,1306,513,227,120,1.0,-1,-1,-1
427,72,157,684,92,78,1.0,-1,-1,-1
427,73,1063,627,174,79,1.0,-1,-1,-1
427,74,67,726,84,74,1.0,-1,-1,-1
427,75,1456,608,204,99,1.0,-1,-1,-1
427,79,1777,614,69,50,1.0,-1,-1,-1
427,80,101,668,26,42,1.0,-1,-1,-1
428,2,470,604,99,49,1.0,-1,-1,-1
428,6,417,592,87,51,1.0,-1,-1,-1
428,13,329,580,88,53,1.0,-1,-1,-1
428,16,1884,810,35,100,1.0,-1,-1,-1
428,20,1820,818,47,92,1.0,-1,-1,-1
428,23,969,700,65,66,1.0,-1,-1,-1
428,26,733,649,65,54,1.0,-1,-1,-1
428,31,1687,780,73,91,1.0,-1,-1,-1
428,34,1284,419,209,101,1.0,-1,-1,-1
428,39,880,716,82,58,1.0,-1,-1,-1
428,44,682,683,68,48,1.0,-1,-1,-1
428,45,10,937,84,85,1.0,-1,-1,-1
428,48,1232,929,386,146,1.0,-1,-1,-1
428,49,1088,714,89,61,1.0,-1,-1,-1
428,52,636,525,200,111,1.0,-1,-1,-1
428,56,876,995,368,82,1.0,-1,-1,-1
428,57,668,776,332,188,1.0,-1,-1,-1
428,58,496,716,221,134,1.0,-1,-1,-1
428,59,799,726,66,55,1.0,-1,-1,-1
428,60,608,614,112,54,1.0,-1,-1,-1
428,61,304,777,144,111,1.0,-1,-1,-1
428,62,468,864,236,152,1.0,-1,-1,-1
428,63,966,532,320,111,1.0,-1,-1,-1
428,67,240,674,183,135,1.0,-1,-1,-1
428,71,1298,515,228,117,1.0,-1,-1,-1
428,72,157,686,94,77,1.0,-1,-1,-1
428,73,1056,628,174,78,1.0,-1,-1,-1
428,74,69,728,85,74,1.0,-1,-1,-1
428,75,1448,607,205,99,1.0,-1,-1,-1
428,79,1765,615,71,49,1.0,-1,-1,-1
428,80,104,665,26,48,1.0,-1,-1,-1
429,2,470,604,99,49,1.0,-1,-1,-1
429,6,417,592,87,51,1.0,-1,-1,-1
429,13,329,580,88,53,1.0,-1,-1,-1
429,16,1884,810,35,99,1.0,-1,-1,-1
429,20,1820,818,48,92,1.0,-1,-1,-1
429,23,970,700,64,66,1.0,-1,-1,-1
429,26,732,648,65,54,1.0,-1,-1,-1
429,31,1687,780,74,90,1.0,-1,-1,-1
429,34,1284,419,208,101,1.0,-1,-1,-1
429,39,880,716,81,58,1.0,-1,-1,-1
429,44,682,683,68,49,1.0,-1,-1,-1
429,45,10,937,84,85,1.0,-1,-1,-1
429,48,1232,929,386,146,1.0,-1,-1,-1
429,49,1088,714,89,61,1.0,-1,-1,-1
429,52,635,525,201,111,1.0,-1,-1,-1
429,56,876,996,368,81,1.0,-1,-1,-1
429,57,667,776,332,188,1.0,-1,-1,-1
429,58,496,716,221,134,1.0,-1,-1,-1
429,59,798,727,67,54,1.0,-1,-1,-1
429,60,609,614,111,54,1.0,-1,-1,-1
429,61,304,777,144,111,1.0,-1,-1,-1
429,62,468,864,236,152,1.0,-1,-1,-1
429,63,966,532,320,111,1.0,-1,-1,-1
429,67,240,674,183,135,1.0,-1,-1,-1
429,71,1298,514,228,118,1.0,-1,-1,-1
429,72,157,686,94,77,1.0,-1,-1,-1
429,73,1056,628,174,78,1.0,-1,-1,-1
429,74,69,728,85,74,1.0,-1,-1,-1
429,75,1448,607,205,99,1.0,-1,-1,-1
429,79,1765,615,71,49,1.0,-1,-1,-1
429,80,104,665,27,48,1.0,-1,-1,-1
430,2,467,604,99,48,1.0,-1,-1,-1
430,6,415,592,87,50,1.0,-1,-1,-1
430,13,325,582,92,50,1.0,-1,-1,-1
430,16,1884,809,35,100,1.0,-1,-1,-1
430,20,1819,818,49,92,1.0,-1,-1,-1
430,23,970,702,68,65,1.0,-1,-1,-1
430,26,734,647,63,55,1.0,-1,-1,-1
430,31,1687,778,77,92,1.0,-1,-1,-1
430,34,1284,419,207,102,1.0,-1,-1,-1
430,39,886,715,85,58,1.0,-1,-1,-1
430,44,684,681,68,52,1.0,-1,-1,-1
430,45,12,934,82,88,1.0,-1,-1,-1
430,48,1245,932,389,144,1.0,-1,-1,-1
430,49,1090,716,89,58,1.0,-1,-1,-1
430,52,641,524,195,115,1.0,-1,-1,-1
430,56,887,998,364,79,1.0,-1,-1,-1
430,57,687,775,320,192,1.0,-1,-1,-1
430,58,500,717,222,134,1.0,-1,-1,-1
430,59,801,722,67,61,1.0,-1,-1,-1
430,60,607,613,111,55,1.0,-1,-1,-1
430,61,306,776,148,114,1.0,-1,-1,-1
430,62,473,865,238,153,1.0,-1,-1,-1
430,63,966,534,315,109,1.0,-1,-1,-1
430,67,244,674,183,137,1.0,-1,-1,-1
430,71,1293,516,225,115,1.0,-1,-1,-1
430,72,160,686,98,78,1.0,-1,-1,-1
430,73,1051,628,174,77,1.0,-1,-1,-1
430,74,72,729,85,74,1.0,-1,-1,-1
430,75,1440,606,203,100,1.0,-1,-1,-1
430,79,1756,615,68,49,1.0,-1,-1,-1
430,80,105,666,28,47,1.0,-1,-1,-1
431,2,465,602,99,51,1.0,-1,-1,-1
431,6,413,593,87,49,1.0,-1,-1,-1
431,16,1884,810,35,99,1.0,-1,-1,-1
431,20,1820,818,48,92,1.0,-1,-1,-1
431,23,971,702,69,65,1.0,-1,-1,-1
431,26,734,647,63,55,1.0,-1,-1,-1
431,31,1686,778,79,92,1.0,-1,-1,-1
431,34,1284,419,209,102,1.0,-1,-1,-1
431,39,887,711,89,64,1.0,-1,-1,-1
431,44,682,684,69,47,1.0,-1,-1,-1
431,45,13,938,81,83,1.0,-1,-1,-1
431,48,1257,934,389,142,1.0,-1,-1,-1
431,49,1092,711,89,63,1.0,-1,-1,-1
431,52,637,526,195,111,1.0,-1,-1,-1
431,56,894,1000,371,78,1.0,-1,-1,-1
431,57,681,778,335,191,1.0,-1,-1,-1
431,58,504,717,224,136,1.0,-1,-1,-1
431,59,802,730,66,54,1.0,-1,-1,-1
431,60,605,614,112,54,1.0,-1,-1,-1
431,61,309,778,149,113,1.0,-1,-1,-1
431,62,479,868,241,152,1.0,-1,-1,-1
431,63,968,537,306,107,1.0,-1,-1,-1
431,67,247,675,184,137,1.0,-1,-1,-1
431,71,1289,515,220,116,1.0,-1,-1,-1
431,72,161,686,98,78,1.0,-1,-1,-1
431,73,1045,627,174,76,1.0,-1,-1,-1
431,74,74,728,85,76,1.0,-1,-1,-1
431,75,1431,607,206,98,1.0,-1,-1,-1
431,79,1747,613,68,51,1.0,-1,-1,-1
431,80,109,667,25,47,1.0,-1,-1,-1
432,2,463,602,99,50,1.0,-1,-1,-1
432,6,408,592,90,51,1.0,-1,-1,-1
432,16,1884,811,35,98,1.0,-1,-1,-1
432,20,1819,817,49,93,1.0,-1,-1,-1
432,23,973,701,64,66,1.0,-1,-1,-1
432,26,734,648,63,54,1.0,-1,-1,-1
432,31,1686,777,82,93,1.0,-1,-1,-1
432,34,1284,418,208,103,1.0,-1,-1,-1
432,39,886,712,88,61,1.0,-1,-1,-1
432,44,682,685,69,46,1.0,-1,-1,-1
432,45,14,944,80,77,1.0,-1,-1,-1
432,48,1269,935,394,141,1.0,-1,-1,-1
432,49,1094,715,87,60,1.0,-1,-1,-1
432,52,636,525,191,111,1.0,-1,-1,-1
432,56,907,1003,360,75,1.0,-1,-1,-1
432,57,684,780,342,190,1.0,-1,-1,-1
432,58,509,719,225,135,1.0,-1,-1,-1
432,59,803,731,69,54,1.0,-1,-1,-1
432,60,604,614,111,54,1.0,-1,-1,-1
432,61,313,778,149,114,1.0,-1,-1,-1
432,62,483,869,244,154,1.0,-1,-1,-1
432,63,974,537,298,104,1.0,-1,-1,-1
432,67,250,675,186,138,1.0,-1,-1,-1
432,71,1283,516,219,115,1.0,-1,-1,-1
432,72,163,686,99,79,1.0,-1,-1,-1
432,73,1039,627,173,75,1.0,-1,-1,-1
432,74,76,729,87,77,1.0,-1,-1,-1
432,75,1422,605,207,101,1.0,-1,-1,-1
432,79,1736,617,70,47,1.0,-1,-1,-1
433,2,461,602,99,51,1.0,-1,-1,-1
433,6,407,592,88,51,1.0,-1,-1,-1
433,16,1884,811,35,98,1.0,-1,-1,-1
433,20,1819,816,48,94,1.0,-1,-1,-1
433,23,973,703,62,64,1.0,-1,-1,-1
433,26,733,648,65,55,1.0,-1,-1,-1
433,31,1686,779,81,91,1.0,-1,-1,-1
433,34,1284,419,207,99,1.0,-1,-1,-1
433,39,888,712,83,59,1.0,-1,-1,-1
433,44,683,684,66,47,1.0,-1,-1,-1
433,45,16,942,79,79,1.0,-1,-1,-1
433,48,1284,936,389,140,1.0,-1,-1,-1
433,49,1097,715,87,60,1.0,-1,-1,-1
433,52,638,525,187,110,1.0,-1,-1,-1
433,56,922,1007,344,71,1.0,-1,-1,-1
433,57,694,781,342,191,1.0,-1,-1,-1
433,58,514,718,225,138,1.0,-1,-1,-1
433,59,807,728,70,60,1.0,-1,-1,-1
433,60,602,614,112,54,1.0,-1,-1,-1
433,61,315,780,149,114,1.0,-1,-1,-1
433,62,490,870,243,155,1.0,-1,-1,-1
433,63,994,535,264,107,1.0,-1,-1,-1
433,67,252,675,187,140,1.0,-1,-1,-1
433,71,1274,515,222,114,1.0,-1,-1,-1
433,72,166,688,97,77,1.0,-1,-1,-1
433,73,1034,629,173,69,1.0,-1,-1,-1
433,74,78,731,89,76,1.0,-1,-1,-1
433,75,1415,604,207,100,1.0,-1,-1,-1
433,79,1728,613,67,49,1.0,-1,-1,-1
434,2,460,602,97,51,1.0,-1,-1,-1
434,16,1885,812,34,97,1.0,-1,-1,-1
434,20,1819,817,48,93,1.0,-1,-1,-1
434,23,973,702,58,65,1.0,-1,-1,-1
434,26,733,645,65,58,1.0,-1,-1,-1
434,31,1686,778,81,92,1.0,-1,-1,-1
434,34,1284,420,204,97,1.0,-1,-1,-1
434,39,889,711,72,61,1.0,-1,-1,-1
434,44,683,683,68,49,1.0,-1,-1,-1
434,45,17,939,78,82,1.0,-1,-1,-1
434,48,1295,940,394,135,1.0,-1,-1,-1
434,49,1098,711,88,61,1.0,-1,-1,-1
434,52,636,525,188,106,1.0,-1,-1,-1
434,56,935,1010,336,67,1.0,-1,-1,-1
434,57,699,781,345,194,1.0,-1,-1,-1
434,58,519,718,229,138,1.0,-1,-1,-1
434,59,810,729,70,60,1.0,-1,-1,-1
434,60,601,614,107,54,1.0,-1,-1,-1
434,61,318,780,149,115,1.0,-1,-1,-1
434,62,494,872,246,155,1.0,-1,-1,-1
434,63,1007,536,256,102,1.0,-1,-1,-1
434,67,253,672,188,144,1.0,-1,-1,-1
434,71,1268,512,220,117,1.0,-1,-1,-1
434,72,168,688,97,78,1.0,-1,-1,-1
434,73,1028,628,172,69,1.0,-1,-1,-1
434,74,80,732,90,76,1.0,-1,-1,-1
434,75,1411,605,201,98,1.0,-1,-1,-1
434,79,1716,613,71,50,1.0,-1,-1,-1
435,2,460,601,97,52,1.0,-1,-1,-1
435,16,1885,812,34,97,1.0,-1,-1,-1
435,20,1819,816,47,93,1.0,-1,-1,-1
435,23,974,702,57,65,1.0,-1,-1,-1
435,26,734,644,64,58,1.0,-1,-1,-1
435,31,1686,778,81,92,1.0,-1,-1,-1
435,34,1284,421,198,97,1.0,-1,-1,-1
435,39,890,712,74,61,1.0,-1,-1,-1
435,44,683,683,68,48,1.0,-1,-1,-1
435,45,17,940,78,81,1.0,-1,-1,-1
435,48,1295,941,394,134,1.0,-1,-1,-1
435,49,1097,711,89,62,1.0,-1,-1,-1
435,52,636,525,187,107,1.0,-1,-1,-1
435,56,935,1010,336,67,1.0,-1,-1,-1
435,57,699,781,345,194,1.0,-1,-1,-1
435,58,518,718,230,138,1.0,-1,-1,-1
435,59,810,729,70,59,1.0,-1,-1,-1
435,60,600,614,109,54,1.0,-1,-1,-1
435,61,318,780,149,115,1.0,-1,-1,-1
435,62,494,872,246,155,1.0,-1,-1,-1
435,63,1004,536,259,103,1.0,-1,-1,-1
435,66,775,611,67,59,1.0,-1,-1,-1
435,67,252,672,189,144,1.0,-1,-1,-1
435,71,1267,512,221,117,1.0,-1,-1,-1
435,72,168,688,97,78,1.0,-1,-1,-1
435,73,1027,628,173,69,1.0,-1,-1,-1
435,74,80,732,90,76,1.0,-1,-1,-1
435,75,1411,605,201,98,1.0,-1,-1,-1
435,79,1717,614,70,49,1.0,-1,-1,-1
435,80,113,666,29,51,1.0,-1,-1,-1
436,2,458,601,97,52,1.0,-1,-1,-1
436,16,1885,812,34,96,1.0,-1,-1,-1
436,20,1819,815,46,94,1.0,-1,-1,-1
436,23,974,708,59,58,1.0,-1,-1,-1
436,31,1680,793,86,80,1.0,-1,-1,-1
436,34,1284,422,192,96,1.0,-1,-1,-1
436,39,893,712,73,61,1.0,-1,-1,-1
436,44,685,679,67,52,1.0,-1,-1,-1
436,45,19,936,78,85,1.0,-1,-1,-1
436,48,1310,940,392,135,1.0,-1,-1,-1
436,49,1099,711,90,61,1.0,-1,-1,-1
436,52,632,526,187,109,1.0,-1,-1,-1
436,56,947,1012,331,65,1.0,-1,-1,-1
436,57,720,778,331,202,1.0,-1,-1,-1
436,58,524,720,229,138,1.0,-1,-1,-1
436,59,815,732,67,57,1.0,-1,-1,-1
436,60,598,613,111,55,1.0,-1,-1,-1
436,61,323,781,149,115,1.0,-1,-1,-1
436,62,500,875,249,157,1.0,-1,-1,-1
436,63,1002,538,255,100,1.0,-1,-1,-1
436,66,771,611,74,59,1.0,-1,-1,-1
436,67,256,670,188,144,1.0,-1,-1,-1
436,71,1266,514,214,115,1.0,-1,-1,-1
436,72,170,688,99,78,1.0,-1,-1,-1
436,73,1018,628,178,69,1.0,-1,-1,-1
436,74,82,733,90,77,1.0,-1,-1,-1
436,75,1401,605,206,97,1.0,-1,-1,-1
436,79,1708,612,68,50,1.0,-1,-1,-1
437,2,454,600,98,52,1.0,-1,-1,-1
437,16,1884,813,34,96,1.0,-1,-1,-1
437,20,1819,817,45,92,1.0,-1,-1,-1
437,31,1680,792,87,81,1.0,-1,-1,-1
437,34,1285,422,194,96,1.0,-1,-1,-1
437,39,899,705,71,67,1.0,-1,-1,-1
437,44,685,678,68,53,1.0,-1,-1,-1
437,45,19,939,77,81,1.0,-1,-1,-1
437,48,1323,942,394,133,1.0,-1,-1,-1
437,49,1102,711,88,60,1.0,-1,-1,-1
437,52,626,527,190,106,1.0,-1,-1,-1
437,56,962,1014,328,63,1.0,-1,-1,-1
437,57,716,784,346,195,1.0,-1,-1,-1
437,58,528,720,231,139,1.0,-1,-1,-1
437,59,817,730,74,60,1.0,-1,-1,-1
437,60,595,614,112,54,1.0,-1,-1,-1
437,61,325,783,150,115,1.0,-1,-1,-1
437,62,507,874,250,160,1.0,-1,-1,-1
437,63,993,536,253,103,1.0,-1,-1,-1
437,66,772,612,73,57,1.0,-1,-1,-1
437,67,258,669,189,147,1.0,-1,-1,-1
437,71,1254,513,222,115,1.0,-1,-1,-1
437,72,171,688,100,79,1.0,-1,-1,-1
437,73,1012,626,177,74,1.0,-1,-1,-1
437,74,83,735,91,78,1.0,-1,-1,-1
437,75,1393,604,206,98,1.0,-1,-1,-1
437,79,1699,610,67,52,1.0,-1,-1,-1
438,2,453,601,97,51,1.0,-1,-1,-1
438,16,1887,811,32,96,1.0,-1,-1,-1
438,20,1819,817,45,92,1.0,-1,-1,-1
438,31,1687,782,79,88,1.0,-1,-1,-1
438,34,1285,422,194,95,1.0,-1,-1,-1
438,39,899,704,75,68,1.0,-1,-1,-1
438,44,685,677,68,54,1.0,-1,-1,-1
438,45,20,936,79,83,1.0,-1,-1,-1
438,48,1336,945,395,130,1.0,-1,-1,-1
438,49,1104,711,88,59,1.0,-1,-1,-1
438,52,626,527,187,104,1.0,-1,-1,-1
438,56,973,1019,326,58,1.0,-1,-1,-1
438,57,723,783,349,199,1.0,-1,-1,-1
438,58,532,722,233,138,1.0,-1,-1,-1
438,59,820,734,75,57,1.0,-1,-1,-1
438,60,594,614,111,54,1.0,-1,-1,-1
438,61,327,784,152,116,1.0,-1,-1,-1
438,62,512,877,254,160,1.0,-1,-1,-1
438,63,996,536,248,103,1.0,-1,-1,-1
438,66,775,611,70,57,1.0,-1,-1,-1
438,67,259,669,193,149,1.0,-1,-1,-1
438,71,1250,515,217,114,1.0,-1,-1,-1
438,72,174,689,100,78,1.0,-1,-1,-1
438,73,1004,627,177,71,1.0,-1,-1,-1
438,74,86,736,92,79,1.0,-1,-1,-1
438,75,1387,603,204,101,1.0,-1,-1,-1
438,79,1688,615,68,46,1.0,-1,-1,-1
439,2,451,602,96,51,1.0,-1,-1,-1
439,16,1886,808,34,100,1.0,-1,-1,-1
439,26,734,643,64,60,1.0,-1,-1,-1
439,31,1686,781,82,89,1.0,-1,-1,-1
439,34,1284,422,199,95,1.0,-1,-1,-1
439,39,901,710,76,61,1.0,-1,-1,-1
439,44,684,669,71,60,1.0,-1,-1,-1
439,45,21,942,78,77,1.0,-1,-1,-1
439,48,1350,947,395,128,1.0,-1,-1,-1
439,49,1105,709,87,62,1.0,-1,-1,-1
439,52,625,528,186,105,1.0,-1,-1,-1
439,56,989,1021,321,56,1.0,-1,-1,-1
439,57,731,784,352,203,1.0,-1,-1,-1
439,58,537,723,234,139,1.0,-1,-1,-1
439,59,822,734,74,57,1.0,-1,-1,-1
439,60,592,614,111,54,1.0,-1,-1,-1
439,61,330,783,152,118,1.0,-1,-1,-1
439,62,518,879,256,160,1.0,-1,-1,-1
439,63,996,538,244,101,1.0,-1,-1,-1
439,66,775,610,71,57,1.0,-1,-1,-1
439,67,260,669,196,151,1.0,-1,-1,-1
439,71,1249,516,210,113,1.0,-1,-1,-1
439,72,177,688,97,79,1.0,-1,-1,-1
439,73,1002,628,174,65,1.0,-1,-1,-1
439,74,89,738,92,78,1.0,-1,-1,-1
439,75,1380,601,205,101,1.0,-1,-1,-1
439,79,1679,611,68,49,1.0,-1,-1,-1
440,2,449,604,96,49,1.0,-1,-1,-1
440,16,1886,808,34,100,1.0,-1,-1,-1
440,26,734,643,64,60,1.0,-1,-1,-1
440,31,1686,780,82,89,1.0,-1,-1,-1
440,34,1284,422,194,95,1.0,-1,-1,-1
440,39,899,709,83,63,1.0,-1,-1,-1
440,44,684,670,71,58,1.0,-1,-1,-1
440,45,23,939,76,78,1.0,-1,-1,-1
440,48,1363,947,398,128,1.0,-1,-1,-1
440,49,1109,709,86,62,1.0,-1,-1,-1
440,52,618,528,191,113,1.0,-1,-1,-1
440,56,1003,1024,315,52,1.0,-1,-1,-1
440,57,740,788,351,202,1.0,-1,-1,-1
440,58,541,722,236,141,1.0,-1,-1,-1
440,59,825,735,77,57,1.0,-1,-1,-1
440,60,589,614,114,53,1.0,-1,-1,-1
440,61,332,784,155,118,1.0,-1,-1,-1
440,62,523,881,258,161,1.0,-1,-1,-1
440,63,997,537,244,102,1.0,-1,-1,-1
440,66,777,609,70,60,1.0,-1,-1,-1
440,67,263,669,196,153,1.0,-1,-1,-1
440,71,1235,516,218,111,1.0,-1,-1,-1
440,72,179,688,99,80,1.0,-1,-1,-1
440,73,1000,627,170,67,1.0,-1,-1,-1
440,74,92,739,92,78,1.0,-1,-1,-1
440,75,1371,601,206,101,1.0,-1,-1,-1
440,79,1669,614,69,47,1.0,-1,-1,-1
441,2,449,604,96,49,1.0,-1,-1,-1
441,16,1886,808,34,100,1.0,-1,-1,-1
441,26,734,643,64,60,1.0,-1,-1,-1
441,31,1685,778,84,92,1.0,-1,-1,-1
441,34,1284,423,197,94,1.0,-1,-1,-1
441,39,900,709,82,63,1.0,-1,-1,-1
441,44,685,672,68,58,1.0,-1,-1,-1
441,45,23,939,76,78,1.0,-1,-1,-1
441,48,1363,947,398,128,1.0,-1,-1,-1
441,49,1109,709,86,62,1.0,-1,-1,-1
441,52,617,528,192,113,1.0,-1,-1,-1
441,56,1003,1024,315,52,1.0,-1,-1,-1
441,57,740,788,351,202,1.0,-1,-1,-1
441,58,541,722,237,141,1.0,-1,-1,-1
441,59,825,735,77,57,1.0,-1,-1,-1
441,60,589,614,114,53,1.0,-1,-1,-1
441,61,332,784,155,118,1.0,-1,-1,-1
441,62,523,881,258,161,1.0,-1,-1,-1
441,63,997,537,244,101,1.0,-1,-1,-1
441,66,777,609,70,59,1.0,-1,-1,-1
441,67,263,669,196,153,1.0,-1,-1,-1
441,71,1235,515,218,112,1.0,-1,-1,-1
441,72,179,688,99,80,1.0,-1,-1,-1
441,73,1000,627,170,67,1.0,-1,-1,-1
441,74,92,739,92,78,1.0,-1,-1,-1
441,75,1371,601,207,101,1.0,-1,-1,-1
441,79,1669,614,69,47,1.0,-1,-1,-1
442,2,447,604,95,48,1.0,-1,-1,-1
442,13,311,586,85,44,1.0,-1,-1,-1
442,16,1885,808,35,100,1.0,-1,-1,-1
442,20,1822,814,45,95,1.0,-1,-1,-1
442,26,734,645,64,58,1.0,-1,-1,-1
442,31,1686,777,84,93,1.0,-1,-1,-1
442,34,1283,424,195,91,1.0,-1,-1,-1
442,39,899,709,84,63,1.0,-1,-1,-1
442,44,684,670,69,59,1.0,-1,-1,-1
442,45,24,938,76,78,1.0,-1,-1,-1
442,48,1379,950,396,125,1.0,-1,-1,-1
442,49,1112,707,88,63,1.0,-1,-1,-1
442,52,619,527,188,116,1.0,-1,-1,-1
442,56,1016,1025,320,51,1.0,-1,-1,-1
442,57,746,784,354,209,1.0,-1,-1,-1
442,58,548,722,236,142,1.0,-1,-1,-1
442,59,827,734,78,59,1.0,-1,-1,-1
442,60,589,613,111,54,1.0,-1,-1,-1
442,61,337,785,154,119,1.0,-1,-1,-1
442,62,531,883,257,160,1.0,-1,-1,-1
442,63,991,538,239,103,1.0,-1,-1,-1
442,66,777,609,68,58,1.0,-1,-1,-1
442,67,267,669,195,154,1.0,-1,-1,-1
442,71,1235,514,211,113,1.0,-1,-1,-1
442,72,181,688,100,83,1.0,-1,-1,-1
442,73,972,626,195,75,1.0,-1,-1,-1
442,74,94,740,94,80,1.0,-1,-1,-1
442,75,1364,601,210,100,1.0,-1,-1,-1
442,79,1659,611,68,49,1.0,-1,-1,-1
443,2,444,603,94,48,1.0,-1,-1,-1
443,13,308,584,87,47,1.0,-1,-1,-1
443,16,1885,808,35,100,1.0,-1,-1,-1
443,20,1822,814,45,95,1.0,-1,-1,-1
443,26,734,645,64,58,1.0,-1,-1,-1
443,31,1685,777,85,93,1.0,-1,-1,-1
443,34,1283,425,191,89,1.0,-1,-1,-1
443,39,902,706,81,63,1.0,-1,-1,-1
443,44,684,672,69,58,1.0,-1,-1,-1
443,45,26,937,76,79,1.0,-1,-1,-1
443,48,1392,952,399,123,1.0,-1,-1,-1
443,49,1113,709,90,61,1.0,-1,-1,-1
443,52,619,527,187,108,1.0,-1,-1,-1
443,56,1029,1028,320,48,1.0,-1,-1,-1
443,57,751,780,358,215,1.0,-1,-1,-1
443,58,552,723,237,144,1.0,-1,-1,-1
443,59,832,731,77,60,1.0,-1,-1,-1
443,60,585,614,114,52,1.0,-1,-1,-1
443,61,340,786,154,120,1.0,-1,-1,-1
443,62,536,885,262,161,1.0,-1,-1,-1
443,63,987,538,243,102,1.0,-1,-1,-1
443,66,777,608,68,58,1.0,-1,-1,-1
443,67,271,669,194,152,1.0,-1,-1,-1
443,71,1231,511,208,116,1.0,-1,-1,-1
443,72,183,690,102,82,1.0,-1,-1,-1
443,73,967,627,195,74,1.0,-1,-1,-1
443,74,97,740,95,83,1.0,-1,-1,-1
443,75,1361,603,203,97,1.0,-1,-1,-1
443,79,1651,612,66,47,1.0,-1,-1,-1
443,81,1881,593,38,55,1.0,-1,-1,-1
444,2,441,603,95,49,1.0,-1,-1,-1
444,6,383,591,95,52,1.0,-1,-1,-1
444,13,308,585,84,46,1.0,-1,-1,-1
444,14,1050,691,58,70,1.0,-1,-1,-1
444,20,1822,814,45,95,1.0,-1,-1,-1
444,26,734,645,64,58,1.0,-1,-1,-1
444,31,1685,778,84,92,1.0,-1,-1,-1
444,34,1283,424,192,90,1.0,-1,-1,-1
444,39,905,704,76,64,1.0,-1,-1,-1
444,44,685,669,67,61,1.0,-1,-1,-1
444,45,28,931,75,84,1.0,-1,-1,-1
444,48,1406,953,401,123,1.0,-1,-1,-1
444,49,1117,709,87,60,1.0,-1,-1,-1
444,52,618,527,186,111,1.0,-1,-1,-1
444,56,1048,1031,314,45,1.0,-1,-1,-1
444,57,760,782,361,215,1.0,-1,-1,-1
444,58,555,723,243,146,1.0,-1,-1,-1
444,59,835,728,77,63,1.0,-1,-1,-1
444,60,583,613,113,52,1.0,-1,-1,-1
444,61,342,787,154,120,1.0,-1,-1,-1
444,62,543,887,263,162,1.0,-1,-1,-1
444,63,946,533,280,109,1.0,-1,-1,-1
444,66,776,609,69,58,1.0,-1,-1,-1
444,67,274,670,195,150,1.0,-1,-1,-1
444,71,1229,511,202,116,1.0,-1,-1,-1
444,72,185,691,101,81,1.0,-1,-1,-1
444,73,968,626,188,73,1.0,-1,-1,-1
444,74,99,742,96,81,1.0,-1,-1,-1
444,75,1352,604,202,97,1.0,-1,-1,-1
444,79,1640,614,65,45,1.0,-1,-1,-1
444,80,134,675,26,47,1.0,-1,-1,-1
444,81,1871,595,48,52,1.0,-1,-1,-1
445,2,439,604,95,47,1.0,-1,-1,-1
445,6,381,592,93,51,1.0,-1,-1,-1
445,13,306,584,86,47,1.0,-1,-1,-1
445,14,1047,689,56,72,1.0,-1,-1,-1
445,26,734,644,63,59,1.0,-1,-1,-1
445,31,1685,778,84,92,1.0,-1,-1,-1
445,34,1283,424,191,89,1.0,-1,-1,-1
445,44,685,669,67,61,1.0,-1,-1,-1
445,45,30,942,69,73,1.0,-1,-1,-1
445,48,1420,955,400,120,1.0,-1,-1,-1
445,49,1122,709,84,60,1.0,-1,-1,-1
445,52,614,528,183,102,1.0,-1,-1,-1
445,56,1058,1033,315,44,1.0,-1,-1,-1
445,57,767,784,366,213,1.0,-1,-1,-1
445,58,560,723,243,146,1.0,-1,-1,-1
445,59,840,727,79,65,1.0,-1,-1,-1
445,60,582,614,113,51,1.0,-1,-1,-1
445,61,347,788,156,120,1.0,-1,-1,-1
445,62,548,890,267,163,1.0,-1,-1,-1
445,63,946,534,275,109,1.0,-1,-1,-1
445,66,769,608,76,59,1.0,-1,-1,-1
445,67,278,671,194,153,1.0,-1,-1,-1
445,71,1222,512,203,113,1.0,-1,-1,-1
445,72,186,689,103,83,1.0,-1,-1,-1
445,73,974,625,177,76,1.0,-1,-1,-1
445,74,100,744,97,80,1.0,-1,-1,-1
445,75,1343,603,206,95,1.0,-1,-1,-1
445,79,1632,610,65,48,1.0,-1,-1,-1
445,80,133,671,28,52,1.0,-1,-1,-1
445,81,1858,598,61,50,1.0,-1,-1,-1
446,2,439,603,94,49,1.0,-1,-1,-1
446,6,381,592,89,50,1.0,-1,-1,-1
446,13,306,584,82,47,1.0,-1,-1,-1
446,14,1045,687,61,74,1.0,-1,-1,-1
446,26,734,643,64,60,1.0,-1,-1,-1
446,31,1686,777,84,93,1.0,-1,-1,-1
446,34,1283,424,192,90,1.0,-1,-1,-1
446,44,684,663,69,68,1.0,-1,-1,-1
446,45,32,952,60,60,1.0,-1,-1,-1
446,48,1435,956,401,119,1.0,-1,-1,-1
446,49,1123,709,86,60,1.0,-1,-1,-1
446,52,613,528,182,101,1.0,-1,-1,-1
446,56,1080,1036,301,41,1.0,-1,-1,-1
446,57,772,787,369,200,1.0,-1,-1,-1
446,58,566,724,246,148,1.0,-1,-1,-1
446,59,842,724,81,67,1.0,-1,-1,-1
446,60,580,613,110,52,1.0,-1,-1,-1
446,61,348,789,159,121,1.0,-1,-1,-1
446,62,555,891,266,165,1.0,-1,-1,-1
446,63,956,535,265,107,1.0,-1,-1,-1
446,66,766,609,79,58,1.0,-1,-1,-1
446,67,279,670,196,154,1.0,-1,-1,-1
446,71,1219,511,198,114,1.0,-1,-1,-1
446,72,190,690,100,83,1.0,-1,-1,-1
446,73,971,624,173,76,1.0,-1,-1,-1
446,74,103,745,98,82,1.0,-1,-1,-1
446,75,1338,604,207,94,1.0,-1,-1,-1
446,79,1621,613,71,45,1.0,-1,-1,-1
446,80,136,674,26,50,1.0,-1,-1,-1
446,81,1851,599,67,49,1.0,-1,-1,-1
447,2,439,603,94,49,1.0,-1,-1,-1
447,6,381,592,89,50,1.0,-1,-1,-1
447,13,305,584,83,47,1.0,-1,-1,-1
447,14,1045,687,61,74,1.0,-1,-1,-1
447,26,734,643,64,60,1.0,-1,-1,-1
447,31,1686,777,84,93,1.0,-1,-1,-1
447,34,1283,424,191,90,1.0,-1,-1,-1
447,44,684,663,69,68,1.0,-1,-1,-1
447,45,33,952,59,60,1.0,-1,-1,-1
447,48,1435,956,401,119,1.0,-1,-1,-1
447,49,1123,709,86,60,1.0,-1,-1,-1
447,52,613,528,181,100,1.0,-1,-1,-1
447,56,1079,1036,302,41,1.0,-1,-1,-1
447,57,772,787,369,200,1.0,-1,-1,-1
447,58,566,724,246,148,1.0,-1,-1,-1
447,59,842,724,81,67,1.0,-1,-1,-1
447,60,580,613,110,52,1.0,-1,-1,-1
447,61,348,789,159,121,1.0,-1,-1,-1
447,62,555,891,266,165,1.0,-1,-1,-1
447,63,957,534,264,108,1.0,-1,-1,-1
447,66,765,609,80,58,1.0,-1,-1,-1
447,67,279,670,196,154,1.0,-1,-1,-1
447,71,1219,512,198,113,1.0,-1,-1,-1
447,72,190,690,100,83,1.0,-1,-1,-1
447,73,971,624,173,76,1.0,-1,-1,-1
447,74,103,745,98,82,1.0,-1,-1,-1
447,75,1338,604,207,94,1.0,-1,-1,-1
447,79,1621,613,71,45,1.0,-1,-1,-1
447,80,136,674,26,50,1.0,-1,-1,-1
447,81,1851,599,67,49,1.0,-1,-1,-1
448,2,437,603,95,48,1.0,-1,-1,-1
448,6,378,593,89,50,1.0,-1,-1,-1
448,13,302,584,86,47,1.0,-1,-1,-1
448,14,1047,687,65,75,1.0,-1,-1,-1
448,16,1885,808,35,100,1.0,-1,-1,-1
448,20,1822,814,44,94,1.0,-1,-1,-1
448,26,734,645,63,58,1.0,-1,-1,-1
448,31,1686,778,84,92,1.0,-1,-1,-1
448,34,1283,424,192,90,1.0,-1,-1,-1
448,44,683,661,71,72,1.0,-1,-1,-1
448,45,32,931,73,81,1.0,-1,-1,-1
448,48,1449,957,404,119,1.0,-1,-1,-1
448,49,1125,710,88,57,1.0,-1,-1,-1
448,52,609,528,181,96,1.0,-1,-1,-1
448,56,1094,1040,289,37,1.0,-1,-1,-1
448,57,787,783,366,205,1.0,-1,-1,-1
448,58,570,726,247,147,1.0,-1,-1,-1
448,59,844,722,82,71,1.0,-1,-1,-1
448,60,579,613,110,52,1.0,-1,-1,-1
448,61,351,790,159,121,1.0,-1,-1,-1
448,62,561,893,270,165,1.0,-1,-1,-1
448,63,961,537,253,104,1.0,-1,-1,-1
448,66,768,607,76,59,1.0,-1,-1,-1
448,67,281,671,201,154,1.0,-1,-1,-1
448,71,1220,511,189,114,1.0,-1,-1,-1
448,72,191,693,103,81,1.0,-1,-1,-1
448,73,971,623,164,76,1.0,-1,-1,-1
448,74,105,747,100,81,1.0,-1,-1,-1
448,75,1331,602,202,96,1.0,-1,-1,-1
448,79,1613,612,68,47,1.0,-1,-1,-1
448,81,1839,596,69,53,1.0,-1,-1,-1
449,2,432,604,96,47,1.0,-1,-1,-1
449,13,301,583,87,47,1.0,-1,-1,-1
449,14,1045,693,72,69,1.0,-1,-1,-1
449,16,1885,809,35,100,1.0,-1,-1,-1
449,20,1822,816,42,92,1.0,-1,-1,-1
449,31,1687,777,83,92,1.0,-1,-1,-1
449,34,1283,424,193,90,1.0,-1,-1,-1
449,44,684,663,72,66,1.0,-1,-1,-1
449,45,37,928,66,81,1.0,-1,-1,-1
449,48,1466,959,396,116,1.0,-1,-1,-1
449,49,1127,708,88,57,1.0,-1,-1,-1
449,52,603,528,184,98,1.0,-1,-1,-1
449,56,1112,1043,278,34,1.0,-1,-1,-1
449,57,793,787,368,213,1.0,-1,-1,-1
449,58,576,726,249,148,1.0,-1,-1,-1
449,59,847,726,85,67,1.0,-1,-1,-1
449,60,578,613,106,52,1.0,-1,-1,-1
449,61,353,791,162,121,1.0,-1,-1,-1
449,62,568,893,275,169,1.0,-1,-1,-1
449,63,967,538,242,104,1.0,-1,-1,-1
449,66,763,607,82,60,1.0,-1,-1,-1
449,67,285,671,199,156,1.0,-1,-1,-1
449,71,1220,507,181,117,1.0,-1,-1,-1
449,72,192,693,103,81,1.0,-1,-1,-1
449,73,960,624,169,77,1.0,-1,-1,-1
449,74,109,747,99,83,1.0,-1,-1,-1
449,75,1323,601,206,95,1.0,-1,-1,-1
449,79,1603,610,69,48,1.0,-1,-1,-1
449,81,1831,599,67,48,1.0,-1,-1,-1
450,2,430,605,95,46,1.0,-1,-1,-1
450,13,299,584,87,47,1.0,-1,-1,-1
450,14,1044,693,73,69,1.0,-1,-1,-1
450,16,1886,810,34,99,1.0,-1,-1,-1
450,20,1821,816,43,92,1.0,-1,-1,-1
450,31,1686,778,84,92,1.0,-1,-1,-1
450,34,1283,423,194,91,1.0,-1,-1,-1
450,44,684,666,72,63,1.0,-1,-1,-1
450,45,39,934,67,75,1.0,-1,-1,-1
450,48,1481,959,395,117,1.0,-1,-1,-1
450,49,1132,708,86,58,1.0,-1,-1,-1
450,52,602,527,183,102,1.0,-1,-1,-1
450,56,1128,1044,275,33,1.0,-1,-1,-1
450,57,796,787,377,216,1.0,-1,-1,-1
450,58,585,726,251,148,1.0,-1,-1,-1
450,59,850,728,88,64,1.0,-1,-1,-1
450,60,575,612,105,53,1.0,-1,-1,-1
450,61,358,792,160,121,1.0,-1,-1,-1
450,62,575,896,276,169,1.0,-1,-1,-1
450,63,965,537,242,105,1.0,-1,-1,-1
450,66,753,606,92,62,1.0,-1,-1,-1
450,67,287,670,203,157,1.0,-1,-1,-1
450,71,1214,510,180,114,1.0,-1,-1,-1
450,72,195,693,103,83,1.0,-1,-1,-1
450,73,962,625,166,67,1.0,-1,-1,-1
450,74,111,748,102,85,1.0,-1,-1,-1
450,75,1316,600,212,96,1.0,-1,-1,-1
450,79,1594,612,67,46,1.0,-1,-1,-1
450,81,1819,601,73,48,1.0,-1,-1,-1
451,2,428,604,94,48,1.0,-1,-1,-1
451,13,296,583,88,48,1.0,-1,-1,-1
451,14,1047,692,73,69,1.0,-1,-1,-1
451,16,1886,810,34,99,1.0,-1,-1,-1
451,31,1686,778,84,92,1.0,-1,-1,-1
451,34,1283,424,193,89,1.0,-1,-1,-1
451,44,684,664,72,66,1.0,-1,-1,-1
451,45,40,932,65,76,1.0,-1,-1,-1
451,48,1495,961,399,115,1.0,-1,-1,-1
451,49,1135,708,85,57,1.0,-1,-1,-1
451,52,600,527,182,106,1.0,-1,-1,-1
451,56,1145,1046,266,31,1.0,-1,-1,-1
451,57,806,787,377,221,1.0,-1,-1,-1
451,58,587,727,253,151,1.0,-1,-1,-1
451,59,855,730,86,62,1.0,-1,-1,-1
451,60,574,612,104,53,1.0,-1,-1,-1
451,61,361,793,160,122,1.0,-1,-1,-1
451,62,582,897,277,170,1.0,-1,-1,-1
451,63,958,538,246,103,1.0,-1,-1,-1
451,66,753,605,92,61,1.0,-1,-1,-1
451,67,290,671,203,157,1.0,-1,-1,-1
451,71,1205,512,186,112,1.0,-1,-1,-1
451,72,196,695,105,82,1.0,-1,-1,-1
451,73,953,623,169,65,1.0,-1,-1,-1
451,74,113,747,103,88,1.0,-1,-1,-1
451,75,1313,602,207,94,1.0,-1,-1,-1
451,79,1585,609,67,48,1.0,-1,-1,-1
451,80,143,677,26,52,1.0,-1,-1,-1
451,81,1809,599,73,50,1.0,-1,-1,-1
452,2,427,605,93,46,1.0,-1,-1,-1
452,6,370,591,87,51,1.0,-1,-1,-1
452,13,295,583,89,48,1.0,-1,-1,-1
452,14,1048,693,72,68,1.0,-1,-1,-1
452,16,1886,810,34,99,1.0,-1,-1,-1
452,31,1686,778,84,92,1.0,-1,-1,-1
452,34,1283,425,190,88,1.0,-1,-1,-1
452,44,684,665,72,66,1.0,-1,-1,-1
452,45,44,933,62,74,1.0,-1,-1,-1
452,48,1513,962,393,114,1.0,-1,-1,-1
452,49,1136,706,88,59,1.0,-1,-1,-1
452,52,601,527,174,100,1.0,-1,-1,-1
452,56,1163,1049,255,28,1.0,-1,-1,-1
452,57,814,787,379,223,1.0,-1,-1,-1
452,58,593,728,253,151,1.0,-1,-1,-1
452,59,858,732,87,59,1.0,-1,-1,-1
452,60,571,612,107,53,1.0,-1,-1,-1
452,61,365,794,162,121,1.0,-1,-1,-1
452,62,590,899,280,171,1.0,-1,-1,-1
452,63,954,536,245,106,1.0,-1,-1,-1
452,66,746,604,100,62,1.0,-1,-1,-1
452,67,293,671,202,158,1.0,-1,-1,-1
452,71,1201,513,180,110,1.0,-1,-1,-1
452,72,197,696,106,82,1.0,-1,-1,-1
452,73,949,621,169,64,1.0,-1,-1,-1
452,74,116,748,104,89,1.0,-1,-1,-1
452,75,1304,604,200,91,1.0,-1,-1,-1
452,79,1577,609,66,47,1.0,-1,-1,-1
452,80,145,680,28,50,1.0,-1,-1,-1
452,81,1800,603,70,48,1.0,-1,-1,-1
453,2,427,605,93,46,1.0,-1,-1,-1
453,6,370,591,87,51,1.0,-1,-1,-1
453,13,295,583,89,48,1.0,-1,-1,-1
453,14,1048,693,72,68,1.0,-1,-1,-1
453,16,1886,810,34,99,1.0,-1,-1,-1
453,31,1686,778,84,92,1.0,-1,-1,-1
453,34,1283,425,190,88,1.0,-1,-1,-1
453,44,684,664,72,67,1.0,-1,-1,-1
453,45,44,935,62,72,1.0,-1,-1,-1
453,48,1513,962,393,114,1.0,-1,-1,-1
453,49,1136,706,88,59,1.0,-1,-1,-1
453,52,600,527,175,100,1.0,-1,-1,-1
453,56,1165,1049,254,28,1.0,-1,-1,-1
453,57,814,787,379,223,1.0,-1,-1,-1
453,58,593,728,253,151,1.0,-1,-1,-1
453,59,858,731,87,60,1.0,-1,-1,-1
453,60,571,612,107,53,1.0,-1,-1,-1
453,61,365,794,162,121,1.0,-1,-1,-1
453,62,590,899,280,171,1.0,-1,-1,-1
453,63,954,536,245,106,1.0,-1,-1,-1
453,66,747,604,99,62,1.0,-1,-1,-1
453,67,293,672,202,157,1.0,-1,-1,-1
453,71,1201,513,180,110,1.0,-1,-1,-1
453,72,197,696,106,82,1.0,-1,-1,-1
453,73,949,621,169,64,1.0,-1,-1,-1
453,74,116,748,104,89,1.0,-1,-1,-1
453,75,1304,604,200,91,1.0,-1,-1,-1
453,79,1576,609,67,47,1.0,-1,-1,-1
453,80,145,680,28,50,1.0,-1,-1,-1
453,81,1800,603,70,48,1.0,-1,-1,-1
454,2,426,605,89,45,1.0,-1,-1,-1
454,6,367,591,86,51,1.0,-1,-1,-1
454,13,294,583,88,48,1.0,-1,-1,-1
454,14,1049,694,72,67,1.0,-1,-1,-1
454,31,1687,778,82,91,1.0,-1,-1,-1
454,34,1283,425,189,87,1.0,-1,-1,-1
454,44,684,669,72,60,1.0,-1,-1,-1
454,45,45,944,60,60,1.0,-1,-1,-1
454,48,1528,964,388,112,1.0,-1,-1,-1
454,49,1139,706,87,58,1.0,-1,-1,-1
454,52,593,527,180,104,1.0,-1,-1,-1
454,56,1189,1052,240,25,1.0,-1,-1,-1
454,57,825,787,379,227,1.0,-1,-1,-1
454,58,598,728,255,152,1.0,-1,-1,-1
454,59,863,736,87,56,1.0,-1,-1,-1
454,60,570,612,105,53,1.0,-1,-1,-1
454,61,368,795,162,122,1.0,-1,-1,-1
454,62,596,901,283,171,1.0,-1,-1,-1
454,63,950,536,242,106,1.0,-1,-1,-1
454,66,748,603,97,63,1.0,-1,-1,-1
454,67,295,672,205,158,1.0,-1,-1,-1
454,71,1195,511,180,112,1.0,-1,-1,-1
454,72,201,695,106,83,1.0,-1,-1,-1
454,73,949,620,163,63,1.0,-1,-1,-1
454,74,120,749,103,91,1.0,-1,-1,-1
454,75,1300,602,193,93,1.0,-1,-1,-1
454,76,1468,585,59,52,1.0,-1,-1,-1
454,79,1568,610,65,47,1.0,-1,-1,-1
454,81,1789,602,72,49,1.0,-1,-1,-1
455,2,423,604,89,46,1.0,-1,-1,-1
455,6,364,591,88,51,1.0,-1,-1,-1
455,13,293,583,88,47,1.0,-1,-1,-1
455,14,1050,696,72,65,1.0,-1,-1,-1
455,31,1686,777,83,92,1.0,-1,-1,-1
455,34,1284,425,190,87,1.0,-1,-1,-1
455,44,685,672,72,57,1.0,-1,-1,-1
455,45,48,920,63,81,1.0,-1,-1,-1
455,48,1544,966,374,109,1.0,-1,-1,-1
455,49,1143,703,85,60,1.0,-1,-1,-1
455,52,595,527,176,104,1.0,-1,-1,-1
455,57,833,788,383,228,1.0,-1,-1,-1
455,58,604,730,257,152,1.0,-1,-1,-1
455,59,865,733,87,59,1.0,-1,-1,-1
455,60,568,612,106,53,1.0,-1,-1,-1
455,61,371,796,164,122,1.0,-1,-1,-1
455,62,607,903,284,171,1.0,-1,-1,-1
455,63,949,537,239,104,1.0,-1,-1,-1
455,66,749,603,96,64,1.0,-1,-1,-1
455,67,298,672,204,159,1.0,-1,-1,-1
455,71,1185,512,181,111,1.0,-1,-1,-1
455,72,203,693,105,85,1.0,-1,-1,-1
455,73,953,620,151,62,1.0,-1,-1,-1
455,74,121,751,107,91,1.0,-1,-1,-1
455,75,1293,602,195,93,1.0,-1,-1,-1
455,76,1471,597,41,65,1.0,-1,-1,-1
455,79,1557,607,67,49,1.0,-1,-1,-1
455,81,1779,601,71,49,1.0,-1,-1,-1
456,2,420,604,92,47,1.0,-1,-1,-1
456,13,290,583,90,48,1.0,-1,-1,-1
456,14,1050,693,71,68,1.0,-1,-1,-1
456,31,1686,777,83,93,1.0,-1,-1,-1
456,34,1284,425,187,88,1.0,-1,-1,-1
456,44,686,671,71,57,1.0,-1,-1,-1
456,45,50,922,61,77,1.0,-1,-1,-1
456,48,1560,966,358,109,1.0,-1,-1,-1
456,49,1146,704,86,59,1.0,-1,-1,-1
456,52,592,528,176,104,1.0,-1,-1,-1
456,57,841,790,387,227,1.0,-1,-1,-1
456,58,608,731,261,153,1.0,-1,-1,-1
456,59,871,735,88,57,1.0,-1,-1,-1
456,60,565,612,106,52,1.0,-1,-1,-1
456,61,374,796,166,123,1.0,-1,-1,-1
456,62,613,904,288,173,1.0,-1,-1,-1
456,63,947,535,238,107,1.0,-1,-1,-1
456,66,738,604,107,62,1.0,-1,-1,-1
456,67,299,672,209,160,1.0,-1,-1,-1
456,71,1178,513,182,109,1.0,-1,-1,-1
456,72,204,692,108,86,1.0,-1,-1,-1
456,73,954,620,147,60,1.0,-1,-1,-1
456,74,125,752,106,91,1.0,-1,-1,-1
456,75,1287,602,193,92,1.0,-1,-1,-1
456,76,1465,591,39,72,1.0,-1,-1,-1
456,79,1548,608,66,47,1.0,-1,-1,-1
456,81,1769,603,71,48,1.0,-1,-1,-1
457,2,418,604,91,46,1.0,-1,-1,-1
457,13,289,583,86,47,1.0,-1,-1,-1
457,14,1052,700,70,61,1.0,-1,-1,-1
457,16,1886,810,34,99,1.0,-1,-1,-1
457,20,1820,816,43,93,1.0,-1,-1,-1
457,31,1686,777,83,93,1.0,-1,-1,-1
457,34,1285,425,192,88,1.0,-1,-1,-1
457,44,687,672,70,55,1.0,-1,-1,-1
457,45,53,921,59,78,1.0,-1,-1,-1
457,48,1576,967,342,108,1.0,-1,-1,-1
457,49,1149,705,85,57,1.0,-1,-1,-1
457,52,588,528,176,99,1.0,-1,-1,-1
457,57,849,791,390,230,1.0,-1,-1,-1
457,58,614,731,262,155,1.0,-1,-1,-1
457,59,877,733,87,58,1.0,-1,-1,-1
457,60,564,613,104,51,1.0,-1,-1,-1
457,61,376,798,166,123,1.0,-1,-1,-1
457,62,619,907,292,171,1.0,-1,-1,-1
457,63,945,536,236,107,1.0,-1,-1,-1
457,66,736,604,109,58,1.0,-1,-1,-1
457,67,303,673,208,158,1.0,-1,-1,-1
457,71,1174,516,176,107,1.0,-1,-1,-1
457,72,207,693,107,88,1.0,-1,-1,-1
457,73,953,619,140,61,1.0,-1,-1,-1
457,74,129,753,105,91,1.0,-1,-1,-1
457,75,1279,603,193,90,1.0,-1,-1,-1
457,76,1454,592,47,72,1.0,-1,-1,-1
457,79,1539,608,66,45,1.0,-1,-1,-1
457,80,150,681,30,54,1.0,-1,-1,-1
457,81,1760,601,70,49,1.0,-1,-1,-1
458,2,416,605,92,45,1.0,-1,-1,-1
458,13,288,585,81,45,1.0,-1,-1,-1
458,14,1052,699,70,62,1.0,-1,-1,-1
458,16,1885,812,35,97,1.0,-1,-1,-1
458,20,1819,816,44,93,1.0,-1,-1,-1
458,31,1687,777,82,92,1.0,-1,-1,-1
458,34,1285,425,191,88,1.0,-1,-1,-1
458,44,687,673,71,55,1.0,-1,-1,-1
458,45,56,916,54,81,1.0,-1,-1,-1
458,48,1592,968,327,108,1.0,-1,-1,-1
458,49,1153,703,84,58,1.0,-1,-1,-1
458,52,582,528,179,100,1.0,-1,-1,-1
458,57,858,794,394,228,1.0,-1,-1,-1
458,58,620,732,264,157,1.0,-1,-1,-1
458,59,882,735,86,55,1.0,-1,-1,-1
458,60,561,612,108,52,1.0,-1,-1,-1
458,61,380,800,167,123,1.0,-1,-1,-1
458,62,627,911,293,167,1.0,-1,-1,-1
458,63,946,536,238,107,1.0,-1,-1,-1
458,66,733,602,112,64,1.0,-1,-1,-1
458,67,303,672,214,162,1.0,-1,-1,-1
458,71,1169,518,173,105,1.0,-1,-1,-1
458,72,209,693,108,89,1.0,-1,-1,-1
458,73,953,616,137,61,1.0,-1,-1,-1
458,74,131,755,107,91,1.0,-1,-1,-1
458,75,1274,601,191,91,1.0,-1,-1,-1
458,76,1452,591,42,70,1.0,-1,-1,-1
458,79,1530,608,68,45,1.0,-1,-1,-1
458,80,150,683,31,54,1.0,-1,-1,-1
458,81,1750,605,71,46,1.0,-1,-1,-1
459,2,416,604,92,46,1.0,-1,-1,-1
459,6,357,595,87,49,1.0,-1,-1,-1
459,13,288,585,81,45,1.0,-1,-1,-1
459,14,1052,696,69,65,1.0,-1,-1,-1
459,16,1885,813,35,96,1.0,-1,-1,-1
459,20,1819,816,44,93,1.0,-1,-1,-1
459,31,1686,777,83,93,1.0,-1,-1,-1
459,34,1285,425,190,88,1.0,-1,-1,-1
459,39,975,701,73,65,1.0,-1,-1,-1
459,44,687,673,71,55,1.0,-1,-1,-1
459,45,56,916,54,81,1.0,-1,-1,-1
459,48,1592,968,327,108,1.0,-1,-1,-1
459,49,1153,702,84,59,1.0,-1,-1,-1
459,52,582,528,179,100,1.0,-1,-1,-1
459,57,858,794,394,228,1.0,-1,-1,-1
459,58,620,732,264,157,1.0,-1,-1,-1
459,59,882,734,86,56,1.0,-1,-1,-1
459,60,561,612,108,52,1.0,-1,-1,-1
459,61,380,800,167,123,1.0,-1,-1,-1
459,62,627,910,293,168,1.0,-1,-1,-1
459,63,946,536,239,107,1.0,-1,-1,-1
459,66,733,602,112,64,1.0,-1,-1,-1
459,67,303,672,214,162,1.0,-1,-1,-1
459,71,1169,518,173,105,1.0,-1,-1,-1
459,72,209,693,108,89,1.0,-1,-1,-1
459,73,953,615,137,62,1.0,-1,-1,-1
459,74,131,755,107,91,1.0,-1,-1,-1
459,75,1274,601,190,91,1.0,-1,-1,-1
459,76,1448,590,41,70,1.0,-1,-1,-1
459,79,1531,608,66,45,1.0,-1,-1,-1
459,80,150,683,31,53,1.0,-1,-1,-1
459,81,1750,605,71,46,1.0,-1,-1,-1
460,2,414,603,92,48,1.0,-1,-1,-1
460,13,287,586,84,44,1.0,-1,-1,-1
460,14,1053,700,69,61,1.0,-1,-1,-1
460,16,1885,813,35,96,1.0,-1,-1,-1
460,20,1819,816,44,93,1.0,-1,-1,-1
460,31,1686,776,84,94,1.0,-1,-1,-1
460,34,1285,425,189,87,1.0,-1,-1,-1
460,44,687,672,71,57,1.0,-1,-1,-1
460,45,58,926,53,69,1.0,-1,-1,-1
460,48,1610,969,309,106,1.0,-1,-1,-1
460,49,1155,702,83,56,1.0,-1,-1,-1
460,52,582,529,177,100,1.0,-1,-1,-1
460,57,868,796,396,229,1.0,-1,-1,-1
460,58,626,733,267,155,1.0,-1,-1,-1
460,59,885,727,90,63,1.0,-1,-1,-1
460,60,561,611,106,53,1.0,-1,-1,-1
460,61,383,799,169,125,1.0,-1,-1,-1
460,62,636,912,294,167,1.0,-1,-1,-1
460,63,945,536,238,105,1.0,-1,-1,-1
460,66,729,600,114,67,1.0,-1,-1,-1
460,67,306,672,214,163,1.0,-1,-1,-1
460,71,1164,518,172,104,1.0,-1,-1,-1
460,72,210,694,109,88,1.0,-1,-1,-1
460,73,956,615,132,59,1.0,-1,-1,-1
460,74,134,755,108,94,1.0,-1,-1,-1
460,75,1268,600,190,92,1.0,-1,-1,-1
460,76,1448,590,41,71,1.0,-1,-1,-1
460,79,1523,607,63,46,1.0,-1,-1,-1
460,80,153,681,29,56,1.0,-1,-1,-1
460,81,1739,603,72,47,1.0,-1,-1,-1
461,2,413,603,90,47,1.0,-1,-1,-1
461,13,286,585,81,45,1.0,-1,-1,-1
461,14,1053,697,68,64,1.0,-1,-1,-1
461,16,1885,813,35,96,1.0,-1,-1,-1
461,20,1820,816,43,93,1.0,-1,-1,-1
461,31,1686,777,84,93,1.0,-1,-1,-1
461,34,1285,425,192,88,1.0,-1,-1,-1
461,44,687,679,73,51,1.0,-1,-1,-1
461,45,62,920,49,73,1.0,-1,-1,-1
461,48,1628,969,292,107,1.0,-1,-1,-1
461,49,1159,703,84,57,1.0,-1,-1,-1
461,52,575,529,183,109,1.0,-1,-1,-1
461,57,875,800,402,228,1.0,-1,-1,-1
461,58,630,735,270,156,1.0,-1,-1,-1
461,59,891,733,90,58,1.0,-1,-1,-1
461,60,559,610,105,54,1.0,-1,-1,-1
461,61,387,802,170,124,1.0,-1,-1,-1
461,62,643,914,297,165,1.0,-1,-1,-1
461,63,945,537,230,103,1.0,-1,-1,-1
461,66,728,602,116,69,1.0,-1,-1,-1
461,67,309,672,214,164,1.0,-1,-1,-1
461,71,1155,517,173,105,1.0,-1,-1,-1
461,72,212,692,110,92,1.0,-1,-1,-1
461,73,955,616,129,61,1.0,-1,-1,-1
461,74,137,757,108,93,1.0,-1,-1,-1
461,75,1262,601,191,90,1.0,-1,-1,-1
461,76,1444,591,41,69,1.0,-1,-1,-1
461,79,1513,607,64,44,1.0,-1,-1,-1
461,80,154,682,29,58,1.0,-1,-1,-1
461,81,1730,608,72,42,1.0,-1,-1,-1
462,2,411,605,89,45,1.0,-1,-1,-1
462,13,286,585,79,45,1.0,-1,-1,-1
462,14,1052,698,68,63,1.0,-1,-1,-1
462,16,1885,812,35,97,1.0,-1,-1,-1
462,20,1819,814,45,95,1.0,-1,-1,-1
462,23,984,688,61,73,1.0,-1,-1,-1
462,31,1685,777,85,94,1.0,-1,-1,-1
462,34,1284,424,192,90,1.0,-1,-1,-1
462,44,687,680,73,50,1.0,-1,-1,-1
462,45,63,920,51,73,1.0,-1,-1,-1
462,48,1644,971,275,104,1.0,-1,-1,-1
462,49,1163,695,85,63,1.0,-1,-1,-1
462,52,578,530,178,103,1.0,-1,-1,-1
462,57,883,800,407,232,1.0,-1,-1,-1
462,58,637,736,273,156,1.0,-1,-1,-1
462,59,895,723,91,67,1.0,-1,-1,-1
462,60,557,611,106,53,1.0,-1,-1,-1
462,61,391,802,170,125,1.0,-1,-1,-1
462,62,652,916,299,164,1.0,-1,-1,-1
462,63,945,535,225,108,1.0,-1,-1,-1
462,66,727,602,117,67,1.0,-1,-1,-1
462,67,314,672,213,167,1.0,-1,-1,-1
462,71,1153,516,168,106,1.0,-1,-1,-1
462,72,214,695,110,89,1.0,-1,-1,-1
462,73,952,616,127,60,1.0,-1,-1,-1
462,74,138,757,112,96,1.0,-1,-1,-1
462,75,1257,600,188,91,1.0,-1,-1,-1
462,76,1438,591,41,69,1.0,-1,-1,-1
462,79,1505,603,63,48,1.0,-1,-1,-1
462,80,156,684,29,57,1.0,-1,-1,-1
462,81,1720,602,72,50,1.0,-1,-1,-1
463,2,410,603,88,47,1.0,-1,-1,-1
463,13,286,585,78,45,1.0,-1,-1,-1
463,14,1051,697,70,64,1.0,-1,-1,-1
463,16,1885,813,35,96,1.0,-1,-1,-1
463,20,1819,817,44,92,1.0,-1,-1,-1
463,23,985,687,60,75,1.0,-1,-1,-1
463,31,1685,777,85,94,1.0,-1,-1,-1
463,34,1285,424,192,91,1.0,-1,-1,-1
463,44,688,673,72,57,1.0,-1,-1,-1
463,45,66,918,48,73,1.0,-1,-1,-1
463,48,1661,974,259,101,1.0,-1,-1,-1
463,49,1166,688,84,70,1.0,-1,-1,-1
463,52,574,530,178,109,1.0,-1,-1,-1
463,57,895,800,404,234,1.0,-1,-1,-1
463,58,643,737,275,156,1.0,-1,-1,-1
463,59,902,719,89,70,1.0,-1,-1,-1
463,60,555,610,106,54,1.0,-1,-1,-1
463,61,394,802,172,128,1.0,-1,-1,-1
463,62,660,917,305,162,1.0,-1,-1,-1
463,63,944,534,219,107,1.0,-1,-1,-1
463,66,720,601,125,69,1.0,-1,-1,-1
463,67,315,675,218,166,1.0,-1,-1,-1
463,71,1140,511,172,111,1.0,-1,-1,-1
463,72,217,697,110,88,1.0,-1,-1,-1
463,73,950,618,122,57,1.0,-1,-1,-1
463,74,140,758,114,96,1.0,-1,-1,-1
463,75,1251,599,188,92,1.0,-1,-1,-1
463,76,1431,605,44,56,1.0,-1,-1,-1
463,79,1495,606,64,45,1.0,-1,-1,-1
463,80,158,684,28,59,1.0,-1,-1,-1
463,81,1712,603,70,48,1.0,-1,-1,-1
463,82,1873,593,46,45,1.0,-1,-1,-1
464,2,408,604,88,46,1.0,-1,-1,-1
464,13,283,585,79,45,1.0,-1,-1,-1
464,14,1050,697,71,64,1.0,-1,-1,-1
464,16,1885,812,35,97,1.0,-1,-1,-1
464,20,1817,816,46,93,1.0,-1,-1,-1
464,23,983,692,66,70,1.0,-1,-1,-1
464,31,1684,777,86,94,1.0,-1,-1,-1
464,34,1285,423,194,92,1.0,-1,-1,-1
464,44,688,671,72,59,1.0,-1,-1,-1
464,45,67,914,48,73,1.0,-1,-1,-1
464,48,1678,974,242,102,1.0,-1,-1,-1
464,49,1169,692,83,65,1.0,-1,-1,-1
464,52,570,531,180,105,1.0,-1,-1,-1
464,57,904,802,409,235,1.0,-1,-1,-1
464,58,650,737,275,158,1.0,-1,-1,-1
464,59,906,716,91,73,1.0,-1,-1,-1
464,60,553,611,107,53,1.0,-1,-1,-1
464,61,397,804,171,128,1.0,-1,-1,-1
464,62,668,918,306,161,1.0,-1,-1,-1
464,63,944,538,213,102,1.0,-1,-1,-1
464,66,717,603,128,66,1.0,-1,-1,-1
464,67,319,675,217,166,1.0,-1,-1,-1
464,71,1132,513,176,108,1.0,-1,-1,-1
464,72,218,698,113,89,1.0,-1,-1,-1
464,74,143,761,114,95,1.0,-1,-1,-1
464,75,1244,600,189,90,1.0,-1,-1,-1
464,76,1422,592,44,66,1.0,-1,-1,-1
464,79,1485,605,67,45,1.0,-1,-1,-1
464,80,158,684,29,60,1.0,-1,-1,-1
464,81,1702,605,70,47,1.0,-1,-1,-1
464,82,1862,587,46,49,1.0,-1,-1,-1
465,2,408,603,89,47,1.0,-1,-1,-1
465,13,283,585,79,45,1.0,-1,-1,-1
465,14,1050,695,70,66,1.0,-1,-1,-1
465,16,1885,812,35,97,1.0,-1,-1,-1
465,20,1817,815,46,94,1.0,-1,-1,-1
465,23,983,692,67,70,1.0,-1,-1,-1
465,31,1684,777,86,94,1.0,-1,-1,-1
465,34,1284,423,190,92,1.0,-1,-1,-1
465,44,688,671,72,58,1.0,-1,-1,-1
465,45,68,911,47,76,1.0,-1,-1,-1
465,48,1678,974,242,102,1.0,-1,-1,-1
465,49,1169,692,83,66,1.0,-1,-1,-1
465,52,569,530,182,107,1.0,-1,-1,-1
465,57,904,802,409,235,1.0,-1,-1,-1
465,58,648,737,277,159,1.0,-1,-1,-1
465,59,907,716,90,73,1.0,-1,-1,-1
465,60,553,610,109,54,1.0,-1,-1,-1
465,61,397,804,171,128,1.0,-1,-1,-1
465,62,668,917,306,162,1.0,-1,-1,-1
465,63,944,538,215,103,1.0,-1,-1,-1
465,66,717,602,128,67,1.0,-1,-1,-1
465,67,319,675,218,166,1.0,-1,-1,-1
465,71,1131,512,177,109,1.0,-1,-1,-1
465,72,218,698,113,89,1.0,-1,-1,-1
465,74,143,761,114,95,1.0,-1,-1,-1
465,75,1244,600,189,90,1.0,-1,-1,-1
465,76,1419,592,45,67,1.0,-1,-1,-1
465,79,1485,605,67,45,1.0,-1,-1,-1
465,81,1702,605,70,47,1.0,-1,-1,-1
465,82,1862,587,46,50,1.0,-1,-1,-1
465,83,1358,524,29,37,1.0,-1,-1,-1
466,2,406,603,88,47,1.0,-1,-1,-1
466,13,280,584,80,46,1.0,-1,-1,-1
466,14,1049,698,71,63,1.0,-1,-1,-1
466,16,1885,813,35,96,1.0,-1,-1,-1
466,20,1818,818,45,91,1.0,-1,-1,-1
466,31,1683,777,87,95,1.0,-1,-1,-1
466,34,1285,423,192,92,1.0,-1,-1,-1
466,44,688,677,73,53,1.0,-1,-1,-1
466,45,70,919,43,66,1.0,-1,-1,-1
466,48,1689,974,229,102,1.0,-1,-1,-1
466,49,1171,697,84,60,1.0,-1,-1,-1
466,52,569,529,176,111,1.0,-1,-1,-1
466,57,912,801,412,237,1.0,-1,-1,-1
466,58,654,739,280,159,1.0,-1,-1,-1
466,59,909,730,95,60,1.0,-1,-1,-1
466,60,553,611,104,53,1.0,-1,-1,-1
466,61,400,803,175,130,1.0,-1,-1,-1
466,62,676,922,312,158,1.0,-1,-1,-1
466,63,944,537,219,103,1.0,-1,-1,-1
466,66,712,601,133,67,1.0,-1,-1,-1
466,67,321,674,219,168,1.0,-1,-1,-1
466,71,1126,510,175,111,1.0,-1,-1,-1
466,72,220,697,116,91,1.0,-1,-1,-1
466,74,146,762,118,97,1.0,-1,-1,-1
466,75,1237,601,190,87,1.0,-1,-1,-1
466,76,1419,592,45,67,1.0,-1,-1,-1
466,79,1478,605,64,45,1.0,-1,-1,-1
466,81,1692,604,71,47,1.0,-1,-1,-1
466,82,1852,594,50,44,1.0,-1,-1,-1
466,83,1358,525,29,37,1.0,-1,-1,-1
466,84,1889,616,31,56,1.0,-1,-1,-1
467,2,403,604,89,47,1.0,-1,-1,-1
467,13,278,584,80,46,1.0,-1,-1,-1
467,14,1049,697,71,64,1.0,-1,-1,-1
467,16,1885,812,35,97,1.0,-1,-1,-1
467,20,1815,815,48,94,1.0,-1,-1,-1
467,31,1684,777,86,94,1.0,-1,-1,-1
467,34,1285,423,194,95,1.0,-1,-1,-1
467,44,688,677,74,53,1.0,-1,-1,-1
467,45,73,912,41,72,1.0,-1,-1,-1
467,48,1704,974,214,102,1.0,-1,-1,-1
467,49,1175,698,84,58,1.0,-1,-1,-1
467,52,566,527,175,104,1.0,-1,-1,-1
467,57,921,801,415,240,1.0,-1,-1,-1
467,58,661,738,280,161,1.0,-1,-1,-1
467,59,907,728,101,62,1.0,-1,-1,-1
467,60,551,611,107,52,1.0,-1,-1,-1
467,61,404,805,177,130,1.0,-1,-1,-1
467,62,685,925,312,155,1.0,-1,-1,-1
467,63,944,536,214,104,1.0,-1,-1,-1
467,66,712,602,128,64,1.0,-1,-1,-1
467,67,321,675,221,167,1.0,-1,-1,-1
467,71,1115,507,176,114,1.0,-1,-1,-1
467,72,223,698,110,91,1.0,-1,-1,-1
467,74,150,765,117,96,1.0,-1,-1,-1
467,75,1234,600,187,89,1.0,-1,-1,-1
467,76,1409,592,48,68,1.0,-1,-1,-1
467,79,1471,602,61,47,1.0,-1,-1,-1
467,81,1682,606,73,46,1.0,-1,-1,-1
467,82,1842,590,52,48,1.0,-1,-1,-1
467,83,1358,526,29,35,1.0,-1,-1,-1
467,84,1882,600,38,71,1.0,-1,-1,-1
468,2,401,604,89,47,1.0,-1,-1,-1
468,13,278,583,78,47,1.0,-1,-1,-1
468,14,1055,694,65,64,1.0,-1,-1,-1
468,16,1885,813,35,96,1.0,-1,-1,-1
468,20,1818,815,45,93,1.0,-1,-1,-1
468,31,1684,777,87,95,1.0,-1,-1,-1
468,34,1284,423,196,95,1.0,-1,-1,-1
468,44,688,677,74,53,1.0,-1,-1,-1
468,45,73,902,44,79,1.0,-1,-1,-1
468,48,1711,974,208,102,1.0,-1,-1,-1
468,49,1180,693,82,63,1.0,-1,-1,-1
468,52,563,527,176,102,1.0,-1,-1,-1
468,57,931,803,417,238,1.0,-1,-1,-1
468,58,668,739,281,160,1.0,-1,-1,-1
468,59,915,727,98,60,1.0,-1,-1,-1
468,60,548,610,106,53,1.0,-1,-1,-1
468,61,410,808,175,128,1.0,-1,-1,-1
468,62,694,928,315,151,1.0,-1,-1,-1
468,63,946,539,206,102,1.0,-1,-1,-1
468,66,709,602,130,62,1.0,-1,-1,-1
468,67,322,675,226,168,1.0,-1,-1,-1
468,71,1116,514,171,107,1.0,-1,-1,-1
468,72,224,698,112,92,1.0,-1,-1,-1
468,74,153,766,116,96,1.0,-1,-1,-1
468,75,1227,600,186,88,1.0,-1,-1,-1
468,76,1402,593,52,67,1.0,-1,-1,-1
468,79,1460,603,63,46,1.0,-1,-1,-1
468,80,161,685,30,62,1.0,-1,-1,-1
468,81,1673,602,70,51,1.0,-1,-1,-1
468,82,1831,590,57,49,1.0,-1,-1,-1
468,83,1357,525,30,37,1.0,-1,-1,-1
468,84,1877,598,42,72,1.0,-1,-1,-1
469,2,399,604,89,47,1.0,-1,-1,-1
469,13,275,584,80,45,1.0,-1,-1,-1
469,14,1048,696,73,65,1.0,-1,-1,-1
469,16,1885,813,35,96,1.0,-1,-1,-1
469,20,1821,814,43,94,1.0,-1,-1,-1
469,31,1684,776,87,95,1.0,-1,-1,-1
469,34,1284,423,195,94,1.0,-1,-1,-1
469,44,689,677,73,53,1.0,-1,-1,-1
469,45,75,898,43,79,1.0,-1,-1,-1
469,48,1746,976,172,102,1.0,-1,-1,-1
469,49,1183,693,83,62,1.0,-1,-1,-1
469,52,561,527,174,101,1.0,-1,-1,-1
469,57,943,804,417,244,1.0,-1,-1,-1
469,58,673,741,284,160,1.0,-1,-1,-1
469,59,919,724,100,64,1.0,-1,-1,-1
469,60,547,610,106,53,1.0,-1,-1,-1
469,61,413,807,177,131,1.0,-1,-1,-1
469,62,703,930,316,149,1.0,-1,-1,-1
469,63,943,534,232,106,1.0,-1,-1,-1
469,66,706,601,133,64,1.0,-1,-1,-1
469,67,323,677,228,166,1.0,-1,-1,-1
469,71,1059,508,219,116,1.0,-1,-1,-1
469,72,226,699,115,93,1.0,-1,-1,-1
469,74,157,767,118,98,1.0,-1,-1,-1
469,75,1221,599,187,87,1.0,-1,-1,-1
469,76,1397,592,49,66,1.0,-1,-1,-1
469,79,1452,602,62,47,1.0,-1,-1,-1
469,80,160,686,32,63,1.0,-1,-1,-1
469,81,1664,606,70,47,1.0,-1,-1,-1
469,82,1824,594,68,45,1.0,-1,-1,-1
469,84,1870,622,50,50,1.0,-1,-1,-1
470,2,397,604,91,47,1.0,-1,-1,-1
470,13,274,583,79,47,1.0,-1,-1,-1
470,14,1047,690,76,70,1.0,-1,-1,-1
470,16,1885,813,35,96,1.0,-1,-1,-1
470,20,1821,816,44,93,1.0,-1,-1,-1
470,31,1684,776,87,96,1.0,-1,-1,-1
470,34,1284,423,197,94,1.0,-1,-1,-1
470,44,690,677,73,53,1.0,-1,-1,-1
470,45,76,895,42,79,1.0,-1,-1,-1
470,48,1764,977,154,101,1.0,-1,-1,-1
470,49,1185,692,83,62,1.0,-1,-1,-1
470,52,556,527,176,103,1.0,-1,-1,-1
470,57,955,805,419,244,1.0,-1,-1,-1
470,58,681,742,286,161,1.0,-1,-1,-1
470,59,935,726,92,61,1.0,-1,-1,-1
470,60,544,610,108,52,1.0,-1,-1,-1
470,61,417,810,175,129,1.0,-1,-1,-1
470,62,712,932,319,146,1.0,-1,-1,-1
470,63,945,538,197,104,1.0,-1,-1,-1
470,66,703,601,136,66,1.0,-1,-1,-1
470,67,327,676,229,171,1.0,-1,-1,-1
470,71,1082,513,188,109,1.0,-1,-1,-1
470,72,228,699,112,94,1.0,-1,-1,-1
470,74,161,766,117,101,1.0,-1,-1,-1
470,75,1215,599,187,87,1.0,-1,-1,-1
470,76,1390,591,52,67,1.0,-1,-1,-1
470,79,1444,600,61,48,1.0,-1,-1,-1
470,80,167,689,26,62,1.0,-1,-1,-1
470,81,1654,605,72,47,1.0,-1,-1,-1
470,82,1812,591,64,47,1.0,-1,-1,-1
470,84,1863,605,57,67,1.0,-1,-1,-1
471,2,397,604,90,46,1.0,-1,-1,-1
471,13,274,583,79,47,1.0,-1,-1,-1
471,14,1047,691,76,69,1.0,-1,-1,-1
471,16,1885,813,35,96,1.0,-1,-1,-1
471,20,1821,815,44,94,1.0,-1,-1,-1
471,26,742,658,56,49,1.0,-1,-1,-1
471,31,1684,776,87,96,1.0,-1,-1,-1
471,34,1284,423,197,94,1.0,-1,-1,-1
471,44,690,677,73,53,1.0,-1,-1,-1
471,45,76,895,42,79,1.0,-1,-1,-1
471,48,1764,977,154,101,1.0,-1,-1,-1
471,49,1185,692,83,62,1.0,-1,-1,-1
471,52,556,527,176,103,1.0,-1,-1,-1
471,57,955,806,418,243,1.0,-1,-1,-1
471,58,681,742,286,161,1.0,-1,-1,-1
471,59,935,726,92,61,1.0,-1,-1,-1
471,60,544,610,108,52,1.0,-1,-1,-1
471,61,417,810,176,129,1.0,-1,-1,-1
471,62,712,932,319,146,1.0,-1,-1,-1
471,63,945,538,197,104,1.0,-1,-1,-1
471,66,702,601,136,66,1.0,-1,-1,-1
471,67,327,676,229,171,1.0,-1,-1,-1
471,71,1068,513,201,110,1.0,-1,-1,-1
471,72,228,699,112,94,1.0,-1,-1,-1
471,74,161,766,117,101,1.0,-1,-1,-1
471,75,1215,599,187,87,1.0,-1,-1,-1
471,76,1388,591,49,68,1.0,-1,-1,-1
471,79,1444,600,61,48,1.0,-1,-1,-1
471,80,167,689,25,62,1.0,-1,-1,-1
471,81,1654,605,72,47,1.0,-1,-1,-1
471,82,1812,591,64,47,1.0,-1,-1,-1
471,84,1863,605,57,67,1.0,-1,-1,-1
472,2,395,605,89,46,1.0,-1,-1,-1
472,13,272,583,78,46,1.0,-1,-1,-1
472,14,1048,689,80,72,1.0,-1,-1,-1
472,16,1885,809,35,98,1.0,-1,-1,-1
472,20,1821,815,44,94,1.0,-1,-1,-1
472,26,742,644,57,61,1.0,-1,-1,-1
472,31,1684,776,87,96,1.0,-1,-1,-1
472,34,1285,423,198,94,1.0,-1,-1,-1
472,44,690,679,73,50,1.0,-1,-1,-1
472,45,72,867,47,97,1.0,-1,-1,-1
472,48,1782,981,137,97,1.0,-1,-1,-1
472,49,1188,692,85,62,1.0,-1,-1,-1
472,52,552,528,177,101,1.0,-1,-1,-1
472,57,964,807,425,243,1.0,-1,-1,-1
472,58,688,742,286,162,1.0,-1,-1,-1
472,59,921,707,113,78,1.0,-1,-1,-1
472,60,543,611,109,51,1.0,-1,-1,-1
472,61,421,810,180,132,1.0,-1,-1,-1
472,62,721,933,323,145,1.0,-1,-1,-1
472,66,701,600,137,66,1.0,-1,-1,-1
472,67,331,677,231,169,1.0,-1,-1,-1
472,71,942,524,313,115,1.0,-1,-1,-1
472,72,228,700,116,94,1.0,-1,-1,-1
472,74,162,768,121,100,1.0,-1,-1,-1
472,75,1211,598,184,87,1.0,-1,-1,-1
472,76,1387,591,50,68,1.0,-1,-1,-1
472,79,1436,598,62,49,1.0,-1,-1,-1
472,80,169,701,25,52,1.0,-1,-1,-1
472,81,1646,602,71,50,1.0,-1,-1,-1
472,82,1802,590,69,50,1.0,-1,-1,-1
472,84,1857,605,62,68,1.0,-1,-1,-1
473,2,392,604,91,46,1.0,-1,-1,-1
473,13,270,583,78,47,1.0,-1,-1,-1
473,14,1048,688,80,72,1.0,-1,-1,-1
473,16,1885,809,35,98,1.0,-1,-1,-1
473,20,1820,813,45,96,1.0,-1,-1,-1
473,26,742,645,57,60,1.0,-1,-1,-1
473,31,1683,782,91,90,1.0,-1,-1,-1
473,34,1285,422,197,96,1.0,-1,-1,-1
473,44,690,678,74,51,1.0,-1,-1,-1
473,45,73,870,46,93,1.0,-1,-1,-1
473,48,1800,986,119,91,1.0,-1,-1,-1
473,49,1192,692,83,61,1.0,-1,-1,-1
473,52,543,529,183,99,1.0,-1,-1,-1
473,57,976,808,425,243,1.0,-1,-1,-1
473,58,694,744,288,163,1.0,-1,-1,-1
473,59,949,718,91,68,1.0,-1,-1,-1
473,60,541,613,109,49,1.0,-1,-1,-1
473,61,424,811,182,133,1.0,-1,-1,-1
473,62,731,937,327,140,1.0,-1,-1,-1
473,66,700,601,131,66,1.0,-1,-1,-1
473,67,333,678,234,167,1.0,-1,-1,-1
473,71,943,527,290,111,1.0,-1,-1,-1
473,72,230,701,117,93,1.0,-1,-1,-1
473,74,165,770,123,100,1.0,-1,-1,-1
473,75,1205,597,182,88,1.0,-1,-1,-1
473,76,1386,590,45,69,1.0,-1,-1,-1
473,79,1427,598,62,50,1.0,-1,-1,-1
473,80,169,695,28,60,1.0,-1,-1,-1
473,81,1636,606,71,46,1.0,-1,-1,-1
473,82,1793,595,66,44,1.0,-1,-1,-1
473,84,1852,619,66,52,1.0,-1,-1,-1
474,2,391,603,88,47,1.0,-1,-1,-1
474,13,268,583,78,47,1.0,-1,-1,-1
474,14,1048,686,77,74,1.0,-1,-1,-1
474,16,1885,809,35,98,1.0,-1,-1,-1
474,20,1820,811,46,98,1.0,-1,-1,-1
474,26,741,648,58,58,1.0,-1,-1,-1
474,31,1683,782,91,90,1.0,-1,-1,-1
474,34,1285,422,198,95,1.0,-1,-1,-1
474,44,691,680,75,49,1.0,-1,-1,-1
474,45,78,866,42,95,1.0,-1,-1,-1
474,48,1816,989,103,88,1.0,-1,-1,-1
474,49,1195,690,83,62,1.0,-1,-1,-1
474,52,541,529,183,101,1.0,-1,-1,-1
474,57,988,809,430,243,1.0,-1,-1,-1
474,58,702,743,290,165,1.0,-1,-1,-1
474,59,955,720,91,66,1.0,-1,-1,-1
474,60,539,613,105,49,1.0,-1,-1,-1
474,61,428,812,182,134,1.0,-1,-1,-1
474,62,740,939,329,139,1.0,-1,-1,-1
474,66,697,602,128,64,1.0,-1,-1,-1
474,67,338,676,233,172,1.0,-1,-1,-1
474,71,944,515,304,122,1.0,-1,-1,-1
474,72,233,702,115,94,1.0,-1,-1,-1
474,74,168,772,123,100,1.0,-1,-1,-1
474,75,1199,599,183,86,1.0,-1,-1,-1
474,76,1371,592,56,66,1.0,-1,-1,-1
474,79,1419,598,61,49,1.0,-1,-1,-1
474,80,170,706,28,49,1.0,-1,-1,-1
474,81,1627,605,70,46,1.0,-1,-1,-1
474,82,1784,597,64,41,1.0,-1,-1,-1
474,83,1356,525,30,38,1.0,-1,-1,-1
474,84,1846,629,73,43,1.0,-1,-1,-1
475,2,389,603,87,47,1.0,-1,-1,-1
475,13,266,584,80,45,1.0,-1,-1,-1
475,14,1047,689,75,70,1.0,-1,-1,-1
475,16,1885,812,35,97,1.0,-1,-1,-1
475,20,1820,812,46,96,1.0,-1,-1,-1
475,26,741,646,58,59,1.0,-1,-1,-1
475,31,1683,782,91,90,1.0,-1,-1,-1
475,34,1284,422,199,95,1.0,-1,-1,-1
475,44,692,680,73,48,1.0,-1,-1,-1
475,45,79,859,42,101,1.0,-1,-1,-1
475,48,1834,1000,85,75,1.0,-1,-1,-1
475,49,1197,692,84,61,1.0,-1,-1,-1
475,52,544,529,176,98,1.0,-1,-1,-1
475,57,1000,812,428,242,1.0,-1,-1,-1
475,58,709,746,292,165,1.0,-1,-1,-1
475,59,961,709,92,75,1.0,-1,-1,-1
475,60,536,612,105,50,1.0,-1,-1,-1
475,61,433,815,182,132,1.0,-1,-1,-1
475,62,750,940,331,138,1.0,-1,-1,-1
475,66,695,602,131,65,1.0,-1,-1,-1
475,67,344,677,235,172,1.0,-1,-1,-1
475,71,1062,508,181,112,1.0,-1,-1,-1
475,72,235,701,116,97,1.0,-1,-1,-1
475,74,171,774,123,100,1.0,-1,-1,-1
475,75,1193,598,184,86,1.0,-1,-1,-1
475,76,1368,593,53,65,1.0,-1,-1,-1
475,79,1415,594,57,53,1.0,-1,-1,-1
475,80,171,703,28,54,1.0,-1,-1,-1
475,81,1618,603,72,49,1.0,-1,-1,-1
475,82,1775,597,67,41,1.0,-1,-1,-1
475,83,1356,525,29,38,1.0,-1,-1,-1
475,84,1840,623,72,50,1.0,-1,-1,-1
476,2,388,603,86,47,1.0,-1,-1,-1
476,6,328,592,92,49,1.0,-1,-1,-1
476,13,266,586,78,44,1.0,-1,-1,-1
476,14,1055,688,68,69,1.0,-1,-1,-1
476,16,1886,812,34,97,1.0,-1,-1,-1
476,20,1820,811,46,98,1.0,-1,-1,-1
476,26,742,640,55,63,1.0,-1,-1,-1
476,31,1683,782,91,90,1.0,-1,-1,-1
476,34,1284,422,199,95,1.0,-1,-1,-1
476,39,918,708,44,58,1.0,-1,-1,-1
476,44,693,679,72,49,1.0,-1,-1,-1
476,45,80,859,41,98,1.0,-1,-1,-1
476,48,1852,1008,67,67,1.0,-1,-1,-1
476,49,1203,693,80,58,1.0,-1,-1,-1
476,52,544,529,172,96,1.0,-1,-1,-1
476,57,1008,813,435,234,1.0,-1,-1,-1
476,58,715,746,295,166,1.0,-1,-1,-1
476,59,967,722,91,63,1.0,-1,-1,-1
476,60,535,612,104,50,1.0,-1,-1,-1
476,61,436,818,185,131,1.0,-1,-1,-1
476,62,759,941,331,139,1.0,-1,-1,-1
476,66,694,602,125,65,1.0,-1,-1,-1
476,67,348,677,234,174,1.0,-1,-1,-1
476,71,1054,510,183,110,1.0,-1,-1,-1
476,72,238,702,115,95,1.0,-1,-1,-1
476,74,173,775,126,101,1.0,-1,-1,-1
476,75,1187,597,182,87,1.0,-1,-1,-1
476,76,1365,593,53,65,1.0,-1,-1,-1
476,79,1408,598,55,48,1.0,-1,-1,-1
476,80,173,704,27,55,1.0,-1,-1,-1
476,81,1609,605,71,47,1.0,-1,-1,-1
476,82,1763,594,70,45,1.0,-1,-1,-1
476,83,1355,525,29,38,1.0,-1,-1,-1
476,84,1833,615,71,58,1.0,-1,-1,-1
477,2,388,603,86,47,1.0,-1,-1,-1
477,6,328,592,92,49,1.0,-1,-1,-1
477,13,266,586,78,44,1.0,-1,-1,-1
477,14,1064,671,70,75,1.0,-1,-1,-1
477,16,1886,813,34,95,1.0,-1,-1,-1
477,20,1820,811,46,98,1.0,-1,-1,-1
477,26,741,640,56,63,1.0,-1,-1,-1
477,31,1683,782,91,90,1.0,-1,-1,-1
477,34,1284,422,198,95,1.0,-1,-1,-1
477,39,918,708,43,58,1.0,-1,-1,-1
477,44,693,679,72,49,1.0,-1,-1,-1
477,45,80,858,41,99,1.0,-1,-1,-1
477,48,1852,1008,67,67,1.0,-1,-1,-1
477,49,1203,692,80,59,1.0,-1,-1,-1
477,52,544,529,172,96,1.0,-1,-1,-1
477,57,1008,813,435,234,1.0,-1,-1,-1
477,58,715,746,295,166,1.0,-1,-1,-1
477,59,967,722,91,63,1.0,-1,-1,-1
477,60,535,612,104,50,1.0,-1,-1,-1
477,61,436,818,185,131,1.0,-1,-1,-1
477,62,759,941,331,139,1.0,-1,-1,-1
477,63,945,528,273,107,1.0,-1,-1,-1
477,66,694,602,125,65,1.0,-1,-1,-1
477,67,348,677,234,174,1.0,-1,-1,-1
477,72,238,702,115,95,1.0,-1,-1,-1
477,74,173,775,126,101,1.0,-1,-1,-1
477,75,1187,597,182,87,1.0,-1,-1,-1
477,76,1361,594,49,64,1.0,-1,-1,-1
477,79,1408,598,55,48,1.0,-1,-1,-1
477,80,173,704,27,55,1.0,-1,-1,-1
477,81,1609,605,71,47,1.0,-1,-1,-1
477,82,1763,594,70,45,1.0,-1,-1,-1
477,83,1355,525,29,38,1.0,-1,-1,-1
477,84,1834,615,70,58,1.0,-1,-1,-1
478,2,387,603,86,47,1.0,-1,-1,-1
478,13,265,585,76,43,1.0,-1,-1,-1
478,16,1885,811,35,97,1.0,-1,-1,-1
478,20,1820,812,46,97,1.0,-1,-1,-1
478,26,739,638,57,65,1.0,-1,-1,-1
478,31,1684,782,90,91,1.0,-1,-1,-1
478,34,1284,423,196,94,1.0,-1,-1,-1
478,39,909,692,64,73,1.0,-1,-1,-1
478,44,693,679,73,49,1.0,-1,-1,-1
478,45,80,855,41,99,1.0,-1,-1,-1
478,48,1867,1009,53,67,1.0,-1,-1,-1
478,49,1206,693,80,57,1.0,-1,-1,-1
478,52,539,529,174,98,1.0,-1,-1,-1
478,57,1019,813,436,249,1.0,-1,-1,-1
478,58,721,748,298,166,1.0,-1,-1,-1
478,59,973,721,88,62,1.0,-1,-1,-1
478,60,535,612,104,50,1.0,-1,-1,-1
478,61,441,820,186,131,1.0,-1,-1,-1
478,62,770,942,338,136,1.0,-1,-1,-1
478,63,945,539,174,100,1.0,-1,-1,-1
478,65,645,618,42,40,1.0,-1,-1,-1
478,66,693,600,125,67,1.0,-1,-1,-1
478,67,350,679,238,173,1.0,-1,-1,-1
478,72,239,703,118,95,1.0,-1,-1,-1
478,74,177,774,127,105,1.0,-1,-1,-1
478,75,1182,597,180,86,1.0,-1,-1,-1
478,76,1361,594,49,64,1.0,-1,-1,-1
478,79,1402,595,50,49,1.0,-1,-1,-1
478,80,174,699,27,62,1.0,-1,-1,-1
478,81,1601,602,69,50,1.0,-1,-1,-1
478,82,1753,595,68,43,1.0,-1,-1,-1
478,83,1355,529,29,35,1.0,-1,-1,-1
478,84,1828,617,73,56,1.0,-1,-1,-1
479,2,384,603,87,47,1.0,-1,-1,-1
479,13,263,585,75,43,1.0,-1,-1,-1
479,16,1885,811,35,97,1.0,-1,-1,-1
479,20,1820,813,46,96,1.0,-1,-1,-1
479,26,741,644,59,61,1.0,-1,-1,-1
479,31,1683,782,92,91,1.0,-1,-1,-1
479,34,1285,423,195,94,1.0,-1,-1,-1
479,39,916,703,57,60,1.0,-1,-1,-1
479,44,694,680,72,48,1.0,-1,-1,-1
479,45,83,849,38,101,1.0,-1,-1,-1
479,49,1209,692,80,57,1.0,-1,-1,-1
479,52,538,529,173,102,1.0,-1,-1,-1
479,57,1031,814,440,242,1.0,-1,-1,-1
479,58,728,749,299,165,1.0,-1,-1,-1
479,59,977,721,91,62,1.0,-1,-1,-1
479,60,533,611,106,51,1.0,-1,-1,-1
479,61,445,821,188,134,1.0,-1,-1,-1
479,62,779,946,339,132,1.0,-1,-1,-1
479,63,946,541,158,98,1.0,-1,-1,-1
479,65,640,622,45,37,1.0,-1,-1,-1
479,66,691,599,123,70,1.0,-1,-1,-1
479,67,354,679,239,176,1.0,-1,-1,-1
479,72,240,703,121,95,1.0,-1,-1,-1
479,74,182,778,125,102,1.0,-1,-1,-1
479,75,1175,597,181,85,1.0,-1,-1,-1
479,76,1355,594,52,64,1.0,-1,-1,-1
479,79,1394,595,52,49,1.0,-1,-1,-1
479,80,177,701,26,62,1.0,-1,-1,-1
479,81,1592,606,69,46,1.0,-1,-1,-1
479,82,1744,594,68,44,1.0,-1,-1,-1
479,83,1355,528,30,37,1.0,-1,-1,-1
479,84,1821,631,77,43,1.0,-1,-1,-1
480,2,382,604,87,46,1.0,-1,-1,-1
480,13,261,585,74,43,1.0,-1,-1,-1
480,16,1885,811,35,97,1.0,-1,-1,-1
480,20,1820,813,46,96,1.0,-1,-1,-1
480,26,742,638,56,64,1.0,-1,-1,-1
480,31,1683,782,91,91,1.0,-1,-1,-1
480,34,1285,423,194,95,1.0,-1,-1,-1
480,39,918,704,62,60,1.0,-1,-1,-1
480,44,695,680,71,48,1.0,-1,-1,-1
480,45,81,845,41,85,1.0,-1,-1,-1
480,49,1213,694,80,53,1.0,-1,-1,-1
480,52,537,530,170,98,1.0,-1,-1,-1
480,57,1043,812,442,241,1.0,-1,-1,-1
480,58,736,751,301,165,1.0,-1,-1,-1
480,59,982,717,90,67,1.0,-1,-1,-1
480,60,533,612,101,50,1.0,-1,-1,-1
480,61,450,820,188,136,1.0,-1,-1,-1
480,62,787,948,345,129,1.0,-1,-1,-1
480,63,946,541,152,100,1.0,-1,-1,-1
480,65,633,622,48,37,1.0,-1,-1,-1
480,66,689,600,125,68,1.0,-1,-1,-1
480,67,358,681,239,174,1.0,-1,-1,-1
480,71,1046,513,168,103,1.0,-1,-1,-1
480,72,241,703,121,97,1.0,-1,-1,-1
480,74,184,779,128,104,1.0,-1,-1,-1
480,75,1170,597,181,84,1.0,-1,-1,-1
480,76,1348,595,54,62,1.0,-1,-1,-1
480,79,1383,592,54,52,1.0,-1,-1,-1
480,80,177,701,26,62,1.0,-1,-1,-1
480,81,1584,605,70,46,1.0,-1,-1,-1
480,82,1734,595,67,43,1.0,-1,-1,-1
480,83,1355,527,30,38,1.0,-1,-1,-1
480,84,1815,630,76,45,1.0,-1,-1,-1
481,2,381,602,86,47,1.0,-1,-1,-1
481,13,260,585,75,43,1.0,-1,-1,-1
481,16,1885,811,35,97,1.0,-1,-1,-1
481,20,1820,813,46,96,1.0,-1,-1,-1
481,26,741,642,57,61,1.0,-1,-1,-1
481,31,1682,782,92,90,1.0,-1,-1,-1
481,34,1284,424,193,94,1.0,-1,-1,-1
481,39,912,702,63,63,1.0,-1,-1,-1
481,44,696,679,70,49,1.0,-1,-1,-1
481,45,82,846,39,85,1.0,-1,-1,-1
481,49,1216,693,81,55,1.0,-1,-1,-1
481,52,533,529,171,98,1.0,-1,-1,-1
481,57,1054,816,445,240,1.0,-1,-1,-1
481,58,743,751,305,167,1.0,-1,-1,-1
481,59,988,724,92,60,1.0,-1,-1,-1
481,60,530,612,102,50,1.0,-1,-1,-1
481,61,455,823,187,136,1.0,-1,-1,-1
481,62,800,951,345,125,1.0,-1,-1,-1
481,63,946,540,154,100,1.0,-1,-1,-1
481,65,632,620,46,40,1.0,-1,-1,-1
481,66,685,600,129,67,1.0,-1,-1,-1
481,67,360,681,241,172,1.0,-1,-1,-1
481,71,1036,511,173,106,1.0,-1,-1,-1
481,72,243,703,124,99,1.0,-1,-1,-1
481,74,186,780,130,106,1.0,-1,-1,-1
481,75,1164,597,180,82,1.0,-1,-1,-1
481,76,1343,595,54,61,1.0,-1,-1,-1
481,79,1379,595,49,47,1.0,-1,-1,-1
481,80,179,705,25,61,1.0,-1,-1,-1
481,81,1574,604,71,48,1.0,-1,-1,-1
481,82,1723,594,69,45,1.0,-1,-1,-1
481,83,1354,528,27,37,1.0,-1,-1,-1
481,84,1810,624,75,51,1.0,-1,-1,-1
482,2,377,604,85,44,1.0,-1,-1,-1
482,13,258,584,75,45,1.0,-1,-1,-1
482,16,1885,811,35,97,1.0,-1,-1,-1
482,20,1820,813,46,96,1.0,-1,-1,-1
482,26,746,659,53,46,1.0,-1,-1,-1
482,31,1682,782,92,90,1.0,-1,-1,-1
482,34,1284,423,195,95,1.0,-1,-1,-1
482,39,917,701,63,65,1.0,-1,-1,-1
482,44,697,679,69,49,1.0,-1,-1,-1
482,45,83,844,41,86,1.0,-1,-1,-1
482,49,1220,693,79,54,1.0,-1,-1,-1
482,52,533,529,169,98,1.0,-1,-1,-1
482,57,1068,816,447,254,1.0,-1,-1,-1
482,58,750,752,308,168,1.0,-1,-1,-1
482,59,991,714,95,67,1.0,-1,-1,-1
482,60,527,610,103,52,1.0,-1,-1,-1
482,61,460,823,191,138,1.0,-1,-1,-1
482,62,808,953,353,123,1.0,-1,-1,-1
482,63,946,541,139,100,1.0,-1,-1,-1
482,65,629,619,47,41,1.0,-1,-1,-1
482,66,681,601,128,67,1.0,-1,-1,-1
482,67,363,681,244,174,1.0,-1,-1,-1
482,71,1018,506,183,110,1.0,-1,-1,-1
482,72,245,703,124,100,1.0,-1,-1,-1
482,74,191,781,130,107,1.0,-1,-1,-1
482,75,1159,599,183,82,1.0,-1,-1,-1
482,76,1339,595,52,62,1.0,-1,-1,-1
482,79,1375,596,46,44,1.0,-1,-1,-1
482,80,179,706,27,60,1.0,-1,-1,-1
482,81,1567,607,68,45,1.0,-1,-1,-1
482,82,1714,595,70,43,1.0,-1,-1,-1
482,83,1353,528,28,37,1.0,-1,-1,-1
482,84,1804,631,77,45,1.0,-1,-1,-1
483,2,377,604,85,44,1.0,-1,-1,-1
483,13,259,584,74,45,1.0,-1,-1,-1
483,16,1885,811,35,98,1.0,-1,-1,-1
483,20,1820,813,46,95,1.0,-1,-1,-1
483,26,746,659,53,46,1.0,-1,-1,-1
483,31,1682,783,92,89,1.0,-1,-1,-1
483,34,1285,423,196,95,1.0,-1,-1,-1
483,39,918,701,62,65,1.0,-1,-1,-1
483,44,696,678,70,50,1.0,-1,-1,-1
483,45,83,844,41,87,1.0,-1,-1,-1
483,49,1220,694,79,53,1.0,-1,-1,-1
483,52,533,530,169,97,1.0,-1,-1,-1
483,57,1068,816,447,253,1.0,-1,-1,-1
483,58,750,752,308,167,1.0,-1,-1,-1
483,59,991,714,95,68,1.0,-1,-1,-1
483,60,527,611,103,51,1.0,-1,-1,-1
483,61,460,823,191,138,1.0,-1,-1,-1
483,62,808,952,353,124,1.0,-1,-1,-1
483,63,946,541,140,100,1.0,-1,-1,-1
483,65,629,619,47,41,1.0,-1,-1,-1
483,66,681,601,128,67,1.0,-1,-1,-1
483,67,363,681,244,174,1.0,-1,-1,-1
483,71,1020,506,180,110,1.0,-1,-1,-1
483,72,245,703,124,100,1.0,-1,-1,-1
483,74,190,781,131,107,1.0,-1,-1,-1
483,75,1159,599,183,82,1.0,-1,-1,-1
483,76,1332,592,54,62,1.0,-1,-1,-1
483,79,1375,595,46,44,1.0,-1,-1,-1
483,80,179,705,27,61,1.0,-1,-1,-1
483,81,1567,607,68,45,1.0,-1,-1,-1
483,82,1714,595,70,43,1.0,-1,-1,-1
483,83,1353,528,28,37,1.0,-1,-1,-1
483,84,1804,631,77,45,1.0,-1,-1,-1
484,2,377,603,84,45,1.0,-1,-1,-1
484,13,258,584,74,44,1.0,-1,-1,-1
484,16,1885,810,35,98,1.0,-1,-1,-1
484,20,1820,814,46,95,1.0,-1,-1,-1
484,26,747,659,53,46,1.0,-1,-1,-1
484,31,1682,782,92,90,1.0,-1,-1,-1
484,34,1285,422,199,95,1.0,-1,-1,-1
484,39,918,703,73,60,1.0,-1,-1,-1
484,44,696,679,70,49,1.0,-1,-1,-1
484,45,84,846,43,86,1.0,-1,-1,-1
484,49,1223,690,80,57,1.0,-1,-1,-1
484,52,529,529,172,101,1.0,-1,-1,-1
484,57,1080,815,449,245,1.0,-1,-1,-1
484,58,759,752,307,169,1.0,-1,-1,-1
484,59,1001,715,93,67,1.0,-1,-1,-1
484,60,525,611,103,50,1.0,-1,-1,-1
484,61,463,824,193,140,1.0,-1,-1,-1
484,62,820,955,355,121,1.0,-1,-1,-1
484,63,946,540,136,102,1.0,-1,-1,-1
484,65,623,621,51,40,1.0,-1,-1,-1
484,66,681,602,123,65,1.0,-1,-1,-1
484,67,366,682,247,173,1.0,-1,-1,-1
484,71,1021,506,172,111,1.0,-1,-1,-1
484,72,246,705,125,100,1.0,-1,-1,-1
484,74,194,783,132,107,1.0,-1,-1,-1
484,75,1153,597,181,82,1.0,-1,-1,-1
484,76,1332,592,54,62,1.0,-1,-1,-1
484,80,181,707,26,61,1.0,-1,-1,-1
484,81,1558,606,68,45,1.0,-1,-1,-1
484,82,1703,595,71,43,1.0,-1,-1,-1
484,83,1353,528,28,37,1.0,-1,-1,-1
484,84,1797,629,79,47,1.0,-1,-1,-1
485,2,376,603,84,45,1.0,-1,-1,-1
485,13,255,583,75,45,1.0,-1,-1,-1
485,16,1885,810,35,98,1.0,-1,-1,-1
485,20,1821,815,46,94,1.0,-1,-1,-1
485,31,1682,782,93,89,1.0,-1,-1,-1
485,34,1284,423,199,94,1.0,-1,-1,-1
485,39,924,699,83,65,1.0,-1,-1,-1
485,44,697,679,70,48,1.0,-1,-1,-1
485,45,87,843,40,86,1.0,-1,-1,-1
485,49,1227,692,79,54,1.0,-1,-1,-1
485,52,529,530,171,97,1.0,-1,-1,-1
485,57,1092,822,453,238,1.0,-1,-1,-1
485,58,765,753,312,170,1.0,-1,-1,-1
485,59,1008,711,91,70,1.0,-1,-1,-1
485,60,522,612,104,49,1.0,-1,-1,-1
485,61,469,826,193,140,1.0,-1,-1,-1
485,62,832,957,357,119,1.0,-1,-1,-1
485,63,944,541,134,101,1.0,-1,-1,-1
485,65,621,621,52,40,1.0,-1,-1,-1
485,66,679,603,123,64,1.0,-1,-1,-1
485,67,370,683,249,176,1.0,-1,-1,-1
485,71,943,513,241,127,1.0,-1,-1,-1
485,72,248,706,125,98,1.0,-1,-1,-1
485,74,195,782,134,111,1.0,-1,-1,-1
485,75,1149,597,180,82,1.0,-1,-1,-1
485,76,1328,596,54,58,1.0,-1,-1,-1
485,80,182,707,27,64,1.0,-1,-1,-1
485,81,1549,602,70,49,1.0,-1,-1,-1
485,82,1694,595,66,42,1.0,-1,-1,-1
485,83,1353,528,28,37,1.0,-1,-1,-1
485,84,1791,628,78,49,1.0,-1,-1,-1
485,85,1884,600,36,53,1.0,-1,-1,-1
486,2,374,603,85,47,1.0,-1,-1,-1
486,13,253,584,77,43,1.0,-1,-1,-1
486,16,1885,810,35,98,1.0,-1,-1,-1
486,20,1821,814,45,95,1.0,-1,-1,-1
486,31,1682,783,92,89,1.0,-1,-1,-1
486,34,1284,423,200,94,1.0,-1,-1,-1
486,39,926,697,83,64,1.0,-1,-1,-1
486,44,697,679,71,48,1.0,-1,-1,-1
486,45,88,837,39,90,1.0,-1,-1,-1
486,49,1231,691,78,54,1.0,-1,-1,-1
486,52,524,530,175,96,1.0,-1,-1,-1
486,57,1103,823,458,245,1.0,-1,-1,-1
486,58,773,754,314,171,1.0,-1,-1,-1
486,59,1015,720,90,60,1.0,-1,-1,-1
486,60,521,612,104,49,1.0,-1,-1,-1
486,61,473,827,195,140,1.0,-1,-1,-1
486,62,844,960,358,116,1.0,-1,-1,-1
486,63,945,537,148,105,1.0,-1,-1,-1
486,65,621,621,46,41,1.0,-1,-1,-1
486,66,677,604,123,63,1.0,-1,-1,-1
486,67,374,682,248,178,1.0,-1,-1,-1
486,71,1002,506,179,105,1.0,-1,-1,-1
486,72,249,706,128,98,1.0,-1,-1,-1
486,74,199,784,138,111,1.0,-1,-1,-1
486,75,1143,597,180,80,1.0,-1,-1,-1
486,76,1321,594,59,59,1.0,-1,-1,-1
486,80,185,732,26,42,1.0,-1,-1,-1
486,81,1540,606,71,45,1.0,-1,-1,-1
486,82,1685,594,66,43,1.0,-1,-1,-1
486,83,1351,525,29,40,1.0,-1,-1,-1
486,84,1788,628,75,49,1.0,-1,-1,-1
486,85,1876,599,44,52,1.0,-1,-1,-1
487,2,371,602,85,46,1.0,-1,-1,-1
487,13,252,585,77,41,1.0,-1,-1,-1
487,16,1886,810,34,98,1.0,-1,-1,-1
487,20,1821,814,44,94,1.0,-1,-1,-1
487,31,1682,782,92,90,1.0,-1,-1,-1
487,34,1284,423,199,94,1.0,-1,-1,-1
487,39,928,692,82,71,1.0,-1,-1,-1
487,44,697,678,71,49,1.0,-1,-1,-1
487,45,90,837,38,89,1.0,-1,-1,-1
487,49,1235,690,78,53,1.0,-1,-1,-1
487,52,521,531,175,98,1.0,-1,-1,-1
487,57,1116,824,459,243,1.0,-1,-1,-1
487,58,781,754,316,172,1.0,-1,-1,-1
487,59,1024,706,93,73,1.0,-1,-1,-1
487,60,520,613,100,48,1.0,-1,-1,-1
487,61,479,827,197,142,1.0,-1,-1,-1
487,62,855,963,361,113,1.0,-1,-1,-1
487,63,946,539,132,103,1.0,-1,-1,-1
487,65,619,622,45,39,1.0,-1,-1,-1
487,66,676,603,122,63,1.0,-1,-1,-1
487,67,378,684,250,178,1.0,-1,-1,-1
487,71,1000,508,174,104,1.0,-1,-1,-1
487,72,252,706,126,99,1.0,-1,-1,-1
487,74,205,787,136,110,1.0,-1,-1,-1
487,75,1137,595,178,81,1.0,-1,-1,-1
487,76,1318,594,59,59,1.0,-1,-1,-1
487,80,187,732,25,45,1.0,-1,-1,-1
487,81,1533,605,69,46,1.0,-1,-1,-1
487,82,1675,594,67,43,1.0,-1,-1,-1
487,83,1348,527,31,38,1.0,-1,-1,-1
487,84,1780,630,78,48,1.0,-1,-1,-1
487,85,1863,594,57,55,1.0,-1,-1,-1
488,2,368,601,87,46,1.0,-1,-1,-1
488,13,249,586,76,41,1.0,-1,-1,-1
488,16,1886,812,34,97,1.0,-1,-1,-1
488,20,1821,816,44,93,1.0,-1,-1,-1
488,31,1682,782,92,90,1.0,-1,-1,-1
488,34,1284,423,200,93,1.0,-1,-1,-1
488,39,928,702,81,62,1.0,-1,-1,-1
488,44,698,677,69,50,1.0,-1,-1,-1
488,45,90,836,39,91,1.0,-1,-1,-1
488,49,1238,688,79,55,1.0,-1,-1,-1
488,52,520,531,170,97,1.0,-1,-1,-1
488,57,1132,824,457,238,1.0,-1,-1,-1
488,58,789,755,316,172,1.0,-1,-1,-1
488,59,1026,709,96,70,1.0,-1,-1,-1
488,60,516,613,102,47,1.0,-1,-1,-1
488,61,485,828,198,143,1.0,-1,-1,-1
488,62,866,967,365,109,1.0,-1,-1,-1
488,63,946,539,139,103,1.0,-1,-1,-1
488,65,616,624,43,37,1.0,-1,-1,-1
488,66,673,605,123,62,1.0,-1,-1,-1
488,67,382,683,253,180,1.0,-1,-1,-1
488,71,954,518,208,102,1.0,-1,-1,-1
488,72,255,705,125,100,1.0,-1,-1,-1
488,74,207,789,139,109,1.0,-1,-1,-1
488,75,1134,595,175,81,1.0,-1,-1,-1
488,76,1313,595,60,59,1.0,-1,-1,-1
488,80,188,734,28,44,1.0,-1,-1,-1
488,81,1524,604,72,47,1.0,-1,-1,-1
488,82,1665,594,67,42,1.0,-1,-1,-1
488,83,1347,527,31,38,1.0,-1,-1,-1
488,84,1774,631,79,47,1.0,-1,-1,-1
488,85,1856,591,64,59,1.0,-1,-1,-1
489,2,368,601,87,46,1.0,-1,-1,-1
489,13,249,586,77,41,1.0,-1,-1,-1
489,16,1886,812,34,96,1.0,-1,-1,-1
489,20,1821,816,43,93,1.0,-1,-1,-1
489,31,1682,782,92,90,1.0,-1,-1,-1
489,34,1284,423,197,93,1.0,-1,-1,-1
489,39,928,702,80,62,1.0,-1,-1,-1
489,44,698,676,69,51,1.0,-1,-1,-1
489,45,90,836,39,91,1.0,-1,-1,-1
489,49,1238,688,79,54,1.0,-1,-1,-1
489,52,520,531,169,97,1.0,-1,-1,-1
489,57,1131,825,458,238,1.0,-1,-1,-1
489,58,789,755,316,172,1.0,-1,-1,-1
489,59,1026,709,96,70,1.0,-1,-1,-1
489,60,516,613,102,47,1.0,-1,-1,-1
489,61,485,828,198,143,1.0,-1,-1,-1
489,62,866,967,365,109,1.0,-1,-1,-1
489,63,946,539,139,103,1.0,-1,-1,-1
489,65,617,625,42,36,1.0,-1,-1,-1
489,66,673,605,123,62,1.0,-1,-1,-1
489,67,382,684,253,179,1.0,-1,-1,-1
489,71,953,518,207,103,1.0,-1,-1,-1
489,72,255,706,125,99,1.0,-1,-1,-1
489,74,207,789,139,110,1.0,-1,-1,-1
489,75,1134,595,175,81,1.0,-1,-1,-1
489,76,1308,592,66,63,1.0,-1,-1,-1
489,80,189,733,27,45,1.0,-1,-1,-1
489,81,1524,604,72,47,1.0,-1,-1,-1
489,82,1665,594,67,42,1.0,-1,-1,-1
489,83,1347,527,31,38,1.0,-1,-1,-1
489,84,1774,631,79,47,1.0,-1,-1,-1
489,85,1856,591,64,59,1.0,-1,-1,-1
490,2,368,602,84,47,1.0,-1,-1,-1
490,13,247,585,78,42,1.0,-1,-1,-1
490,16,1885,811,35,96,1.0,-1,-1,-1
490,20,1821,815,44,94,1.0,-1,-1,-1
490,31,1682,782,92,90,1.0,-1,-1,-1
490,34,1284,423,198,94,1.0,-1,-1,-1
490,39,929,706,85,58,1.0,-1,-1,-1
490,44,698,676,70,52,1.0,-1,-1,-1
490,45,91,832,37,92,1.0,-1,-1,-1
490,49,1241,685,79,57,1.0,-1,-1,-1
490,52,520,531,162,93,1.0,-1,-1,-1
490,57,1143,827,463,239,1.0,-1,-1,-1
490,58,795,757,321,173,1.0,-1,-1,-1
490,59,1035,705,89,73,1.0,-1,-1,-1
490,60,514,611,103,50,1.0,-1,-1,-1
490,61,491,830,197,144,1.0,-1,-1,-1
490,62,878,969,368,107,1.0,-1,-1,-1
490,63,945,542,121,100,1.0,-1,-1,-1
490,65,613,624,44,37,1.0,-1,-1,-1
490,66,671,603,122,64,1.0,-1,-1,-1
490,67,387,685,253,179,1.0,-1,-1,-1
490,71,996,512,161,99,1.0,-1,-1,-1
490,72,255,707,129,100,1.0,-1,-1,-1
490,74,211,789,137,111,1.0,-1,-1,-1
490,75,1129,596,174,84,1.0,-1,-1,-1
490,76,1308,592,66,63,1.0,-1,-1,-1
490,80,189,732,27,47,1.0,-1,-1,-1
490,81,1516,606,69,45,1.0,-1,-1,-1
490,82,1656,594,65,42,1.0,-1,-1,-1
490,83,1348,528,30,37,1.0,-1,-1,-1
490,84,1769,630,84,48,1.0,-1,-1,-1
490,85,1840,592,72,61,1.0,-1,-1,-1
491,2,365,602,86,47,1.0,-1,-1,-1
491,16,1885,811,35,96,1.0,-1,-1,-1
491,20,1821,813,45,95,1.0,-1,-1,-1
491,31,1682,782,92,90,1.0,-1,-1,-1
491,34,1284,423,199,94,1.0,-1,-1,-1
491,39,934,705,74,59,1.0,-1,-1,-1
491,44,698,677,70,50,1.0,-1,-1,-1
491,45,92,831,37,90,1.0,-1,-1,-1
491,49,1246,669,77,69,1.0,-1,-1,-1
491,52,512,531,169,92,1.0,-1,-1,-1
491,57,1159,827,460,242,1.0,-1,-1,-1
491,58,804,758,323,174,1.0,-1,-1,-1
491,59,1041,710,92,68,1.0,-1,-1,-1
491,60,512,611,103,49,1.0,-1,-1,-1
491,61,496,830,199,146,1.0,-1,-1,-1
491,62,889,972,373,104,1.0,-1,-1,-1
491,63,946,542,115,100,1.0,-1,-1,-1
491,65,610,624,43,37,1.0,-1,-1,-1
491,66,670,605,115,61,1.0,-1,-1,-1
491,67,392,684,253,181,1.0,-1,-1,-1
491,71,994,509,156,101,1.0,-1,-1,-1
491,72,257,707,129,100,1.0,-1,-1,-1
491,74,213,790,140,112,1.0,-1,-1,-1
491,75,1124,596,174,85,1.0,-1,-1,-1
491,76,1302,605,67,52,1.0,-1,-1,-1
491,80,190,729,28,52,1.0,-1,-1,-1
491,81,1508,604,67,47,1.0,-1,-1,-1
491,82,1646,594,64,42,1.0,-1,-1,-1
491,83,1348,527,29,38,1.0,-1,-1,-1
491,84,1767,610,76,67,1.0,-1,-1,-1
491,85,1838,594,63,58,1.0,-1,-1,-1
492,2,364,604,84,45,1.0,-1,-1,-1
492,16,1885,810,35,97,1.0,-1,-1,-1
492,20,1821,814,44,95,1.0,-1,-1,-1
492,31,1682,782,92,90,1.0,-1,-1,-1
492,34,1284,423,197,94,1.0,-1,-1,-1
492,39,935,707,68,57,1.0,-1,-1,-1
492,44,700,678,68,49,1.0,-1,-1,-1
492,45,95,834,36,83,1.0,-1,-1,-1
492,49,1249,672,77,66,1.0,-1,-1,-1
492,52,513,531,164,94,1.0,-1,-1,-1
492,57,1173,829,463,240,1.0,-1,-1,-1
492,58,813,758,323,176,1.0,-1,-1,-1
492,59,1048,709,91,68,1.0,-1,-1,-1
492,60,508,610,106,51,1.0,-1,-1,-1
492,61,501,834,203,145,1.0,-1,-1,-1
492,62,903,973,374,103,1.0,-1,-1,-1
492,63,946,542,115,101,1.0,-1,-1,-1
492,65,607,624,43,38,1.0,-1,-1,-1
492,66,668,603,115,64,1.0,-1,-1,-1
492,67,395,684,254,182,1.0,-1,-1,-1
492,71,984,511,158,101,1.0,-1,-1,-1
492,72,258,707,131,102,1.0,-1,-1,-1
492,74,217,791,143,114,1.0,-1,-1,-1
492,75,1118,596,173,84,1.0,-1,-1,-1
492,76,1294,607,70,50,1.0,-1,-1,-1
492,80,192,731,28,51,1.0,-1,-1,-1
492,81,1500,603,69,48,1.0,-1,-1,-1
492,82,1636,594,66,41,1.0,-1,-1,-1
492,83,1342,529,34,36,1.0,-1,-1,-1
492,84,1761,615,72,64,1.0,-1,-1,-1
492,85,1830,603,57,49,1.0,-1,-1,-1
493,2,363,602,83,46,1.0,-1,-1,-1
493,16,1885,810,35,97,1.0,-1,-1,-1
493,20,1821,815,43,94,1.0,-1,-1,-1
493,31,1680,784,92,88,1.0,-1,-1,-1
493,34,1284,423,199,94,1.0,-1,-1,-1
493,39,937,708,67,55,1.0,-1,-1,-1
493,44,701,679,68,48,1.0,-1,-1,-1
493,45,94,824,37,87,1.0,-1,-1,-1
493,49,1252,666,77,71,1.0,-1,-1,-1
493,52,510,532,163,93,1.0,-1,-1,-1
493,57,1187,830,466,241,1.0,-1,-1,-1
493,58,819,761,327,174,1.0,-1,-1,-1
493,59,1053,708,90,67,1.0,-1,-1,-1
493,60,509,611,103,50,1.0,-1,-1,-1
493,61,503,835,208,147,1.0,-1,-1,-1
493,62,913,976,376,100,1.0,-1,-1,-1
493,63,946,543,107,100,1.0,-1,-1,-1
493,65,604,623,44,39,1.0,-1,-1,-1
493,66,666,605,115,62,1.0,-1,-1,-1
493,67,400,684,255,184,1.0,-1,-1,-1
493,71,975,512,160,102,1.0,-1,-1,-1
493,72,261,709,132,101,1.0,-1,-1,-1
493,74,219,793,145,114,1.0,-1,-1,-1
493,75,1113,595,173,86,1.0,-1,-1,-1
493,76,1288,605,70,52,1.0,-1,-1,-1
493,80,193,729,28,55,1.0,-1,-1,-1
493,81,1492,606,70,45,1.0,-1,-1,-1
493,82,1628,592,64,43,1.0,-1,-1,-1
493,83,1341,531,33,35,1.0,-1,-1,-1
493,84,1753,634,75,47,1.0,-1,-1,-1
493,85,1822,600,55,51,1.0,-1,-1,-1
494,2,363,603,79,44,1.0,-1,-1,-1
494,13,242,586,70,40,1.0,-1,-1,-1
494,16,1885,810,35,97,1.0,-1,-1,-1
494,20,1822,817,41,92,1.0,-1,-1,-1
494,31,1683,782,91,89,1.0,-1,-1,-1
494,34,1284,423,195,95,1.0,-1,-1,-1
494,39,937,706,77,58,1.0,-1,-1,-1
494,44,700,677,73,50,1.0,-1,-1,-1
494,45,96,824,35,88,1.0,-1,-1,-1
494,49,1254,666,78,70,1.0,-1,-1,-1
494,52,506,532,164,94,1.0,-1,-1,-1
494,57,1202,830,465,246,1.0,-1,-1,-1
494,58,829,761,328,176,1.0,-1,-1,-1
494,59,1059,709,91,66,1.0,-1,-1,-1
494,60,509,612,98,49,1.0,-1,-1,-1
494,61,512,838,206,146,1.0,-1,-1,-1
494,62,928,979,373,96,1.0,-1,-1,-1
494,63,809,542,246,101,1.0,-1,-1,-1
494,65,597,618,48,45,1.0,-1,-1,-1
494,66,664,604,111,62,1.0,-1,-1,-1
494,67,403,685,264,184,1.0,-1,-1,-1
494,71,971,507,160,102,1.0,-1,-1,-1
494,72,262,709,133,101,1.0,-1,-1,-1
494,74,224,795,145,115,1.0,-1,-1,-1
494,75,1108,595,174,84,1.0,-1,-1,-1
494,76,1284,607,66,51,1.0,-1,-1,-1
494,80,194,729,28,58,1.0,-1,-1,-1
494,81,1484,606,69,45,1.0,-1,-1,-1
494,82,1618,592,64,43,1.0,-1,-1,-1
494,83,1341,529,33,37,1.0,-1,-1,-1
494,84,1747,633,77,48,1.0,-1,-1,-1
494,85,1810,607,54,45,1.0,-1,-1,-1
495,2,363,603,80,44,1.0,-1,-1,-1
495,13,243,586,69,40,1.0,-1,-1,-1
495,16,1885,810,35,97,1.0,-1,-1,-1
495,20,1822,816,42,93,1.0,-1,-1,-1
495,31,1683,782,91,89,1.0,-1,-1,-1
495,34,1284,422,199,94,1.0,-1,-1,-1
495,39,938,706,75,57,1.0,-1,-1,-1
495,44,701,677,71,50,1.0,-1,-1,-1
495,45,96,824,37,88,1.0,-1,-1,-1
495,49,1254,666,78,70,1.0,-1,-1,-1
495,52,506,531,163,95,1.0,-1,-1,-1
495,57,1202,830,466,246,1.0,-1,-1,-1
495,58,829,761,328,176,1.0,-1,-1,-1
495,59,1059,709,92,66,1.0,-1,-1,-1
495,60,510,612,97,49,1.0,-1,-1,-1
495,61,512,838,206,146,1.0,-1,-1,-1
495,62,928,979,373,96,1.0,-1,-1,-1
495,63,799,541,253,103,1.0,-1,-1,-1
495,65,597,618,48,44,1.0,-1,-1,-1
495,66,664,604,111,62,1.0,-1,-1,-1
495,67,403,686,264,182,1.0,-1,-1,-1
495,71,970,507,162,103,1.0,-1,-1,-1
495,72,262,709,133,101,1.0,-1,-1,-1
495,74,224,795,145,115,1.0,-1,-1,-1
495,75,1108,595,174,84,1.0,-1,-1,-1
495,76,1283,606,60,51,1.0,-1,-1,-1
495,80,194,741,28,48,1.0,-1,-1,-1
495,81,1484,606,70,45,1.0,-1,-1,-1
495,82,1617,592,65,44,1.0,-1,-1,-1
495,83,1341,529,33,37,1.0,-1,-1,-1
495,84,1747,633,77,48,1.0,-1,-1,-1
495,85,1808,599,55,53,1.0,-1,-1,-1
496,2,359,601,82,47,1.0,-1,-1,-1
496,13,241,586,69,40,1.0,-1,-1,-1
496,16,1885,810,35,97,1.0,-1,-1,-1
496,20,1822,818,43,91,1.0,-1,-1,-1
496,31,1683,782,92,91,1.0,-1,-1,-1
496,34,1284,421,184,93,1.0,-1,-1,-1
496,39,939,697,74,64,1.0,-1,-1,-1
496,44,702,678,71,49,1.0,-1,-1,-1
496,45,97,822,37,86,1.0,-1,-1,-1
496,49,1260,665,75,71,1.0,-1,-1,-1
496,52,504,531,163,95,1.0,-1,-1,-1
496,57,1215,833,470,242,1.0,-1,-1,-1
496,58,836,763,330,176,1.0,-1,-1,-1
496,59,1068,713,89,60,1.0,-1,-1,-1
496,60,501,609,105,51,1.0,-1,-1,-1
496,61,517,839,208,147,1.0,-1,-1,-1
496,62,941,985,374,91,1.0,-1,-1,-1
496,63,800,541,249,102,1.0,-1,-1,-1
496,65,596,616,45,48,1.0,-1,-1,-1
496,66,661,604,114,62,1.0,-1,-1,-1
496,67,409,689,264,182,1.0,-1,-1,-1
496,71,963,511,160,98,1.0,-1,-1,-1
496,72,264,709,134,100,1.0,-1,-1,-1
496,74,226,797,148,115,1.0,-1,-1,-1
496,75,1103,596,178,84,1.0,-1,-1,-1
496,76,1283,605,60,52,1.0,-1,-1,-1
496,80,194,741,30,50,1.0,-1,-1,-1
496,81,1477,605,70,46,1.0,-1,-1,-1
496,82,1608,594,66,41,1.0,-1,-1,-1
496,83,1339,523,35,44,1.0,-1,-1,-1
496,84,1741,630,76,52,1.0,-1,-1,-1
496,85,1800,603,52,49,1.0,-1,-1,-1
497,2,358,601,81,47,1.0,-1,-1,-1
497,6,294,598,72,43,1.0,-1,-1,-1
497,13,239,585,70,41,1.0,-1,-1,-1
497,16,1885,810,35,96,1.0,-1,-1,-1
497,20,1822,818,43,91,1.0,-1,-1,-1
497,23,1001,683,72,73,1.0,-1,-1,-1
497,31,1688,782,86,88,1.0,-1,-1,-1
497,34,1284,420,189,94,1.0,-1,-1,-1
497,39,942,700,64,58,1.0,-1,-1,-1
497,44,702,678,72,49,1.0,-1,-1,-1
497,45,99,820,35,87,1.0,-1,-1,-1
497,49,1264,660,75,76,1.0,-1,-1,-1
497,52,501,532,166,95,1.0,-1,-1,-1
497,57,1231,834,475,242,1.0,-1,-1,-1
497,58,846,764,332,177,1.0,-1,-1,-1
497,59,1074,709,89,63,1.0,-1,-1,-1
497,60,501,610,101,50,1.0,-1,-1,-1
497,61,523,843,208,146,1.0,-1,-1,-1
497,62,953,986,373,90,1.0,-1,-1,-1
497,63,791,541,260,102,1.0,-1,-1,-1
497,65,594,615,42,48,1.0,-1,-1,-1
497,66,659,607,103,60,1.0,-1,-1,-1
497,67,413,689,266,184,1.0,-1,-1,-1
497,71,948,511,168,99,1.0,-1,-1,-1
497,72,266,709,135,100,1.0,-1,-1,-1
497,74,230,799,148,114,1.0,-1,-1,-1
497,75,1098,596,175,83,1.0,-1,-1,-1
497,76,1279,592,57,62,1.0,-1,-1,-1
497,80,197,742,30,50,1.0,-1,-1,-1
497,81,1468,607,70,44,1.0,-1,-1,-1
497,82,1599,594,62,42,1.0,-1,-1,-1
497,83,1339,522,34,44,1.0,-1,-1,-1
497,84,1737,621,76,61,1.0,-1,-1,-1
498,2,357,602,79,45,1.0,-1,-1,-1
498,13,237,584,71,42,1.0,-1,-1,-1
498,16,1885,810,35,97,1.0,-1,-1,-1
498,20,1821,817,45,92,1.0,-1,-1,-1
498,23,1006,686,69,70,1.0,-1,-1,-1
498,31,1695,780,79,88,1.0,-1,-1,-1
498,34,1284,420,193,94,1.0,-1,-1,-1
498,39,945,695,75,64,1.0,-1,-1,-1
498,44,703,678,70,49,1.0,-1,-1,-1
498,45,99,815,37,87,1.0,-1,-1,-1
498,49,1267,658,76,76,1.0,-1,-1,-1
498,52,494,534,170,91,1.0,-1,-1,-1
498,57,1245,835,476,242,1.0,-1,-1,-1
498,58,854,766,334,177,1.0,-1,-1,-1
498,59,1080,712,88,57,1.0,-1,-1,-1
498,60,497,609,100,50,1.0,-1,-1,-1
498,61,527,843,212,148,1.0,-1,-1,-1
498,62,967,989,375,87,1.0,-1,-1,-1
498,63,789,541,252,103,1.0,-1,-1,-1
498,65,588,618,45,44,1.0,-1,-1,-1
498,66,656,607,114,59,1.0,-1,-1,-1
498,67,418,690,268,184,1.0,-1,-1,-1
498,71,947,529,159,89,1.0,-1,-1,-1
498,72,268,710,134,100,1.0,-1,-1,-1
498,74,234,800,150,116,1.0,-1,-1,-1
498,75,1093,594,173,83,1.0,-1,-1,-1
498,76,1271,591,59,63,1.0,-1,-1,-1
498,80,198,739,31,56,1.0,-1,-1,-1
498,81,1461,606,67,45,1.0,-1,-1,-1
498,82,1588,595,64,40,1.0,-1,-1,-1
498,83,1339,526,33,41,1.0,-1,-1,-1
498,84,1732,616,83,67,1.0,-1,-1,-1
499,2,355,601,80,45,1.0,-1,-1,-1
499,13,234,584,71,42,1.0,-1,-1,-1
499,16,1885,810,35,97,1.0,-1,-1,-1
499,20,1821,818,44,91,1.0,-1,-1,-1
499,23,1007,686,66,69,1.0,-1,-1,-1
499,31,1699,778,75,89,1.0,-1,-1,-1
499,34,1285,420,195,94,1.0,-1,-1,-1
499,39,947,698,73,61,1.0,-1,-1,-1
499,44,707,665,75,61,1.0,-1,-1,-1
499,45,99,815,38,83,1.0,-1,-1,-1
499,49,1271,657,77,75,1.0,-1,-1,-1
499,52,498,535,161,87,1.0,-1,-1,-1
499,57,1261,835,475,243,1.0,-1,-1,-1
499,58,861,765,339,180,1.0,-1,-1,-1
499,59,1085,705,88,63,1.0,-1,-1,-1
499,60,496,609,101,50,1.0,-1,-1,-1
499,61,535,846,212,148,1.0,-1,-1,-1
499,62,980,990,373,86,1.0,-1,-1,-1
499,63,779,541,279,103,1.0,-1,-1,-1
499,65,584,617,45,46,1.0,-1,-1,-1
499,66,654,609,107,57,1.0,-1,-1,-1
499,67,423,691,271,185,1.0,-1,-1,-1
499,71,945,525,141,98,1.0,-1,-1,-1
499,72,270,711,136,100,1.0,-1,-1,-1
499,74,236,801,153,117,1.0,-1,-1,-1
499,75,1075,594,186,83,1.0,-1,-1,-1
499,76,1265,596,63,59,1.0,-1,-1,-1
499,80,200,736,30,60,1.0,-1,-1,-1
499,81,1454,602,69,49,1.0,-1,-1,-1
499,82,1580,595,63,40,1.0,-1,-1,-1
499,83,1339,522,33,45,1.0,-1,-1,-1
499,84,1727,610,87,73,1.0,-1,-1,-1
500,2,352,602,81,44,1.0,-1,-1,-1
500,13,234,584,69,41,1.0,-1,-1,-1
500,16,1885,810,35,97,1.0,-1,-1,-1
500,20,1822,817,43,92,1.0,-1,-1,-1
500,23,1013,685,65,71,1.0,-1,-1,-1
500,34,1285,421,186,94,1.0,-1,-1,-1
500,39,950,694,72,66,1.0,-1,-1,-1
500,44,707,664,76,61,1.0,-1,-1,-1
500,45,101,812,38,85,1.0,-1,-1,-1
500,49,1275,659,77,74,1.0,-1,-1,-1
500,52,491,533,165,94,1.0,-1,-1,-1
500,57,1279,836,474,242,1.0,-1,-1,-1
500,58,870,766,341,179,1.0,-1,-1,-1
500,59,1092,700,88,68,1.0,-1,-1,-1
500,60,497,611,94,48,1.0,-1,-1,-1
500,61,543,847,212,149,1.0,-1,-1,-1
500,62,992,995,366,81,1.0,-1,-1,-1
500,63,781,541,265,102,1.0,-1,-1,-1
500,65,579,621,46,42,1.0,-1,-1,-1
500,66,654,604,116,62,1.0,-1,-1,-1
500,67,427,690,273,188,1.0,-1,-1,-1
500,72,273,711,137,100,1.0,-1,-1,-1
500,74,241,803,155,117,1.0,-1,-1,-1
500,75,1081,594,175,83,1.0,-1,-1,-1
500,76,1260,593,60,59,1.0,-1,-1,-1
500,80,201,728,29,69,1.0,-1,-1,-1
500,81,1445,606,69,46,1.0,-1,-1,-1
500,82,1570,593,63,41,1.0,-1,-1,-1
500,83,1338,521,34,47,1.0,-1,-1,-1
500,84,1722,610,83,75,1.0,-1,-1,-1
