0,1,384.77,125.3,18.41,14.12,1.0,-1,-1,-1
0,2,429.13,117.72,13.57,12.54,1.0,-1,-1,-1
0,13,248.47,152.57,9.33,19.11,1.0,-1,-1,-1
0,14,159.3,168.7,13.7,21.6,1.0,-1,-1,-1
0,15,455.76,168.25,10.78,23.52,1.0,-1,-1,-1
0,16,438.6,146.7,9.81,21.06,1.0,-1,-1,-1
0,17,446,127.58,8.8,12.74,1.0,-1,-1,-1
0,18,335.21,115.33,18.62,12.25,1.0,-1,-1,-1
0,19,441.5,337.3,174.5,22.7,1.0,-1,-1,-1
0,20,446.4,176.58,14.26,25.48,1.0,-1,-1,-1
0,29,241.6,207,14.7,29.9,1.0,-1,-1,-1
0,37,216,271.43,80,50.29,1.0,-1,-1,-1
1,1,385.33,125.89,18.14,13.9,1.0,-1,-1,-1
1,2,429.31,120.01,13.11,12.1,1.0,-1,-1,-1
1,13,248.47,152.57,11.33,19.11,1.0,-1,-1,-1
1,14,159.42,168.46,13.7,21.6,1.0,-1,-1,-1
1,15,455.84,168.25,10.78,23.52,1.0,-1,-1,-1
1,16,438.68,146.86,9.81,21.06,1.0,-1,-1,-1
1,17,446.25,127.82,8.8,12.74,1.0,-1,-1,-1
1,18,336.7,115.33,15.2,12.25,1.0,-1,-1,-1
1,19,432.19,333.9,174.5,26.1,1.0,-1,-1,-1
1,20,447.9,178.1,12.76,25.9,1.0,-1,-1,-1
1,29,241.6,206.5,14.33,29.9,1.0,-1,-1,-1
1,37,215.81,269.15,77.09,48.77,1.0,-1,-1,-1
2,1,385.37,125.97,18.24,13.97,1.0,-1,-1,-1
2,2,429.97,118.7,13,11.97,1.0,-1,-1,-1
2,13,249.12,152.24,11.33,19.11,1.0,-1,-1,-1
2,14,159.55,168.21,13.7,21.6,1.0,-1,-1,-1
2,15,455.92,168.25,10.78,23.52,1.0,-1,-1,-1
2,16,438.76,147.03,9.81,21.06,1.0,-1,-1,-1
2,17,446.49,128.07,8.8,12.74,1.0,-1,-1,-1
2,18,336.94,115.08,15.2,12.25,1.0,-1,-1,-1
2,19,428.29,333.4,178.89,26.6,1.0,-1,-1,-1
2,20,449.4,178.1,11.26,25.9,1.0,-1,-1,-1
2,29,241.6,206,13.95,29.9,1.0,-1,-1,-1
2,37,213.55,268.31,76.2,48.74,1.0,-1,-1,-1
3,1,385.74,126.55,17.82,13.63,1.0,-1,-1,-1
3,2,430.12,119.02,12.97,11.93,1.0,-1,-1,-1
3,13,249.78,151.92,11.33,19.11,1.0,-1,-1,-1
3,14,159.67,167.96,13.7,21.6,1.0,-1,-1,-1
3,15,456.01,168.25,10.78,23.52,1.0,-1,-1,-1
3,16,438.85,147.19,9.81,21.06,1.0,-1,-1,-1
3,17,446.74,128.31,8.8,12.74,1.0,-1,-1,-1
3,18,337.19,114.83,15.2,12.25,1.0,-1,-1,-1
3,19,421.9,330.9,171.6,29.1,1.0,-1,-1,-1
3,20,449.77,178.47,11.26,25.9,1.0,-1,-1,-1
3,29,241.6,205.5,13.58,29.9,1.0,-1,-1,-1
3,37,212.7,268.03,74.75,48.15,1.0,-1,-1,-1
4,1,385.79,126.63,18.07,13.8,1.0,-1,-1,-1
4,2,430.21,120.18,12.94,11.89,1.0,-1,-1,-1
4,13,250.43,151.59,11.33,19.11,1.0,-1,-1,-1
4,14,159.79,167.72,13.7,21.6,1.0,-1,-1,-1
4,15,456.09,168.25,10.78,23.52,1.0,-1,-1,-1
4,16,438.93,147.35,9.81,21.06,1.0,-1,-1,-1
4,17,446.98,128.56,8.8,12.74,1.0,-1,-1,-1
4,18,337.43,114.59,15.2,12.25,1.0,-1,-1,-1
4,19,416.5,330.9,171.1,29.1,1.0,-1,-1,-1
4,20,450.14,178.83,11.26,25.9,1.0,-1,-1,-1
4,29,241.6,205,13.2,29.9,1.0,-1,-1,-1
4,37,210.88,266.49,72.81,47.4,1.0,-1,-1,-1
5,1,384.37,126.9,18.16,13.85,1.0,-1,-1,-1
5,2,430.64,120.09,12.3,11.24,1.0,-1,-1,-1
5,13,250.68,151.1,11.33,19.11,1.0,-1,-1,-1
5,14,159.79,166.25,13.7,21.6,1.0,-1,-1,-1
5,15,456.17,168.25,10.78,23.52,1.0,-1,-1,-1
5,16,439.01,147.52,9.81,21.06,1.0,-1,-1,-1
5,17,446.98,128.56,8.9,13.22,1.0,-1,-1,-1
5,18,337.68,114.34,15.2,12.25,1.0,-1,-1,-1
5,19,409.19,329.43,171.01,30.57,1.0,-1,-1,-1
5,20,450.5,179.2,11.26,25.9,1.0,-1,-1,-1
5,29,241.6,203,13.2,31.9,1.0,-1,-1,-1
5,37,210.07,266.14,71.73,46.62,1.0,-1,-1,-1
6,1,385.1,127.55,18.12,13.78,1.0,-1,-1,-1
6,2,430.93,119.79,12.79,11.66,1.0,-1,-1,-1
6,13,250.92,150.61,11.33,19.11,1.0,-1,-1,-1
6,14,159.79,166.25,13.7,21.15,1.0,-1,-1,-1
6,15,456.25,168.25,10.78,23.52,1.0,-1,-1,-1
6,16,439.09,147.68,9.81,21.06,1.0,-1,-1,-1
6,17,446.98,128.56,9.01,13.7,1.0,-1,-1,-1
6,18,338.2,114.34,14.68,11.76,1.0,-1,-1,-1
6,19,402.8,327,177.4,33,1.0,-1,-1,-1
6,20,450.87,179.57,11.26,25.9,1.0,-1,-1,-1
6,29,240.62,201.53,13.2,31.9,1.0,-1,-1,-1
6,37,208.85,264.69,69.68,46.17,1.0,-1,-1,-1
7,1,384.64,127.09,18.4,13.94,1.0,-1,-1,-1
7,2,430.86,119.5,12.84,11.69,1.0,-1,-1,-1
7,13,250.92,150.61,12.28,18.59,1.0,-1,-1,-1
7,14,159.79,162.84,13.7,22.6,1.0,-1,-1,-1
7,15,456.41,168.9,10.78,23.52,1.0,-1,-1,-1
7,16,439.25,148.01,9.81,21.06,1.0,-1,-1,-1
7,17,446.98,128.56,9.11,14.18,1.0,-1,-1,-1
7,18,338.26,114.22,14.68,11.76,1.0,-1,-1,-1
7,19,396.9,327,176.4,33,1.0,-1,-1,-1
7,20,451.03,179.9,11.26,25.9,1.0,-1,-1,-1
7,29,239.15,200.1,13.2,30.88,1.0,-1,-1,-1
7,37,207.68,263.12,68.33,46.09,1.0,-1,-1,-1
8,1,385.23,126.86,18.77,14.18,1.0,-1,-1,-1
8,2,430.69,119.57,13.33,12.17,1.0,-1,-1,-1
8,13,251.58,150.45,12.28,18.59,1.0,-1,-1,-1
8,14,159.79,160.88,13.7,22.6,1.0,-1,-1,-1
8,15,456.58,169.56,10.78,23.52,1.0,-1,-1,-1
8,16,439.42,148.33,9.81,21.06,1.0,-1,-1,-1
8,17,446.98,128.56,9.21,14.66,1.0,-1,-1,-1
8,18,338.32,114.1,14.68,11.76,1.0,-1,-1,-1
8,19,392.5,326.5,169.1,33.5,1.0,-1,-1,-1
8,20,451.2,180.22,11.26,25.9,1.0,-1,-1,-1
8,29,239.15,199.12,13.2,30.88,1.0,-1,-1,-1
8,37,207.27,262.08,66.46,45.54,1.0,-1,-1,-1
9,1,384.84,127.11,19.15,14.41,1.0,-1,-1,-1
9,2,430.31,121.17,12.93,11.75,1.0,-1,-1,-1
9,13,252.23,150.28,12.28,18.59,1.0,-1,-1,-1
9,14,160.28,160.88,13.7,22.6,1.0,-1,-1,-1
9,15,456.74,170.21,10.78,23.52,1.0,-1,-1,-1
9,16,439.58,148.66,9.81,21.06,1.0,-1,-1,-1
9,17,446.98,128.56,9.32,15.14,1.0,-1,-1,-1
9,18,338.38,113.98,14.68,11.76,1.0,-1,-1,-1
9,19,386.1,326.5,170.6,33.5,1.0,-1,-1,-1
9,20,451.36,180.55,11.26,25.9,1.0,-1,-1,-1
9,29,238.66,199.12,13.2,30.88,1.0,-1,-1,-1
9,37,206.6,260.93,64.99,45.29,1.0,-1,-1,-1
10,1,385.73,128.15,18.74,14.04,1.0,-1,-1,-1
10,2,431.27,121.22,13.37,12.18,1.0,-1,-1,-1
10,13,252.88,150.12,12.28,18.59,1.0,-1,-1,-1
10,14,160.77,160.39,13.7,22.6,1.0,-1,-1,-1
10,15,457.07,170.7,10.78,23.52,1.0,-1,-1,-1
10,16,440.07,149.64,9.81,21.06,1.0,-1,-1,-1
10,17,447.19,128.77,9.32,15.14,1.0,-1,-1,-1
10,18,338.45,113.85,14.68,11.76,1.0,-1,-1,-1
10,19,380.7,324,169.1,36,1.0,-1,-1,-1
10,20,452.18,181.53,11.26,25.9,1.0,-1,-1,-1
10,29,238.17,199.12,13.2,30.88,1.0,-1,-1,-1
10,37,205.66,259.05,63.32,44.97,1.0,-1,-1,-1
11,1,385.58,128.43,19.07,14.26,1.0,-1,-1,-1
11,2,431.47,120.85,13.41,12.19,1.0,-1,-1,-1
11,13,253.86,148.65,12.28,18.59,1.0,-1,-1,-1
11,14,162.2,160.39,12.27,22.61,1.0,-1,-1,-1
11,15,457.39,171.19,10.78,23.52,1.0,-1,-1,-1
11,16,440.31,149.88,9.81,21.06,1.0,-1,-1,-1
11,17,447.4,128.98,9.32,15.14,1.0,-1,-1,-1
11,18,338.51,113.73,14.68,11.76,1.0,-1,-1,-1
11,19,375.3,322.5,167.1,37.5,1.0,-1,-1,-1
11,20,452.99,182.51,11.26,25.9,1.0,-1,-1,-1
11,29,238.7,199.12,12.67,28.88,1.0,-1,-1,-1
11,37,205.08,257.67,62.18,44.8,1.0,-1,-1,-1
12,1,385.39,128.65,19.32,14.44,1.0,-1,-1,-1
12,2,431.32,120.79,13.93,12.69,1.0,-1,-1,-1
12,13,254.35,147.18,12.28,18.59,1.0,-1,-1,-1
12,14,162.2,160.02,12.27,22.61,1.0,-1,-1,-1
12,15,457.72,171.68,10.78,23.52,1.0,-1,-1,-1
12,16,440.56,150.13,9.81,21.06,1.0,-1,-1,-1
12,17,447.61,129.19,9.32,15.14,1.0,-1,-1,-1
12,18,338.57,113.61,14.68,11.76,1.0,-1,-1,-1
12,19,369.9,322.01,166.1,37.99,1.0,-1,-1,-1
12,20,453.81,183.49,11.26,25.9,1.0,-1,-1,-1
12,29,238.7,198.39,12.67,28.88,1.0,-1,-1,-1
12,37,204.02,256.74,60.49,44.86,1.0,-1,-1,-1
13,1,385.42,128.95,18.18,14.29,1.0,-1,-1,-1
13,2,431.36,120.91,14,12.78,1.0,-1,-1,-1
13,13,254.84,147.18,12.28,18.59,1.0,-1,-1,-1
13,14,162.2,159.65,12.27,22.61,1.0,-1,-1,-1
13,15,457.84,172.17,10.78,23.52,1.0,-1,-1,-1
13,16,440.8,150.37,9.81,21.06,1.0,-1,-1,-1
13,17,447.82,129.4,9.32,15.14,1.0,-1,-1,-1
13,18,338.63,113.49,14.68,11.76,1.0,-1,-1,-1
13,19,364.5,322.01,166.1,37.99,1.0,-1,-1,-1
13,20,453.93,183.86,11.26,25.9,1.0,-1,-1,-1
13,29,238.7,197.65,12.67,28.88,1.0,-1,-1,-1
13,37,204.25,256.25,59.38,44.34,1.0,-1,-1,-1
14,1,385.24,128.67,20.19,15.02,1.0,-1,-1,-1
14,2,431.83,121.33,14.22,12.94,1.0,-1,-1,-1
14,13,255.33,147.18,12.28,18.59,1.0,-1,-1,-1
14,14,162.2,159.29,12.27,22.61,1.0,-1,-1,-1
14,15,457.97,172.66,10.78,23.52,1.0,-1,-1,-1
14,16,441.05,150.62,9.81,21.06,1.0,-1,-1,-1
14,17,448.03,129.61,9.32,15.14,1.0,-1,-1,-1
14,18,338.69,113.36,14.68,11.76,1.0,-1,-1,-1
14,19,360.6,322.01,163.1,37.99,1.0,-1,-1,-1
14,20,454.06,184.22,11.26,25.9,1.0,-1,-1,-1
14,29,238.7,196.91,12.67,28.88,1.0,-1,-1,-1
14,37,204.12,254.78,57.62,43.98,1.0,-1,-1,-1
15,1,385.32,128.98,20.24,15.01,1.0,-1,-1,-1
15,2,431.64,120.94,15.29,13.95,1.0,-1,-1,-1
15,13,255.82,147.18,12.28,18.59,1.0,-1,-1,-1
15,14,162.2,158.92,12.27,22.61,1.0,-1,-1,-1
15,15,458.09,173.15,10.78,23.52,1.0,-1,-1,-1
15,16,441.2,150.62,9.66,21.06,1.0,-1,-1,-1
15,17,448.24,129.82,9.32,15.14,1.0,-1,-1,-1
15,18,338.83,113.22,14.68,11.76,1.0,-1,-1,-1
15,19,354.2,322.01,164.1,37.99,1.0,-1,-1,-1
15,20,454.18,184.59,11.26,25.9,1.0,-1,-1,-1
15,29,238.7,196.18,12.67,28.88,1.0,-1,-1,-1
15,37,203.58,253.94,55.94,43.25,1.0,-1,-1,-1
16,1,385.3,129.08,19.9,15.09,1.0,-1,-1,-1
16,2,431.64,120.73,15.69,14.33,1.0,-1,-1,-1
16,13,256.07,145.95,12.28,18.59,1.0,-1,-1,-1
16,14,164.16,157.45,12.27,22.61,1.0,-1,-1,-1
16,15,458.21,173.64,10.78,23.52,1.0,-1,-1,-1
16,16,441.35,150.62,9.51,21.06,1.0,-1,-1,-1
16,17,448.45,130.03,9.32,15.14,1.0,-1,-1,-1
16,18,338.97,113.08,14.68,11.76,1.0,-1,-1,-1
16,19,349.05,319.55,163.35,40.45,1.0,-1,-1,-1
16,20,454.3,184.96,11.26,25.9,1.0,-1,-1,-1
16,29,238.21,195.69,12.67,28.88,1.0,-1,-1,-1
16,37,202.14,251.82,55.05,43.33,1.0,-1,-1,-1
17,1,385.33,129.25,18.97,15.12,1.0,-1,-1,-1
17,2,431.02,119.4,16.32,14.98,1.0,-1,-1,-1
17,13,256.31,144.73,12.28,18.59,1.0,-1,-1,-1
17,14,163.18,157.94,12.27,22.61,1.0,-1,-1,-1
17,15,458.54,173.64,10.78,23.52,1.0,-1,-1,-1
17,16,441.5,150.62,9.36,21.06,1.0,-1,-1,-1
17,17,448.62,130.35,9.32,15.14,1.0,-1,-1,-1
17,18,339.11,112.94,14.68,11.76,1.0,-1,-1,-1
17,19,343.91,317.1,162.59,42.9,1.0,-1,-1,-1
17,20,454.63,185.12,11.26,25.9,1.0,-1,-1,-1
17,29,237.72,195.2,12.67,28.88,1.0,-1,-1,-1
17,37,202.26,251.63,53.37,42.93,1.0,-1,-1,-1
18,1,385.35,129.86,20.17,14.83,1.0,-1,-1,-1
18,2,431.29,120.08,16.91,15.73,1.0,-1,-1,-1
18,13,256.64,144.73,12.28,18.59,1.0,-1,-1,-1
18,14,163.2,157.94,12.25,19.66,1.0,-1,-1,-1
18,15,458.86,173.64,10.78,23.52,1.0,-1,-1,-1
18,16,441.75,151.6,9.36,21.06,1.0,-1,-1,-1
18,17,448.78,130.68,9.32,15.14,1.0,-1,-1,-1
18,18,339.25,112.8,14.68,11.76,1.0,-1,-1,-1
18,19,339.5,316.12,160.6,42.9,1.0,-1,-1,-1
18,20,454.95,185.29,11.26,25.9,1.0,-1,-1,-1
18,29,237.72,194.55,12.67,28.88,1.0,-1,-1,-1
18,37,202.59,250.61,52.59,42.11,1.0,-1,-1,-1
19,1,384.49,131.01,20.57,15.17,1.0,-1,-1,-1
19,2,431.87,120.16,17.27,16.21,1.0,-1,-1,-1
19,13,256.97,144.73,12.28,18.59,1.0,-1,-1,-1
19,14,163.93,157.45,12.25,19.66,1.0,-1,-1,-1
19,15,459.19,173.64,10.78,23.52,1.0,-1,-1,-1
19,16,441.99,152.58,9.36,21.06,1.0,-1,-1,-1
19,17,448.94,131.01,9.32,15.14,1.0,-1,-1,-1
19,18,339.39,112.66,14.68,11.76,1.0,-1,-1,-1
19,19,335.1,314.2,160.1,44.82,1.0,-1,-1,-1
19,20,455.28,185.45,11.26,25.9,1.0,-1,-1,-1
19,29,237.72,193.89,12.67,28.88,1.0,-1,-1,-1
19,37,202.5,249.74,51.07,41.88,1.0,-1,-1,-1
20,1,385.51,130.08,20.95,15.49,1.0,-1,-1,-1
20,2,432.24,120.36,17.05,16.16,1.0,-1,-1,-1
20,3,400.82,110.93,14.97,10.55,1.0,-1,-1,-1
20,13,257.29,144.73,12.28,18.59,1.0,-1,-1,-1
20,14,164.67,156.96,12.25,19.66,1.0,-1,-1,-1
20,15,459.44,174.38,10.78,23.52,1.0,-1,-1,-1
20,16,442.36,152.94,9.36,21.06,1.0,-1,-1,-1
20,17,449.19,131.01,9.32,15.14,1.0,-1,-1,-1
20,18,339.53,112.52,14.68,11.76,1.0,-1,-1,-1
20,19,330.7,314.2,157.6,44.82,1.0,-1,-1,-1
20,20,455.28,186.18,11.26,25.9,1.0,-1,-1,-1
20,29,237.72,193.24,12.67,28.88,1.0,-1,-1,-1
20,37,201.89,248.6,49.4,41.4,1.0,-1,-1,-1
21,1,385.46,130.08,21.39,15.89,1.0,-1,-1,-1
21,2,432.68,120.61,16.56,15.83,1.0,-1,-1,-1
21,3,401.01,110.93,14.81,10.44,1.0,-1,-1,-1
21,13,258.77,143.75,12.28,18.59,1.0,-1,-1,-1
21,14,163.69,155.49,12.25,19.66,1.0,-1,-1,-1
21,15,459.68,175.11,10.78,23.52,1.0,-1,-1,-1
21,16,442.73,153.31,9.36,21.06,1.0,-1,-1,-1
21,17,449.43,131.01,9.32,15.14,1.0,-1,-1,-1
21,18,339.67,112.38,14.68,11.76,1.0,-1,-1,-1
21,19,326.8,311.3,155.6,47.72,1.0,-1,-1,-1
21,20,455.28,186.92,11.26,25.9,1.0,-1,-1,-1
21,29,238.21,190.79,12.67,28.88,1.0,-1,-1,-1
21,37,202.55,247.03,48.59,40.81,1.0,-1,-1,-1
22,1,383.39,130,21.71,16.2,1.0,-1,-1,-1
22,2,433.17,120.84,16.09,15.47,1.0,-1,-1,-1
22,3,401.11,110.97,14.77,10.39,1.0,-1,-1,-1
22,13,259.75,142.28,12.28,18.59,1.0,-1,-1,-1
22,14,164.67,153.53,12.25,19.66,1.0,-1,-1,-1
22,15,459.92,175.36,10.78,23.52,1.0,-1,-1,-1
22,16,443.09,153.68,9.36,21.06,1.0,-1,-1,-1
22,17,449.68,131.01,9.32,15.14,1.0,-1,-1,-1
22,18,339.74,112.38,14.68,11.76,1.0,-1,-1,-1
22,19,322.4,311.3,154.1,47.72,1.0,-1,-1,-1
22,20,455.28,187.65,11.26,25.9,1.0,-1,-1,-1
22,29,237.72,189.32,12.67,28.88,1.0,-1,-1,-1
22,37,202.38,246.34,46.77,40.46,1.0,-1,-1,-1
23,1,383.8,130.4,21.95,16.48,1.0,-1,-1,-1
23,2,433.61,120.84,15.84,15.29,1.0,-1,-1,-1
23,3,401.17,111.08,14.61,10.26,1.0,-1,-1,-1
23,13,260.48,142.28,12.28,18.59,1.0,-1,-1,-1
23,14,165.16,154.51,12.25,19.66,1.0,-1,-1,-1
23,15,460.17,175.6,10.78,23.52,1.0,-1,-1,-1
23,16,443.46,154.05,9.36,21.06,1.0,-1,-1,-1
23,17,449.92,131.01,9.32,15.14,1.0,-1,-1,-1
23,18,339.81,112.38,14.68,11.76,1.0,-1,-1,-1
23,19,317,311.3,154.6,47.72,1.0,-1,-1,-1
23,20,455.28,188.39,11.26,25.9,1.0,-1,-1,-1
23,29,237.72,188.83,12.67,28.88,1.0,-1,-1,-1
23,37,202.45,243.89,46.02,40.52,1.0,-1,-1,-1
24,1,384.89,130.4,21.96,16.61,1.0,-1,-1,-1
24,2,433.94,121.12,15.7,15.21,1.0,-1,-1,-1
24,3,400.99,111.08,14.8,10.41,1.0,-1,-1,-1
24,13,261.22,142.28,12.28,18.59,1.0,-1,-1,-1
24,14,165.41,153.77,12.25,19.66,1.0,-1,-1,-1
24,15,460.41,176.09,10.78,23.52,1.0,-1,-1,-1
24,16,443.66,154.24,9.36,21.06,1.0,-1,-1,-1
24,17,450.66,131.25,9.32,15.14,1.0,-1,-1,-1
24,18,339.88,112.38,14.68,11.76,1.0,-1,-1,-1
24,19,313.1,307.9,152.6,51.12,1.0,-1,-1,-1
24,20,456.02,188.63,11.26,25.9,1.0,-1,-1,-1
24,29,237.72,188.34,12.67,28.88,1.0,-1,-1,-1
24,37,203.1,243.24,44.56,40.08,1.0,-1,-1,-1
25,1,384.72,130.71,19.88,16.64,1.0,-1,-1,-1
25,2,434.18,121.45,15.53,15.05,1.0,-1,-1,-1
25,3,401.05,111.12,14.86,10.45,1.0,-1,-1,-1
25,13,262.2,141.8,10.3,17.6,1.0,-1,-1,-1
25,14,165.65,153.04,12.25,19.66,1.0,-1,-1,-1
25,15,460.66,176.58,10.78,23.52,1.0,-1,-1,-1
25,16,443.85,154.44,9.36,21.06,1.0,-1,-1,-1
25,17,451.39,131.5,9.32,15.14,1.0,-1,-1,-1
25,18,339.95,112.38,14.68,11.76,1.0,-1,-1,-1
25,19,308.7,307.9,150.6,51.12,1.0,-1,-1,-1
25,20,456.75,188.88,11.26,25.9,1.0,-1,-1,-1
25,29,237.72,187.85,12.67,28.88,1.0,-1,-1,-1
25,37,202.85,241.94,43.82,39.87,1.0,-1,-1,-1
26,1,384.76,131.05,21.74,16.71,1.0,-1,-1,-1
26,2,434.19,121.93,15.2,14.75,1.0,-1,-1,-1
26,3,400.98,111.16,15,10.56,1.0,-1,-1,-1
26,13,262.69,141.56,10.31,17.6,1.0,-1,-1,-1
26,14,165.65,152.3,12.25,19.66,1.0,-1,-1,-1
26,15,460.9,176.58,10.78,23.52,1.0,-1,-1,-1
26,16,444.05,154.64,9.36,21.06,1.0,-1,-1,-1
26,17,451.64,131.74,9.32,15.14,1.0,-1,-1,-1
26,18,340.02,112.38,14.68,11.76,1.0,-1,-1,-1
26,19,304.3,307.9,151.6,51.12,1.0,-1,-1,-1
26,20,457.49,189.37,11.26,25.9,1.0,-1,-1,-1
26,29,237.72,186.87,12.67,28.88,1.0,-1,-1,-1
26,37,203.41,241.96,43.41,39.36,1.0,-1,-1,-1
27,1,384.97,131.53,21.4,16.52,1.0,-1,-1,-1
27,2,434.28,122.06,14.82,14.41,1.0,-1,-1,-1
27,3,400.79,111.19,15.37,10.86,1.0,-1,-1,-1
27,13,263.18,141.31,10.32,17.6,1.0,-1,-1,-1
27,14,165.65,151.57,12.25,19.66,1.0,-1,-1,-1
27,15,461.15,176.58,10.78,23.52,1.0,-1,-1,-1
27,16,444.24,154.83,9.36,21.06,1.0,-1,-1,-1
27,17,451.88,131.99,9.32,15.14,1.0,-1,-1,-1
27,18,340.09,112.38,14.68,11.76,1.0,-1,-1,-1
27,19,299.9,305,148.6,54.02,1.0,-1,-1,-1
27,20,458.22,189.86,11.26,25.9,1.0,-1,-1,-1
27,29,237.72,185.89,12.67,28.88,1.0,-1,-1,-1
27,37,203.43,240.57,42.37,39.45,1.0,-1,-1,-1
28,1,385.35,131.69,21.19,16.42,1.0,-1,-1,-1
28,2,434.3,122.12,14.79,14.41,1.0,-1,-1,-1
28,3,400.59,111.13,15.69,11.11,1.0,-1,-1,-1
28,13,264.16,139.84,10.32,17.6,1.0,-1,-1,-1
28,14,166.14,151.08,12.25,19.66,1.0,-1,-1,-1
28,15,461.27,176.58,10.78,23.52,1.0,-1,-1,-1
28,16,444.44,155.03,9.36,21.06,1.0,-1,-1,-1
28,17,452.13,132.23,9.32,15.14,1.0,-1,-1,-1
28,18,340.16,112.38,14.68,11.76,1.0,-1,-1,-1
28,19,296.5,305,147.6,54.02,1.0,-1,-1,-1
28,20,458.22,190.84,11.26,25.9,1.0,-1,-1,-1
28,29,236.74,185.4,12.67,28.88,1.0,-1,-1,-1
28,37,203.77,239.25,41.95,38.96,1.0,-1,-1,-1
29,1,385.27,131.91,21.05,16.39,1.0,-1,-1,-1
29,2,434.29,122.08,14.96,14.62,1.0,-1,-1,-1
29,3,400.54,111.21,15.71,11.15,1.0,-1,-1,-1
29,13,264.89,139.83,9.84,17.24,1.0,-1,-1,-1
29,14,166.63,150.58,12.25,19.66,1.0,-1,-1,-1
29,15,461.39,176.58,10.78,23.52,1.0,-1,-1,-1
29,16,444.44,155.52,9.36,21.06,1.0,-1,-1,-1
29,17,452.37,132.48,9.32,15.14,1.0,-1,-1,-1
29,18,340.49,112.06,14.68,11.76,1.0,-1,-1,-1
29,19,294,305,144.7,54.02,1.0,-1,-1,-1
29,20,458.39,191.17,11.26,25.9,1.0,-1,-1,-1
29,29,237.23,183.44,14.17,28.88,1.0,-1,-1,-1
29,37,204.16,238.88,41.63,38.28,1.0,-1,-1,-1
30,1,385.88,132.03,21.1,16.41,1.0,-1,-1,-1
30,2,434.85,122.7,14.44,14.05,1.0,-1,-1,-1
30,3,400.94,111.43,15.36,10.91,1.0,-1,-1,-1
30,13,265.63,139.82,9.36,16.88,1.0,-1,-1,-1
30,14,166.63,150.58,12.09,18.68,1.0,-1,-1,-1
30,15,461.52,176.58,10.78,23.52,1.0,-1,-1,-1
30,16,444.44,156.01,9.36,21.06,1.0,-1,-1,-1
30,17,452.86,133.21,9.32,15.14,1.0,-1,-1,-1
30,18,340.81,111.73,14.68,11.76,1.0,-1,-1,-1
30,19,289.6,305,143.7,54.02,1.0,-1,-1,-1
30,20,458.55,191.49,11.26,25.9,1.0,-1,-1,-1
30,29,236.98,182.46,14.17,28.88,1.0,-1,-1,-1
30,37,204.38,236.82,41.25,38.05,1.0,-1,-1,-1
31,1,386.12,133.08,21.32,16.57,1.0,-1,-1,-1
31,2,435.08,124.27,14.53,14.09,1.0,-1,-1,-1
31,3,401.02,111.55,15.27,10.87,1.0,-1,-1,-1
31,13,266.36,139.81,8.88,16.53,1.0,-1,-1,-1
31,14,166.63,150.58,11.93,17.7,1.0,-1,-1,-1
31,15,461.64,176.58,10.78,23.52,1.0,-1,-1,-1
31,16,444.44,156.5,9.36,21.06,1.0,-1,-1,-1
31,17,453.35,133.95,9.32,15.14,1.0,-1,-1,-1
31,18,341.14,111.4,14.68,11.76,1.0,-1,-1,-1
31,19,285.2,302.1,143.7,56.92,1.0,-1,-1,-1
31,20,458.71,191.82,11.26,25.9,1.0,-1,-1,-1
31,29,236.74,181.48,14.17,28.88,1.0,-1,-1,-1
31,37,204.03,236.34,41.1,37.56,1.0,-1,-1,-1
32,1,385.98,132.26,21.65,16.88,1.0,-1,-1,-1
32,2,435.26,123.2,14.35,13.9,1.0,-1,-1,-1
32,3,401.13,111.69,15.34,11,1.0,-1,-1,-1
32,13,267.1,139.8,8.4,16.17,1.0,-1,-1,-1
32,14,166.63,150.58,11.77,16.72,1.0,-1,-1,-1
32,15,461.64,177.09,10.78,23.02,1.0,-1,-1,-1
32,16,444.93,156.99,9.36,21.06,1.0,-1,-1,-1
32,17,453.51,134.11,9.32,15.14,1.0,-1,-1,-1
32,18,341.14,111.4,13.26,10.8,1.0,-1,-1,-1
32,19,280.3,302.1,143.2,56.92,1.0,-1,-1,-1
32,20,458.71,193.04,11.26,25.9,1.0,-1,-1,-1
32,29,234.78,181.97,14.17,28.88,1.0,-1,-1,-1
32,37,204.61,235.01,40.65,37.32,1.0,-1,-1,-1
33,1,386.1,132.81,20.2,16.9,1.0,-1,-1,-1
33,2,435.45,123.22,14.54,14.14,1.0,-1,-1,-1
33,3,401.25,111.82,15.29,11.06,1.0,-1,-1,-1
33,13,267.35,139.56,8.4,16.17,1.0,-1,-1,-1
33,14,166.63,150.09,11.77,16.72,1.0,-1,-1,-1
33,15,461.64,177.59,10.78,22.51,1.0,-1,-1,-1
33,16,445.42,157.48,9.36,21.06,1.0,-1,-1,-1
33,17,453.68,134.27,9.32,15.14,1.0,-1,-1,-1
33,18,341.47,111.4,13.26,10.8,1.0,-1,-1,-1
33,19,277.3,302.1,146.69,56.92,1.0,-1,-1,-1
33,20,458.71,194.27,11.26,25.9,1.0,-1,-1,-1
33,29,236.74,180.5,14.17,28.88,1.0,-1,-1,-1
33,37,205.45,234.3,40.15,37.24,1.0,-1,-1,-1
34,1,384.39,133.75,21.59,16.8,1.0,-1,-1,-1
34,2,435.67,123.34,14.94,14.65,1.0,-1,-1,-1
34,3,401.2,112.1,15.29,11.18,1.0,-1,-1,-1
34,13,267.59,139.31,8.4,16.17,1.0,-1,-1,-1
34,14,167.61,148.62,11.77,16.72,1.0,-1,-1,-1
34,15,461.64,178.1,10.78,22,1.0,-1,-1,-1
34,16,445.51,157.75,9.36,21.06,1.0,-1,-1,-1
34,17,453.84,134.44,9.32,15.14,1.0,-1,-1,-1
34,18,341.79,111.4,13.26,10.8,1.0,-1,-1,-1
34,19,273.9,301.1,139.8,58.9,1.0,-1,-1,-1
34,20,460.67,196.23,11.26,25.9,1.0,-1,-1,-1
34,29,235.76,179.03,14.17,28.88,1.0,-1,-1,-1
34,37,204.81,233.08,40.15,37.12,1.0,-1,-1,-1
35,1,386.51,133.44,20.19,16.83,1.0,-1,-1,-1
35,2,436.1,123.7,15.04,13.85,1.0,-1,-1,-1
35,3,401.16,112.18,15.33,11.34,1.0,-1,-1,-1
35,13,269.55,137.35,8.4,16.17,1.0,-1,-1,-1
35,14,168.1,148.62,11.77,16.72,1.0,-1,-1,-1
35,15,461.64,178.6,10.78,21.5,1.0,-1,-1,-1
35,16,445.6,158.02,9.36,21.06,1.0,-1,-1,-1
35,17,453.97,134.54,9.32,15.14,1.0,-1,-1,-1
35,18,342.12,111.4,13.26,10.8,1.0,-1,-1,-1
35,19,271.9,297.7,136.9,62.3,1.0,-1,-1,-1
35,20,460.8,196.35,11.26,25.9,1.0,-1,-1,-1
35,29,237.23,179.52,14.17,28.88,1.0,-1,-1,-1
35,37,206.11,231.53,40.05,36.84,1.0,-1,-1,-1
36,1,386.29,133.49,19.91,16.95,1.0,-1,-1,-1
36,2,435.8,123.2,15.85,14.41,1.0,-1,-1,-1
36,3,401.21,112.25,15.32,11.47,1.0,-1,-1,-1
36,13,269.96,137.02,8.4,16.17,1.0,-1,-1,-1
36,14,168.1,148.38,11.77,16.72,1.0,-1,-1,-1
36,15,461.64,179.1,10.78,21,1.0,-1,-1,-1
36,16,445.69,158.3,9.36,21.06,1.0,-1,-1,-1
36,17,454.11,134.64,9.32,15.14,1.0,-1,-1,-1
36,18,342.12,111.19,13.26,10.8,1.0,-1,-1,-1
36,19,266.5,297.7,134.5,62.3,1.0,-1,-1,-1
36,20,460.92,196.47,11.26,25.9,1.0,-1,-1,-1
36,29,237.22,179.03,13.45,28.88,1.0,-1,-1,-1
36,37,205.84,231.66,40.01,36.24,1.0,-1,-1,-1
37,1,385.84,133.46,22.21,17.17,1.0,-1,-1,-1
37,2,435.71,120.75,16.6,16.85,1.0,-1,-1,-1
37,3,401.28,112.28,15.29,11.57,1.0,-1,-1,-1
37,13,270.37,136.7,8.4,16.17,1.0,-1,-1,-1
37,14,168.1,148.13,11.77,16.72,1.0,-1,-1,-1
37,15,461.64,179.6,10.78,20.5,1.0,-1,-1,-1
37,16,445.79,158.57,9.36,21.06,1.0,-1,-1,-1
37,17,454.24,134.73,9.32,15.14,1.0,-1,-1,-1
37,18,342.12,110.98,13.26,10.8,1.0,-1,-1,-1
37,19,262.6,297.7,136.4,62.3,1.0,-1,-1,-1
37,20,461.04,196.6,11.26,25.9,1.0,-1,-1,-1
37,29,237.2,178.54,12.73,28.88,1.0,-1,-1,-1
37,37,206.33,229.48,40.69,36.44,1.0,-1,-1,-1
38,1,386.1,133.68,22.13,17.12,1.0,-1,-1,-1
38,2,435.71,120.75,16.6,16.85,1.0,-1,-1,-1
38,3,401.66,112.54,15.04,11.39,1.0,-1,-1,-1
38,13,270.04,136.37,8.4,16.17,1.0,-1,-1,-1
38,14,168.59,147.15,11.77,16.72,1.0,-1,-1,-1
38,15,461.64,180.1,10.78,20,1.0,-1,-1,-1
38,16,445.88,158.85,9.36,21.06,1.0,-1,-1,-1
38,17,454.37,134.83,9.32,15.14,1.0,-1,-1,-1
38,18,342.12,110.78,13.26,10.8,1.0,-1,-1,-1
38,19,259.2,296.7,134.4,63.3,1.0,-1,-1,-1
38,20,461.16,196.72,11.26,25.9,1.0,-1,-1,-1
38,29,236.67,179.45,14.88,24.95,1.0,-1,-1,-1
38,37,206.95,228.74,41.07,35.93,1.0,-1,-1,-1
39,1,386.14,134.14,22.15,17.18,1.0,-1,-1,-1
39,2,437.58,123.58,14.42,14.38,1.0,-1,-1,-1
39,3,402.01,112.91,14.65,11.1,1.0,-1,-1,-1
39,13,270.04,136.37,8.4,16.17,1.0,-1,-1,-1
39,14,169.31,146.33,11.17,17.6,1.0,-1,-1,-1
39,15,461.64,180.6,10.78,19.5,1.0,-1,-1,-1
39,16,445.97,159.12,9.36,21.06,1.0,-1,-1,-1
39,17,454.5,134.93,9.32,15.14,1.0,-1,-1,-1
39,18,342.12,110.57,13.26,10.8,1.0,-1,-1,-1
39,19,256.3,296.7,130.9,58.4,1.0,-1,-1,-1
39,20,461.16,196.72,11.26,25.9,1.0,-1,-1,-1
39,29,236.8,179.46,14.82,24.91,1.0,-1,-1,-1
39,37,207.41,228.25,40.87,35.84,1.0,-1,-1,-1
40,1,386.31,134.44,22.03,17.12,1.0,-1,-1,-1
40,2,437.97,123.83,14.54,14.35,1.0,-1,-1,-1
40,3,402.24,113.15,14.46,10.91,1.0,-1,-1,-1
40,13,270.22,137.07,10,14.4,1.0,-1,-1,-1
40,14,169.85,145.97,10.88,17.57,1.0,-1,-1,-1
40,15,461.64,181.1,10.78,19,1.0,-1,-1,-1
40,16,446.06,159.39,9.36,21.06,1.0,-1,-1,-1
40,17,454.64,135.03,9.32,15.14,1.0,-1,-1,-1
40,18,342.12,110.36,13.26,10.8,1.0,-1,-1,-1
40,19,253.38,296.21,128.52,58.4,1.0,-1,-1,-1
40,20,461.16,196.72,11.26,25.9,1.0,-1,-1,-1
40,29,237.16,178.57,14.73,25.01,1.0,-1,-1,-1
40,37,208.47,226.73,41,35.69,1.0,-1,-1,-1
41,1,386.41,134.6,22.25,17.34,1.0,-1,-1,-1
41,2,437.77,123.02,15.65,15.48,1.0,-1,-1,-1
41,3,402.41,113.16,14.51,10.94,1.0,-1,-1,-1
41,13,270.69,136.64,10,14.33,1.0,-1,-1,-1
41,14,169.95,146.12,11.23,16.95,1.0,-1,-1,-1
41,15,461.64,181.6,10.78,18.5,1.0,-1,-1,-1
41,16,446.15,159.67,9.36,21.06,1.0,-1,-1,-1
41,17,454.77,135.13,9.32,15.14,1.0,-1,-1,-1
41,18,342.12,110.15,13.26,10.8,1.0,-1,-1,-1
41,19,250.4,295.37,129.82,58.4,1.0,-1,-1,-1
41,20,462.08,198.16,12.55,25.61,1.0,-1,-1,-1
41,29,237.65,177.3,14.58,24.76,1.0,-1,-1,-1
41,37,209.27,226.11,41.02,35.34,1.0,-1,-1,-1
42,1,386.49,134.46,22.31,17.44,1.0,-1,-1,-1
42,2,437.62,122.4,16.35,16.24,1.0,-1,-1,-1
42,3,402.51,113.21,14.44,10.87,1.0,-1,-1,-1
42,13,270.66,135.68,10,14.2,1.0,-1,-1,-1
42,14,169.35,145.03,10.75,16.77,1.0,-1,-1,-1
42,15,461.64,182.1,10.78,18,1.0,-1,-1,-1
42,16,446.24,159.94,9.36,21.06,1.0,-1,-1,-1
42,17,454.9,135.23,9.32,15.14,1.0,-1,-1,-1
42,18,342.12,109.94,13.26,10.8,1.0,-1,-1,-1
42,19,247.56,293.86,127.27,56.44,1.0,-1,-1,-1
42,20,462.45,197.65,12.5,26.22,1.0,-1,-1,-1
42,29,237.78,176.64,14.4,24.48,1.0,-1,-1,-1
42,37,209.35,224.58,40.43,35.23,1.0,-1,-1,-1
43,1,386.47,134.47,22.39,17.56,1.0,-1,-1,-1
43,2,437.83,122.36,16.44,16.35,1.0,-1,-1,-1
43,3,402.53,113.25,14.4,10.82,1.0,-1,-1,-1
43,4,417.73,102,18.12,17.93,1.0,-1,-1,-1
43,13,270.97,135.09,10,14.01,1.0,-1,-1,-1
43,14,170.8,145.02,10.44,17.1,1.0,-1,-1,-1
43,15,461.64,182.6,10.78,17.5,1.0,-1,-1,-1
43,16,446.33,160.21,9.36,21.06,1.0,-1,-1,-1
43,17,455.03,135.33,9.32,15.14,1.0,-1,-1,-1
43,18,343.58,110.31,13.26,10.8,1.0,-1,-1,-1
43,19,243.33,291.86,126.48,56.47,1.0,-1,-1,-1
43,20,462.32,198.21,12.52,26.48,1.0,-1,-1,-1
43,29,238.42,176.5,14.38,24.44,1.0,-1,-1,-1
43,37,209.77,223.35,40.89,34.77,1.0,-1,-1,-1
44,1,386.68,134.68,21.12,17.42,1.0,-1,-1,-1
44,2,438.29,122.52,16.57,16.41,1.0,-1,-1,-1
44,3,402.65,113.11,14.6,10.96,1.0,-1,-1,-1
44,4,417.98,101.33,18.04,18.41,1.0,-1,-1,-1
44,13,272.54,134.55,10,13.99,1.0,-1,-1,-1
44,14,171.47,144.18,10.74,16.93,1.0,-1,-1,-1
44,15,461.64,183.1,10.78,17,1.0,-1,-1,-1
44,16,446.42,160.49,9.36,21.06,1.0,-1,-1,-1
44,17,455.17,135.43,9.32,15.14,1.0,-1,-1,-1
44,18,343.7,109.94,13.26,10.8,1.0,-1,-1,-1
44,19,240.13,290.56,123.81,55.12,1.0,-1,-1,-1
44,20,462.81,198.2,12.55,26.58,1.0,-1,-1,-1
44,29,238.39,175.49,14.24,24.11,1.0,-1,-1,-1
44,37,210.46,222.61,40.43,34.46,1.0,-1,-1,-1
45,1,386.61,134.76,20.69,18.09,1.0,-1,-1,-1
45,2,438.46,122.93,16.5,16.32,1.0,-1,-1,-1
45,3,402.98,113.76,14.42,10.78,1.0,-1,-1,-1
45,4,418.37,101.77,17.81,18.1,1.0,-1,-1,-1
45,13,272.5,135.07,10,13.69,1.0,-1,-1,-1
45,14,172.02,144.67,10.66,16.92,1.0,-1,-1,-1
45,15,461.64,183.6,10.78,16.5,1.0,-1,-1,-1
45,16,446.51,160.76,9.36,21.06,1.0,-1,-1,-1
45,17,455.3,135.53,9.32,15.14,1.0,-1,-1,-1
45,18,343.82,109.58,13.26,10.8,1.0,-1,-1,-1
45,19,237.12,287.4,122.86,56.86,1.0,-1,-1,-1
45,20,462.47,199.21,13.32,26.6,1.0,-1,-1,-1
45,29,238.1,174.6,14.21,24.12,1.0,-1,-1,-1
45,37,212.24,222.2,39.55,33.89,1.0,-1,-1,-1
46,1,386.65,135.23,23.34,18.57,1.0,-1,-1,-1
46,2,439.03,124.15,15.8,15.5,1.0,-1,-1,-1
46,3,403.36,114.36,14.26,10.64,1.0,-1,-1,-1
46,4,418.81,102.26,17.84,17.97,1.0,-1,-1,-1
46,13,273.21,135.43,10,13.69,1.0,-1,-1,-1
46,14,172.25,144.14,10.13,16.39,1.0,-1,-1,-1
46,15,461.64,183.6,10.78,18.94,1.0,-1,-1,-1
46,16,446.43,161.01,9.36,21.06,1.0,-1,-1,-1
46,17,456.76,136.26,9.32,15.14,1.0,-1,-1,-1
46,18,343.94,109.22,13.26,10.8,1.0,-1,-1,-1
46,19,233.95,287.9,121.24,55.72,1.0,-1,-1,-1
46,20,462.8,199.91,13.39,27.16,1.0,-1,-1,-1
46,29,238.9,174.58,14.53,23.98,1.0,-1,-1,-1
46,37,212.68,221.41,38.52,33.75,1.0,-1,-1,-1
47,1,386.61,135.68,23.59,18.89,1.0,-1,-1,-1
47,2,439.61,125.75,14.94,14.44,1.0,-1,-1,-1
47,3,403.66,114.68,14.7,11.03,1.0,-1,-1,-1
47,4,419.04,102.9,17.63,17.57,1.0,-1,-1,-1
47,13,273.32,134.4,10,14.03,1.0,-1,-1,-1
47,14,172.81,144.62,10,16.24,1.0,-1,-1,-1
47,15,461.64,183.6,10.78,21.38,1.0,-1,-1,-1
47,16,446.35,161.27,9.36,21.06,1.0,-1,-1,-1
47,17,458.22,136.99,9.32,15.14,1.0,-1,-1,-1
47,18,344.06,108.86,13.26,10.8,1.0,-1,-1,-1
47,19,231.61,287.75,119.56,54.75,1.0,-1,-1,-1
47,20,463.62,200.91,13.63,27.07,1.0,-1,-1,-1
47,29,239.33,174.21,14,23.7,1.0,-1,-1,-1
47,37,213.44,220.76,40.16,33.85,1.0,-1,-1,-1
48,1,386.72,135.78,23.59,18.98,1.0,-1,-1,-1
48,2,439.91,126.59,14.59,13.86,1.0,-1,-1,-1
48,3,403.77,114.8,15.11,11.41,1.0,-1,-1,-1
48,4,419.02,103.13,17.59,17.35,1.0,-1,-1,-1
48,13,274.51,134.76,10,13.49,1.0,-1,-1,-1
48,14,172.69,143.67,10,16.32,1.0,-1,-1,-1
48,15,461.64,183.6,10.78,23.82,1.0,-1,-1,-1
48,16,446.26,161.52,9.36,21.06,1.0,-1,-1,-1
48,17,458.5,137.41,9.32,15.14,1.0,-1,-1,-1
48,18,344.18,108.5,13.26,10.8,1.0,-1,-1,-1
48,19,229.28,287.6,117.87,53.78,1.0,-1,-1,-1
48,20,463.37,201.09,13.97,26.54,1.0,-1,-1,-1
48,29,239.1,173.41,14.24,23.79,1.0,-1,-1,-1
48,37,214.5,219.6,40.34,33.57,1.0,-1,-1,-1
49,1,386.65,135.69,23.56,19.06,1.0,-1,-1,-1
49,2,440.14,127.12,14.17,13.17,1.0,-1,-1,-1
49,3,403.85,114.76,14.85,11.27,1.0,-1,-1,-1
49,4,419.06,103.02,17.66,17.23,1.0,-1,-1,-1
49,13,273.95,133.2,10,13.38,1.0,-1,-1,-1
49,14,172.3,143.11,10,16.54,1.0,-1,-1,-1
49,15,461.64,183.6,10.78,26.26,1.0,-1,-1,-1
49,16,446.18,161.77,9.36,21.06,1.0,-1,-1,-1
49,17,458.78,137.83,9.32,15.14,1.0,-1,-1,-1
49,18,344.3,108.14,13.26,10.8,1.0,-1,-1,-1
49,19,225.79,286.08,116.25,53.96,1.0,-1,-1,-1
49,20,463.14,201.14,14.58,27.36,1.0,-1,-1,-1
49,29,238.92,172.71,14.08,23.39,1.0,-1,-1,-1
49,37,215.08,218.25,40.48,33.19,1.0,-1,-1,-1
50,1,386.49,135.64,21.61,19.28,1.0,-1,-1,-1
50,2,440.61,127.27,14.34,13.16,1.0,-1,-1,-1
50,3,404.32,114.78,14.81,11.22,1.0,-1,-1,-1
50,4,419.01,102.84,18.06,17.47,1.0,-1,-1,-1
50,13,274.94,132.49,10,13.38,1.0,-1,-1,-1
50,14,172.72,141.85,10,16.54,1.0,-1,-1,-1
50,15,461.64,183.6,10.78,28.7,1.0,-1,-1,-1
50,16,446.09,162.03,9.36,21.06,1.0,-1,-1,-1
50,17,459.06,138.25,9.32,15.14,1.0,-1,-1,-1
50,18,344.42,107.77,13.26,10.8,1.0,-1,-1,-1
50,19,224.53,280.2,114.57,59.85,1.0,-1,-1,-1
50,20,464.82,201.56,14.58,27.36,1.0,-1,-1,-1
50,29,238.92,172.29,14.08,23.39,1.0,-1,-1,-1
50,37,215.86,217.56,41.49,32.73,1.0,-1,-1,-1
51,1,386.7,135.78,23.59,19.31,1.0,-1,-1,-1
51,2,441.03,127.36,14.62,13.27,1.0,-1,-1,-1
51,3,404.49,114.67,15.05,11.44,1.0,-1,-1,-1
51,4,419.01,102.87,18.3,17.55,1.0,-1,-1,-1
51,13,275.92,131.79,10,13.38,1.0,-1,-1,-1
51,14,172.93,141.53,10,16.54,1.0,-1,-1,-1
51,15,461.64,183.6,10.78,29.31,1.0,-1,-1,-1
51,16,446.09,163.29,9.36,21.06,1.0,-1,-1,-1
51,17,459.27,138.57,9.32,15.14,1.0,-1,-1,-1
51,18,344.54,107.83,13.26,10.8,1.0,-1,-1,-1
51,19,220.94,280.4,113.51,59.02,1.0,-1,-1,-1
51,20,466.93,204.51,14.58,27.36,1.0,-1,-1,-1
51,29,238.92,171.87,14.08,23.39,1.0,-1,-1,-1
51,37,216.51,215.87,41.83,32.81,1.0,-1,-1,-1
52,1,386.91,136.12,23.51,19.33,1.0,-1,-1,-1
52,2,440.12,126.53,16.28,14.77,1.0,-1,-1,-1
52,3,404.75,114.84,15.02,11.48,1.0,-1,-1,-1
52,4,418.96,103.07,18.42,17.52,1.0,-1,-1,-1
52,13,276.9,131.09,10,13.38,1.0,-1,-1,-1
52,14,173.14,141.21,10,16.54,1.0,-1,-1,-1
52,15,461.64,183.6,10.78,29.92,1.0,-1,-1,-1
52,16,446.51,163.5,9.36,21.06,1.0,-1,-1,-1
52,17,459.48,138.89,9.32,15.14,1.0,-1,-1,-1
52,18,344.66,107.89,13.26,10.8,1.0,-1,-1,-1
52,19,217.35,280.6,112.45,58.2,1.0,-1,-1,-1
52,20,466.93,204.09,14.58,27.78,1.0,-1,-1,-1
52,29,238.92,171.45,14.08,23.39,1.0,-1,-1,-1
52,37,217.76,214.84,40.22,32.64,1.0,-1,-1,-1
53,2,439.51,124.67,18.07,16.6,1.0,-1,-1,-1
53,3,404.98,114.98,15.07,11.59,1.0,-1,-1,-1
53,4,419.26,103.6,18.1,17.01,1.0,-1,-1,-1
53,13,277.16,131,10,13.38,1.0,-1,-1,-1
53,14,173.35,140.9,10,16.54,1.0,-1,-1,-1
53,15,461.64,183.6,10.78,30.53,1.0,-1,-1,-1
53,16,446.94,163.71,9.36,21.06,1.0,-1,-1,-1
53,17,459.69,139.2,9.32,15.14,1.0,-1,-1,-1
53,18,344.79,107.96,13.26,10.8,1.0,-1,-1,-1
53,19,216.1,280.6,111.6,58.2,1.0,-1,-1,-1
53,20,466.93,203.67,14.58,28.2,1.0,-1,-1,-1
53,29,239.56,171.03,14.08,23.39,1.0,-1,-1,-1
53,37,218.93,213.95,40.57,32.5,1.0,-1,-1,-1
54,1,386.72,136.84,21.68,19.71,1.0,-1,-1,-1
54,2,440.04,126.52,18.16,16.87,1.0,-1,-1,-1
54,3,405.16,115.21,12.64,11.77,1.0,-1,-1,-1
54,4,419.27,104.05,18.34,17.1,1.0,-1,-1,-1
54,13,277.41,130.92,10,13.38,1.0,-1,-1,-1
54,14,173.56,140.58,10,16.54,1.0,-1,-1,-1
54,15,461.64,183.6,10.78,31.14,1.0,-1,-1,-1
54,16,446.94,165.4,9.36,21.06,1.0,-1,-1,-1
54,17,459.9,139.52,9.32,15.14,1.0,-1,-1,-1
54,18,344.91,108.02,13.26,10.8,1.0,-1,-1,-1
54,19,211.9,280.6,111.2,56.5,1.0,-1,-1,-1
54,20,466.93,203.25,14.58,28.62,1.0,-1,-1,-1
54,29,240.19,170.6,14.08,23.39,1.0,-1,-1,-1
54,37,219.95,213.79,40.55,32.38,1.0,-1,-1,-1
55,1,386.66,137.23,23.76,19.87,1.0,-1,-1,-1
55,2,439.75,124.08,18.34,17.27,1.0,-1,-1,-1
55,3,405.11,115.27,15.43,12,1.0,-1,-1,-1
55,4,419.37,103.66,18.48,17.15,1.0,-1,-1,-1
55,13,277.66,130.83,10,13.38,1.0,-1,-1,-1
55,14,173.73,140.07,10,16.54,1.0,-1,-1,-1
55,15,461.64,183.6,10.78,31.76,1.0,-1,-1,-1
55,16,446.94,165.65,9.36,21.06,1.0,-1,-1,-1
55,17,460.5,139.6,9.32,15.14,1.0,-1,-1,-1
55,18,345.03,108.08,13.26,10.8,1.0,-1,-1,-1
55,19,209.4,280.6,109.9,56.5,1.0,-1,-1,-1
55,20,466.93,202.82,14.58,29.05,1.0,-1,-1,-1
55,29,240.19,169.76,14.08,23.39,1.0,-1,-1,-1
55,37,219.83,213.15,41.1,32.09,1.0,-1,-1,-1
56,1,387.02,138.09,23.16,19.34,1.0,-1,-1,-1
56,2,442.3,126.61,15.37,16.89,1.0,-1,-1,-1
56,3,405.2,115.32,15.48,12.07,1.0,-1,-1,-1
56,4,419.58,103.73,18.46,17.04,1.0,-1,-1,-1
56,13,277.92,130.75,10,13.38,1.0,-1,-1,-1
56,14,173.9,139.57,10,16.54,1.0,-1,-1,-1
56,15,461.64,183.6,10.78,32.37,1.0,-1,-1,-1
56,16,446.94,165.91,9.36,21.06,1.0,-1,-1,-1
56,17,461.09,139.69,9.32,15.14,1.0,-1,-1,-1
56,18,345.15,108.14,13.26,10.8,1.0,-1,-1,-1
56,19,208.1,276.8,106.6,58.6,1.0,-1,-1,-1
56,20,466.93,202.4,14.58,29.47,1.0,-1,-1,-1
56,29,240.4,168.71,14.08,23.39,1.0,-1,-1,-1
56,37,221.4,211.69,40.88,32.09,1.0,-1,-1,-1
57,1,387.46,138.87,22.72,18.96,1.0,-1,-1,-1
57,2,442.33,127.53,14.94,15.2,1.0,-1,-1,-1
57,3,405.31,115.37,15.71,12.29,1.0,-1,-1,-1
57,4,419.95,104.18,18.12,16.58,1.0,-1,-1,-1
57,13,278.17,130.67,10,13.38,1.0,-1,-1,-1
57,14,174.07,139.06,10,16.54,1.0,-1,-1,-1
57,15,461.64,183.6,10.78,32.98,1.0,-1,-1,-1
57,16,446.94,166.16,9.36,21.06,1.0,-1,-1,-1
57,17,461.68,139.77,9.32,15.14,1.0,-1,-1,-1
57,18,345.27,108.2,13.26,10.8,1.0,-1,-1,-1
57,19,205.6,276.8,102.3,56.1,1.0,-1,-1,-1
57,20,467.78,202.4,14.58,29.47,1.0,-1,-1,-1
57,29,240.61,167.65,14.08,23.39,1.0,-1,-1,-1
57,37,222.63,210.85,40.42,31.76,1.0,-1,-1,-1
58,1,387.99,140.31,21.9,18.22,1.0,-1,-1,-1
58,2,442.35,128.44,14.52,13.51,1.0,-1,-1,-1
58,3,405.4,115.61,15.77,12.36,1.0,-1,-1,-1
58,4,420.18,104.64,17.83,16.16,1.0,-1,-1,-1
58,5,337.7,286.6,302.3,72.61,1.0,-1,-1,-1
58,13,278.17,130.03,10,14.01,1.0,-1,-1,-1
58,14,174.24,138.55,10,16.54,1.0,-1,-1,-1
58,15,461.64,183.6,10.78,33.59,1.0,-1,-1,-1
58,16,446.94,166.41,9.36,21.06,1.0,-1,-1,-1
58,17,462.27,139.86,9.32,15.14,1.0,-1,-1,-1
58,18,345.52,107.94,13.26,10.8,1.0,-1,-1,-1
58,19,203.5,276.8,104.4,56.1,1.0,-1,-1,-1
58,20,468.41,203.46,14.58,29.47,1.0,-1,-1,-1
58,29,240.61,166.91,14.08,23.39,1.0,-1,-1,-1
58,37,223.22,209.66,39.78,31.46,1.0,-1,-1,-1
59,1,387.98,140.79,21.86,18.11,1.0,-1,-1,-1
59,2,442.77,129.18,14.35,13.25,1.0,-1,-1,-1
59,3,405.58,115.88,15.68,12.3,1.0,-1,-1,-1
59,4,420.41,104.73,17.84,16.03,1.0,-1,-1,-1
59,5,334.49,288.5,305.51,70.23,1.0,-1,-1,-1
59,13,278.17,129.4,10,14.64,1.0,-1,-1,-1
59,14,174.41,138.05,10,16.54,1.0,-1,-1,-1
59,15,461.64,183.6,10.78,34.2,1.0,-1,-1,-1
59,16,446.94,166.67,9.36,21.06,1.0,-1,-1,-1
59,17,462.86,139.94,9.32,15.14,1.0,-1,-1,-1
59,18,345.77,107.69,13.26,10.8,1.0,-1,-1,-1
59,19,200.1,276.8,103.2,55.3,1.0,-1,-1,-1
59,20,469.04,204.51,14.58,29.47,1.0,-1,-1,-1
59,29,240.61,166.17,14.08,23.39,1.0,-1,-1,-1
59,37,224.28,209.42,38.95,30.93,1.0,-1,-1,-1
60,1,387.67,140.74,22.3,18.41,1.0,-1,-1,-1
60,2,442.65,128.77,14.68,13.51,1.0,-1,-1,-1
60,3,405.76,116.27,15.72,12.27,1.0,-1,-1,-1
60,4,419.86,104.53,18.58,16.76,1.0,-1,-1,-1
60,5,328.11,289.9,311.89,68.62,1.0,-1,-1,-1
60,13,278.59,128.56,10,14.64,1.0,-1,-1,-1
60,14,174.41,137.42,10,16.54,1.0,-1,-1,-1
60,15,461.64,187.2,10.78,30.6,1.0,-1,-1,-1
60,16,447.04,167.19,9.36,21.06,1.0,-1,-1,-1
60,17,463.28,140.89,9.32,15.14,1.0,-1,-1,-1
60,18,346.03,107.44,13.26,10.8,1.0,-1,-1,-1
60,19,198,273,100.2,59.1,1.0,-1,-1,-1
60,20,469.75,204.93,14.58,29.47,1.0,-1,-1,-1
60,29,240.61,165.44,14.08,23.39,1.0,-1,-1,-1
60,37,225.05,208.44,40.12,30.74,1.0,-1,-1,-1
61,1,387.58,140.45,22.92,18.88,1.0,-1,-1,-1
61,2,442.57,128.79,14.72,13.49,1.0,-1,-1,-1
61,3,405.79,116.38,15.79,12.29,1.0,-1,-1,-1
61,4,419.69,104.49,18.77,16.98,1.0,-1,-1,-1
61,5,320.9,287.2,319.1,71.32,1.0,-1,-1,-1
61,13,279.01,127.71,10,14.64,1.0,-1,-1,-1
61,14,174.41,136.78,10,16.54,1.0,-1,-1,-1
61,15,461.64,190.8,10.78,27,1.0,-1,-1,-1
61,16,447.15,167.72,9.36,21.06,1.0,-1,-1,-1
61,17,463.7,141.84,9.32,15.14,1.0,-1,-1,-1
61,18,346.28,107.18,13.26,10.8,1.0,-1,-1,-1
61,19,195.9,273,102.3,55.3,1.0,-1,-1,-1
61,20,470.45,205.35,14.58,29.47,1.0,-1,-1,-1
61,29,240.61,164.7,14.08,23.39,1.0,-1,-1,-1
61,37,225.36,207.37,39.71,30.5,1.0,-1,-1,-1
62,1,387.57,140.72,23.19,18.98,1.0,-1,-1,-1
62,2,443.06,129.57,14.39,13.15,1.0,-1,-1,-1
62,3,406.06,116.62,15.63,12.12,1.0,-1,-1,-1
62,4,419.69,104.49,18.77,16.98,1.0,-1,-1,-1
62,5,315.8,288.3,324.2,70.22,1.0,-1,-1,-1
62,13,281.12,127.71,10,14.64,1.0,-1,-1,-1
62,14,174.83,136.15,10,16.54,1.0,-1,-1,-1
62,15,461.64,191.78,10.78,27,1.0,-1,-1,-1
62,16,447.25,168.25,9.36,21.06,1.0,-1,-1,-1
62,17,464.12,142.79,9.32,15.14,1.0,-1,-1,-1
62,18,346.53,106.93,13.26,10.8,1.0,-1,-1,-1
62,19,193.4,273,99.7,55.3,1.0,-1,-1,-1
62,20,471.15,205.78,14.58,29.47,1.0,-1,-1,-1
62,29,240.93,164.06,14.08,23.39,1.0,-1,-1,-1
62,37,226.86,205.77,39.16,30.79,1.0,-1,-1,-1
63,1,387.78,141.06,23.06,18.88,1.0,-1,-1,-1
63,2,443.99,128.91,15.94,14.74,1.0,-1,-1,-1
63,3,406.16,116.6,15.74,12.2,1.0,-1,-1,-1
63,4,419.7,104.67,19.02,17.25,1.0,-1,-1,-1
63,5,308.6,286.1,331.4,72.42,1.0,-1,-1,-1
63,13,281.63,127.46,10,14.64,1.0,-1,-1,-1
63,14,175.25,135.52,10,16.54,1.0,-1,-1,-1
63,15,461.64,192.77,10.78,27,1.0,-1,-1,-1
63,16,447.36,168.78,9.36,21.06,1.0,-1,-1,-1
63,17,464.55,143.74,9.32,15.14,1.0,-1,-1,-1
63,18,346.62,106.91,13.26,10.8,1.0,-1,-1,-1
63,19,192.6,273,96.7,51.5,1.0,-1,-1,-1
63,20,472,206.2,14.58,29.47,1.0,-1,-1,-1
63,29,241.24,163.43,14.08,23.39,1.0,-1,-1,-1
63,37,228.02,205.04,39.15,30.23,1.0,-1,-1,-1
64,1,387.82,141.78,22.99,18.77,1.0,-1,-1,-1
64,2,442.59,128,17.05,15.98,1.0,-1,-1,-1
64,3,406.26,116.8,15.7,12.14,1.0,-1,-1,-1
64,4,419.71,104.86,19.26,17.52,1.0,-1,-1,-1
64,5,300.2,285.1,339.8,73.42,1.0,-1,-1,-1
64,13,282.13,127.21,10,14.64,1.0,-1,-1,-1
64,14,175.09,135.46,10,16.54,1.0,-1,-1,-1
64,15,461.64,193.75,10.78,27,1.0,-1,-1,-1
64,16,447.37,169.37,9.35,21.06,1.0,-1,-1,-1
64,17,464.97,143.91,9.32,15.14,1.0,-1,-1,-1
64,18,346.71,106.89,13.26,10.8,1.0,-1,-1,-1
64,19,188.8,269.62,92.5,51.5,1.0,-1,-1,-1
64,20,472,207.88,14.58,29.47,1.0,-1,-1,-1
64,29,241.56,162.8,14.08,23.39,1.0,-1,-1,-1
64,37,229.21,204,37.62,29.96,1.0,-1,-1,-1
65,1,387.6,142.12,23.22,18.94,1.0,-1,-1,-1
65,2,442.9,127.8,17.64,16.69,1.0,-1,-1,-1
65,3,406.29,116.98,15.65,12.06,1.0,-1,-1,-1
65,4,419.66,104.95,19.54,17.86,1.0,-1,-1,-1
65,5,294.94,283.1,345.06,76.05,1.0,-1,-1,-1
65,13,282.64,126.95,10,14.64,1.0,-1,-1,-1
65,14,174.93,135.41,10,16.54,1.0,-1,-1,-1
65,15,461.53,194.28,10.78,27,1.0,-1,-1,-1
65,16,447.38,169.96,9.34,21.06,1.0,-1,-1,-1
65,17,465.39,144.08,9.32,15.14,1.0,-1,-1,-1
65,18,346.8,106.86,13.26,10.8,1.0,-1,-1,-1
65,19,186.7,269.62,91.2,51.5,1.0,-1,-1,-1
65,20,472.1,207.99,14.58,29.47,1.0,-1,-1,-1
65,29,241.88,162.17,14.08,23.39,1.0,-1,-1,-1
65,37,230.28,203.52,36.73,29.71,1.0,-1,-1,-1
66,1,388.35,143.62,22.88,18.37,1.0,-1,-1,-1
66,2,443.64,128.4,17.18,16.31,1.0,-1,-1,-1
66,3,406.4,117.32,15.57,11.97,1.0,-1,-1,-1
66,4,419.87,104.96,19.58,17.92,1.0,-1,-1,-1
66,5,289.69,283.8,350.31,75.98,1.0,-1,-1,-1
66,13,283.15,126.7,10,14.64,1.0,-1,-1,-1
66,14,174.78,135.36,10,16.54,1.0,-1,-1,-1
66,15,461.43,194.81,10.78,27,1.0,-1,-1,-1
66,16,447.38,170.55,9.33,21.06,1.0,-1,-1,-1
66,17,465.81,144.25,9.32,15.14,1.0,-1,-1,-1
66,18,346.89,106.84,13.26,10.8,1.0,-1,-1,-1
66,19,185,268.74,90.4,53.22,1.0,-1,-1,-1
66,20,472.21,208.1,14.58,29.47,1.0,-1,-1,-1
66,29,242.09,161.88,14.08,23.39,1.0,-1,-1,-1
66,37,231.23,202.98,35.77,29.49,1.0,-1,-1,-1
67,1,388.33,144.41,23.32,18.42,1.0,-1,-1,-1
67,2,443.64,128.4,17.18,16.31,1.0,-1,-1,-1
67,3,406.73,117.75,15.37,11.8,1.0,-1,-1,-1
67,4,420.1,104.99,19.57,17.87,1.0,-1,-1,-1
67,5,284.2,282.1,355.8,77.68,1.0,-1,-1,-1
67,13,283.65,126.45,10,14.64,1.0,-1,-1,-1
67,14,174.62,135.3,10,16.54,1.0,-1,-1,-1
67,15,461.32,195.33,10.78,27,1.0,-1,-1,-1
67,16,447.39,171.14,9.32,21.06,1.0,-1,-1,-1
67,17,466.23,144.41,9.32,15.14,1.0,-1,-1,-1
67,18,346.98,106.82,13.26,10.8,1.0,-1,-1,-1
67,19,183.3,268.74,88.7,51.56,1.0,-1,-1,-1
67,20,472.31,208.2,14.58,29.47,1.0,-1,-1,-1
67,29,242.3,161.6,14.08,23.39,1.0,-1,-1,-1
67,37,232.51,201.79,36.21,29.28,1.0,-1,-1,-1
68,1,388.8,144.77,23.64,18.49,1.0,-1,-1,-1
68,2,444.24,131.5,17.51,15.01,1.0,-1,-1,-1
68,3,406.93,117.98,15.44,11.82,1.0,-1,-1,-1
68,4,422.21,103.72,19.57,17.87,1.0,-1,-1,-1
68,5,278.29,281.3,361.71,78.7,1.0,-1,-1,-1
68,13,283.92,126.24,10,14.64,1.0,-1,-1,-1
68,14,174.46,135.25,10,16.54,1.0,-1,-1,-1
68,15,461.22,195.86,10.78,27,1.0,-1,-1,-1
68,16,447.4,171.73,9.32,21.06,1.0,-1,-1,-1
68,17,466.66,144.58,9.32,15.14,1.0,-1,-1,-1
68,18,347.07,106.8,13.26,10.8,1.0,-1,-1,-1
68,19,181.6,264.9,88.3,55.4,1.0,-1,-1,-1
68,20,472.42,208.31,14.58,29.47,1.0,-1,-1,-1
68,29,242.51,161.32,14.08,23.39,1.0,-1,-1,-1
68,37,233.3,201.84,36.12,29.11,1.0,-1,-1,-1
69,1,388.88,144.9,23.87,18.5,1.0,-1,-1,-1
69,2,444.84,128.73,17.83,17.05,1.0,-1,-1,-1
69,3,407.04,118.05,15.46,11.8,1.0,-1,-1,-1
69,4,421.86,105.16,19.25,17.47,1.0,-1,-1,-1
69,5,279.4,282.4,360.6,77.6,1.0,-1,-1,-1
69,13,284.18,126.03,10,14.64,1.0,-1,-1,-1
69,14,174.3,135.2,10,16.54,1.0,-1,-1,-1
69,15,461.43,195.86,10.78,27,1.0,-1,-1,-1
69,16,447.82,172.15,9.32,21.06,1.0,-1,-1,-1
69,17,467.02,144.59,9.32,15.38,1.0,-1,-1,-1
69,18,347.15,106.78,13.26,10.8,1.0,-1,-1,-1
69,19,180.1,264.9,88.95,54.35,1.0,-1,-1,-1
69,20,473.05,208.31,14.58,29.47,1.0,-1,-1,-1
69,29,242.72,161.04,14.08,23.39,1.0,-1,-1,-1
69,37,234.04,201.8,36.12,29.11,1.0,-1,-1,-1
70,1,389,145.09,21,18.28,1.0,-1,-1,-1
70,2,444.97,128.99,17.62,16.88,1.0,-1,-1,-1
70,3,407.21,118.3,15.16,11.52,1.0,-1,-1,-1
70,4,421.03,105.28,19.27,17.42,1.0,-1,-1,-1
70,5,276.62,282.6,363.38,76.98,1.0,-1,-1,-1
70,13,284.44,125.81,10,14.64,1.0,-1,-1,-1
70,14,174.14,135.15,10,16.54,1.0,-1,-1,-1
70,15,461.64,195.86,10.78,27,1.0,-1,-1,-1
70,16,448.24,172.58,9.32,21.06,1.0,-1,-1,-1
70,17,467.38,144.59,9.32,15.62,1.0,-1,-1,-1
70,18,347.24,106.75,13.26,10.8,1.0,-1,-1,-1
70,19,178.6,264.9,89.6,53.3,1.0,-1,-1,-1
70,20,473.68,208.31,14.58,29.47,1.0,-1,-1,-1
70,29,242.93,160.76,14.08,23.39,1.0,-1,-1,-1
70,37,234.14,200.65,35.76,28.97,1.0,-1,-1,-1
71,1,389.29,145.05,22.41,18.58,1.0,-1,-1,-1
71,2,444.79,128.42,18.1,17.51,1.0,-1,-1,-1
71,3,407.2,118.18,15.3,11.62,1.0,-1,-1,-1
71,4,420.87,105.13,19.36,17.4,1.0,-1,-1,-1
71,5,271.36,281.3,368.64,78.28,1.0,-1,-1,-1
71,13,284.71,125.6,10,14.64,1.0,-1,-1,-1
71,14,173.99,135.09,10,16.54,1.0,-1,-1,-1
71,15,461.64,197.55,10.78,27,1.0,-1,-1,-1
71,16,448.24,172.83,9.32,21.06,1.0,-1,-1,-1
71,17,467.74,144.59,9.32,15.86,1.0,-1,-1,-1
71,18,347.33,106.73,13.26,10.8,1.0,-1,-1,-1
71,19,178.6,264.9,85.4,50.8,1.0,-1,-1,-1
71,20,473.68,209.99,14.58,29.47,1.0,-1,-1,-1
71,29,243.14,160.48,14.08,23.39,1.0,-1,-1,-1
71,37,234.63,199.26,34.64,28.45,1.0,-1,-1,-1
72,1,389.11,144.94,23.19,18.74,1.0,-1,-1,-1
72,2,444.33,127.18,19.06,18.75,1.0,-1,-1,-1
72,3,407.04,118.01,15.54,11.81,1.0,-1,-1,-1
72,4,420.87,105.02,19.5,17.43,1.0,-1,-1,-1
72,5,266.1,280.6,373.9,78.98,1.0,-1,-1,-1
72,13,284.97,125.39,10,14.64,1.0,-1,-1,-1
72,14,173.99,134.46,10,16.54,1.0,-1,-1,-1
72,15,461.85,197.55,10.78,27,1.0,-1,-1,-1
72,16,448.24,173.08,9.32,21.06,1.0,-1,-1,-1
72,17,468.1,144.59,9.32,16.1,1.0,-1,-1,-1
72,18,347.42,106.71,13.26,10.8,1.0,-1,-1,-1
72,19,178.6,264.9,83.3,50.8,1.0,-1,-1,-1
72,20,474.31,211.68,14.58,29.47,1.0,-1,-1,-1
72,29,243.35,159.63,14.08,23.39,1.0,-1,-1,-1
72,37,235.49,198.77,35.9,28.34,1.0,-1,-1,-1
73,1,389.25,145.14,22.75,18.85,1.0,-1,-1,-1
73,2,444.67,127.33,18.72,18.65,1.0,-1,-1,-1
73,3,406.8,117.76,15.91,12.12,1.0,-1,-1,-1
73,4,420.94,105.13,19.56,17.39,1.0,-1,-1,-1
73,5,260.18,279.5,379.82,80.29,1.0,-1,-1,-1
73,13,285.23,125.18,10,14.64,1.0,-1,-1,-1
73,14,173.99,133.83,10,16.54,1.0,-1,-1,-1
73,15,462.06,197.55,10.78,27,1.0,-1,-1,-1
73,16,448.24,173.34,9.32,21.06,1.0,-1,-1,-1
73,17,468.46,144.6,9.32,16.34,1.0,-1,-1,-1
73,18,347.51,106.69,13.26,10.8,1.0,-1,-1,-1
73,19,176.07,260.26,83.3,51.64,1.0,-1,-1,-1
73,20,474.95,213.37,14.58,29.47,1.0,-1,-1,-1
73,29,243.56,158.79,14.08,23.39,1.0,-1,-1,-1
73,37,236.86,197.54,35.8,28.38,1.0,-1,-1,-1
74,1,389.3,145.35,23.3,19.21,1.0,-1,-1,-1
74,2,445.34,129.48,17.21,17.15,1.0,-1,-1,-1
74,3,407.15,118.16,15.79,12.01,1.0,-1,-1,-1
74,4,421.48,105.33,19.33,17.06,1.0,-1,-1,-1
74,5,254.26,278.4,385.74,81.6,1.0,-1,-1,-1
74,13,285.5,124.97,10,14.64,1.0,-1,-1,-1
74,14,173.81,133.53,10,16.54,1.0,-1,-1,-1
74,15,462.06,197.55,10.78,28.28,1.0,-1,-1,-1
74,16,448.24,173.59,9.32,21.06,1.0,-1,-1,-1
74,17,468.83,144.6,9.32,16.58,1.0,-1,-1,-1
74,18,347.6,106.66,13.26,10.8,1.0,-1,-1,-1
74,19,174.8,258.57,81.6,51.64,1.0,-1,-1,-1
74,20,475.26,211,14.58,32.05,1.0,-1,-1,-1
74,29,244.53,158.63,14.08,23.39,1.0,-1,-1,-1
74,37,237.14,196.82,34.56,27.85,1.0,-1,-1,-1
75,1,389.13,145.53,27.07,20.15,1.0,-1,-1,-1
75,2,444.81,131.9,18.33,15.62,1.0,-1,-1,-1
75,3,407.45,119,15.81,13.31,1.0,-1,-1,-1
75,4,421.83,105.55,19.58,17.17,1.0,-1,-1,-1
75,5,251.7,277.8,388.3,82.2,1.0,-1,-1,-1
75,13,285.76,124.76,10,14.64,1.0,-1,-1,-1
75,14,173.63,133.23,10,16.54,1.0,-1,-1,-1
75,15,462.06,197.55,10.78,29.55,1.0,-1,-1,-1
75,16,448.25,173.84,9.32,21.06,1.0,-1,-1,-1
75,17,469.19,144.6,9.32,16.81,1.0,-1,-1,-1
75,18,347.69,106.64,13.26,10.8,1.0,-1,-1,-1
75,19,172.5,258.57,80.7,51.64,1.0,-1,-1,-1
75,20,475.58,212.07,14.58,31.19,1.0,-1,-1,-1
75,29,245.49,158.46,14.08,23.39,1.0,-1,-1,-1
75,37,239.11,196.4,34.39,27.48,1.0,-1,-1,-1
76,1,388.88,145.96,23.92,20.39,1.0,-1,-1,-1
76,2,445.63,130.21,17.8,18.01,1.0,-1,-1,-1
76,3,407.57,118.68,15.87,12.1,1.0,-1,-1,-1
76,4,421.83,105.55,19.58,17.17,1.0,-1,-1,-1
76,5,248.72,291.7,98.88,68.3,1.0,-1,-1,-1
76,13,286.01,124.34,10,14.64,1.0,-1,-1,-1
76,14,173.44,132.92,10,16.54,1.0,-1,-1,-1
76,15,462.48,199.24,10.78,29.55,1.0,-1,-1,-1
76,16,448.25,174.69,9.32,21.06,1.0,-1,-1,-1
76,17,469.61,144.88,9.32,16.81,1.0,-1,-1,-1
76,18,347.78,106.62,13.26,10.8,1.0,-1,-1,-1
76,19,172.7,258.57,79.9,51.64,1.0,-1,-1,-1
76,20,475.89,213.14,14.58,30.33,1.0,-1,-1,-1
76,29,245.63,158.03,14.08,23.39,1.0,-1,-1,-1
76,37,239.05,195.58,34.3,27.46,1.0,-1,-1,-1
77,1,388.86,146.33,27.47,20.62,1.0,-1,-1,-1
77,2,445.84,130.28,17.86,18.15,1.0,-1,-1,-1
77,3,407.52,118.72,16.01,12.22,1.0,-1,-1,-1
77,4,422.04,105.66,19.63,17.14,1.0,-1,-1,-1
77,5,242,277.8,398,82.2,1.0,-1,-1,-1
77,13,286.27,123.92,10,14.64,1.0,-1,-1,-1
77,14,173.26,132.62,10,16.54,1.0,-1,-1,-1
77,15,462.76,199.24,10.78,29.55,1.0,-1,-1,-1
77,16,448.25,175.53,9.32,21.06,1.0,-1,-1,-1
77,17,470.03,145.16,9.32,16.81,1.0,-1,-1,-1
77,18,347.86,106.6,13.26,10.8,1.0,-1,-1,-1
77,19,170.2,258.57,79.9,51.64,1.0,-1,-1,-1
77,20,476.21,214.21,14.58,29.47,1.0,-1,-1,-1
77,29,245.78,157.59,14.08,23.39,1.0,-1,-1,-1
77,37,239.43,194.73,30.92,27.59,1.0,-1,-1,-1
78,1,388.96,146.43,27.56,20.8,1.0,-1,-1,-1
78,2,446.25,132.34,18.14,16.91,1.0,-1,-1,-1
78,3,407.1,118.31,16.61,12.77,1.0,-1,-1,-1
78,4,422.26,105.76,19.67,17.12,1.0,-1,-1,-1
78,5,238.2,291.7,103,68.3,1.0,-1,-1,-1
78,13,286.52,123.49,10,14.64,1.0,-1,-1,-1
78,14,173.08,132.32,10,16.54,1.0,-1,-1,-1
78,15,463.05,199.24,10.78,29.55,1.0,-1,-1,-1
78,16,448.25,175.53,9.32,21.59,1.0,-1,-1,-1
78,17,470.45,145.44,9.32,16.81,1.0,-1,-1,-1
78,18,347.95,106.58,13.26,10.8,1.0,-1,-1,-1
78,19,168.9,256.46,75.7,51.64,1.0,-1,-1,-1
78,20,476.21,214.84,14.58,29.47,1.0,-1,-1,-1
78,29,245.93,157.16,14.08,23.39,1.0,-1,-1,-1
78,37,240.7,194.04,32.31,27.07,1.0,-1,-1,-1
79,1,389.14,146.67,27.32,20.71,1.0,-1,-1,-1
79,2,445.87,132.3,18.67,15.95,1.0,-1,-1,-1
79,3,407.11,118.28,16.76,12.96,1.0,-1,-1,-1
79,4,422.47,105.96,19.84,17.19,1.0,-1,-1,-1
79,5,232.28,281,407.72,79,1.0,-1,-1,-1
79,13,286.77,123.07,10,14.64,1.0,-1,-1,-1
79,14,172.9,132.02,10,16.54,1.0,-1,-1,-1
79,15,463.33,199.24,10.78,29.55,1.0,-1,-1,-1
79,16,448.25,175.53,9.32,22.11,1.0,-1,-1,-1
79,17,470.88,145.58,9.32,16.81,1.0,-1,-1,-1
79,18,348.04,106.55,13.26,10.8,1.0,-1,-1,-1
79,19,168.48,254.35,75.7,51.64,1.0,-1,-1,-1
79,20,476.21,215.48,14.58,29.47,1.0,-1,-1,-1
79,29,246.08,156.72,14.08,23.39,1.0,-1,-1,-1
79,37,240.69,192.5,32.48,27.42,1.0,-1,-1,-1
80,1,389.2,146.8,27.45,20.88,1.0,-1,-1,-1
80,2,445.95,133.1,19.59,15.43,1.0,-1,-1,-1
80,3,407.47,118.59,16.81,13.08,1.0,-1,-1,-1
80,4,422.89,106.21,20.37,17.72,1.0,-1,-1,-1
80,5,228.49,277.65,411.51,82.35,1.0,-1,-1,-1
80,13,287.03,122.65,10,14.64,1.0,-1,-1,-1
80,14,172.72,131.72,10,16.54,1.0,-1,-1,-1
80,15,463.75,200.08,10.78,29.55,1.0,-1,-1,-1
80,16,448.25,175.53,9.32,22.64,1.0,-1,-1,-1
80,17,471.3,145.72,9.32,16.81,1.0,-1,-1,-1
80,18,348.13,106.53,13.26,10.8,1.0,-1,-1,-1
80,19,167.64,254.35,76.54,50.79,1.0,-1,-1,-1
80,20,477.05,215.27,14.58,29.47,1.0,-1,-1,-1
80,29,246.22,156.28,14.08,23.39,1.0,-1,-1,-1
80,37,242.57,191.98,33.49,27,1.0,-1,-1,-1
81,1,389.4,147.38,27.3,20.8,1.0,-1,-1,-1
81,2,447.18,133.2,19.35,16.46,1.0,-1,-1,-1
81,3,407.98,119.1,16.44,12.83,1.0,-1,-1,-1
81,4,423.04,106.26,20.37,17.7,1.0,-1,-1,-1
81,5,224.7,274.3,415.3,85.7,1.0,-1,-1,-1
81,13,287.4,122.39,10,14.64,1.0,-1,-1,-1
81,14,171.88,131.08,10,16.54,1.0,-1,-1,-1
81,15,464.17,200.92,10.78,29.55,1.0,-1,-1,-1
81,16,448.25,175.53,9.32,23.17,1.0,-1,-1,-1
81,17,471.72,145.87,9.32,16.81,1.0,-1,-1,-1
81,18,348.22,106.51,13.26,10.8,1.0,-1,-1,-1
81,19,166.8,254.35,77.38,49.95,1.0,-1,-1,-1
81,20,477.9,215.06,14.58,29.47,1.0,-1,-1,-1
81,29,246.37,155.85,14.08,23.39,1.0,-1,-1,-1
81,37,243.53,192.05,30.56,27.05,1.0,-1,-1,-1
82,1,389.6,147.99,23.6,20.62,1.0,-1,-1,-1
82,2,446.47,135.5,20.17,14.17,1.0,-1,-1,-1
82,3,408.13,119.29,16.31,12.77,1.0,-1,-1,-1
82,4,423.2,106.41,20.1,17.47,1.0,-1,-1,-1
82,5,219.6,288.75,101.76,71.25,1.0,-1,-1,-1
82,13,287.76,122.12,10,14.64,1.0,-1,-1,-1
82,14,171.04,130.45,10,16.54,1.0,-1,-1,-1
82,15,464.17,201.35,10.78,29.55,1.0,-1,-1,-1
82,16,448.25,175.53,9.32,23.69,1.0,-1,-1,-1
82,17,472.42,145.87,9.32,17.34,1.0,-1,-1,-1
82,18,348.31,106.51,13.17,10.55,1.0,-1,-1,-1
82,19,166.8,254.35,72.7,49.95,1.0,-1,-1,-1
82,20,477.9,218.01,14.58,29.47,1.0,-1,-1,-1
82,29,246.52,155.41,14.08,23.39,1.0,-1,-1,-1
82,37,243.73,191.48,33.99,26.45,1.0,-1,-1,-1
83,1,389.36,148.53,24.24,20.53,1.0,-1,-1,-1
83,2,447.25,133.9,18.71,16.31,1.0,-1,-1,-1
83,3,408.04,119.42,16.29,12.77,1.0,-1,-1,-1
83,4,422.92,106.33,20.26,17.57,1.0,-1,-1,-1
83,5,215.8,272.5,424.2,87.5,1.0,-1,-1,-1
83,13,288.13,121.86,10,14.64,1.0,-1,-1,-1
83,14,170.75,130.17,10,16.54,1.0,-1,-1,-1
83,15,464.17,201.35,11.09,29.98,1.0,-1,-1,-1
83,16,448.25,175.53,9.32,24.22,1.0,-1,-1,-1
83,17,473.12,145.87,9.32,17.87,1.0,-1,-1,-1
83,18,348.4,106.51,13.08,10.3,1.0,-1,-1,-1
83,19,165.96,252.24,68.04,48.26,1.0,-1,-1,-1
83,20,477.9,217.15,15.31,31.93,1.0,-1,-1,-1
83,29,246.1,154.99,14.08,23.39,1.0,-1,-1,-1
83,37,243.87,190.27,32.3,26.88,1.0,-1,-1,-1
84,1,389.12,148.8,25.08,20.52,1.0,-1,-1,-1
84,2,447.57,136.2,17.99,14.27,1.0,-1,-1,-1
84,3,407.92,119.43,16.35,12.82,1.0,-1,-1,-1
84,4,422.67,106.07,20.38,17.65,1.0,-1,-1,-1
84,5,211.2,287.9,101.3,72.1,1.0,-1,-1,-1
84,13,288.5,121.6,10,14.64,1.0,-1,-1,-1
84,14,170.47,129.89,10,16.54,1.0,-1,-1,-1
84,15,464.17,201.35,11.4,30.4,1.0,-1,-1,-1
84,16,448.25,175.53,9.32,24.74,1.0,-1,-1,-1
84,17,473.83,145.87,9.32,18.4,1.0,-1,-1,-1
84,18,348.48,106.51,13,10.05,1.0,-1,-1,-1
84,19,163.8,252.24,68.1,48.26,1.0,-1,-1,-1
84,20,477.9,216.3,16.04,34.39,1.0,-1,-1,-1
84,29,245.67,154.57,14.08,23.39,1.0,-1,-1,-1
84,37,244.55,189.35,30.78,26.7,1.0,-1,-1,-1
85,1,388.87,149,25.13,20.52,1.0,-1,-1,-1
85,2,446.92,135,19.55,15.21,1.0,-1,-1,-1
85,3,407.76,119.29,16.45,12.91,1.0,-1,-1,-1
85,4,422.63,105.97,20.4,17.68,1.0,-1,-1,-1
85,5,204.5,270.8,435.5,89.2,1.0,-1,-1,-1
85,13,288.87,121.33,10,14.64,1.0,-1,-1,-1
85,14,170.19,129.61,10,16.54,1.0,-1,-1,-1
85,15,464.17,201.35,11.72,30.83,1.0,-1,-1,-1
85,16,448.25,175.53,9.32,25.27,1.0,-1,-1,-1
85,17,471.72,145.87,9.32,18.93,1.0,-1,-1,-1
85,19,163.4,252.24,68.1,45.26,1.0,-1,-1,-1
85,20,477.9,217.16,16.77,35.14,1.0,-1,-1,-1
85,29,246.31,153.94,14.08,23.39,1.0,-1,-1,-1
85,37,245.14,188.33,32.46,26.4,1.0,-1,-1,-1
86,1,389.9,149.67,26.53,20.19,1.0,-1,-1,-1
86,2,448.42,132.06,17.73,18.52,1.0,-1,-1,-1
86,3,408.13,119.26,16.65,13.05,1.0,-1,-1,-1
86,4,423.37,106.44,20.81,18.15,1.0,-1,-1,-1
86,5,200.3,270.2,439.7,89.4,1.0,-1,-1,-1
86,13,289.24,121.07,10,14.64,1.0,-1,-1,-1
86,14,169.35,129.47,10,16.54,1.0,-1,-1,-1
86,15,464.17,201.35,12.03,31.25,1.0,-1,-1,-1
86,16,448.25,175.53,9.75,25.67,1.0,-1,-1,-1
86,17,474.67,147.13,9.32,18.93,1.0,-1,-1,-1
86,19,160.9,248,65.1,49.5,1.0,-1,-1,-1
86,20,477.9,218.01,17.5,35.89,1.0,-1,-1,-1
86,29,246.94,153.3,14.08,23.39,1.0,-1,-1,-1
86,37,246.15,187.65,30.08,26.1,1.0,-1,-1,-1
87,1,390.49,150.13,26.71,20.28,1.0,-1,-1,-1
87,2,449.19,133.28,17.05,17.57,1.0,-1,-1,-1
87,3,408.25,119.28,16.92,13.26,1.0,-1,-1,-1
87,4,423.85,106.62,21,18.38,1.0,-1,-1,-1
87,5,197.37,270.1,442.63,89.5,1.0,-1,-1,-1
87,13,289.61,120.8,10,14.64,1.0,-1,-1,-1
87,14,168.5,129.33,10,16.54,1.0,-1,-1,-1
87,15,464.38,202.19,12.03,31.25,1.0,-1,-1,-1
87,16,448.53,175.81,9.75,25.67,1.0,-1,-1,-1
87,17,475.09,147.55,9.32,18.93,1.0,-1,-1,-1
87,19,161.32,245.05,65.1,49.5,1.0,-1,-1,-1
87,20,478.74,218.22,17.5,35.89,1.0,-1,-1,-1
87,29,247.11,152.81,13.83,23.13,1.0,-1,-1,-1
87,37,247.47,186.6,30.41,26.04,1.0,-1,-1,-1
88,1,391.45,151.11,26.17,19.74,1.0,-1,-1,-1
88,2,449.45,132.69,17.65,18.1,1.0,-1,-1,-1
88,3,408.37,119.38,17.52,13.8,1.0,-1,-1,-1
88,4,423.86,106.81,21.49,18.93,1.0,-1,-1,-1
88,5,193.6,268.9,446.4,90.7,1.0,-1,-1,-1
88,13,289.98,120.54,10,14.64,1.0,-1,-1,-1
88,14,167.66,129.19,10,16.54,1.0,-1,-1,-1
88,15,464.59,203.03,12.03,31.25,1.0,-1,-1,-1
88,16,448.81,176.09,9.75,25.67,1.0,-1,-1,-1
88,17,475.51,147.98,9.32,18.93,1.0,-1,-1,-1
88,19,161.32,245.67,63.64,48.87,1.0,-1,-1,-1
88,20,479.59,218.43,17.5,35.89,1.0,-1,-1,-1
88,29,247.28,152.31,13.58,22.87,1.0,-1,-1,-1
88,37,247.49,186.17,29.79,25.78,1.0,-1,-1,-1
89,1,392,151.86,23.2,19.94,1.0,-1,-1,-1
89,2,450.31,133.56,17.78,18.05,1.0,-1,-1,-1
89,3,408.27,119.38,18.25,14.55,1.0,-1,-1,-1
89,4,423.86,106.97,21.91,19.31,1.0,-1,-1,-1
89,5,191.5,270.4,448.5,89.2,1.0,-1,-1,-1
89,13,289.98,120.69,9.44,14.49,1.0,-1,-1,-1
89,14,167.66,129.2,10.84,14,1.0,-1,-1,-1
89,15,464.81,203.67,12.03,31.25,1.0,-1,-1,-1
89,16,449.09,176.37,9.75,25.67,1.0,-1,-1,-1
89,17,475.94,148.4,9.32,18.93,1.0,-1,-1,-1
89,19,161.32,246.3,62.18,48.25,1.0,-1,-1,-1
89,20,479.95,218.79,17.5,35.89,1.0,-1,-1,-1
89,29,247.44,151.81,13.34,22.61,1.0,-1,-1,-1
89,37,248.49,185.69,29.28,25.6,1.0,-1,-1,-1
90,1,391.67,152.01,27.3,20.49,1.0,-1,-1,-1
90,2,449.81,136.04,17.54,17.74,1.0,-1,-1,-1
90,3,408.26,119.48,18.03,14.62,1.0,-1,-1,-1
90,4,423.76,107.09,22.45,19.91,1.0,-1,-1,-1
90,5,183.9,269.3,456.1,90.3,1.0,-1,-1,-1
90,13,289.98,120.85,8.88,14.34,1.0,-1,-1,-1
90,14,167.24,128.78,10.84,14,1.0,-1,-1,-1
90,15,465.02,204.3,12.03,31.25,1.0,-1,-1,-1
90,16,449.09,178.06,9.75,25.67,1.0,-1,-1,-1
90,17,475.94,150.09,9.36,18.93,1.0,-1,-1,-1
90,19,161.32,246.3,60.08,45.7,1.0,-1,-1,-1
90,20,480.31,219.16,17.5,35.89,1.0,-1,-1,-1
90,29,247.61,151.31,13.09,22.35,1.0,-1,-1,-1
90,37,248.57,185.59,30.42,25.52,1.0,-1,-1,-1
91,1,391.33,152.15,27.69,20.82,1.0,-1,-1,-1
91,2,450.83,135.4,17.18,17.29,1.0,-1,-1,-1
91,3,408.3,119.66,17.85,14.61,1.0,-1,-1,-1
91,4,423.45,106.93,22.5,20.1,1.0,-1,-1,-1
91,5,182.2,270.6,457.8,89,1.0,-1,-1,-1
91,13,289.98,121,8.32,14.18,1.0,-1,-1,-1
91,14,166.82,128.36,10.84,14,1.0,-1,-1,-1
91,15,465.02,204.3,12.03,31.25,1.0,-1,-1,-1
91,16,449.37,178.06,9.75,25.67,1.0,-1,-1,-1
91,17,476.22,149.95,9.36,18.93,1.0,-1,-1,-1
91,19,160.62,244.47,60.08,45.7,1.0,-1,-1,-1
91,20,480.67,219.52,17.5,35.89,1.0,-1,-1,-1
91,29,247.78,150.81,12.84,22.09,1.0,-1,-1,-1
91,37,249.54,184.8,30.34,25.29,1.0,-1,-1,-1
92,1,391.68,151.86,28.08,21.06,1.0,-1,-1,-1
92,2,451.25,135.1,17.35,17.38,1.0,-1,-1,-1
92,3,408.68,119.63,17.66,14.6,1.0,-1,-1,-1
92,4,423.97,106.51,22.35,19.98,1.0,-1,-1,-1
92,5,180.5,265.9,459.5,93.7,1.0,-1,-1,-1
92,13,291.03,120.16,8.32,14.18,1.0,-1,-1,-1
92,14,166.6,128.15,10.84,14,1.0,-1,-1,-1
92,15,465.44,205.14,12.03,31.25,1.0,-1,-1,-1
92,16,449.65,178.06,9.75,25.67,1.0,-1,-1,-1
92,17,476.5,149.8,9.36,18.93,1.0,-1,-1,-1
92,19,159.92,242.64,60.08,45.7,1.0,-1,-1,-1
92,20,481.03,219.88,17.5,35.89,1.0,-1,-1,-1
92,29,247.99,149.76,12.84,22.09,1.0,-1,-1,-1
92,37,250.45,183.77,30.3,25.1,1.0,-1,-1,-1
93,1,392.22,151.81,25.48,21.2,1.0,-1,-1,-1
93,2,451.75,136.3,18.11,16.41,1.0,-1,-1,-1
93,3,409,119.53,17.77,14.78,1.0,-1,-1,-1
93,4,423.86,106.2,22.73,20.47,1.0,-1,-1,-1
93,5,175,266.3,465,93.3,1.0,-1,-1,-1
93,13,292.09,119.31,8.32,14.18,1.0,-1,-1,-1
93,14,166.39,127.94,10.84,14,1.0,-1,-1,-1
93,15,465.86,205.99,12.03,31.25,1.0,-1,-1,-1
93,16,449.93,178.06,9.75,25.67,1.0,-1,-1,-1
93,17,476.78,149.66,9.36,18.93,1.0,-1,-1,-1
93,19,159.21,240.82,60.08,45.7,1.0,-1,-1,-1
93,20,481.39,220.24,17.5,35.89,1.0,-1,-1,-1
93,29,248.2,148.7,12.84,22.09,1.0,-1,-1,-1
93,37,250.84,183.08,29.56,25.07,1.0,-1,-1,-1
94,1,392.45,151.86,26.95,21.58,1.0,-1,-1,-1
94,2,452.01,134.9,18.35,18.29,1.0,-1,-1,-1
94,3,409,119.51,18.3,15.41,1.0,-1,-1,-1
94,4,423.84,106.42,22.96,20.79,1.0,-1,-1,-1
94,5,171,266.1,469,93.5,1.0,-1,-1,-1
94,13,292.3,119.1,8.27,14.18,1.0,-1,-1,-1
94,14,165.69,127.65,10.84,14,1.0,-1,-1,-1
94,15,466.28,206.83,12.03,31.25,1.0,-1,-1,-1
94,16,450.15,179.33,9.75,25.67,1.0,-1,-1,-1
94,17,477.41,150.3,9.36,18.93,1.0,-1,-1,-1
94,19,157.1,240,58.82,43.56,1.0,-1,-1,-1
94,20,481.76,220.6,17.5,35.89,1.0,-1,-1,-1
94,29,248.84,148.7,12.84,22.09,1.0,-1,-1,-1
94,37,252.19,182.22,29.68,24.93,1.0,-1,-1,-1
95,1,391.58,152.4,26.12,22.43,1.0,-1,-1,-1
95,2,451,137.43,18.58,17.77,1.0,-1,-1,-1
95,3,409.36,119.98,18.09,15.38,1.0,-1,-1,-1
95,4,424.15,106.94,22.92,20.89,1.0,-1,-1,-1
95,5,167,266.3,473,93.3,1.0,-1,-1,-1
95,13,292.51,118.89,8.22,14.18,1.0,-1,-1,-1
95,14,164.99,127.37,10.84,14,1.0,-1,-1,-1
95,15,465.86,207.68,12.03,31.25,1.0,-1,-1,-1
95,16,450.36,180.59,9.75,25.67,1.0,-1,-1,-1
95,17,478.05,150.93,9.36,18.93,1.0,-1,-1,-1
95,19,156.93,239.66,58.82,43.56,1.0,-1,-1,-1
95,20,482.12,220.96,17.5,35.89,1.0,-1,-1,-1
95,29,249.47,148.7,12.84,22.09,1.0,-1,-1,-1
95,37,251.8,182.04,29,24.85,1.0,-1,-1,-1
96,1,391.27,152.99,30.25,22.84,1.0,-1,-1,-1
96,2,453.87,138.59,15.86,15.17,1.0,-1,-1,-1
96,3,409.83,120.64,17.56,15.01,1.0,-1,-1,-1
96,4,424.18,107.13,23.46,21.42,1.0,-1,-1,-1
96,5,166.2,266.3,473.8,93.3,1.0,-1,-1,-1
96,13,292.72,118.68,8.17,14.18,1.0,-1,-1,-1
96,14,164.29,127.09,10.84,14,1.0,-1,-1,-1
96,15,465.86,207.68,12.43,33.59,1.0,-1,-1,-1
96,16,449.53,180.59,10.58,26.29,1.0,-1,-1,-1
96,17,478.05,150.93,10.41,20.4,1.0,-1,-1,-1
96,19,156.76,239.32,58.82,43.56,1.0,-1,-1,-1
96,20,482.64,221.6,17.5,35.89,1.0,-1,-1,-1
96,29,249.89,148.56,12.84,22.09,1.0,-1,-1,-1
96,37,252.75,181.72,27.64,24.54,1.0,-1,-1,-1
97,1,391.09,153.6,27.01,22.76,1.0,-1,-1,-1
97,2,453.62,138.49,16.39,15.51,1.0,-1,-1,-1
97,3,410.1,121.16,17.13,14.67,1.0,-1,-1,-1
97,4,424.19,107.19,23.36,21.47,1.0,-1,-1,-1
97,5,163.04,265.5,476.96,94.3,1.0,-1,-1,-1
97,13,292.93,118.47,8.12,14.18,1.0,-1,-1,-1
97,14,163.23,126.88,10.84,14,1.0,-1,-1,-1
97,15,465.86,207.67,12.84,35.93,1.0,-1,-1,-1
97,16,448.7,180.59,11.41,26.91,1.0,-1,-1,-1
97,17,478.05,150.93,11.45,21.87,1.0,-1,-1,-1
97,19,156.59,238.99,58.82,43.56,1.0,-1,-1,-1
97,20,483.17,222.23,17.5,35.89,1.0,-1,-1,-1
97,29,250.31,148.42,12.84,22.09,1.0,-1,-1,-1
97,37,252.81,181.2,28.25,24.29,1.0,-1,-1,-1
98,1,391.6,153.77,28.4,22.93,1.0,-1,-1,-1
98,2,453.73,138.74,16.47,15.42,1.0,-1,-1,-1
98,3,410.37,121.44,16.83,14.42,1.0,-1,-1,-1
98,4,424.02,106.67,23.98,22.11,1.0,-1,-1,-1
98,5,159.87,265.5,480.13,94.5,1.0,-1,-1,-1
98,13,293.14,118.26,8.06,14.18,1.0,-1,-1,-1
98,14,162.18,126.67,10.84,14,1.0,-1,-1,-1
98,15,466.28,208.31,12.84,35.93,1.0,-1,-1,-1
98,16,449.97,181.02,11.41,26.91,1.0,-1,-1,-1
98,17,479.1,151.56,11.45,21.87,1.0,-1,-1,-1
98,19,156.43,238.65,58.82,43.56,1.0,-1,-1,-1
98,20,483.7,222.86,17.5,35.89,1.0,-1,-1,-1
98,29,250.73,148.28,12.84,22.09,1.0,-1,-1,-1
98,37,254.28,179.98,28.09,24.41,1.0,-1,-1,-1
99,1,392.61,154.13,29.75,22.73,1.0,-1,-1,-1
99,2,454.13,138.65,16.56,15.37,1.0,-1,-1,-1
99,3,410.65,121.1,17.12,14.71,1.0,-1,-1,-1
99,4,424.28,106.11,24.3,22.68,1.0,-1,-1,-1
99,5,155.64,265.3,473.71,94.7,1.0,-1,-1,-1
99,13,293.35,118.05,8.01,14.18,1.0,-1,-1,-1
99,14,161.5,126.59,10.84,14,1.0,-1,-1,-1
99,15,466.7,208.94,12.84,35.93,1.0,-1,-1,-1
99,16,451.23,181.44,11.41,26.91,1.0,-1,-1,-1
99,17,480.16,152.2,11.45,21.87,1.0,-1,-1,-1
99,19,156.26,238.31,58.82,43.56,1.0,-1,-1,-1
99,20,484.23,223.49,17.5,35.89,1.0,-1,-1,-1
99,29,250.9,148.03,12.84,22.09,1.0,-1,-1,-1
99,37,255.34,179.31,28.48,24.09,1.0,-1,-1,-1
100,1,392.92,154.16,30.02,23.05,1.0,-1,-1,-1
100,2,454.25,138.67,16.63,15.3,1.0,-1,-1,-1
100,3,410.93,121.09,17.39,14.93,1.0,-1,-1,-1
100,4,424.87,106.2,23.79,22.39,1.0,-1,-1,-1
100,5,151.4,265.1,467.3,94.9,1.0,-1,-1,-1
100,13,293.56,117.84,7.96,14.18,1.0,-1,-1,-1
100,14,160.83,126.5,10.84,14,1.0,-1,-1,-1
100,15,467.13,209.5,12.84,35.93,1.0,-1,-1,-1
100,16,451.09,182.7,11.41,26.91,1.0,-1,-1,-1
100,17,480.3,152.34,11.45,21.87,1.0,-1,-1,-1
100,19,153.3,234.94,56.7,43.56,1.0,-1,-1,-1
100,20,484.23,224.06,17.5,35.89,1.0,-1,-1,-1
100,29,251.07,147.77,12.84,22.09,1.0,-1,-1,-1
100,37,255.58,178.17,28.89,24.25,1.0,-1,-1,-1
101,1,393.02,154.19,30.32,23.35,1.0,-1,-1,-1
101,2,454.34,139.09,16.8,15.31,1.0,-1,-1,-1
101,3,411.25,121.49,17.51,15.03,1.0,-1,-1,-1
101,4,425.09,106.26,23.54,22.33,1.0,-1,-1,-1
101,5,147.6,262.8,492.4,97.2,1.0,-1,-1,-1
101,13,293.76,117.62,7.91,14.18,1.0,-1,-1,-1
101,14,160.15,126.42,10.84,14,1.0,-1,-1,-1
101,15,467.55,210.06,12.84,35.93,1.0,-1,-1,-1
101,16,450.95,183.97,11.41,26.91,1.0,-1,-1,-1
101,17,480.44,152.48,11.45,21.87,1.0,-1,-1,-1
101,19,153.3,234.72,53.55,43.78,1.0,-1,-1,-1
101,20,484.23,224.62,17.5,35.89,1.0,-1,-1,-1
101,29,251.24,147.52,12.84,22.09,1.0,-1,-1,-1
101,37,256.14,178,27.74,23.91,1.0,-1,-1,-1
102,1,393.07,154.81,30.43,23.44,1.0,-1,-1,-1
102,2,454.09,139.39,17.45,15.84,1.0,-1,-1,-1
102,3,411.67,122.51,17.15,14.69,1.0,-1,-1,-1
102,4,425.15,106.4,23.57,22.52,1.0,-1,-1,-1
102,5,143.81,263.8,496.19,96.2,1.0,-1,-1,-1
102,13,294.19,117.1,7.91,14.18,1.0,-1,-1,-1
102,14,159.48,126.33,10.84,14,1.0,-1,-1,-1
102,15,467.97,210.63,12.84,35.93,1.0,-1,-1,-1
102,16,450.81,185.24,11.41,26.91,1.0,-1,-1,-1
102,17,480.58,152.62,11.45,21.87,1.0,-1,-1,-1
102,19,153.3,234.5,50.4,44,1.0,-1,-1,-1
102,20,484.23,225.18,17.5,35.89,1.0,-1,-1,-1
102,29,251.41,147.27,12.84,22.09,1.0,-1,-1,-1
102,37,256.12,177.91,27.88,24.28,1.0,-1,-1,-1
103,1,390.55,157.26,30.57,23.6,1.0,-1,-1,-1
103,2,453.83,139.61,18.11,16.43,1.0,-1,-1,-1
103,3,411.74,123.43,16.64,14.16,1.0,-1,-1,-1
103,4,425.15,107.02,23.34,22.41,1.0,-1,-1,-1
103,5,142.12,265.1,497.88,94.9,1.0,-1,-1,-1
103,13,294.61,116.57,7.91,14.18,1.0,-1,-1,-1
103,14,158.8,126.25,10.84,14,1.0,-1,-1,-1
103,15,467.97,211.89,12.84,35.93,1.0,-1,-1,-1
103,16,450.81,185.45,11.41,26.91,1.0,-1,-1,-1
103,17,481.1,152.93,11.45,21.87,1.0,-1,-1,-1
103,19,150.77,234.08,50.4,44,1.0,-1,-1,-1
103,20,485.07,227.29,17.5,35.89,1.0,-1,-1,-1
103,21,457.09,122.88,16.15,11.33,1.0,-1,-1,-1
103,29,251.58,147.01,12.84,22.09,1.0,-1,-1,-1
103,37,256.8,177.23,27.62,23.93,1.0,-1,-1,-1
104,1,392.77,156.09,30.31,23.44,1.0,-1,-1,-1
104,2,453.74,139.41,18.75,17.01,1.0,-1,-1,-1
104,3,411.68,123.71,16.59,14.08,1.0,-1,-1,-1
104,4,425.35,106.96,23.39,22.57,1.0,-1,-1,-1
104,5,137.05,263.8,502.95,96.2,1.0,-1,-1,-1
104,13,295.03,116.04,7.91,14.18,1.0,-1,-1,-1
104,14,157.54,125.41,10.84,14,1.0,-1,-1,-1
104,15,469.02,212.1,12.84,35.93,1.0,-1,-1,-1
104,16,450.81,185.66,11.41,26.91,1.0,-1,-1,-1
104,17,481.63,153.25,11.45,21.87,1.0,-1,-1,-1
104,19,152.88,234.08,50.4,44,1.0,-1,-1,-1
104,20,485.21,227.57,17.5,35.89,1.0,-1,-1,-1
104,21,457.51,122.75,16.19,11.37,1.0,-1,-1,-1
104,29,251.79,146.38,12.84,22.09,1.0,-1,-1,-1
104,37,257.23,176.22,27.13,23.73,1.0,-1,-1,-1
105,1,391.59,156.42,30.23,23.41,1.0,-1,-1,-1
105,2,454.63,139.83,18.24,16.42,1.0,-1,-1,-1
105,3,412,123.5,16.74,14.17,1.0,-1,-1,-1
105,4,426.07,106.64,23.56,22.74,1.0,-1,-1,-1
105,5,134.52,262.1,505.48,97.9,1.0,-1,-1,-1
105,13,295.45,115.52,7.91,14.18,1.0,-1,-1,-1
105,14,156.48,124.35,10.81,14,1.0,-1,-1,-1
105,15,470.08,212.32,12.84,35.93,1.0,-1,-1,-1
105,16,450.81,185.87,11.41,26.91,1.0,-1,-1,-1
105,17,482.16,153.57,11.45,21.87,1.0,-1,-1,-1
105,19,152.88,232.18,50.4,44,1.0,-1,-1,-1
105,20,485.35,227.85,17.5,35.89,1.0,-1,-1,-1
105,21,457.3,122.41,17.64,13.09,1.0,-1,-1,-1
105,29,252,145.75,12.84,22.09,1.0,-1,-1,-1
105,37,258.46,174.94,27.06,23.67,1.0,-1,-1,-1
106,1,393.52,156.41,29.88,23.55,1.0,-1,-1,-1
106,2,455.14,139.7,18.19,16.24,1.0,-1,-1,-1
106,3,411.92,122.87,17.32,14.64,1.0,-1,-1,-1
106,4,426.34,106.29,23.49,22.75,1.0,-1,-1,-1
106,5,131.99,261.3,508.01,98.7,1.0,-1,-1,-1
106,13,295.66,115.52,7.91,14.18,1.0,-1,-1,-1
106,14,155.43,123.29,10.77,14,1.0,-1,-1,-1
106,15,470.16,212.91,12.84,35.93,1.0,-1,-1,-1
106,16,450.81,186.08,11.41,26.91,1.0,-1,-1,-1
106,17,482.69,153.88,11.45,21.87,1.0,-1,-1,-1
106,19,152.88,230.28,50.4,44,1.0,-1,-1,-1
106,20,485.49,228.13,17.5,35.89,1.0,-1,-1,-1
106,21,458.7,122.12,16.8,11.81,1.0,-1,-1,-1
106,29,252.42,145.54,12.84,22.09,1.0,-1,-1,-1
106,37,259.15,174.5,26.63,23.21,1.0,-1,-1,-1
107,1,393.53,156.47,30.06,23.44,1.0,-1,-1,-1
107,2,455.57,139.72,18.29,16.24,1.0,-1,-1,-1
107,3,412.23,122.88,17.39,14.64,1.0,-1,-1,-1
107,4,426.58,106.29,23.51,22.83,1.0,-1,-1,-1
107,5,129.46,260.7,510.54,99.3,1.0,-1,-1,-1
107,13,295.87,115.52,7.91,14.18,1.0,-1,-1,-1
107,14,154.79,122.24,10.77,14,1.0,-1,-1,-1
107,15,470.25,213.5,12.84,35.93,1.0,-1,-1,-1
107,16,450.81,186.29,11.41,26.91,1.0,-1,-1,-1
107,17,483.11,154.62,11.45,21.87,1.0,-1,-1,-1
107,19,152.33,229.45,50.4,44,1.0,-1,-1,-1
107,20,486.76,229.29,17.5,35.89,1.0,-1,-1,-1
107,21,459.12,122.12,16.98,11.93,1.0,-1,-1,-1
107,29,252.84,145.33,12.84,22.09,1.0,-1,-1,-1
107,37,259.21,172.96,26.16,23.49,1.0,-1,-1,-1
108,1,393.57,157.12,30.25,23.71,1.0,-1,-1,-1
108,2,455.38,138.9,19.23,17.19,1.0,-1,-1,-1
108,3,412.57,123.21,17.35,14.54,1.0,-1,-1,-1
108,5,126.93,260.9,513.07,99.1,1.0,-1,-1,-1
108,13,296.08,115.52,7.91,14.18,1.0,-1,-1,-1
108,14,154.16,121.18,10.77,14,1.0,-1,-1,-1
108,15,470.33,214.09,12.84,35.93,1.0,-1,-1,-1
108,16,450.81,186.5,11.41,26.91,1.0,-1,-1,-1
108,17,483.53,155.36,11.45,21.87,1.0,-1,-1,-1
108,19,151.78,228.61,50.4,44,1.0,-1,-1,-1
108,20,488.02,230.45,17.5,35.89,1.0,-1,-1,-1
108,21,459.45,122.33,17.24,12.11,1.0,-1,-1,-1
108,29,253.26,145.12,12.84,22.09,1.0,-1,-1,-1
108,37,259.54,173.47,26.12,22.92,1.0,-1,-1,-1
109,1,393.46,157.77,30.6,24.1,1.0,-1,-1,-1
109,2,455.38,138.98,20.53,18.49,1.0,-1,-1,-1
109,3,412.13,123.63,17.69,14.87,1.0,-1,-1,-1
109,4,427.19,108.23,22.42,21.83,1.0,-1,-1,-1
109,5,123.97,259.6,516.03,99.55,1.0,-1,-1,-1
109,13,296.3,115.52,7.91,14.18,1.0,-1,-1,-1
109,14,152.48,122.87,10.77,14,1.0,-1,-1,-1
109,15,470.41,214.68,12.84,35.93,1.0,-1,-1,-1
109,16,450.81,186.71,11.41,26.91,1.0,-1,-1,-1
109,17,483.95,156.1,11.45,21.87,1.0,-1,-1,-1
109,19,151.22,227.78,50.4,44,1.0,-1,-1,-1
109,20,489.29,231.61,17.5,35.89,1.0,-1,-1,-1
109,21,459.77,122.93,17.17,12.05,1.0,-1,-1,-1
109,29,253.68,144.91,12.84,22.09,1.0,-1,-1,-1
109,37,259.6,173.28,26.32,22.83,1.0,-1,-1,-1
110,1,393.7,159.4,29.79,23.57,1.0,-1,-1,-1
110,2,453.59,141.64,22,20.04,1.0,-1,-1,-1
110,3,411.75,123.81,18.2,15.4,1.0,-1,-1,-1
110,4,427.19,108.23,22.42,21.83,1.0,-1,-1,-1
110,5,121.58,259.6,518.42,99.55,1.0,-1,-1,-1
110,13,296.51,115.52,7.91,14.18,1.0,-1,-1,-1
110,14,152.05,122.87,10.77,14,1.0,-1,-1,-1
110,15,470.5,215.27,12.84,35.93,1.0,-1,-1,-1
110,16,450.81,186.92,11.41,26.91,1.0,-1,-1,-1
110,17,484.37,156.84,11.45,21.87,1.0,-1,-1,-1
110,19,150.67,226.94,50.4,44,1.0,-1,-1,-1
110,20,490.55,232.77,17.5,35.89,1.0,-1,-1,-1
110,21,459.77,122.93,17.17,12.05,1.0,-1,-1,-1
110,29,254.17,144.31,12.84,22.09,1.0,-1,-1,-1
110,37,260.07,173.04,26.04,22.49,1.0,-1,-1,-1
111,1,394.36,159.8,30.03,23.85,1.0,-1,-1,-1
111,2,455.61,138.43,22.32,20.6,1.0,-1,-1,-1
111,3,411.98,123.65,18.59,15.82,1.0,-1,-1,-1
111,4,429.08,110.53,21.07,20.27,1.0,-1,-1,-1
111,5,119.19,259.6,520.81,99.55,1.0,-1,-1,-1
111,13,296.72,115.52,7.91,14.18,1.0,-1,-1,-1
111,14,151.63,122.87,10.77,14,1.0,-1,-1,-1
111,15,471.01,215.78,12.84,35.93,1.0,-1,-1,-1
111,16,450.81,187.13,11.41,26.91,1.0,-1,-1,-1
111,17,484.96,157.09,11.45,21.87,1.0,-1,-1,-1
111,19,150.12,226.11,50.4,44,1.0,-1,-1,-1
111,20,490.55,233.02,17.51,35.89,1.0,-1,-1,-1
111,21,460.3,123,17.39,12.24,1.0,-1,-1,-1
111,29,254.65,143.7,12.84,22.09,1.0,-1,-1,-1
111,37,260.83,172.28,26.13,22.41,1.0,-1,-1,-1
112,1,394.58,159.82,30.3,24.18,1.0,-1,-1,-1
112,2,456.43,138.66,21.86,20.29,1.0,-1,-1,-1
112,3,412.2,123.47,18.49,15.77,1.0,-1,-1,-1
112,4,428.49,108.8,22.57,21.73,1.0,-1,-1,-1
112,5,116.8,259.6,523.2,99.55,1.0,-1,-1,-1
112,13,296.93,115.52,7.91,14.18,1.0,-1,-1,-1
112,14,150.36,121.82,10.77,14,1.0,-1,-1,-1
112,15,471.51,216.28,12.84,35.93,1.0,-1,-1,-1
112,16,450.81,187.34,11.41,26.91,1.0,-1,-1,-1
112,17,485.56,157.34,11.45,21.87,1.0,-1,-1,-1
112,19,148.8,224.62,50.4,44,1.0,-1,-1,-1
112,20,490.55,233.26,17.51,35.89,1.0,-1,-1,-1
112,21,460.83,123.07,17.61,12.44,1.0,-1,-1,-1
112,29,255.14,143.1,12.84,22.09,1.0,-1,-1,-1
112,37,262.18,171.3,25.99,22.43,1.0,-1,-1,-1
113,1,394.69,159.8,30.32,24.24,1.0,-1,-1,-1
113,2,456.54,138.22,21.84,20.39,1.0,-1,-1,-1
113,3,412.17,123.16,18.69,15.99,1.0,-1,-1,-1
113,4,428.09,108.15,23.04,22.18,1.0,-1,-1,-1
113,5,113.35,259.6,526.65,99.55,1.0,-1,-1,-1
113,13,297.14,115.52,7.91,14.18,1.0,-1,-1,-1
113,14,149.1,120.76,10.77,14,1.0,-1,-1,-1
113,15,472.02,216.79,12.84,35.93,1.0,-1,-1,-1
113,16,451.51,187.34,11.41,26.91,1.0,-1,-1,-1
113,17,486.15,157.6,11.45,21.87,1.0,-1,-1,-1
113,19,147.49,223.13,50.4,44,1.0,-1,-1,-1
113,20,490.55,233.5,17.52,35.89,1.0,-1,-1,-1
113,21,461.35,123.15,17.84,12.63,1.0,-1,-1,-1
113,29,255.62,142.5,12.84,22.09,1.0,-1,-1,-1
113,37,262.45,169.7,25.48,22.35,1.0,-1,-1,-1
114,1,394.99,159.9,30.25,24.25,1.0,-1,-1,-1
114,2,457.1,138.81,21.48,20.07,1.0,-1,-1,-1
114,3,412.28,123.2,18.56,15.91,1.0,-1,-1,-1
114,4,428.58,108.3,22.98,22,1.0,-1,-1,-1
114,5,109.9,259.6,530.1,99.55,1.0,-1,-1,-1
114,13,297.35,115.52,7.91,14.18,1.0,-1,-1,-1
114,14,147.83,120.97,10.77,14,1.0,-1,-1,-1
114,15,472.52,217.29,12.84,35.93,1.0,-1,-1,-1
114,16,452.22,187.34,11.41,26.91,1.0,-1,-1,-1
114,17,486.74,157.85,11.45,21.87,1.0,-1,-1,-1
114,19,148.08,222.49,47.67,44,1.0,-1,-1,-1
114,20,490.55,233.74,17.53,35.89,1.0,-1,-1,-1
114,21,461.88,123.22,18.06,12.83,1.0,-1,-1,-1
114,29,256.11,141.9,12.84,22.09,1.0,-1,-1,-1
114,37,262.64,169.76,24.99,22.3,1.0,-1,-1,-1
115,1,394.98,160.49,29.68,23.96,1.0,-1,-1,-1
115,2,456.96,138.91,22.03,20.8,1.0,-1,-1,-1
115,3,412.32,123.61,18.51,15.9,1.0,-1,-1,-1
115,4,429.32,109.62,22.24,21.18,1.0,-1,-1,-1
115,5,108.4,259.6,531.6,99.55,1.0,-1,-1,-1
115,13,297.56,115.52,7.91,14.18,1.0,-1,-1,-1
115,14,146.57,121.18,10.77,14,1.0,-1,-1,-1
115,15,473.03,217.8,12.84,35.93,1.0,-1,-1,-1
115,16,452.92,187.34,11.41,26.91,1.0,-1,-1,-1
115,17,487.33,158.1,11.45,21.87,1.0,-1,-1,-1
115,19,148.66,221.84,44.94,44,1.0,-1,-1,-1
115,20,490.55,233.98,17.53,35.89,1.0,-1,-1,-1
115,21,462.41,123.29,18.28,13.02,1.0,-1,-1,-1
115,29,256.15,142.2,12.84,22.09,1.0,-1,-1,-1
115,37,263.52,169.24,25.2,22.1,1.0,-1,-1,-1
116,1,395.17,161.51,29.16,23.63,1.0,-1,-1,-1
116,2,456.92,139.5,22.73,21.61,1.0,-1,-1,-1
116,3,412.22,123.93,18.73,16.12,1.0,-1,-1,-1
116,4,429.45,110.69,21.91,20.73,1.0,-1,-1,-1
116,5,105.6,259.6,534.4,99.55,1.0,-1,-1,-1
116,13,297.98,115.24,8.05,14.18,1.0,-1,-1,-1
116,14,145.89,121.02,10.77,14,1.0,-1,-1,-1
116,15,473.24,218.22,12.84,35.93,1.0,-1,-1,-1
116,16,453.13,188.19,11.41,26.91,1.0,-1,-1,-1
116,17,487.75,158.42,11.45,21.87,1.0,-1,-1,-1
116,19,147.82,220.58,50.4,44,1.0,-1,-1,-1
116,20,490.55,234.22,17.54,35.89,1.0,-1,-1,-1
116,21,462.41,123.29,18.28,13.02,1.0,-1,-1,-1
116,29,256.18,142.5,12.84,22.09,1.0,-1,-1,-1
116,37,263.67,169.66,25.19,22.04,1.0,-1,-1,-1
117,1,395.68,162.48,29.5,23.96,1.0,-1,-1,-1
117,2,457.62,140.64,21.92,20.96,1.0,-1,-1,-1
117,3,413.47,125.73,17.11,14.59,1.0,-1,-1,-1
117,4,429.48,110.89,22.08,20.85,1.0,-1,-1,-1
117,5,102.8,259.6,537.2,99.55,1.0,-1,-1,-1
117,13,298.41,114.95,8.19,14.18,1.0,-1,-1,-1
117,14,145.22,120.85,10.77,14,1.0,-1,-1,-1
117,15,473.45,218.64,12.84,35.93,1.0,-1,-1,-1
117,16,453.34,189.03,11.41,26.91,1.0,-1,-1,-1
117,17,488.17,158.74,11.45,21.87,1.0,-1,-1,-1
117,19,147.82,221.8,45.38,41.1,1.0,-1,-1,-1
117,20,490.55,234.46,17.55,35.89,1.0,-1,-1,-1
117,21,463.46,123.9,18.45,13.4,1.0,-1,-1,-1
117,29,256.22,142.8,12.84,22.09,1.0,-1,-1,-1
117,37,264.6,168.92,24.47,21.65,1.0,-1,-1,-1
118,1,395.77,162.82,30.01,24.45,1.0,-1,-1,-1
118,2,458.04,141.1,21.82,20.89,1.0,-1,-1,-1
118,3,413.87,126.18,16.7,14.16,1.0,-1,-1,-1
118,4,429.66,110.92,22.02,20.73,1.0,-1,-1,-1
118,5,100,259.6,540,99.55,1.0,-1,-1,-1
118,13,298.83,114.67,8.34,14.18,1.0,-1,-1,-1
118,14,144.54,120.68,10.77,14,1.0,-1,-1,-1
118,15,474.3,219.07,12.84,35.93,1.0,-1,-1,-1
118,16,453.55,189.88,11.41,26.91,1.0,-1,-1,-1
118,17,488.59,159.05,11.45,21.87,1.0,-1,-1,-1
118,19,147.82,221.17,44.73,41.1,1.0,-1,-1,-1
118,20,492.45,238.05,17.55,35.89,1.0,-1,-1,-1
118,21,464.21,124.09,17.99,13.3,1.0,-1,-1,-1
118,29,256.64,142.09,12.84,22.09,1.0,-1,-1,-1
118,37,264.79,168.14,24.43,21.55,1.0,-1,-1,-1
119,1,396.13,162.85,30.08,24.54,1.0,-1,-1,-1
119,2,458.28,141.45,21.13,20.15,1.0,-1,-1,-1
119,3,413.87,126.06,16.54,13.94,1.0,-1,-1,-1
119,4,430.21,111.49,21.45,20.1,1.0,-1,-1,-1
119,5,97.61,259.32,542.39,99.55,1.0,-1,-1,-1
119,13,299.02,114.53,8.34,14.18,1.0,-1,-1,-1
119,14,143.87,120.51,10.77,14,1.0,-1,-1,-1
119,15,475.14,219.49,12.84,35.93,1.0,-1,-1,-1
119,16,453.76,190.72,11.41,26.91,1.0,-1,-1,-1
119,17,489.01,159.37,11.45,21.87,1.0,-1,-1,-1
119,19,147.82,220.53,44.08,41.1,1.0,-1,-1,-1
119,20,492.66,238.26,17.55,35.89,1.0,-1,-1,-1
119,21,465.43,124.16,17.41,13.06,1.0,-1,-1,-1
119,29,257.06,141.39,12.84,22.09,1.0,-1,-1,-1
119,37,264.76,167.8,24.37,21.57,1.0,-1,-1,-1
120,1,395.92,162.61,30.57,25.04,1.0,-1,-1,-1
120,2,458.16,141.33,21.31,20.31,1.0,-1,-1,-1
120,3,413.65,126.07,16.6,13.93,1.0,-1,-1,-1
120,4,429.57,110.33,22.47,21.17,1.0,-1,-1,-1
120,5,95.22,259.04,544.78,99.55,1.0,-1,-1,-1
120,13,299.2,114.39,8.34,14.18,1.0,-1,-1,-1
120,14,143.19,120.34,10.77,14,1.0,-1,-1,-1
120,15,475.49,220.05,12.84,35.93,1.0,-1,-1,-1
120,16,453.62,191.14,11.41,26.91,1.0,-1,-1,-1
120,17,489.51,159.79,11.45,21.87,1.0,-1,-1,-1
120,19,147.82,219.27,44.08,41.1,1.0,-1,-1,-1
120,20,492.66,238.96,17.55,35.89,1.0,-1,-1,-1
120,21,464.3,123.2,19.4,15.6,1.0,-1,-1,-1
120,29,257.48,140.69,12.84,22.09,1.0,-1,-1,-1
120,37,266.1,166.47,23.94,21.6,1.0,-1,-1,-1
121,1,395.88,162.69,30.89,25.4,1.0,-1,-1,-1
121,2,459.17,143.01,19.62,18.56,1.0,-1,-1,-1
121,3,413.5,126.27,16.93,14.15,1.0,-1,-1,-1
121,4,429.37,110.06,22.77,21.52,1.0,-1,-1,-1
121,5,92.83,258.76,547.17,99.55,1.0,-1,-1,-1
121,13,299.39,114.25,8.34,14.18,1.0,-1,-1,-1
121,14,141.5,120.34,10.77,14,1.0,-1,-1,-1
121,15,475.84,220.61,12.84,35.93,1.0,-1,-1,-1
121,16,453.48,191.56,11.41,26.91,1.0,-1,-1,-1
121,17,490,160.21,11.45,21.87,1.0,-1,-1,-1
121,19,147.82,218,44.08,41.1,1.0,-1,-1,-1
121,20,492.66,239.67,17.55,35.89,1.0,-1,-1,-1
121,21,465.6,122.5,18.22,14.79,1.0,-1,-1,-1
121,29,257.82,140.27,12.84,22.09,1.0,-1,-1,-1
121,37,265.68,165.63,23.82,21.42,1.0,-1,-1,-1
122,1,396.29,163.63,30.44,25.01,1.0,-1,-1,-1
122,2,459.32,143.64,19.23,18.04,1.0,-1,-1,-1
122,3,413.42,126.73,17.15,14.29,1.0,-1,-1,-1
122,4,429.52,110.37,22.92,21.72,1.0,-1,-1,-1
122,5,92.83,255.8,547.17,103.78,1.0,-1,-1,-1
122,13,299.58,114.11,8.34,14.18,1.0,-1,-1,-1
122,14,139.82,120.34,10.77,14,1.0,-1,-1,-1
122,15,476.19,221.18,12.84,35.93,1.0,-1,-1,-1
122,16,453.34,191.98,11.41,26.91,1.0,-1,-1,-1
122,17,489.86,160.64,11.45,21.87,1.0,-1,-1,-1
122,19,147.4,218,43.45,40.47,1.0,-1,-1,-1
122,20,492.66,240.37,17.55,35.89,1.0,-1,-1,-1
122,21,467.19,125.11,17.27,12.81,1.0,-1,-1,-1
122,23,458.21,130.52,7.84,14.7,1.0,-1,-1,-1
122,29,258.16,139.84,12.84,22.09,1.0,-1,-1,-1
122,37,265.95,166.11,23.82,21.35,1.0,-1,-1,-1
123,1,397.4,165.11,29.98,24.47,1.0,-1,-1,-1
123,2,460.37,146.15,17.9,16.38,1.0,-1,-1,-1
123,3,413.79,127.32,17.23,14.29,1.0,-1,-1,-1
123,4,430.14,111.1,22.83,21.68,1.0,-1,-1,-1
123,5,87.3,255.8,552.7,103.78,1.0,-1,-1,-1
123,13,299.77,113.97,8.34,14.18,1.0,-1,-1,-1
123,14,138.69,119.64,10.77,14,1.0,-1,-1,-1
123,15,476.55,221.74,12.84,35.93,1.0,-1,-1,-1
123,16,453.76,192.69,11.41,26.91,1.0,-1,-1,-1
123,17,490.84,161.2,11.45,21.87,1.0,-1,-1,-1
123,19,146.98,218,42.82,39.84,1.0,-1,-1,-1
123,20,493.23,240.79,17.55,35.89,1.0,-1,-1,-1
123,21,467.68,125.56,17.69,13.04,1.0,-1,-1,-1
123,23,458.21,130.52,7.84,14.7,1.0,-1,-1,-1
123,29,258.49,139.42,12.84,22.09,1.0,-1,-1,-1
123,37,266.97,165.46,23.28,21.43,1.0,-1,-1,-1
124,1,397.94,165.9,30.01,24.34,1.0,-1,-1,-1
124,2,461.06,147.42,17.6,15.76,1.0,-1,-1,-1
124,3,413.82,127.46,17.6,14.55,1.0,-1,-1,-1
124,4,430.54,111.4,22.93,21.85,1.0,-1,-1,-1
124,5,87.3,255.8,552.7,103.78,1.0,-1,-1,-1
124,13,299.95,113.83,8.34,14.18,1.0,-1,-1,-1
124,14,137.57,118.93,10.77,14,1.0,-1,-1,-1
124,15,476.9,222.3,12.84,35.93,1.0,-1,-1,-1
124,16,454.18,193.39,11.41,26.91,1.0,-1,-1,-1
124,17,491.83,161.76,11.45,21.87,1.0,-1,-1,-1
124,19,147.19,217.16,42.82,39.84,1.0,-1,-1,-1
124,20,493.79,241.21,17.55,35.89,1.0,-1,-1,-1
124,21,468.12,125.65,18.16,13.36,1.0,-1,-1,-1
124,23,458.21,130.52,7.84,14.7,1.0,-1,-1,-1
124,29,258.83,139,12.84,22.09,1.0,-1,-1,-1
124,37,267.95,164.75,23.05,21.15,1.0,-1,-1,-1
125,1,398.25,166.36,30.11,24.25,1.0,-1,-1,-1
125,2,461.09,147.4,17.97,15.83,1.0,-1,-1,-1
125,3,414.09,127.53,17.35,14.26,1.0,-1,-1,-1
125,4,431.15,111.65,22.32,21.26,1.0,-1,-1,-1
125,5,84.5,254.53,555.5,105.04,1.0,-1,-1,-1
125,14,136.44,118.23,10.77,14,1.0,-1,-1,-1
125,15,477.25,222.87,12.84,35.93,1.0,-1,-1,-1
125,16,454.61,194.09,11.41,26.91,1.0,-1,-1,-1
125,17,491.54,161.06,11.45,21.87,1.0,-1,-1,-1
125,19,147.4,216.31,42.82,39.84,1.0,-1,-1,-1
125,20,494.35,241.63,17.55,35.89,1.0,-1,-1,-1
125,21,468.65,125.57,18.1,13.26,1.0,-1,-1,-1
125,23,457.81,130.81,10,13.3,1.0,-1,-1,-1
125,29,259.17,138.58,12.84,22.09,1.0,-1,-1,-1
125,37,268.69,164.18,23.11,21.2,1.0,-1,-1,-1
126,1,398.42,166.58,30.22,24.16,1.0,-1,-1,-1
126,2,461.09,144.9,19.61,18.33,1.0,-1,-1,-1
126,3,414.23,127.39,17.27,14.12,1.0,-1,-1,-1
126,4,431.17,111.29,22.24,21.21,1.0,-1,-1,-1
126,5,81.7,253.27,558.3,106.31,1.0,-1,-1,-1
126,14,136.13,118.02,10.77,14,1.0,-1,-1,-1
126,15,476.82,222.44,14.11,37.6,1.0,-1,-1,-1
126,16,454.75,194.66,11.41,26.91,1.0,-1,-1,-1
126,17,492.39,161.27,11.45,21.87,1.0,-1,-1,-1
126,19,147.4,216.31,42.21,38.36,1.0,-1,-1,-1
126,20,494.35,240.57,18.8,36.96,1.0,-1,-1,-1
126,21,468.97,125.59,18.04,13.15,1.0,-1,-1,-1
126,23,457.39,131.1,10,13.35,1.0,-1,-1,-1
126,29,259.38,138.16,12.84,22.09,1.0,-1,-1,-1
126,37,268.65,162.82,22.84,21.11,1.0,-1,-1,-1
127,1,397.5,166.92,30.36,24.03,1.0,-1,-1,-1
127,2,461.18,145.46,20.08,18.21,1.0,-1,-1,-1
127,3,414.14,127.34,17.51,14.26,1.0,-1,-1,-1
127,4,431.64,111.61,21.79,20.76,1.0,-1,-1,-1
127,5,78.9,252,561.1,107.58,1.0,-1,-1,-1
127,14,135.81,117.81,10.77,14,1.0,-1,-1,-1
127,15,476.4,222.02,15.38,39.28,1.0,-1,-1,-1
127,16,454.89,195.22,11.41,26.91,1.0,-1,-1,-1
127,17,493.23,161.48,11.45,21.87,1.0,-1,-1,-1
127,19,147.4,216.31,41.6,36.89,1.0,-1,-1,-1
127,20,494.35,239.5,20.05,38.02,1.0,-1,-1,-1
127,21,469.54,125.59,17.69,12.78,1.0,-1,-1,-1
127,23,458.08,130.47,10,13.33,1.0,-1,-1,-1
127,29,259.59,138.58,12.84,22.09,1.0,-1,-1,-1
127,37,268.23,162.15,23.05,20.96,1.0,-1,-1,-1
128,1,395.88,167.27,30.88,24.22,1.0,-1,-1,-1
128,2,461.27,146.03,20.54,18.09,1.0,-1,-1,-1
128,3,413.85,127.51,18.14,14.77,1.0,-1,-1,-1
128,4,431.52,111.33,22.56,21.47,1.0,-1,-1,-1
128,5,75.9,252,564.1,107.58,1.0,-1,-1,-1
128,14,135.49,117.6,10.77,14,1.0,-1,-1,-1
128,15,477.67,222.72,15.38,39.28,1.0,-1,-1,-1
128,16,455.03,195.78,11.41,26.91,1.0,-1,-1,-1
128,17,493.66,162.04,11.45,21.87,1.0,-1,-1,-1
128,19,147.19,214.86,40.51,36.24,1.0,-1,-1,-1
128,20,494.77,239.78,20.05,38.02,1.0,-1,-1,-1
128,21,469.54,125.59,18.96,14.01,1.0,-1,-1,-1
128,23,458.28,131.11,10,13.56,1.0,-1,-1,-1
128,29,259.59,136.89,12.84,22.09,1.0,-1,-1,-1
128,37,268.79,161.27,23.05,21.16,1.0,-1,-1,-1
129,1,396.82,167.17,32.73,25.69,1.0,-1,-1,-1
129,2,461.37,146.59,21.01,17.97,1.0,-1,-1,-1
129,3,413.68,127.82,18.66,15.27,1.0,-1,-1,-1
129,4,431.33,111.31,23.38,22.31,1.0,-1,-1,-1
129,5,75.48,253.05,564.1,106.73,1.0,-1,-1,-1
129,15,478.93,223.43,15.38,39.28,1.0,-1,-1,-1
129,16,455.45,195.78,11.41,26.91,1.0,-1,-1,-1
129,17,494.08,162.6,11.45,21.87,1.0,-1,-1,-1
129,19,146.98,213.4,40.32,37.27,1.0,-1,-1,-1
129,20,495.2,240.06,20.05,38.02,1.0,-1,-1,-1
129,21,469.96,126.11,18.92,13.72,1.0,-1,-1,-1
129,23,458.41,132.14,10,13.47,1.0,-1,-1,-1
129,29,260.01,136.47,12.84,22.09,1.0,-1,-1,-1
129,37,269.96,161.71,22.76,20.66,1.0,-1,-1,-1
130,1,398.53,167.58,33.64,26.46,1.0,-1,-1,-1
130,2,461.46,147.15,21.47,17.84,1.0,-1,-1,-1
130,3,414.24,128.15,18.77,15.34,1.0,-1,-1,-1
130,4,431.78,111.74,23.38,22.32,1.0,-1,-1,-1
130,5,75.06,254.11,564.1,105.89,1.0,-1,-1,-1
130,15,480.2,224.13,15.38,39.28,1.0,-1,-1,-1
130,16,457.56,197.89,11.41,26.91,1.0,-1,-1,-1
130,17,494.5,163.17,11.45,21.87,1.0,-1,-1,-1
130,19,147.28,212.65,39.67,37.11,1.0,-1,-1,-1
130,20,495.62,240.34,20.05,38.02,1.0,-1,-1,-1
130,21,470.38,126.64,18.87,13.43,1.0,-1,-1,-1
130,23,459.62,132.02,10,13.44,1.0,-1,-1,-1
130,29,260.43,136.47,12.84,22.09,1.0,-1,-1,-1
130,37,270.66,161.54,23.06,20.83,1.0,-1,-1,-1
131,1,398.47,168.05,34.05,26.8,1.0,-1,-1,-1
131,2,461.55,147.72,21.94,17.72,1.0,-1,-1,-1
131,3,414.37,128.23,19.1,15.61,1.0,-1,-1,-1
131,4,431.79,111.8,23.7,22.68,1.0,-1,-1,-1
131,5,72.73,252.4,566.43,107.6,1.0,-1,-1,-1
131,15,480.62,224.34,15.38,39.28,1.0,-1,-1,-1
131,16,457.13,197.89,11.84,27.76,1.0,-1,-1,-1
131,17,495.13,163.8,11.45,21.87,1.0,-1,-1,-1
131,19,147.58,211.9,39.01,36.94,1.0,-1,-1,-1
131,20,495.76,240.77,20.05,38.02,1.0,-1,-1,-1
131,21,470.8,127.16,18.83,13.14,1.0,-1,-1,-1
131,23,458.81,131.86,10,13.95,1.0,-1,-1,-1
131,29,260.85,136.47,12.84,22.09,1.0,-1,-1,-1
131,37,270.49,161.74,22.67,20.34,1.0,-1,-1,-1
132,1,396.48,167.9,34.09,28.96,1.0,-1,-1,-1
132,2,461.64,148.28,22.4,17.6,1.0,-1,-1,-1
132,3,414.44,128.14,19.21,15.71,1.0,-1,-1,-1
132,4,431.7,111.23,24.05,23.06,1.0,-1,-1,-1
132,5,70.4,250.7,568.76,109.3,1.0,-1,-1,-1
132,15,481.04,224.55,15.38,39.28,1.0,-1,-1,-1
132,16,456.7,197.89,12.27,28.61,1.0,-1,-1,-1
132,17,495.77,164.43,11.45,21.87,1.0,-1,-1,-1
132,19,147.89,211.15,38.36,36.78,1.0,-1,-1,-1
132,20,495.9,241.19,20.05,38.02,1.0,-1,-1,-1
132,21,472.63,127.69,17.98,13.21,1.0,-1,-1,-1
132,23,459.76,132.28,10,13.85,1.0,-1,-1,-1
132,29,261.28,135.91,12.84,22.09,1.0,-1,-1,-1
132,37,270.88,160.2,22.38,20.38,1.0,-1,-1,-1
132,38,382.56,116.3,12.59,12.97,1.0,-1,-1,-1
133,1,398.68,168.47,34.05,26.81,1.0,-1,-1,-1
133,2,462.37,147.77,22.45,17.92,1.0,-1,-1,-1
133,3,414.51,127.93,19.06,15.58,1.0,-1,-1,-1
133,4,432.13,111.25,23.63,22.64,1.0,-1,-1,-1
133,5,67.9,250.7,572.1,109.3,1.0,-1,-1,-1
133,15,481.46,224.76,15.38,39.28,1.0,-1,-1,-1
133,16,456.47,197.89,12.92,29.46,1.0,-1,-1,-1
133,17,496.5,164.75,11.45,21.87,1.0,-1,-1,-1
133,19,148.19,210.4,37.7,36.61,1.0,-1,-1,-1
133,20,496.04,241.61,20.05,38.02,1.0,-1,-1,-1
133,21,474.46,128.21,17.14,13.29,1.0,-1,-1,-1
133,23,459.84,131.29,10,14.14,1.0,-1,-1,-1
133,29,261.7,135.34,12.84,22.09,1.0,-1,-1,-1
133,37,270.77,159.38,22.44,19.86,1.0,-1,-1,-1
133,38,382.56,116.3,12.59,12.97,1.0,-1,-1,-1
134,1,398.75,168.8,33.88,26.65,1.0,-1,-1,-1
134,2,463.1,147.26,22.49,18.24,1.0,-1,-1,-1
134,3,414.62,127.95,19.11,15.62,1.0,-1,-1,-1
134,4,432.45,111.43,23.43,22.48,1.0,-1,-1,-1
134,5,67.9,249.65,572.1,110.35,1.0,-1,-1,-1
134,15,481.89,224.97,15.38,39.28,1.0,-1,-1,-1
134,16,456.24,197.89,13.57,30.31,1.0,-1,-1,-1
134,17,497.24,165.07,11.45,21.87,1.0,-1,-1,-1
134,19,148.5,209.65,37.05,36.45,1.0,-1,-1,-1
134,20,496.18,242.03,20.05,38.02,1.0,-1,-1,-1
134,21,474.4,127.3,17.59,12.33,1.0,-1,-1,-1
134,23,459.6,131.94,10,14.33,1.0,-1,-1,-1
134,29,262.12,134.78,12.84,22.09,1.0,-1,-1,-1
134,37,271.51,159.03,22.6,19.88,1.0,-1,-1,-1
134,38,382.71,116.01,12.79,13.19,1.0,-1,-1,-1
135,1,398.86,169.3,33.52,26.36,1.0,-1,-1,-1
135,2,463.92,147.8,19.07,18.11,1.0,-1,-1,-1
135,3,414.68,128.14,19.33,15.79,1.0,-1,-1,-1
135,4,432.53,111.54,23.81,22.96,1.0,-1,-1,-1
135,5,67.9,248.6,572.1,111.4,1.0,-1,-1,-1
135,15,482.31,225.18,15.38,39.28,1.0,-1,-1,-1
135,16,456.67,198.74,13.57,30.31,1.0,-1,-1,-1
135,17,497.98,165.38,11.45,21.87,1.0,-1,-1,-1
135,19,148.8,208.9,36.39,36.28,1.0,-1,-1,-1
135,20,496.32,242.45,20.05,38.02,1.0,-1,-1,-1
135,21,474.48,127.21,18.55,13,1.0,-1,-1,-1
135,23,459.79,132.34,10,14.22,1.0,-1,-1,-1
135,29,262.33,134.5,12.84,22.09,1.0,-1,-1,-1
135,37,271.75,158.46,22,19.83,1.0,-1,-1,-1
135,38,382.25,116.22,12.9,13.21,1.0,-1,-1,-1
136,1,399.12,169.86,33.78,26.5,1.0,-1,-1,-1
136,2,463.5,147.8,19.07,18.11,1.0,-1,-1,-1
136,3,414.79,128.5,19.74,16.13,1.0,-1,-1,-1
136,4,432.5,111.68,24.41,23.66,1.0,-1,-1,-1
136,5,63.7,248.6,575.25,111.4,1.0,-1,-1,-1
136,15,482.73,225.4,15.38,39.28,1.0,-1,-1,-1
136,16,457.09,199.58,13.57,30.31,1.0,-1,-1,-1
136,17,498.72,165.7,11.45,21.87,1.0,-1,-1,-1
136,19,147.4,209.2,39.06,37.25,1.0,-1,-1,-1
136,20,496.46,242.88,20.05,38.02,1.0,-1,-1,-1
136,21,474.65,127.42,19.62,13.77,1.0,-1,-1,-1
136,23,460.45,133.44,10,13.89,1.0,-1,-1,-1
136,29,262.54,134.22,12.84,22.09,1.0,-1,-1,-1
136,37,272.98,158.42,22.27,19.61,1.0,-1,-1,-1
136,38,382.42,116.63,13.05,13.29,1.0,-1,-1,-1
137,1,399.39,170.47,34.45,27.04,1.0,-1,-1,-1
137,2,463.1,149.7,24.2,18.4,1.0,-1,-1,-1
137,3,414.83,128.89,19.86,16.17,1.0,-1,-1,-1
137,4,433.09,112.61,23.67,22.97,1.0,-1,-1,-1
137,5,59.5,248.6,578.4,111.4,1.0,-1,-1,-1
137,15,483.05,225.82,15.38,39.28,1.0,-1,-1,-1
137,16,457.72,200.21,13.57,30.31,1.0,-1,-1,-1
137,17,499.16,165.7,12.08,24.84,1.0,-1,-1,-1
137,19,149.1,208.6,36.93,36.58,1.0,-1,-1,-1
137,20,497.31,243.3,20.05,37.28,1.0,-1,-1,-1
137,21,475.1,128.01,20.24,14.26,1.0,-1,-1,-1
137,23,460.74,133.29,10,14.15,1.0,-1,-1,-1
137,29,262.75,133.94,12.84,22.09,1.0,-1,-1,-1
137,37,272.74,157.98,21.91,19.76,1.0,-1,-1,-1
137,38,382.76,117.42,12.92,13.21,1.0,-1,-1,-1
138,1,399.39,170.67,31.81,27.31,1.0,-1,-1,-1
138,2,463.62,149.5,23.5,18.84,1.0,-1,-1,-1
138,3,414.91,129.17,19.86,16.1,1.0,-1,-1,-1
138,4,433.57,113.21,23.08,22.42,1.0,-1,-1,-1
138,5,58.85,248.6,574.15,111.4,1.0,-1,-1,-1
138,15,483.36,226.24,15.38,39.28,1.0,-1,-1,-1
138,16,458.35,200.84,13.57,30.31,1.0,-1,-1,-1
138,17,499.6,165.7,12.7,27.8,1.0,-1,-1,-1
138,19,147.8,208.1,37.81,35.82,1.0,-1,-1,-1
138,20,498.15,243.72,20.05,36.53,1.0,-1,-1,-1
138,21,475.98,128.37,19.89,13.98,1.0,-1,-1,-1
138,23,460.51,133.65,10,14.22,1.0,-1,-1,-1
138,29,262.96,133.66,12.84,22.09,1.0,-1,-1,-1
138,37,273.25,158,22.03,19.56,1.0,-1,-1,-1
138,38,382.98,117.14,13.03,13.3,1.0,-1,-1,-1
139,1,399.38,170.63,34.02,27.82,1.0,-1,-1,-1
139,2,464.15,149.3,22.81,19.28,1.0,-1,-1,-1
139,3,414.9,128.92,20.16,16.32,1.0,-1,-1,-1
139,4,434.02,113.42,22.72,22.15,1.0,-1,-1,-1
139,5,58.2,248.6,568.3,111.4,1.0,-1,-1,-1
139,15,483.68,226.66,15.38,39.28,1.0,-1,-1,-1
139,16,458.47,201.02,13.57,30.31,1.0,-1,-1,-1
139,17,500.25,165.91,12.7,27.8,1.0,-1,-1,-1
139,19,147.4,207.5,37.79,35.15,1.0,-1,-1,-1
139,20,498.99,244.14,20.05,35.78,1.0,-1,-1,-1
139,21,476.55,128.07,20.18,14.27,1.0,-1,-1,-1
139,23,460.31,132.76,10,14.44,1.0,-1,-1,-1
139,29,263.17,133.38,12.84,22.09,1.0,-1,-1,-1
139,37,273.02,157.35,21.88,19.16,1.0,-1,-1,-1
139,38,383.27,116.51,12.98,13.35,1.0,-1,-1,-1
140,1,399.63,170.6,35.63,28.19,1.0,-1,-1,-1
140,2,464.67,149.1,22.11,19.72,1.0,-1,-1,-1
140,3,414.9,128.67,20.5,16.57,1.0,-1,-1,-1
140,4,434.27,113.38,22.87,22.34,1.0,-1,-1,-1
140,5,58.2,248.6,564.9,111.4,1.0,-1,-1,-1
140,15,483.99,227.08,15.38,39.28,1.0,-1,-1,-1
140,16,458.59,201.2,13.57,30.31,1.0,-1,-1,-1
140,17,500.89,166.13,12.7,27.8,1.0,-1,-1,-1
140,19,147.8,205.4,37.39,37.25,1.0,-1,-1,-1
140,20,499.84,244.56,20.05,35.04,1.0,-1,-1,-1
140,21,476.74,127.47,21.56,15.41,1.0,-1,-1,-1
140,23,461.51,132.91,10,14.36,1.0,-1,-1,-1
140,29,263.38,133.09,12.84,22.09,1.0,-1,-1,-1
140,37,273.9,155.91,21.55,19.34,1.0,-1,-1,-1
140,38,382.55,116.68,13.02,13.53,1.0,-1,-1,-1
141,1,399.76,170.52,35.85,28.53,1.0,-1,-1,-1
141,2,465.2,148.9,21.41,20.16,1.0,-1,-1,-1
141,3,415.2,128.59,20.62,16.61,1.0,-1,-1,-1
141,4,435.07,113.7,22.67,22.15,1.0,-1,-1,-1
141,5,55.2,245.2,561.57,114.8,1.0,-1,-1,-1
141,15,484.44,227.89,15.38,39.28,1.0,-1,-1,-1
141,16,458.71,201.38,13.57,30.31,1.0,-1,-1,-1
141,17,501.54,166.34,12.7,27.8,1.0,-1,-1,-1
141,19,147.8,204.11,37.19,36.01,1.0,-1,-1,-1
141,20,500.05,245.84,20.05,33.72,1.0,-1,-1,-1
141,21,477.28,127.48,22.01,15.9,1.0,-1,-1,-1
141,23,461.13,133.22,10,14.37,1.0,-1,-1,-1
141,29,263.81,133.09,12.84,22.09,1.0,-1,-1,-1
141,37,274.54,155.27,21.57,19.42,1.0,-1,-1,-1
141,38,382.49,116.32,13.16,13.63,1.0,-1,-1,-1
142,1,400.03,171.01,33.87,28.57,1.0,-1,-1,-1
142,2,466.1,149.4,20.34,19.9,1.0,-1,-1,-1
142,3,415.53,129.06,20.4,16.3,1.0,-1,-1,-1
142,4,435.61,113.95,22.57,22.06,1.0,-1,-1,-1
142,5,55.2,245.2,555.2,114.8,1.0,-1,-1,-1
142,15,484.89,228.7,15.38,39.28,1.0,-1,-1,-1
142,16,458.83,201.56,13.57,30.31,1.0,-1,-1,-1
142,17,502.18,166.56,12.7,27.8,1.0,-1,-1,-1
142,19,147.8,206.2,37,34.76,1.0,-1,-1,-1
142,20,500.27,247.12,20.05,32.41,1.0,-1,-1,-1
142,21,478.52,127.91,21.46,15.45,1.0,-1,-1,-1
142,23,461.82,134.08,10,14.4,1.0,-1,-1,-1
142,29,264.23,133.09,12.84,22.09,1.0,-1,-1,-1
142,37,274.67,155.66,21.41,19.18,1.0,-1,-1,-1
142,38,382.54,116.36,13.33,13.66,1.0,-1,-1,-1
143,1,400.48,171.89,35.16,28.27,1.0,-1,-1,-1
143,2,466.5,149.9,19.77,19.64,1.0,-1,-1,-1
143,3,416.16,130.35,20.19,15.98,1.0,-1,-1,-1
143,4,436.61,115.41,21.64,21.05,1.0,-1,-1,-1
143,5,51,245.2,554.8,114.8,1.0,-1,-1,-1
143,15,485.34,229.5,15.38,39.28,1.0,-1,-1,-1
143,16,458.95,201.74,13.57,30.31,1.0,-1,-1,-1
143,17,502.83,166.77,12.7,27.8,1.0,-1,-1,-1
143,19,148.01,206,35.94,34.12,1.0,-1,-1,-1
143,20,500.48,248.4,20.05,31.09,1.0,-1,-1,-1
143,21,480.68,129.54,20.22,14.53,1.0,-1,-1,-1
143,23,461.79,134.44,10,14.34,1.0,-1,-1,-1
143,29,264.65,133.09,12.84,22.09,1.0,-1,-1,-1
143,37,275.28,154.73,21.41,19.18,1.0,-1,-1,-1
143,38,382.81,120.3,13.41,10.34,1.0,-1,-1,-1
144,1,401.07,173.22,34.42,27.73,1.0,-1,-1,-1
144,2,465.9,150.2,20.85,19.8,1.0,-1,-1,-1
144,3,416.18,131.51,19.61,15.33,1.0,-1,-1,-1
144,4,436.62,115.42,21.96,21.36,1.0,-1,-1,-1
144,5,51,245.2,551,114.8,1.0,-1,-1,-1
144,15,485.79,230.31,15.38,39.28,1.0,-1,-1,-1
144,16,459.07,201.92,13.57,30.31,1.0,-1,-1,-1
144,17,502.83,167.01,12.7,27.8,1.0,-1,-1,-1
144,19,148.22,205.8,34.88,33.48,1.0,-1,-1,-1
144,20,500.7,249.6,20.05,29.86,1.0,-1,-1,-1
144,21,481.18,129.85,21.24,15.43,1.0,-1,-1,-1
144,23,461.76,134.4,10,14.33,1.0,-1,-1,-1
144,29,265.83,133.15,11.96,21.2,1.0,-1,-1,-1
144,37,276.03,154.92,21.5,18.94,1.0,-1,-1,-1
144,38,383.21,120.65,13.07,10.8,1.0,-1,-1,-1
145,1,401.18,173.57,34.52,27.87,1.0,-1,-1,-1
145,2,468.4,150.1,19.13,20.29,1.0,-1,-1,-1
145,3,416.11,131.9,19.69,15.24,1.0,-1,-1,-1
145,4,436.57,115.1,22.36,21.78,1.0,-1,-1,-1
145,5,47.6,245.2,550.6,114.8,1.0,-1,-1,-1
145,15,487.58,231.74,15.38,39.28,1.0,-1,-1,-1
145,16,459.79,201.92,13.57,30.31,1.0,-1,-1,-1
145,17,502.83,167.25,12.7,27.8,1.0,-1,-1,-1
145,19,148.22,206.7,33.98,31.73,1.0,-1,-1,-1
145,20,500.91,250.5,20.05,28.92,1.0,-1,-1,-1
145,21,481.62,130.03,21.36,15.71,1.0,-1,-1,-1
145,23,461.98,134.55,10,14.21,1.0,-1,-1,-1
145,29,267.02,133.21,11.08,20.31,1.0,-1,-1,-1
145,37,275.56,154.86,21.37,18.83,1.0,-1,-1,-1
145,38,383.53,120.28,13.1,10.73,1.0,-1,-1,-1
146,1,401.3,173.84,34.61,28.01,1.0,-1,-1,-1
146,2,466.8,150.9,21.35,19.8,1.0,-1,-1,-1
146,3,416.05,131.82,19.84,15.2,1.0,-1,-1,-1
146,4,436.57,115.1,22.36,21.78,1.0,-1,-1,-1
146,5,47.6,243.9,543.9,116.1,1.0,-1,-1,-1
146,15,489.37,233.18,15.38,39.28,1.0,-1,-1,-1
146,16,460.51,201.92,13.57,30.31,1.0,-1,-1,-1
146,17,502.83,167.49,12.7,27.8,1.0,-1,-1,-1
146,19,148.64,202.9,34.04,33,1.0,-1,-1,-1
146,20,501.66,249.4,19.52,29.98,1.0,-1,-1,-1
146,21,483.13,130.57,20.5,15.16,1.0,-1,-1,-1
146,23,462.5,134.56,10,14.05,1.0,-1,-1,-1
146,29,268.2,133.27,10.19,19.43,1.0,-1,-1,-1
146,37,276.53,154.08,20.87,18.7,1.0,-1,-1,-1
146,38,382.78,120.37,13.29,11,1.0,-1,-1,-1
147,1,401.69,174.03,34.51,27.99,1.0,-1,-1,-1
147,2,468.2,151.3,21.31,19.52,1.0,-1,-1,-1
147,3,416.16,131.82,20.42,15.6,1.0,-1,-1,-1
147,4,436.18,113.98,23,23.11,1.0,-1,-1,-1
147,5,45.5,243.9,540.9,116.1,1.0,-1,-1,-1
147,15,489.73,233.72,15.38,39.28,1.0,-1,-1,-1
147,16,461.13,202.9,13.57,30.31,1.0,-1,-1,-1
147,17,503.54,168.21,12.7,27.8,1.0,-1,-1,-1
147,19,148.75,202.37,34.04,33,1.0,-1,-1,-1
147,20,502.4,248.3,18.99,31.05,1.0,-1,-1,-1
147,21,484.53,130.96,19.9,14.62,1.0,-1,-1,-1
147,23,463.11,134.15,10,14.52,1.0,-1,-1,-1
147,29,268,133.33,10.69,19.92,1.0,-1,-1,-1
147,37,277.01,152.86,21.01,18.58,1.0,-1,-1,-1
147,38,383.73,119.93,13.31,11.07,1.0,-1,-1,-1
148,1,402.24,174.36,34.4,27.9,1.0,-1,-1,-1
148,2,468.2,149.38,22.3,21.52,1.0,-1,-1,-1
148,3,416.49,132.08,20.5,15.65,1.0,-1,-1,-1
148,4,435.78,112.85,23.63,24.45,1.0,-1,-1,-1
148,5,45.5,243.9,535.8,116.1,1.0,-1,-1,-1
148,15,490.09,234.25,15.38,39.28,1.0,-1,-1,-1
148,16,461.76,203.89,13.57,30.31,1.0,-1,-1,-1
148,17,504.26,168.92,12.7,27.8,1.0,-1,-1,-1
148,19,148.85,201.84,34.04,33,1.0,-1,-1,-1
148,20,502.26,249.8,19.34,29.51,1.0,-1,-1,-1
148,21,485.82,131.51,19.61,14.3,1.0,-1,-1,-1
148,23,463.26,135.24,10,14.64,1.0,-1,-1,-1
148,29,267.8,133.39,11.2,20.41,1.0,-1,-1,-1
148,37,277.05,152.21,20.62,18.15,1.0,-1,-1,-1
148,38,383.93,120.6,13.37,11.04,1.0,-1,-1,-1
149,1,402.22,174,35.66,29.07,1.0,-1,-1,-1
149,2,468.4,151.1,23.4,20.46,1.0,-1,-1,-1
149,3,416.74,132.19,20.61,15.81,1.0,-1,-1,-1
149,4,435.39,111.73,24.27,25.78,1.0,-1,-1,-1
149,5,45.5,243.9,530.7,116.1,1.0,-1,-1,-1
149,15,490.44,234.79,15.38,39.28,1.0,-1,-1,-1
149,16,462.39,204.88,13.57,30.31,1.0,-1,-1,-1
149,17,504.82,169.34,12.7,27.8,1.0,-1,-1,-1
149,19,148.96,201.32,34.04,33,1.0,-1,-1,-1
149,20,505.8,248.8,16.02,30.47,1.0,-1,-1,-1
149,21,486.2,131.47,20.72,15.13,1.0,-1,-1,-1
149,23,463.14,135.32,10,14.56,1.0,-1,-1,-1
149,29,269.5,133.46,9.8,17.34,1.0,-1,-1,-1
149,37,277.33,152.06,20.79,18.15,1.0,-1,-1,-1
149,38,383.19,120.73,13.22,11.18,1.0,-1,-1,-1
150,1,401.7,173.5,37.21,30.67,1.0,-1,-1,-1
150,2,467.2,150.2,24.6,21.36,1.0,-1,-1,-1
150,3,417.32,132.88,20.46,15.67,1.0,-1,-1,-1
150,4,435,110.6,24.91,27.11,1.0,-1,-1,-1
150,5,42.5,243.9,530.9,116.1,1.0,-1,-1,-1
150,15,490.8,235.33,15.38,39.28,1.0,-1,-1,-1
150,16,463.02,205.86,13.57,30.31,1.0,-1,-1,-1
150,17,505.37,169.75,12.7,27.8,1.0,-1,-1,-1
150,19,149.06,200.79,34.04,33,1.0,-1,-1,-1
150,20,506.3,249.9,15.74,29.34,1.0,-1,-1,-1
150,21,487.18,132.39,20.15,14.65,1.0,-1,-1,-1
150,23,463.22,135.84,10,15.48,1.0,-1,-1,-1
150,29,269.5,133.51,10.1,17.69,1.0,-1,-1,-1
150,37,277.99,152.02,20.22,17.86,1.0,-1,-1,-1
150,38,383.38,121.38,13.23,11.12,1.0,-1,-1,-1
151,1,401.86,173.81,37.55,31.25,1.0,-1,-1,-1
151,2,469.6,152.9,22.86,19.57,1.0,-1,-1,-1
151,3,417.67,133.33,20.67,15.79,1.0,-1,-1,-1
151,4,437,112.8,22.98,25.07,1.0,-1,-1,-1
151,5,39.2,243.9,528.6,116.1,1.0,-1,-1,-1
151,15,491.36,236.41,15.38,38.47,1.0,-1,-1,-1
151,16,463.35,206.25,13.57,30.31,1.0,-1,-1,-1
151,17,505.93,170.17,12.7,27.8,1.0,-1,-1,-1
151,19,149.06,199.68,34.04,33,1.0,-1,-1,-1
151,20,507.18,250.12,15.3,29.01,1.0,-1,-1,-1
151,21,488,132.74,20.54,14.85,1.0,-1,-1,-1
151,23,463.9,135.74,10,15.17,1.0,-1,-1,-1
151,29,269.4,133.11,10.65,18.49,1.0,-1,-1,-1
151,37,278.2,152.07,20.16,17.77,1.0,-1,-1,-1
151,38,383.7,121.28,13.15,11.17,1.0,-1,-1,-1
152,1,401.56,173.35,38.4,32.3,1.0,-1,-1,-1
152,2,469.68,150.5,23.44,22.87,1.0,-1,-1,-1
152,3,417.65,133.52,20.69,15.81,1.0,-1,-1,-1
152,4,437.88,116.62,22.1,21.25,1.0,-1,-1,-1
152,5,39.2,243.9,520.3,116.1,1.0,-1,-1,-1
152,15,491.91,237.5,15.38,37.66,1.0,-1,-1,-1
152,16,463.68,206.64,13.57,30.31,1.0,-1,-1,-1
152,17,506.48,170.59,12.7,27.8,1.0,-1,-1,-1
152,19,149.06,198.57,34.04,33,1.0,-1,-1,-1
152,20,508.06,250.34,14.86,28.68,1.0,-1,-1,-1
152,21,488.74,133.03,20.61,14.84,1.0,-1,-1,-1
152,23,463.67,136.54,10,14.98,1.0,-1,-1,-1
152,24,561.14,342.43,78.12,17.57,1.0,-1,-1,-1
152,29,269.3,132.7,11.2,19.3,1.0,-1,-1,-1
152,37,278.07,151.97,19.84,17.76,1.0,-1,-1,-1
152,38,383.95,121.23,13.2,10.8,1.0,-1,-1,-1
153,1,401.69,173.46,38.4,32.62,1.0,-1,-1,-1
153,2,470.12,152.8,22.61,20.96,1.0,-1,-1,-1
153,3,417.98,133.62,20.64,15.78,1.0,-1,-1,-1
153,4,438.23,116.56,22.38,21.46,1.0,-1,-1,-1
153,5,39.2,241.1,518.6,118.9,1.0,-1,-1,-1
153,15,493.03,238.91,14.53,36.81,1.0,-1,-1,-1
153,16,464.02,207.03,13.57,30.31,1.0,-1,-1,-1
153,17,508.15,171.7,12.7,27.8,1.0,-1,-1,-1
153,19,149.07,197.46,34.04,33,1.0,-1,-1,-1
153,20,508.94,250.57,14.43,28.35,1.0,-1,-1,-1
153,21,489.91,133.29,20.36,14.61,1.0,-1,-1,-1
153,23,464.54,135.66,10,14.69,1.0,-1,-1,-1
153,24,559.5,342.43,79.76,17.57,1.0,-1,-1,-1
153,29,269.86,132.14,11.2,19.3,1.0,-1,-1,-1
153,37,279.42,151.17,19.74,17.74,1.0,-1,-1,-1
153,38,383.99,121.27,13.25,11.08,1.0,-1,-1,-1
154,1,400.99,176.77,37.83,32.39,1.0,-1,-1,-1
154,2,469.52,150.5,22.47,23.6,1.0,-1,-1,-1
154,3,418.25,133.25,21.25,16.32,1.0,-1,-1,-1
154,4,438.58,116.51,22.66,21.68,1.0,-1,-1,-1
154,5,39.2,240,513.6,120,1.0,-1,-1,-1
154,15,494.15,240.31,13.69,35.96,1.0,-1,-1,-1
154,16,464.35,207.42,13.57,30.31,1.0,-1,-1,-1
154,17,508.7,171.7,12.7,27.8,1.0,-1,-1,-1
154,19,149.07,196.35,34.04,33,1.0,-1,-1,-1
154,20,509.82,250.79,13.99,28.02,1.0,-1,-1,-1
154,21,490.82,133.67,20.36,14.48,1.0,-1,-1,-1
154,23,464.79,135.78,10,14.97,1.0,-1,-1,-1
154,24,552.28,339.7,87.72,20.3,1.0,-1,-1,-1
154,29,269.9,132.14,11.16,19.3,1.0,-1,-1,-1
154,37,279.59,150.15,19.91,17.76,1.0,-1,-1,-1
154,38,383.6,120.94,13.33,11.1,1.0,-1,-1,-1
155,1,403.24,178,35.16,28.76,1.0,-1,-1,-1
155,2,470,153.1,25.02,21.4,1.0,-1,-1,-1
155,3,418.47,133.18,21.43,16.54,1.0,-1,-1,-1
155,4,438.93,116.45,22.94,21.89,1.0,-1,-1,-1
155,5,34.8,241.1,511.3,118.9,1.0,-1,-1,-1
155,15,494.71,240.59,13.69,35.96,1.0,-1,-1,-1
155,16,464.68,207.81,13.57,30.31,1.0,-1,-1,-1
155,17,509.26,173.92,12.7,27.8,1.0,-1,-1,-1
155,19,149.25,196.07,33.67,32.54,1.0,-1,-1,-1
155,20,510.7,251.01,13.56,27.69,1.0,-1,-1,-1
155,21,492.14,134,20.31,14.36,1.0,-1,-1,-1
155,23,465.03,135.87,10.03,15.1,1.0,-1,-1,-1
155,24,546.7,340.3,72.2,19.7,1.0,-1,-1,-1
155,29,270.23,131.81,11.16,19.3,1.0,-1,-1,-1
155,37,279.58,149.27,19.54,17.82,1.0,-1,-1,-1
155,38,384.43,121.8,13.39,11.17,1.0,-1,-1,-1
156,1,401.81,178.5,37.29,28.82,1.0,-1,-1,-1
156,2,471.3,153.3,23.82,21.98,1.0,-1,-1,-1
156,3,418.51,133.3,21.6,16.76,1.0,-1,-1,-1
156,4,438.49,116.39,23.57,22.43,1.0,-1,-1,-1
156,5,33.1,241.1,509.7,118.9,1.0,-1,-1,-1
156,15,495.26,240.87,13.69,35.96,1.0,-1,-1,-1
156,16,465.01,208.19,13.57,30.31,1.0,-1,-1,-1
156,17,509.95,174.34,12.7,27.8,1.0,-1,-1,-1
156,19,149.44,195.79,33.29,32.07,1.0,-1,-1,-1
156,20,510.7,251.01,13.78,27.69,1.0,-1,-1,-1
156,21,492.67,134.22,20.84,14.69,1.0,-1,-1,-1
156,23,464.75,136.79,10,14.89,1.0,-1,-1,-1
156,24,542.3,339.2,76.6,20.8,1.0,-1,-1,-1
156,29,270.57,131.48,11.16,19.3,1.0,-1,-1,-1
156,37,279.97,149.89,19.75,17.5,1.0,-1,-1,-1
156,38,383.58,121.43,13.4,11.22,1.0,-1,-1,-1
157,1,403.82,179.2,35.38,28.83,1.0,-1,-1,-1
157,2,470.7,153.3,24.42,21.98,1.0,-1,-1,-1
157,3,418.33,133.36,21.71,16.94,1.0,-1,-1,-1
157,4,438.62,116.83,23.78,22.53,1.0,-1,-1,-1
157,5,33.1,239.5,505.3,120.5,1.0,-1,-1,-1
157,15,495.96,241.01,13.69,35.96,1.0,-1,-1,-1
157,16,465.35,208.58,13.57,30.31,1.0,-1,-1,-1
157,17,510.65,174.75,12.7,27.8,1.0,-1,-1,-1
157,19,149.63,195.51,32.92,31.61,1.0,-1,-1,-1
157,20,510.7,251.01,14.01,27.69,1.0,-1,-1,-1
157,21,493.04,134.47,21.69,15.3,1.0,-1,-1,-1
157,23,465.04,136.67,10.04,15.58,1.0,-1,-1,-1
157,24,537.9,337.5,81,22.5,1.0,-1,-1,-1
157,29,270.9,131.14,11.16,19.3,1.0,-1,-1,-1
157,37,279.54,149.31,19.41,17.41,1.0,-1,-1,-1
157,38,383.63,121.39,13.5,11.28,1.0,-1,-1,-1
158,1,404.46,180.1,34.64,28.79,1.0,-1,-1,-1
158,2,470.43,154.03,25.06,21.57,1.0,-1,-1,-1
158,3,418.67,133.67,21.54,16.93,1.0,-1,-1,-1
158,4,438.8,117.34,23.56,22.19,1.0,-1,-1,-1
158,5,31.4,240.6,503.1,119.4,1.0,-1,-1,-1
158,15,496.65,241.14,13.69,35.96,1.0,-1,-1,-1
158,16,465.68,208.97,13.57,30.31,1.0,-1,-1,-1
158,17,511.34,175.17,12.7,27.8,1.0,-1,-1,-1
158,19,149.82,195.24,32.55,31.15,1.0,-1,-1,-1
158,20,510.7,251.01,14.24,27.69,1.0,-1,-1,-1
158,21,494.25,134.93,21.81,15.32,1.0,-1,-1,-1
158,23,464.77,137.09,10.03,16.32,1.0,-1,-1,-1
158,24,533.27,336.4,77.29,23.6,1.0,-1,-1,-1
158,29,271.23,130.81,11.16,19.3,1.0,-1,-1,-1
158,37,279.76,148.84,19.79,17.44,1.0,-1,-1,-1
158,38,383.9,121.55,13.36,11.5,1.0,-1,-1,-1
159,1,405.31,181.6,34.79,27.72,1.0,-1,-1,-1
159,2,470.17,154.77,25.69,21.16,1.0,-1,-1,-1
159,3,418.99,133.82,21.28,16.84,1.0,-1,-1,-1
159,4,439.12,117.9,23.17,21.69,1.0,-1,-1,-1
159,5,29.2,240,499.19,120,1.0,-1,-1,-1
159,15,497.35,241.28,13.69,35.96,1.0,-1,-1,-1
159,16,466.01,209.36,13.57,30.31,1.0,-1,-1,-1
159,17,512.04,175.58,12.7,27.8,1.0,-1,-1,-1
159,19,150.01,194.96,32.17,30.68,1.0,-1,-1,-1
159,20,510.7,251.01,14.47,27.69,1.0,-1,-1,-1
159,21,495.45,135.12,22.24,15.6,1.0,-1,-1,-1
159,23,465.31,137.41,10.17,15.96,1.0,-1,-1,-1
159,24,528.64,335.3,73.59,24.7,1.0,-1,-1,-1
159,29,271.57,130.48,11.16,19.3,1.0,-1,-1,-1
159,37,280.16,148.14,19.63,17.52,1.0,-1,-1,-1
159,38,384.26,121.7,13.35,11.64,1.0,-1,-1,-1
160,1,405.66,179.92,34.46,29.65,1.0,-1,-1,-1
160,2,469.9,155.5,26.33,20.75,1.0,-1,-1,-1
160,3,419.26,133.83,21.11,16.79,1.0,-1,-1,-1
160,4,439.42,117.8,23.26,21.69,1.0,-1,-1,-1
160,5,29.2,239.5,493.1,120.5,1.0,-1,-1,-1
160,15,498.04,241.42,13.69,35.96,1.0,-1,-1,-1
160,16,466.35,209.75,13.57,30.31,1.0,-1,-1,-1
160,17,512.22,175.77,12.7,27.8,1.0,-1,-1,-1
160,19,150.2,194.68,31.8,30.22,1.0,-1,-1,-1
160,20,510.7,251.01,14.7,27.69,1.0,-1,-1,-1
160,21,496.81,135.39,22.46,15.79,1.0,-1,-1,-1
160,23,466.29,137.55,10.08,16.03,1.0,-1,-1,-1
160,24,524.02,334.2,69.88,25.8,1.0,-1,-1,-1
160,29,271.94,130.29,11.16,19.3,1.0,-1,-1,-1
160,37,280.81,147.72,19.77,17.58,1.0,-1,-1,-1
160,38,384.64,121.85,13.6,11.44,1.0,-1,-1,-1
161,1,406.38,180.87,33.98,29.01,1.0,-1,-1,-1
161,2,470.75,153.1,25.85,23.47,1.0,-1,-1,-1
161,3,419.4,133.8,21.05,16.83,1.0,-1,-1,-1
161,4,439.47,117.79,23.38,21.77,1.0,-1,-1,-1
161,5,29.2,237.3,490.3,122.7,1.0,-1,-1,-1
161,15,498.6,241.88,13.69,35.96,1.0,-1,-1,-1
161,16,466.81,210.21,13.57,30.31,1.0,-1,-1,-1
161,17,512.41,175.96,12.7,27.8,1.0,-1,-1,-1
161,19,150.36,193.73,31.8,30.22,1.0,-1,-1,-1
161,20,510.98,251.01,14.7,37.14,1.0,-1,-1,-1
161,21,497.98,135.63,22.61,15.82,1.0,-1,-1,-1
161,22,165.68,223.9,43.92,18.9,1.0,-1,-1,-1
161,23,466.32,136.58,10.24,16.24,1.0,-1,-1,-1
161,24,519.86,331.7,65.69,28.3,1.0,-1,-1,-1
161,29,272.31,130.11,11.16,19.3,1.0,-1,-1,-1
161,37,280.72,146.55,19.54,17.59,1.0,-1,-1,-1
161,38,384.65,121.57,13.62,11.26,1.0,-1,-1,-1
162,1,406.37,181.7,34.24,29.02,1.0,-1,-1,-1
162,2,471.61,154.8,25.36,22.1,1.0,-1,-1,-1
162,3,419.37,133.88,21.18,17.02,1.0,-1,-1,-1
162,4,439.52,117.8,23.55,21.89,1.0,-1,-1,-1
162,5,29.2,236.7,485.9,123.3,1.0,-1,-1,-1
162,15,499.15,242.35,13.69,35.96,1.0,-1,-1,-1
162,16,467.27,210.67,13.57,30.31,1.0,-1,-1,-1
162,17,512.59,176.14,12.7,27.8,1.0,-1,-1,-1
162,19,150.52,192.78,31.8,30.22,1.0,-1,-1,-1
162,20,511.25,251.01,14.7,46.59,1.0,-1,-1,-1
162,21,498.96,135.97,22.8,15.87,1.0,-1,-1,-1
162,22,165.68,223.9,41.88,18.9,1.0,-1,-1,-1
162,23,466.81,137.4,10.12,16.04,1.0,-1,-1,-1
162,24,515.7,329.2,61.5,30.8,1.0,-1,-1,-1
162,29,272.68,129.92,11.16,19.3,1.0,-1,-1,-1
162,37,281.9,147.11,19.45,17.46,1.0,-1,-1,-1
162,38,384.22,121.9,13.55,11.43,1.0,-1,-1,-1
163,1,405.95,181.7,35.02,29.7,1.0,-1,-1,-1
163,2,472.46,156.5,24.88,20.72,1.0,-1,-1,-1
163,3,419.3,134.31,21.36,17.3,1.0,-1,-1,-1
163,4,439.68,118.01,23.68,21.97,1.0,-1,-1,-1
163,5,24.2,236.7,484.8,123.3,1.0,-1,-1,-1
163,15,499.71,242.81,13.69,35.96,1.0,-1,-1,-1
163,16,467.74,211.14,13.57,30.31,1.0,-1,-1,-1
163,17,512.78,176.33,12.7,27.8,1.0,-1,-1,-1
163,19,150.68,191.83,31.8,30.22,1.0,-1,-1,-1
163,20,512.92,253.79,14.7,46.59,1.0,-1,-1,-1
163,21,500.3,136.76,22.43,15.45,1.0,-1,-1,-1
163,22,165.68,223.9,39.85,18.9,1.0,-1,-1,-1
163,23,466.62,138.44,10,16.52,1.0,-1,-1,-1
163,24,509,329.2,62.1,30.8,1.0,-1,-1,-1
163,29,272.68,129.09,11.16,19.3,1.0,-1,-1,-1
163,37,281.75,146.93,19.04,17.36,1.0,-1,-1,-1
163,38,384.79,122.87,13.33,11.19,1.0,-1,-1,-1
164,1,406.61,182.87,34.39,29.05,1.0,-1,-1,-1
164,2,472.66,157.8,25.18,19.48,1.0,-1,-1,-1
164,3,419.22,134.64,21.37,17.43,1.0,-1,-1,-1
164,4,440.1,118.94,23.21,21.43,1.0,-1,-1,-1
164,5,24.2,236.2,480.9,123.8,1.0,-1,-1,-1
164,15,500.26,243.27,13.69,35.96,1.0,-1,-1,-1
164,16,468.2,211.6,13.57,30.31,1.0,-1,-1,-1
164,17,512.96,176.51,12.7,27.8,1.0,-1,-1,-1
164,19,150.83,190.87,31.8,30.22,1.0,-1,-1,-1
164,20,513.34,254.06,14.7,46.59,1.0,-1,-1,-1
164,21,501.54,137.61,22.64,15.46,1.0,-1,-1,-1
164,22,165.68,223.9,37.82,18.9,1.0,-1,-1,-1
164,23,466.73,138.26,10,16.47,1.0,-1,-1,-1
164,24,505.1,329.2,56.6,30.8,1.0,-1,-1,-1
164,29,272.68,128.25,11.16,19.3,1.0,-1,-1,-1
164,37,282.13,146.3,19.17,16.98,1.0,-1,-1,-1
164,38,384,123,13.77,11.24,1.0,-1,-1,-1
165,1,407.26,183.57,34.08,28.71,1.0,-1,-1,-1
165,2,472.66,155,25.18,22.28,1.0,-1,-1,-1
165,3,419.68,135.08,21.13,17.29,1.0,-1,-1,-1
165,4,440.13,119.11,23.56,21.68,1.0,-1,-1,-1
165,5,23.1,237.3,475.9,122.7,1.0,-1,-1,-1
165,15,500.82,243.74,13.69,35.96,1.0,-1,-1,-1
165,16,468.66,212.06,13.57,30.31,1.0,-1,-1,-1
165,17,513.15,176.7,12.7,27.8,1.0,-1,-1,-1
165,19,150.99,189.92,31.8,30.22,1.0,-1,-1,-1
165,20,513.75,254.34,14.7,46.59,1.0,-1,-1,-1
165,21,503.12,137.87,23.22,15.75,1.0,-1,-1,-1
165,22,165.34,223.28,37.82,18.9,1.0,-1,-1,-1
165,23,467.36,139.3,10,16.31,1.0,-1,-1,-1
165,24,500.1,328.7,52.2,31.3,1.0,-1,-1,-1
165,29,273.51,127.14,11.16,19.3,1.0,-1,-1,-1
165,37,282.13,146.14,19.02,16.87,1.0,-1,-1,-1
165,38,384.93,123.48,13.77,11.42,1.0,-1,-1,-1
166,1,407.54,183.92,34.15,28.68,1.0,-1,-1,-1
166,2,473.13,155.49,25.19,22.06,1.0,-1,-1,-1
166,3,419.83,134.98,21.3,17.48,1.0,-1,-1,-1
166,4,440.34,119.23,23.56,21.59,1.0,-1,-1,-1
166,5,20.9,236.2,472.5,123.8,1.0,-1,-1,-1
166,15,501.37,244.2,13.69,35.96,1.0,-1,-1,-1
166,16,469.12,212.53,13.57,30.31,1.0,-1,-1,-1
166,17,514.26,177.62,12.7,27.8,1.0,-1,-1,-1
166,19,151.15,188.97,31.8,30.22,1.0,-1,-1,-1
166,20,514.17,254.62,14.7,46.59,1.0,-1,-1,-1
166,21,504.5,138.06,23.41,15.78,1.0,-1,-1,-1
166,22,164.99,222.65,37.82,18.9,1.0,-1,-1,-1
166,23,468.41,138.92,10,16.43,1.0,-1,-1,-1
166,24,495.1,328.1,57.2,31.9,1.0,-1,-1,-1
166,29,274.34,126.03,11.16,19.3,1.0,-1,-1,-1
166,37,282.8,145.62,19.18,16.82,1.0,-1,-1,-1
166,38,384.41,123.23,13.73,11.3,1.0,-1,-1,-1
167,1,407.74,184.15,34.54,28.88,1.0,-1,-1,-1
167,2,473.59,155.98,25.2,21.84,1.0,-1,-1,-1
167,3,419.9,134.9,21.37,17.58,1.0,-1,-1,-1
167,4,440.34,119.26,23.74,21.67,1.0,-1,-1,-1
167,5,20.9,236.7,469.7,123.3,1.0,-1,-1,-1
167,15,502.48,245.31,13.69,35.96,1.0,-1,-1,-1
167,16,469.68,212.8,13.57,30.31,1.0,-1,-1,-1
167,17,515.37,178.55,12.7,27.8,1.0,-1,-1,-1
167,19,151.31,188.02,31.8,30.22,1.0,-1,-1,-1
167,20,514.58,254.9,14.7,46.59,1.0,-1,-1,-1
167,21,505.54,138.27,23.37,15.59,1.0,-1,-1,-1
167,22,164.64,222.03,37.82,18.9,1.0,-1,-1,-1
167,23,468.4,138.57,10,16.55,1.0,-1,-1,-1
167,24,492.3,328.1,48.3,31.9,1.0,-1,-1,-1
167,29,274.34,126.79,10.59,18.55,1.0,-1,-1,-1
167,37,282.74,144.2,18.8,17.11,1.0,-1,-1,-1
167,38,384.8,122.93,13.74,11.33,1.0,-1,-1,-1
168,1,408.02,184.55,34.82,28.92,1.0,-1,-1,-1
168,2,474.06,156.46,25.21,21.61,1.0,-1,-1,-1
168,3,420,134.79,21.41,17.67,1.0,-1,-1,-1
168,4,440.22,119.06,24.03,21.91,1.0,-1,-1,-1
168,5,20.3,235.1,465.3,124.9,1.0,-1,-1,-1
168,15,503.41,245.49,13.69,35.96,1.0,-1,-1,-1
168,16,470.23,213.08,13.57,30.31,1.0,-1,-1,-1
168,17,516.48,179.47,12.7,27.8,1.0,-1,-1,-1
168,19,150.94,187.09,31.8,30.22,1.0,-1,-1,-1
168,20,515.05,255.55,14.7,46.59,1.0,-1,-1,-1
168,21,507.01,138.33,23.46,15.51,1.0,-1,-1,-1
168,22,164.3,221.4,37.82,18.9,1.0,-1,-1,-1
168,23,468.25,138.84,10,16.48,1.0,-1,-1,-1
168,24,486.7,325.9,45,34.1,1.0,-1,-1,-1
168,29,274.34,127.54,10.02,17.79,1.0,-1,-1,-1
168,37,282.69,144.53,19.03,16.72,1.0,-1,-1,-1
168,38,384.23,122.55,13.71,11.32,1.0,-1,-1,-1
169,1,407.98,184.97,35.56,29.39,1.0,-1,-1,-1
169,2,474.53,156.95,25.22,21.39,1.0,-1,-1,-1
169,3,420.18,135.47,20.95,17.32,1.0,-1,-1,-1
169,4,439.74,118.63,24.84,22.65,1.0,-1,-1,-1
169,5,19.2,235,462.5,125,1.0,-1,-1,-1
169,15,504.34,245.68,13.69,35.96,1.0,-1,-1,-1
169,16,470.79,213.36,13.57,30.31,1.0,-1,-1,-1
169,17,516.76,180.03,12.7,27.8,1.0,-1,-1,-1
169,19,150.57,186.17,31.8,30.22,1.0,-1,-1,-1
169,20,515.51,256.19,14.7,46.59,1.0,-1,-1,-1
169,21,508.26,138.85,24.07,15.87,1.0,-1,-1,-1
169,22,163.95,220.78,37.82,18.9,1.0,-1,-1,-1
169,23,468.88,139.08,10,16.44,1.0,-1,-1,-1
169,24,482.3,323.1,42.7,36.9,1.0,-1,-1,-1
169,29,274.34,128.3,9.46,17.03,1.0,-1,-1,-1
169,37,283.01,144.46,18.71,16.83,1.0,-1,-1,-1
169,38,384.71,123.26,13.51,11.72,1.0,-1,-1,-1
170,1,405.72,183.5,36.35,33.25,1.0,-1,-1,-1
170,2,474.99,157.44,25.24,21.17,1.0,-1,-1,-1
170,3,420.29,136.01,20.77,17.19,1.0,-1,-1,-1
170,4,439.77,118.92,25.48,23.25,1.0,-1,-1,-1
170,5,17.5,233.9,459.2,126.1,1.0,-1,-1,-1
170,15,505.26,245.86,13.69,35.96,1.0,-1,-1,-1
170,16,471.34,213.64,13.57,30.31,1.0,-1,-1,-1
170,17,517.03,180.58,12.7,27.8,1.0,-1,-1,-1
170,19,150.2,185.24,31.8,30.22,1.0,-1,-1,-1
170,20,515.97,256.84,14.7,46.59,1.0,-1,-1,-1
170,21,509.49,139.68,24.33,15.94,1.0,-1,-1,-1
170,22,163.6,220.15,37.82,18.9,1.0,-1,-1,-1
170,23,468.66,139.64,10,16.19,1.0,-1,-1,-1
170,24,476.7,324.2,40.5,35.8,1.0,-1,-1,-1
170,29,274.9,128.1,9.4,16.68,1.0,-1,-1,-1
170,37,283.67,144.33,18.57,16.59,1.0,-1,-1,-1
170,38,385.1,123.9,13.7,11.65,1.0,-1,-1,-1
171,1,407.78,185.29,37.25,30.62,1.0,-1,-1,-1
171,2,475.46,157.93,25.25,20.95,1.0,-1,-1,-1
171,3,420.75,136.4,20.65,17.08,1.0,-1,-1,-1
171,4,439.65,118.4,26.63,24.4,1.0,-1,-1,-1
171,5,17.5,233.9,453.6,126.1,1.0,-1,-1,-1
171,15,506.19,246.23,13.69,35.96,1.0,-1,-1,-1
171,16,471.48,214.26,13.51,30.31,1.0,-1,-1,-1
171,17,517.87,181.69,12.7,27.8,1.0,-1,-1,-1
171,19,150.61,184.9,31.25,29.87,1.0,-1,-1,-1
171,20,516.44,257.49,14.7,46.59,1.0,-1,-1,-1
171,21,511.22,140.41,24.22,15.67,1.0,-1,-1,-1
171,22,163.26,219.53,37.82,18.9,1.0,-1,-1,-1
171,23,468.81,139.08,10,16.4,1.0,-1,-1,-1
171,24,471.1,324.2,46.1,35.8,1.0,-1,-1,-1
171,29,275.46,127.9,9.34,16.32,1.0,-1,-1,-1
171,37,284.01,143.44,18.44,16.31,1.0,-1,-1,-1
171,38,384.85,123.88,13.74,11.48,1.0,-1,-1,-1
172,1,407.78,185.42,38.21,31.39,1.0,-1,-1,-1
172,2,475.93,158.41,25.26,20.72,1.0,-1,-1,-1
172,3,421.17,136.77,20.39,16.86,1.0,-1,-1,-1
172,4,441.06,117.38,27.55,25.36,1.0,-1,-1,-1
172,5,16.4,233.9,450.3,126.1,1.0,-1,-1,-1
172,15,507.11,246.6,13.69,35.96,1.0,-1,-1,-1
172,16,471.62,214.89,13.44,30.31,1.0,-1,-1,-1
172,17,518.7,182.81,12.7,27.8,1.0,-1,-1,-1
172,19,151.02,184.55,30.7,29.51,1.0,-1,-1,-1
172,20,516.9,258.14,14.7,46.59,1.0,-1,-1,-1
172,21,511.98,140.54,24.8,15.96,1.0,-1,-1,-1
172,22,162.91,218.9,37.82,18.9,1.0,-1,-1,-1
172,23,469.25,139.86,10.43,17.24,1.0,-1,-1,-1
172,24,467.8,323.13,37.7,35.2,1.0,-1,-1,-1
172,29,276.01,128.8,8.99,14.87,1.0,-1,-1,-1
172,37,284.02,143.55,18.84,16.15,1.0,-1,-1,-1
172,38,384.62,123.76,13.81,11.56,1.0,-1,-1,-1
173,1,407.72,185.3,39.67,32.65,1.0,-1,-1,-1
173,2,476.39,158.9,25.27,20.5,1.0,-1,-1,-1
173,3,421.42,136.88,20.34,16.83,1.0,-1,-1,-1
173,4,441.61,116.83,25.89,25.36,1.0,-1,-1,-1
173,5,16.4,233.9,445.9,126.1,1.0,-1,-1,-1
173,15,508.04,246.97,13.69,35.96,1.0,-1,-1,-1
173,16,471.76,215.51,13.38,30.31,1.0,-1,-1,-1
173,17,519.46,182.94,12.7,27.8,1.0,-1,-1,-1
173,19,151.44,184.21,30.15,29.16,1.0,-1,-1,-1
173,20,517.36,258.78,14.7,46.59,1.0,-1,-1,-1
173,21,513.74,141.28,24.98,15.76,1.0,-1,-1,-1
173,22,163.19,218.07,37.82,18.9,1.0,-1,-1,-1
173,23,469.69,139.67,10.5,17.28,1.0,-1,-1,-1
173,24,463.9,321.5,34.4,36.83,1.0,-1,-1,-1
173,29,276.2,128.6,7.8,14.33,1.0,-1,-1,-1
173,37,284.71,142.83,18.6,16.15,1.0,-1,-1,-1
173,38,384.48,123.59,13.86,11.57,1.0,-1,-1,-1
174,1,407.01,184.86,40.76,33.72,1.0,-1,-1,-1
174,2,476.95,158.3,25.27,21.15,1.0,-1,-1,-1
174,3,421.79,137.06,20.14,16.63,1.0,-1,-1,-1
174,4,441.11,114.72,26.19,26.88,1.0,-1,-1,-1
174,5,16.4,232.2,442.6,127.8,1.0,-1,-1,-1
174,15,509.15,247.34,13.69,35.96,1.0,-1,-1,-1
174,16,471.9,216.13,13.31,30.31,1.0,-1,-1,-1
174,17,520.23,183.08,12.7,27.8,1.0,-1,-1,-1
174,19,151.85,183.87,29.6,28.81,1.0,-1,-1,-1
174,20,517.52,258.94,14.7,46.59,1.0,-1,-1,-1
174,21,515.41,141.75,25.43,15.72,1.0,-1,-1,-1
174,22,163.46,217.24,37.82,18.9,1.0,-1,-1,-1
174,23,470.39,139.32,10.42,16.89,1.0,-1,-1,-1
174,24,460.57,322.06,34.4,36.83,1.0,-1,-1,-1
174,29,276.38,127.05,8.67,15.14,1.0,-1,-1,-1
174,37,284.65,142.46,18.24,16.33,1.0,-1,-1,-1
174,38,385.45,124.29,14.01,11.67,1.0,-1,-1,-1
175,1,407.23,185.17,41.05,34.05,1.0,-1,-1,-1
175,2,477.41,159.4,25.24,20.47,1.0,-1,-1,-1
175,3,421.84,137.09,20.17,16.65,1.0,-1,-1,-1
175,4,441.1,119.05,26.3,24.08,1.0,-1,-1,-1
175,5,14.18,232.2,439.22,127.8,1.0,-1,-1,-1
175,15,510.26,247.71,13.69,35.96,1.0,-1,-1,-1
175,16,472.04,216.76,13.25,30.31,1.0,-1,-1,-1
175,17,520.99,183.22,12.7,27.8,1.0,-1,-1,-1
175,19,152.26,183.53,29.05,28.46,1.0,-1,-1,-1
175,20,517.68,259.1,14.7,46.59,1.0,-1,-1,-1
175,21,516.41,141.95,26.01,15.88,1.0,-1,-1,-1
175,22,163.46,217.24,37.82,19.17,1.0,-1,-1,-1
175,23,469.71,139.29,10.26,16.9,1.0,-1,-1,-1
175,24,454.46,320.4,33.34,36.82,1.0,-1,-1,-1
175,29,276.57,125.5,9.53,15.95,1.0,-1,-1,-1
175,37,285.34,141.74,18.46,16.06,1.0,-1,-1,-1
175,38,384.95,123.4,13.92,11.86,1.0,-1,-1,-1
176,1,406.81,185.22,42.1,35.09,1.0,-1,-1,-1
176,2,477.63,160.11,25.21,20.19,1.0,-1,-1,-1
176,3,421.93,137.32,20.65,17.03,1.0,-1,-1,-1
176,4,441.47,119.27,26.18,23.93,1.0,-1,-1,-1
176,5,12.5,232.2,435.3,127.8,1.0,-1,-1,-1
176,15,511.37,248.08,13.69,35.96,1.0,-1,-1,-1
176,16,472.18,217.38,13.18,30.31,1.0,-1,-1,-1
176,17,521.75,183.36,12.7,27.8,1.0,-1,-1,-1
176,19,152.67,183.18,28.5,28.11,1.0,-1,-1,-1
176,20,517.84,259.26,14.7,46.59,1.0,-1,-1,-1
176,21,517.61,142.39,25.85,15.55,1.0,-1,-1,-1
176,22,163.46,217.24,37.82,19.43,1.0,-1,-1,-1
176,23,470.04,139.76,10.36,16.78,1.0,-1,-1,-1
176,24,448.91,321.51,33.34,36.82,1.0,-1,-1,-1
176,29,276.29,124.93,9.8,17.62,1.0,-1,-1,-1
176,37,285.49,141.65,18.27,15.95,1.0,-1,-1,-1
176,38,386.02,123.7,13.32,12.09,1.0,-1,-1,-1
177,1,406.92,186.01,42.25,35.34,1.0,-1,-1,-1
177,2,477.85,160.81,25.18,19.9,1.0,-1,-1,-1
177,3,422.28,138.04,20.48,16.89,1.0,-1,-1,-1
177,4,441.92,119.37,26.39,24.08,1.0,-1,-1,-1
177,5,12.5,230,432,130,1.0,-1,-1,-1
177,15,512.08,248.37,13.69,35.96,1.0,-1,-1,-1
177,16,472.32,218.01,13.12,30.31,1.0,-1,-1,-1
177,17,522.52,183.5,12.7,27.8,1.0,-1,-1,-1
177,19,153.09,182.84,27.95,27.75,1.0,-1,-1,-1
177,20,518,259.42,14.7,46.59,1.0,-1,-1,-1
177,21,518.51,142.7,26.46,15.85,1.0,-1,-1,-1
177,22,163.46,217.24,37.82,19.7,1.0,-1,-1,-1
177,23,471.13,140.56,10.09,16.68,1.0,-1,-1,-1
177,29,276.01,124.37,10.06,19.3,1.0,-1,-1,-1
177,37,285.57,140.72,18.2,15.86,1.0,-1,-1,-1
177,38,385.34,124.13,13.85,11.96,1.0,-1,-1,-1
178,1,407.19,186.95,42.15,35.4,1.0,-1,-1,-1
178,2,478.08,161.52,25.15,19.62,1.0,-1,-1,-1
178,3,422.41,138.58,20.37,16.79,1.0,-1,-1,-1
178,4,442.31,119.5,26.49,24.2,1.0,-1,-1,-1
178,5,10.3,230,431.4,130,1.0,-1,-1,-1
178,15,512.78,248.65,13.69,35.96,1.0,-1,-1,-1
178,16,472.46,218.63,13.05,30.31,1.0,-1,-1,-1
178,17,523.28,183.64,12.7,27.8,1.0,-1,-1,-1
178,19,153.5,182.5,27.4,27.4,1.0,-1,-1,-1
178,20,518.16,259.58,14.7,46.59,1.0,-1,-1,-1
178,21,519.2,143.19,27.02,16.29,1.0,-1,-1,-1
178,22,163.46,217.24,37.82,19.96,1.0,-1,-1,-1
178,23,470.89,140.96,10,16.51,1.0,-1,-1,-1
178,29,276.01,127.1,10.09,16.57,1.0,-1,-1,-1
178,37,285.89,140.48,18.31,15.92,1.0,-1,-1,-1
178,38,385.36,124.15,13.86,11.88,1.0,-1,-1,-1
179,1,408.07,188.65,40.94,34.42,1.0,-1,-1,-1
179,2,478.3,162.23,25.12,19.33,1.0,-1,-1,-1
179,3,422.42,138.83,20.31,16.73,1.0,-1,-1,-1
179,4,442.85,119.89,26.18,23.91,1.0,-1,-1,-1
179,5,8.6,230,428.1,130,1.0,-1,-1,-1
179,15,513.49,248.93,13.69,35.96,1.0,-1,-1,-1
179,16,474.12,221.41,13.05,30.31,1.0,-1,-1,-1
179,17,524.05,183.78,12.7,27.8,1.0,-1,-1,-1
179,19,153.82,181.97,27.4,27.4,1.0,-1,-1,-1
179,20,518.31,259.74,14.7,46.59,1.0,-1,-1,-1
179,21,520.4,143.73,26.5,16.11,1.0,-1,-1,-1
179,22,160.7,211.68,38.36,23.82,1.0,-1,-1,-1
179,23,471.05,141.01,10,15.96,1.0,-1,-1,-1
179,29,276.29,126.68,10.09,16.57,1.0,-1,-1,-1
179,37,286.7,141.13,17.86,16.04,1.0,-1,-1,-1
179,38,385.29,124.17,13.96,11.8,1.0,-1,-1,-1
180,1,408.32,188.86,40.18,34.32,1.0,-1,-1,-1
180,2,478.52,162.93,25.09,19.05,1.0,-1,-1,-1
180,3,423.14,138.97,20.52,16.81,1.0,-1,-1,-1
180,4,443.47,120.06,26.06,23.88,1.0,-1,-1,-1
180,5,8.6,229.4,423.7,130.6,1.0,-1,-1,-1
180,15,514.19,249.21,13.69,35.96,1.0,-1,-1,-1
180,16,474.12,221.97,13.05,30.31,1.0,-1,-1,-1
180,17,524.81,183.92,12.7,27.8,1.0,-1,-1,-1
180,19,154.14,181.44,27.4,27.4,1.0,-1,-1,-1
180,20,518.47,259.9,14.7,46.59,1.0,-1,-1,-1
180,21,521.64,144.11,25.69,15.82,1.0,-1,-1,-1
180,22,160.56,211.68,38.36,23.82,1.0,-1,-1,-1
180,23,471.19,141.53,10.26,16.52,1.0,-1,-1,-1
180,29,276.57,126.25,10.09,16.57,1.0,-1,-1,-1
180,37,287.33,139.94,17.28,15.53,1.0,-1,-1,-1
180,38,385,124.38,14.15,11.61,1.0,-1,-1,-1
181,1,406.26,188.8,40.93,34.48,1.0,-1,-1,-1
181,2,478.74,163.64,25.06,18.76,1.0,-1,-1,-1
181,3,423.28,138.97,20.74,16.9,1.0,-1,-1,-1
181,4,444.49,121.27,26.2,24.08,1.0,-1,-1,-1
181,5,8.6,229.4,417.3,130.6,1.0,-1,-1,-1
181,15,514.9,249.5,13.69,35.96,1.0,-1,-1,-1
181,16,474.12,222.54,13.05,30.31,1.0,-1,-1,-1
181,17,525.23,184.34,12.7,27.8,1.0,-1,-1,-1
181,19,154.45,180.91,27.4,27.4,1.0,-1,-1,-1
181,20,518.63,260.05,14.7,46.59,1.0,-1,-1,-1
181,21,523.84,143.77,24.4,15.32,1.0,-1,-1,-1
181,22,160.42,211.68,38.36,23.82,1.0,-1,-1,-1
181,23,471.47,141.47,10.31,16.22,1.0,-1,-1,-1
181,29,276.86,125.83,10.09,16.57,1.0,-1,-1,-1
181,37,287.6,139.96,17.34,15.5,1.0,-1,-1,-1
181,38,384.73,124.53,14.23,11.69,1.0,-1,-1,-1
182,1,408.06,191.9,39.24,32.03,1.0,-1,-1,-1
182,2,478.96,162.4,25.03,20.42,1.0,-1,-1,-1
182,3,422.2,139.45,20.91,16.96,1.0,-1,-1,-1
182,4,443.71,119.57,26.75,24.63,1.0,-1,-1,-1
182,5,8.2,228.6,414.3,131.4,1.0,-1,-1,-1
182,15,515.61,249.78,13.69,35.96,1.0,-1,-1,-1
182,16,474.12,223.1,13.05,30.31,1.0,-1,-1,-1
182,17,525.66,184.76,12.7,27.8,1.0,-1,-1,-1
182,19,154.77,180.38,27.4,27.4,1.0,-1,-1,-1
182,20,519.06,261.75,14.7,46.59,1.0,-1,-1,-1
182,22,160.28,211.68,38.36,23.82,1.0,-1,-1,-1
182,23,471.47,140.58,10.41,16.07,1.0,-1,-1,-1
182,29,277.28,126.02,10.29,15.48,1.0,-1,-1,-1
182,37,287.17,139.45,17.22,15.51,1.0,-1,-1,-1
182,38,385.38,124.77,14.25,11.66,1.0,-1,-1,-1
183,1,408.59,189.99,41.22,34.75,1.0,-1,-1,-1
183,2,479.55,162.79,25,19.99,1.0,-1,-1,-1
183,3,423.59,139.18,20.99,16.95,1.0,-1,-1,-1
183,4,443.74,119.82,26.55,24.49,1.0,-1,-1,-1
183,5,8.2,228.6,410.1,131.4,1.0,-1,-1,-1
183,15,515.47,251.63,16.88,32.56,1.0,-1,-1,-1
183,16,474.17,223.75,13.79,29.28,1.0,-1,-1,-1
183,17,526.08,185.19,12.7,27.8,1.0,-1,-1,-1
183,19,154.13,180.25,27.79,25.82,1.0,-1,-1,-1
183,20,519.9,263.44,14.7,46.59,1.0,-1,-1,-1
183,22,161.97,208.74,35.2,26.75,1.0,-1,-1,-1
183,23,472.2,141.29,10.74,16.69,1.0,-1,-1,-1
183,29,276.88,126.45,10.75,15.43,1.0,-1,-1,-1
183,37,288.04,138.95,17.35,15.25,1.0,-1,-1,-1
183,38,385.78,125.32,14.05,11.78,1.0,-1,-1,-1
184,1,409.44,190.12,40.85,34.55,1.0,-1,-1,-1
184,2,480.15,163.18,24.97,19.55,1.0,-1,-1,-1
184,3,423.7,139.46,21.2,17.08,1.0,-1,-1,-1
184,4,443.63,119.77,26.76,24.75,1.0,-1,-1,-1
184,5,6.64,229.97,409.59,127.39,1.0,-1,-1,-1
184,15,515.85,252.15,16.83,32.7,1.0,-1,-1,-1
184,16,474.37,224.21,13.98,29.02,1.0,-1,-1,-1
184,17,527.37,187.86,13.79,25.3,1.0,-1,-1,-1
184,19,153.81,179.95,27.79,25.73,1.0,-1,-1,-1
184,20,516.69,267.02,20.24,40.47,1.0,-1,-1,-1
184,22,161.58,208.16,34.74,26.79,1.0,-1,-1,-1
184,23,472.23,141.46,10.73,16.36,1.0,-1,-1,-1
184,29,277.35,126.39,10.88,15.32,1.0,-1,-1,-1
184,37,288.21,138.95,17.2,15.25,1.0,-1,-1,-1
184,38,386,125.03,14.13,11.68,1.0,-1,-1,-1
185,1,409.77,191.26,39.96,33.89,1.0,-1,-1,-1
185,2,480.74,163.57,24.93,19.12,1.0,-1,-1,-1
185,3,423.72,139.72,21.31,17.12,1.0,-1,-1,-1
185,4,444.39,120.49,26.17,24.12,1.0,-1,-1,-1
185,5,7.03,229.72,405.79,126.62,1.0,-1,-1,-1
185,15,516.79,253.3,16.87,32.06,1.0,-1,-1,-1
185,16,475.03,224.93,14.17,29.38,1.0,-1,-1,-1
185,17,527.14,188.16,14.13,25.72,1.0,-1,-1,-1
185,19,154.59,180.26,27.49,25.61,1.0,-1,-1,-1
185,20,517.28,267.05,20.89,41.57,1.0,-1,-1,-1
185,22,160.83,207.43,34.99,27.16,1.0,-1,-1,-1
185,23,472.69,141.72,10.47,17.33,1.0,-1,-1,-1
185,29,277.06,126.21,10.71,15.35,1.0,-1,-1,-1
185,37,288.06,138.24,17.07,15.25,1.0,-1,-1,-1
185,38,385.36,125.82,14.16,11.86,1.0,-1,-1,-1
186,1,410.59,192.36,39.27,33.33,1.0,-1,-1,-1
186,2,481.33,163.96,24.9,18.68,1.0,-1,-1,-1
186,3,423.71,140.01,21.29,17.05,1.0,-1,-1,-1
186,4,445.39,121.82,25.37,23.23,1.0,-1,-1,-1
186,5,6.87,229.42,404.65,129.78,1.0,-1,-1,-1
186,15,516.73,253.49,17.43,31.14,1.0,-1,-1,-1
186,16,475.49,224.8,14.35,29.63,1.0,-1,-1,-1
186,17,527.64,187.73,14.14,25.95,1.0,-1,-1,-1
186,19,154.8,179.44,27.52,25.37,1.0,-1,-1,-1
186,20,516.93,267.41,21.06,40.87,1.0,-1,-1,-1
186,22,161.4,207.25,34.7,26.88,1.0,-1,-1,-1
186,23,473.96,142.47,10.47,16.85,1.0,-1,-1,-1
186,29,277.62,126.12,11.16,15.24,1.0,-1,-1,-1
186,37,288.07,138.2,17.06,15.09,1.0,-1,-1,-1
186,38,386.15,125.36,14.33,12.05,1.0,-1,-1,-1
187,1,411.1,192.84,39.33,33.34,1.0,-1,-1,-1
187,2,481.92,164.35,24.87,18.25,1.0,-1,-1,-1
187,3,423.61,140.13,21.37,17.05,1.0,-1,-1,-1
187,4,445.72,122.54,25.07,22.83,1.0,-1,-1,-1
187,5,6.81,228.43,394.79,129.43,1.0,-1,-1,-1
187,15,517.77,253.65,18.08,31.22,1.0,-1,-1,-1
187,16,475.75,225.7,14.56,29.47,1.0,-1,-1,-1
187,17,528.64,188.97,14.25,26.12,1.0,-1,-1,-1
187,19,154.57,178.26,27.47,25.43,1.0,-1,-1,-1
187,20,516.61,268.08,21.92,41.3,1.0,-1,-1,-1
187,22,160.8,206.53,34.94,27.17,1.0,-1,-1,-1
187,23,473.63,142.52,10.5,16.73,1.0,-1,-1,-1
187,29,277.4,125.71,11.12,15.24,1.0,-1,-1,-1
187,37,288.01,137.68,17.12,15.06,1.0,-1,-1,-1
187,38,385.96,126.26,14.42,11.92,1.0,-1,-1,-1
188,1,411.41,193.14,39.38,33.36,1.0,-1,-1,-1
188,2,482.52,164.74,24.84,17.81,1.0,-1,-1,-1
188,3,423.62,140.32,21.33,16.94,1.0,-1,-1,-1
188,4,445.95,122.67,25.37,23.01,1.0,-1,-1,-1
188,5,7.6,227.86,394.49,130.94,1.0,-1,-1,-1
188,15,517.36,253.84,18.38,31.63,1.0,-1,-1,-1
188,16,475.48,226.27,14.44,29.27,1.0,-1,-1,-1
188,17,529.13,189.11,14.07,26.35,1.0,-1,-1,-1
188,19,154.33,178.59,27.02,25.34,1.0,-1,-1,-1
188,20,515.95,267.53,22.48,40.86,1.0,-1,-1,-1
188,22,160.85,205.72,34.1,26.71,1.0,-1,-1,-1
188,23,473.82,142.52,10.41,16.99,1.0,-1,-1,-1
188,29,277.06,126.09,11.34,15.14,1.0,-1,-1,-1
188,37,288.12,137.52,17.16,15.07,1.0,-1,-1,-1
188,38,385.7,126.05,14.44,11.89,1.0,-1,-1,-1
188,39,406.59,120.12,13.73,10.68,1.0,-1,-1,-1
189,1,411.77,193.32,39.71,33.64,1.0,-1,-1,-1
189,2,483.11,165.13,24.81,17.38,1.0,-1,-1,-1
189,3,423.88,140.61,21.46,16.91,1.0,-1,-1,-1
189,4,446.09,122.83,25.81,23.32,1.0,-1,-1,-1
189,5,7.95,226.47,388.33,133.53,1.0,-1,-1,-1
189,6,206.22,216.01,33.55,25.8,1.0,-1,-1,-1
189,15,519.18,254.29,18.12,30.71,1.0,-1,-1,-1
189,16,476.62,227.03,14.4,29.27,1.0,-1,-1,-1
189,17,530.8,190.36,13.78,26.24,1.0,-1,-1,-1
189,19,154.84,178.02,26.44,24.82,1.0,-1,-1,-1
189,20,516.83,268.11,22.93,42.02,1.0,-1,-1,-1
189,22,160.66,204.57,34.45,27.01,1.0,-1,-1,-1
189,23,474.57,142.81,10.54,16.57,1.0,-1,-1,-1
189,29,277.35,125.38,11.49,14.9,1.0,-1,-1,-1
189,37,289.04,137.15,16.86,14.9,1.0,-1,-1,-1
189,38,385.78,125.88,14.33,12.13,1.0,-1,-1,-1
189,39,406.33,120.27,15.25,11.08,1.0,-1,-1,-1
190,1,411.77,193.74,40.04,33.88,1.0,-1,-1,-1
190,2,483.7,163.9,24.78,19.57,1.0,-1,-1,-1
190,3,423.78,140.43,22.32,17.52,1.0,-1,-1,-1
190,4,446.46,123.75,25.47,22.86,1.0,-1,-1,-1
190,5,6.71,226.32,385.68,133.28,1.0,-1,-1,-1
190,6,205.77,215.16,34.51,26.56,1.0,-1,-1,-1
190,15,518.58,254.43,19.02,31.27,1.0,-1,-1,-1
190,16,477.03,227.52,14.37,29.49,1.0,-1,-1,-1
190,17,531.57,190.56,13.51,26.49,1.0,-1,-1,-1
190,19,155.4,177.57,26.12,25.05,1.0,-1,-1,-1
190,20,515.78,267.65,24.24,42.15,1.0,-1,-1,-1
190,22,160.24,204.43,34.27,26.77,1.0,-1,-1,-1
190,23,474.73,143.57,10.27,16.77,1.0,-1,-1,-1
190,29,278.69,125.26,10.55,15.06,1.0,-1,-1,-1
190,37,289.42,136.97,16.86,14.91,1.0,-1,-1,-1
190,38,385.83,125.89,14.42,12.16,1.0,-1,-1,-1
190,39,405.95,119.73,15.18,11.36,1.0,-1,-1,-1
191,1,411.96,194.88,39.75,33.48,1.0,-1,-1,-1
191,2,484.3,164.03,24.75,20.41,1.0,-1,-1,-1
191,3,423.78,140.61,22.83,17.92,1.0,-1,-1,-1
191,4,446.36,123.8,25.92,23.18,1.0,-1,-1,-1
191,5,4.7,225.17,383.63,134.83,1.0,-1,-1,-1
191,6,205.49,213.28,35.61,27.46,1.0,-1,-1,-1
191,15,521.89,254.76,17.53,31.09,1.0,-1,-1,-1
191,16,476.8,227.84,14.63,29.71,1.0,-1,-1,-1
191,17,531.84,192.4,13.28,25.42,1.0,-1,-1,-1
191,19,155.99,176.96,26.1,25.12,1.0,-1,-1,-1
191,20,515.99,268.33,24.29,42.72,1.0,-1,-1,-1
191,22,160.26,204,34.56,25.78,1.0,-1,-1,-1
191,23,475.55,144.3,10.46,16.3,1.0,-1,-1,-1
191,29,278.61,125.85,11.28,14.94,1.0,-1,-1,-1
191,37,290.17,136.54,16.93,15.06,1.0,-1,-1,-1
191,38,385.57,126.55,14.41,12.35,1.0,-1,-1,-1
191,39,406.47,119.77,14.71,11.91,1.0,-1,-1,-1
192,1,412.25,195.92,39.58,33.14,1.0,-1,-1,-1
192,2,484.89,164.15,24.72,21.25,1.0,-1,-1,-1
192,3,423.65,140.69,23.39,18.35,1.0,-1,-1,-1
192,4,446.86,124.31,25.51,22.75,1.0,-1,-1,-1
192,5,4.83,225.29,377.54,134.71,1.0,-1,-1,-1
192,6,205.46,211.94,36.69,28.35,1.0,-1,-1,-1
192,15,522.54,255.13,17.49,31.28,1.0,-1,-1,-1
192,16,477.5,228.28,14.63,29.77,1.0,-1,-1,-1
192,17,532.84,192.04,13.3,26.82,1.0,-1,-1,-1
192,19,155.59,176.07,26.4,24.67,1.0,-1,-1,-1
192,20,517.32,270.18,23.77,42.4,1.0,-1,-1,-1
192,22,159.76,203.42,33.49,25.87,1.0,-1,-1,-1
192,23,475.61,144.17,10.23,16.25,1.0,-1,-1,-1
192,29,280.04,125.89,10,14.52,1.0,-1,-1,-1
192,37,290.1,136.03,16.48,14.87,1.0,-1,-1,-1
192,38,386.15,126.74,14.57,12.23,1.0,-1,-1,-1
192,39,406.88,120.37,14.54,11.69,1.0,-1,-1,-1
193,1,412.3,196.6,40.07,33.41,1.0,-1,-1,-1
193,2,485.48,164.28,24.69,22.09,1.0,-1,-1,-1
193,3,423.45,140.63,23.75,18.67,1.0,-1,-1,-1
193,4,446.8,124.31,25.87,23.01,1.0,-1,-1,-1
193,5,4.21,224.41,373.06,135.59,1.0,-1,-1,-1
193,6,205.03,210.86,37.77,29.29,1.0,-1,-1,-1
193,15,522.93,256.16,17.2,30.94,1.0,-1,-1,-1
193,16,477.35,229.13,14.62,29.93,1.0,-1,-1,-1
193,17,533.1,193.1,13.48,26.82,1.0,-1,-1,-1
193,19,155.25,176.42,26.55,24.94,1.0,-1,-1,-1
193,20,518.16,270.46,23.2,42.41,1.0,-1,-1,-1
193,22,159.32,203.24,33.33,25.64,1.0,-1,-1,-1
193,23,475.11,144.94,10.26,15.55,1.0,-1,-1,-1
193,29,279.47,125.88,10.08,14.2,1.0,-1,-1,-1
193,37,290.62,136.59,16.32,14.51,1.0,-1,-1,-1
193,38,385.98,126.96,14.56,12.39,1.0,-1,-1,-1
193,39,406.9,120.46,14.25,11.93,1.0,-1,-1,-1
194,1,412.45,196.99,40.53,33.75,1.0,-1,-1,-1
194,2,486.08,164.4,24.66,22.93,1.0,-1,-1,-1
194,3,423.39,140.82,23.63,18.56,1.0,-1,-1,-1
194,4,446.8,124.17,26.31,23.38,1.0,-1,-1,-1
194,5,2.96,223.74,369.78,136.26,1.0,-1,-1,-1
194,6,204.21,209.81,39.38,30.72,1.0,-1,-1,-1
194,15,523.27,255.91,17.16,30.71,1.0,-1,-1,-1
194,16,477.38,229.55,14.86,29.98,1.0,-1,-1,-1
194,17,533.46,192.86,13.78,26.85,1.0,-1,-1,-1
194,19,155.16,175.41,26.47,24.37,1.0,-1,-1,-1
194,20,518.63,269.58,22.81,43.83,1.0,-1,-1,-1
194,22,159.79,201.41,33.54,26.03,1.0,-1,-1,-1
194,23,475.56,144.91,10.24,15.67,1.0,-1,-1,-1
194,29,278.61,125.61,10.51,13.87,1.0,-1,-1,-1
194,37,290.74,136.02,16.36,14.71,1.0,-1,-1,-1
194,38,385.86,126.3,14.56,12.32,1.0,-1,-1,-1
194,39,406.8,120.71,14.27,11.91,1.0,-1,-1,-1
195,1,413.04,197.49,40.65,33.78,1.0,-1,-1,-1
195,2,486.67,166.4,24.63,21.9,1.0,-1,-1,-1
195,3,423.48,141.01,23.61,18.54,1.0,-1,-1,-1
195,4,447.23,124.23,26.44,23.42,1.0,-1,-1,-1
195,5,2.25,223.03,368.13,136.97,1.0,-1,-1,-1
195,6,206.25,208.38,42.93,33.37,1.0,-1,-1,-1
195,15,525.18,256.2,17.4,30.74,1.0,-1,-1,-1
195,16,479.06,229.98,14.51,29.72,1.0,-1,-1,-1
195,17,534.44,193.72,13.54,27.31,1.0,-1,-1,-1
195,19,155.7,175.42,26.64,23.72,1.0,-1,-1,-1
195,20,519.04,270.78,23.82,43.23,1.0,-1,-1,-1
195,22,160.02,201.22,32.67,25.52,1.0,-1,-1,-1
195,23,476.71,144.95,10.07,16.74,1.0,-1,-1,-1
195,29,279.38,125.28,10.59,13.81,1.0,-1,-1,-1
195,37,290.77,135.49,16.41,14.72,1.0,-1,-1,-1
195,38,385.94,126.88,14.66,12.12,1.0,-1,-1,-1
195,39,406.79,119.93,14.85,11.96,1.0,-1,-1,-1
196,1,413.12,197.6,41.2,34.28,1.0,-1,-1,-1
196,2,486.9,164,24.67,24.36,1.0,-1,-1,-1
196,3,423.81,141.13,23.58,18.55,1.0,-1,-1,-1
196,4,447.66,124.61,26.36,23.24,1.0,-1,-1,-1
196,5,1.3,223.6,366.28,134.94,1.0,-1,-1,-1
196,6,205.53,207.55,43.26,33.72,1.0,-1,-1,-1
196,15,524.57,256.06,18.08,30.86,1.0,-1,-1,-1
196,16,479.25,230.21,14.63,29.98,1.0,-1,-1,-1
196,17,535.05,194.34,14.21,27.12,1.0,-1,-1,-1
196,19,156.64,174.89,25.95,23.8,1.0,-1,-1,-1
196,20,520.15,270.62,23.87,43.81,1.0,-1,-1,-1
196,22,160.08,200.87,32.79,24.86,1.0,-1,-1,-1
196,23,477.07,144.83,10.06,16.43,1.0,-1,-1,-1
196,29,280.34,125.84,10,13.59,1.0,-1,-1,-1
196,37,291.07,134.71,16.61,14.73,1.0,-1,-1,-1
196,38,386.24,127.49,14.63,12.32,1.0,-1,-1,-1
196,39,406.27,121.02,15.36,11.81,1.0,-1,-1,-1
197,1,413.37,197.73,41.6,34.67,1.0,-1,-1,-1
197,2,485.82,166.1,26.98,22.72,1.0,-1,-1,-1
197,3,424.01,141.37,23.64,18.65,1.0,-1,-1,-1
197,4,448,124.96,26.56,23.33,1.0,-1,-1,-1
197,5,1.48,220.81,363.47,139.19,1.0,-1,-1,-1
197,6,206.29,207.09,43.74,34.01,1.0,-1,-1,-1
197,15,526.2,256.73,17.45,32.04,1.0,-1,-1,-1
197,16,479.03,231.06,14.68,29.93,1.0,-1,-1,-1
197,17,536.37,194.8,13.72,27.33,1.0,-1,-1,-1
197,19,156.85,174.55,25.84,23.78,1.0,-1,-1,-1
197,20,519.11,271.1,24.34,43.28,1.0,-1,-1,-1
197,22,159.63,200.06,32.34,25.03,1.0,-1,-1,-1
197,23,477.08,145.7,10.04,16.46,1.0,-1,-1,-1
197,29,280.65,125.3,10,14.05,1.0,-1,-1,-1
197,37,291.64,134.8,16.43,14.55,1.0,-1,-1,-1
197,38,386.39,127.23,14.64,12.42,1.0,-1,-1,-1
197,39,406.63,120.87,15.28,11.78,1.0,-1,-1,-1
198,1,413.5,197.92,41.81,34.85,1.0,-1,-1,-1
198,2,485.82,166.1,26.98,22.72,1.0,-1,-1,-1
198,3,423.96,141.66,23.77,18.79,1.0,-1,-1,-1
198,4,448.2,125.39,26.75,23.41,1.0,-1,-1,-1
198,5,2.43,219.43,355.63,138.47,1.0,-1,-1,-1
198,6,206.35,206.63,43.38,33.76,1.0,-1,-1,-1
198,15,526.44,256.87,17.59,30.88,1.0,-1,-1,-1
198,16,479.88,231.51,15.05,30.05,1.0,-1,-1,-1
198,17,536.74,195.67,13.95,27.35,1.0,-1,-1,-1
198,19,157.15,173.96,25.48,23.32,1.0,-1,-1,-1
198,20,519.28,271.25,25.96,43.85,1.0,-1,-1,-1
198,22,159.51,199.38,32.01,25.08,1.0,-1,-1,-1
198,23,477.38,145.73,10.1,16.57,1.0,-1,-1,-1
198,29,280.59,125.55,10,13.75,1.0,-1,-1,-1
198,37,291.87,134.19,16.26,14.38,1.0,-1,-1,-1
198,38,386.1,127.87,14.85,12.54,1.0,-1,-1,-1
198,39,406.94,120.84,15.26,11.81,1.0,-1,-1,-1
199,1,413.42,198.09,42.4,35.47,1.0,-1,-1,-1
199,2,486.08,165.9,27.26,23.31,1.0,-1,-1,-1
199,3,424.2,141.99,23.61,18.67,1.0,-1,-1,-1
199,4,448.08,125.67,27.09,23.69,1.0,-1,-1,-1
199,5,2.57,219.21,352.53,140.29,1.0,-1,-1,-1
199,6,207.36,205.32,43.71,34.01,1.0,-1,-1,-1
199,15,528.91,258.02,16.67,33.51,1.0,-1,-1,-1
199,16,479.91,231.81,14.8,30.68,1.0,-1,-1,-1
199,17,537.51,196.85,14.17,27.29,1.0,-1,-1,-1
199,19,157.19,173.64,25.56,23.57,1.0,-1,-1,-1
199,20,519.14,271.11,25.46,43.89,1.0,-1,-1,-1
199,22,159.19,199.13,31.49,24.8,1.0,-1,-1,-1
199,23,477.23,145.58,10.31,16.76,1.0,-1,-1,-1
199,29,280.86,124.72,10.13,14.24,1.0,-1,-1,-1
199,37,291.2,134.3,16.34,14.31,1.0,-1,-1,-1
199,38,385.91,127.99,14.68,12.39,1.0,-1,-1,-1
199,39,406.96,121,14.74,12.21,1.0,-1,-1,-1
200,1,413.15,198.4,42.73,35.83,1.0,-1,-1,-1
200,2,486.35,165.5,27.53,24.09,1.0,-1,-1,-1
200,3,424.29,142.14,23.64,18.72,1.0,-1,-1,-1
200,4,448.01,125.77,27.45,24.01,1.0,-1,-1,-1
200,5,2.21,218.71,348.07,141.29,1.0,-1,-1,-1
200,6,205.64,204.07,43.98,34.61,1.0,-1,-1,-1
200,15,530.31,258,15.73,34.08,1.0,-1,-1,-1
200,16,480.58,232.38,14.79,30.64,1.0,-1,-1,-1
200,17,538.15,197.6,14.12,27.66,1.0,-1,-1,-1
200,19,156.95,173.69,25.56,23.09,1.0,-1,-1,-1
200,20,519.79,270.15,24.45,45.43,1.0,-1,-1,-1
200,22,159.21,197.75,31.44,24.85,1.0,-1,-1,-1
200,23,478.23,146.64,10.28,16.91,1.0,-1,-1,-1
200,29,281.33,124.09,10,14.66,1.0,-1,-1,-1
200,37,291.78,133.9,16.3,14.57,1.0,-1,-1,-1
200,38,386.59,128.04,14.67,12.42,1.0,-1,-1,-1
200,39,407.56,121.16,14.55,12.01,1.0,-1,-1,-1
201,1,413.45,198.81,42.75,35.92,1.0,-1,-1,-1
201,2,486.61,165.8,27.81,24.18,1.0,-1,-1,-1
201,3,424.63,142.17,23.83,18.94,1.0,-1,-1,-1
201,4,447.9,125.77,27.71,24.19,1.0,-1,-1,-1
201,5,3.29,216.48,342.9,143.52,1.0,-1,-1,-1
201,6,205.74,203.14,43.44,34.41,1.0,-1,-1,-1
201,15,530.76,257.62,15.57,34.36,1.0,-1,-1,-1
201,16,480.78,231.86,14.64,31.04,1.0,-1,-1,-1
201,17,539.23,197.19,14.27,27.86,1.0,-1,-1,-1
201,19,157.47,172.48,25.22,22.73,1.0,-1,-1,-1
201,20,520.23,269.49,23.21,46.87,1.0,-1,-1,-1
201,22,159.17,197.48,31.49,24.85,1.0,-1,-1,-1
201,23,478.55,146.46,10.49,17.34,1.0,-1,-1,-1
201,29,281.9,124.09,10,14.51,1.0,-1,-1,-1
201,37,292.78,133.23,16.25,14.29,1.0,-1,-1,-1
201,38,386.56,128.05,14.7,12.42,1.0,-1,-1,-1
201,39,408.08,121.22,14.76,11.89,1.0,-1,-1,-1
202,1,413.64,199.19,42.88,36.09,1.0,-1,-1,-1
202,2,486.87,166.5,28.08,23.87,1.0,-1,-1,-1
202,3,424.87,142.31,23.86,19,1.0,-1,-1,-1
202,4,448.1,125.92,27.75,24.24,1.0,-1,-1,-1
202,5,2.56,217.02,341.01,142.98,1.0,-1,-1,-1
202,6,206.79,202.14,42.24,33.81,1.0,-1,-1,-1
202,15,532,258.58,15.54,36.88,1.0,-1,-1,-1
202,16,480.98,232.97,14.43,30.49,1.0,-1,-1,-1
202,17,540.75,197.68,14.2,27.92,1.0,-1,-1,-1
202,19,157.29,172.23,25.02,22.65,1.0,-1,-1,-1
202,20,520.41,269.55,23.03,46.94,1.0,-1,-1,-1
202,22,158.98,196.22,31.69,25.04,1.0,-1,-1,-1
202,23,478.96,146.02,10.52,18.12,1.0,-1,-1,-1
202,29,282.37,124.3,10,14.14,1.0,-1,-1,-1
202,37,293.23,132.81,16.14,14.42,1.0,-1,-1,-1
202,38,386.7,128.03,14.79,12.46,1.0,-1,-1,-1
202,39,407.91,121.54,14.99,11.85,1.0,-1,-1,-1
203,1,413.8,199.48,43.03,36.32,1.0,-1,-1,-1
203,2,487.13,166.5,28.36,24.26,1.0,-1,-1,-1
203,3,424.96,142.42,23.75,18.96,1.0,-1,-1,-1
203,4,448.17,125.95,27.8,24.29,1.0,-1,-1,-1
203,5,4.08,215.87,336.15,141.08,1.0,-1,-1,-1
203,6,207.36,200.83,41.91,33.98,1.0,-1,-1,-1
203,15,532.32,258.33,15.45,35.67,1.0,-1,-1,-1
203,16,480.97,233.15,14.46,30.46,1.0,-1,-1,-1
203,17,541.71,198.5,14.31,28.23,1.0,-1,-1,-1
203,19,158.14,171.42,25.05,22.67,1.0,-1,-1,-1
203,20,520.09,268.29,23.25,46.42,1.0,-1,-1,-1
203,22,159.23,195.65,31.11,24.75,1.0,-1,-1,-1
203,23,478.29,146.3,10.98,18.53,1.0,-1,-1,-1
203,29,282.68,124.41,10,13.9,1.0,-1,-1,-1
203,37,292.66,132.29,16.18,14.17,1.0,-1,-1,-1
203,38,386.9,128.01,14.77,12.56,1.0,-1,-1,-1
203,39,408.08,121.87,14.73,11.85,1.0,-1,-1,-1
204,1,414.03,199.85,43.01,36.39,1.0,-1,-1,-1
204,2,487.4,167.3,28.63,23.84,1.0,-1,-1,-1
204,3,425.13,142.46,23.93,19.16,1.0,-1,-1,-1
204,4,448.12,125.91,28.02,24.48,1.0,-1,-1,-1
204,5,2.66,215.24,331.84,144.76,1.0,-1,-1,-1
204,6,208.28,200.05,41.5,34.12,1.0,-1,-1,-1
204,15,532.7,258.7,15.24,36.99,1.0,-1,-1,-1
204,16,481.26,234.02,14.52,30.54,1.0,-1,-1,-1
204,17,542.53,198.81,14.07,28.48,1.0,-1,-1,-1
204,19,157.97,171.27,25.04,22.75,1.0,-1,-1,-1
204,20,518.47,269.63,23.72,45.87,1.0,-1,-1,-1
204,22,159.2,194.49,30.88,24.75,1.0,-1,-1,-1
204,23,478.51,146.21,10.7,18.11,1.0,-1,-1,-1
204,29,282.59,123.72,10,14.01,1.0,-1,-1,-1
204,37,292.86,132.78,15.79,14.2,1.0,-1,-1,-1
204,38,387.07,128.2,14.91,12.88,1.0,-1,-1,-1
204,39,407.58,122.23,15.24,11.92,1.0,-1,-1,-1
205,1,414.09,200.79,43.01,36.41,1.0,-1,-1,-1
205,2,487.66,167.8,28.91,23.73,1.0,-1,-1,-1
205,3,425.6,142.79,23.93,19.21,1.0,-1,-1,-1
205,4,447.69,126.02,28.71,25.09,1.0,-1,-1,-1
205,5,2.06,215.57,328.01,144.43,1.0,-1,-1,-1
205,6,210.6,199.36,40.79,33.77,1.0,-1,-1,-1
205,15,533.37,259.27,15.38,39.17,1.0,-1,-1,-1
205,16,481.7,234.65,14.62,30.23,1.0,-1,-1,-1
205,17,543.29,200.04,14.05,28.58,1.0,-1,-1,-1
205,19,157.99,170.85,24.67,22.63,1.0,-1,-1,-1
205,20,519.96,269.15,22.49,46.52,1.0,-1,-1,-1
205,22,158.82,194.94,30.65,24.64,1.0,-1,-1,-1
205,23,479.44,146.91,10.6,18.1,1.0,-1,-1,-1
205,29,283.09,124.29,10,13.45,1.0,-1,-1,-1
205,37,293.74,132.54,15.98,14.44,1.0,-1,-1,-1
205,38,386.88,128.7,15.07,12.75,1.0,-1,-1,-1
205,39,408,122.22,15.43,12.22,1.0,-1,-1,-1
206,1,414.15,201.1,43.45,36.89,1.0,-1,-1,-1
206,2,487.92,168,29.18,23.92,1.0,-1,-1,-1
206,3,426,143.29,23.75,19.11,1.0,-1,-1,-1
206,4,447.62,126.03,29.08,25.41,1.0,-1,-1,-1
206,5,3.58,215.67,323.18,144.33,1.0,-1,-1,-1
206,6,213.5,199.05,39.97,32.89,1.0,-1,-1,-1
206,15,534.31,259.8,15.43,38.95,1.0,-1,-1,-1
206,16,481.66,235.44,14.2,31.01,1.0,-1,-1,-1
206,17,544.39,200.76,15.01,29.25,1.0,-1,-1,-1
206,19,158.4,170.54,24.73,22.63,1.0,-1,-1,-1
206,20,519.52,268.95,22.27,46.17,1.0,-1,-1,-1
206,22,158.97,194.46,30.38,24.42,1.0,-1,-1,-1
206,23,479.7,147.87,10.78,18.11,1.0,-1,-1,-1
206,29,283.35,123.75,10,13.91,1.0,-1,-1,-1
206,37,293.37,131.83,15.86,14.2,1.0,-1,-1,-1
206,38,386.93,128.2,14.86,12.69,1.0,-1,-1,-1
206,39,408.76,122.17,14.99,12.22,1.0,-1,-1,-1
207,1,414.37,201.7,43.3,36.82,1.0,-1,-1,-1
207,2,488.19,168.7,29.45,23.6,1.0,-1,-1,-1
207,3,426.31,143.57,23.86,19.24,1.0,-1,-1,-1
207,4,449.08,126.72,28.34,24.76,1.0,-1,-1,-1
207,5,3,214.59,320.05,145.41,1.0,-1,-1,-1
207,6,215.16,198.17,39.87,32.58,1.0,-1,-1,-1
207,15,534.93,260.57,15.14,40.67,1.0,-1,-1,-1
207,16,482.33,235.7,14.22,30.58,1.0,-1,-1,-1
207,17,544.68,200.64,15.26,30.44,1.0,-1,-1,-1
207,19,158.1,169.64,24.73,22.6,1.0,-1,-1,-1
207,20,519.56,270.05,22.49,45.29,1.0,-1,-1,-1
207,22,158.29,193.12,30.33,24.88,1.0,-1,-1,-1
207,23,479.71,148.32,10.93,18.71,1.0,-1,-1,-1
207,29,283.35,123.04,10,14.62,1.0,-1,-1,-1
207,37,294.38,131.63,15.8,14.23,1.0,-1,-1,-1
207,38,386.83,128.66,15.21,13.03,1.0,-1,-1,-1
207,39,409.05,122.55,15.15,12.63,1.0,-1,-1,-1
208,1,414.6,202.02,43.29,36.93,1.0,-1,-1,-1
208,2,488.45,168.5,29.73,24.19,1.0,-1,-1,-1
208,3,426.75,143.99,23.91,19.24,1.0,-1,-1,-1
208,4,449.66,126.85,28.19,24.67,1.0,-1,-1,-1
208,5,3.23,214,315.92,146,1.0,-1,-1,-1
208,6,214.16,196.77,39.86,32.8,1.0,-1,-1,-1
208,15,535.96,260.21,15.33,37.72,1.0,-1,-1,-1
208,16,483.06,236.72,14.55,30.64,1.0,-1,-1,-1
208,17,545.14,201.01,15.53,30.74,1.0,-1,-1,-1
208,19,159.01,169.32,24.84,22.25,1.0,-1,-1,-1
208,20,520.49,271.85,21.99,44.99,1.0,-1,-1,-1
208,22,158.92,192.05,30.28,24.19,1.0,-1,-1,-1
208,23,480.1,147.79,11.01,19.05,1.0,-1,-1,-1
208,29,283.76,122.94,10,13.94,1.0,-1,-1,-1
208,37,294.65,130.86,15.68,14.15,1.0,-1,-1,-1
208,38,387.44,128.75,15.21,12.84,1.0,-1,-1,-1
208,39,409.06,122.71,15.05,12.4,1.0,-1,-1,-1
209,1,414.71,202.3,43.3,37.02,1.0,-1,-1,-1
209,2,487.96,167.8,30.12,25.39,1.0,-1,-1,-1
209,3,426.68,144.11,24.2,19.49,1.0,-1,-1,-1
209,4,450.63,127.65,27.48,24.05,1.0,-1,-1,-1
209,5,2.78,213.1,313.41,146.9,1.0,-1,-1,-1
209,6,213.36,195.53,38.87,32.39,1.0,-1,-1,-1
209,15,536.25,259.89,16.11,41.69,1.0,-1,-1,-1
209,16,483.62,236.14,14.54,31.13,1.0,-1,-1,-1
209,17,545.85,202.43,15.31,29.73,1.0,-1,-1,-1
209,19,159.2,168.97,24.5,22.46,1.0,-1,-1,-1
209,20,520.12,269.78,22.24,46.41,1.0,-1,-1,-1
209,22,158.56,191.73,29.97,24.21,1.0,-1,-1,-1
209,23,480.63,147.44,11.25,19.4,1.0,-1,-1,-1
209,29,284.11,123.46,10,13.35,1.0,-1,-1,-1
209,37,294.57,131.07,15.76,14.2,1.0,-1,-1,-1
209,38,387.1,128.79,15.36,12.79,1.0,-1,-1,-1
209,39,408.53,122.59,14.96,12.1,1.0,-1,-1,-1
210,1,414.97,202.58,43.38,37.22,1.0,-1,-1,-1
210,2,488.56,168.5,30.37,24.65,1.0,-1,-1,-1
210,3,427.33,144.77,23.6,18.95,1.0,-1,-1,-1
210,4,451.57,127.68,27.86,24.34,1.0,-1,-1,-1
210,5,2.96,213.55,308.89,146.45,1.0,-1,-1,-1
210,6,213.29,194.9,37,31.4,1.0,-1,-1,-1
210,7,451.2,337.77,126.06,21.7,1.0,-1,-1,-1
210,15,536.63,260.06,16.22,42.11,1.0,-1,-1,-1
210,16,483.37,236.33,14.55,31.19,1.0,-1,-1,-1
210,17,546.47,202.55,15.69,29.69,1.0,-1,-1,-1
210,19,158.97,167.87,24.35,22.24,1.0,-1,-1,-1
210,20,520.04,269.77,20.98,47.22,1.0,-1,-1,-1
210,22,157.68,190.69,29.3,23.94,1.0,-1,-1,-1
210,23,480.68,147.52,11.03,19.39,1.0,-1,-1,-1
210,29,284.17,122.49,10,14,1.0,-1,-1,-1
210,37,295,130.12,15.18,13.91,1.0,-1,-1,-1
210,38,386.88,128.97,15.26,12.96,1.0,-1,-1,-1
210,39,409.31,122.81,14.6,11.91,1.0,-1,-1,-1
211,1,415.14,203.01,43.3,37.25,1.0,-1,-1,-1
211,2,488.5,169.47,28.5,22.93,1.0,-1,-1,-1
211,3,427.7,145.1,23.54,18.84,1.0,-1,-1,-1
211,4,451.97,127.84,27.97,24.39,1.0,-1,-1,-1
211,5,1.97,213.18,305.44,146.82,1.0,-1,-1,-1
211,6,213.74,194.04,35.88,30.9,1.0,-1,-1,-1
211,7,450.85,335.69,138.05,23.85,1.0,-1,-1,-1
211,15,536.91,260.19,16.32,39.48,1.0,-1,-1,-1
211,16,483.76,237.67,14.89,30.9,1.0,-1,-1,-1
211,17,547.99,204.11,15.31,29.48,1.0,-1,-1,-1
211,19,158.7,168.4,24.23,21.8,1.0,-1,-1,-1
211,20,519.52,269.62,21.15,47.46,1.0,-1,-1,-1
211,22,157.96,189.91,29.66,23.89,1.0,-1,-1,-1
211,23,481.41,148.27,11.18,19.12,1.0,-1,-1,-1
211,29,283.73,122.3,10,13.8,1.0,-1,-1,-1
211,37,294.67,130.23,15.33,13.85,1.0,-1,-1,-1
211,38,386.55,129.2,15.33,13.18,1.0,-1,-1,-1
211,39,409.11,123.41,15.22,12,1.0,-1,-1,-1
212,1,415.54,203.69,43.37,37.36,1.0,-1,-1,-1
212,2,488.65,169.1,29.65,24.53,1.0,-1,-1,-1
212,3,427.84,145.09,24.17,19.23,1.0,-1,-1,-1
212,4,452.46,128.41,27.52,23.91,1.0,-1,-1,-1
212,5,3.36,211.53,300.36,148.47,1.0,-1,-1,-1
212,6,214.78,193.06,35.33,30.72,1.0,-1,-1,-1
212,7,442.26,335.7,138.35,23.99,1.0,-1,-1,-1
212,15,537.38,260.69,16.46,40.38,1.0,-1,-1,-1
212,16,483.56,237.1,15.12,31.32,1.0,-1,-1,-1
212,17,548.81,204.88,15.2,29.67,1.0,-1,-1,-1
212,19,159.11,167.75,24.5,21.87,1.0,-1,-1,-1
212,20,519.25,271.83,21.67,45.27,1.0,-1,-1,-1
212,22,157.75,190.45,29.72,23.51,1.0,-1,-1,-1
212,23,481.84,148.36,11.01,19.27,1.0,-1,-1,-1
212,29,284.53,121.78,10,13.93,1.0,-1,-1,-1
212,37,295.8,130.03,15.47,13.89,1.0,-1,-1,-1
212,38,386.85,129.24,15.1,13.16,1.0,-1,-1,-1
212,39,408.68,123.67,16.09,12.32,1.0,-1,-1,-1
213,1,416.16,204.42,43.37,37.27,1.0,-1,-1,-1
213,2,489.19,169.1,30.84,25.14,1.0,-1,-1,-1
213,3,427.66,145.29,24.56,19.4,1.0,-1,-1,-1
213,4,452.37,128.19,27.81,24.16,1.0,-1,-1,-1
213,5,3.99,209.76,296.72,146.84,1.0,-1,-1,-1
213,6,216.02,192.69,33.51,29.29,1.0,-1,-1,-1
213,7,429.2,334.3,141.58,24.87,1.0,-1,-1,-1
213,15,538.05,261.26,16.84,35.8,1.0,-1,-1,-1
213,16,484.17,238.41,15.2,30.52,1.0,-1,-1,-1
213,17,549.96,205.11,15.17,29.97,1.0,-1,-1,-1
213,19,159.86,166.72,24.63,21.42,1.0,-1,-1,-1
213,20,518.78,272.86,22.6,43.35,1.0,-1,-1,-1
213,22,157.51,189.46,28.84,23.57,1.0,-1,-1,-1
213,23,482.56,148.6,11.35,20.02,1.0,-1,-1,-1
213,29,284.74,122.41,10,13.25,1.0,-1,-1,-1
213,37,295.21,129.54,15.62,13.94,1.0,-1,-1,-1
213,38,387.65,128.9,15.22,12.98,1.0,-1,-1,-1
213,39,408.99,123.09,15.77,12.44,1.0,-1,-1,-1
214,1,416.63,204.96,43.42,37.23,1.0,-1,-1,-1
214,2,489.18,169.3,32.13,25.45,1.0,-1,-1,-1
214,3,427.6,145.36,24.94,19.64,1.0,-1,-1,-1
214,4,451.99,127.67,28.32,24.66,1.0,-1,-1,-1
214,5,3,209.52,294.15,150.48,1.0,-1,-1,-1
214,6,217.17,191.98,32.86,28.83,1.0,-1,-1,-1
214,7,423.8,333.8,146.98,25.37,1.0,-1,-1,-1
214,15,539.18,261.23,16.74,36.02,1.0,-1,-1,-1
214,16,484.83,238.97,15.06,30.85,1.0,-1,-1,-1
214,17,551.64,205.34,14.77,29.86,1.0,-1,-1,-1
214,19,160.12,166.9,24.08,21.52,1.0,-1,-1,-1
214,20,519.25,274.55,22.71,42.72,1.0,-1,-1,-1
214,22,157.89,188.86,28.57,23.42,1.0,-1,-1,-1
214,23,482.58,148.44,11.7,19.87,1.0,-1,-1,-1
214,29,284.79,121.76,10,13.43,1.0,-1,-1,-1
214,37,295.59,129.51,15.19,13.39,1.0,-1,-1,-1
214,38,387.74,129.67,15.13,13.13,1.0,-1,-1,-1
214,39,409.03,123.61,15.97,12.65,1.0,-1,-1,-1
215,1,416.75,205.27,43.56,37.34,1.0,-1,-1,-1
215,2,489.22,168.8,32.51,26.16,1.0,-1,-1,-1
215,3,427.75,145.5,25.01,19.59,1.0,-1,-1,-1
215,4,452.27,128.07,27.92,24.3,1.0,-1,-1,-1
215,5,2.93,208.7,288.87,151.3,1.0,-1,-1,-1
215,6,218.64,191.13,33.21,29.04,1.0,-1,-1,-1
215,7,413.6,330.1,158.5,28.99,1.0,-1,-1,-1
215,15,538.72,260.82,17.46,37.03,1.0,-1,-1,-1
215,16,484.44,238.61,15.04,31.36,1.0,-1,-1,-1
215,17,552.36,206.48,14.62,29.99,1.0,-1,-1,-1
215,19,159.58,165.95,24.08,21.24,1.0,-1,-1,-1
215,20,519.77,274.13,22.37,42.76,1.0,-1,-1,-1
215,22,157.45,187.98,28.47,23.13,1.0,-1,-1,-1
215,23,482.42,148.93,11.72,19.94,1.0,-1,-1,-1
215,29,284.93,122.01,10,13.07,1.0,-1,-1,-1
215,37,295.95,128.42,15.5,13.77,1.0,-1,-1,-1
215,38,387.86,129.51,15.01,13.14,1.0,-1,-1,-1
215,39,409.27,123.77,15.03,12.53,1.0,-1,-1,-1
216,1,416.82,205.64,43.7,37.43,1.0,-1,-1,-1
216,2,489.22,171.2,31.48,23.76,1.0,-1,-1,-1
216,3,427.75,145.81,25,19.51,1.0,-1,-1,-1
216,4,452.38,128.34,27.7,24.1,1.0,-1,-1,-1
216,5,4.94,209.36,284.37,150.14,1.0,-1,-1,-1
216,6,219.83,189.96,33.5,29.23,1.0,-1,-1,-1
216,7,408.8,324.8,151.2,34.21,1.0,-1,-1,-1
216,15,539.75,261.44,17.45,37.67,1.0,-1,-1,-1
216,16,484.58,239.63,15.16,31.21,1.0,-1,-1,-1
216,17,552.87,207.65,14.73,29.64,1.0,-1,-1,-1
216,19,159.25,164.85,24.26,21.28,1.0,-1,-1,-1
216,20,520.6,277.21,23.32,40.08,1.0,-1,-1,-1
216,22,157.9,187.2,28.12,23.28,1.0,-1,-1,-1
216,23,482.26,149.62,11.59,19.96,1.0,-1,-1,-1
216,29,285.25,121.02,10,12.77,1.0,-1,-1,-1
216,37,295.89,128.79,15.39,13.86,1.0,-1,-1,-1
216,38,387.83,129.58,15.2,13.34,1.0,-1,-1,-1
216,39,409.75,123.03,15.75,12.52,1.0,-1,-1,-1
217,1,416.73,205.91,44.06,37.72,1.0,-1,-1,-1
217,2,490.03,171.1,30.92,24.3,1.0,-1,-1,-1
217,3,427.74,146.21,25.04,19.49,1.0,-1,-1,-1
217,4,452.49,128.46,27.77,24.18,1.0,-1,-1,-1
217,5,2.71,208.35,282.84,150.35,1.0,-1,-1,-1
217,6,220.44,188.9,33.43,29.13,1.0,-1,-1,-1
217,7,403.5,323.8,154.8,35.46,1.0,-1,-1,-1
217,15,539.33,260.72,17.6,40.21,1.0,-1,-1,-1
217,16,484.76,240.08,15.19,31.4,1.0,-1,-1,-1
217,17,554.18,208.22,15.12,29.99,1.0,-1,-1,-1
217,19,159.55,165.12,24.22,21.05,1.0,-1,-1,-1
217,20,520.06,275.26,23.18,42.05,1.0,-1,-1,-1
217,22,157.53,186.38,28.01,23.3,1.0,-1,-1,-1
217,23,483.11,149.06,11.62,19.93,1.0,-1,-1,-1
217,29,285.34,121.35,10,12.91,1.0,-1,-1,-1
217,37,295.75,128.37,15.44,13.26,1.0,-1,-1,-1
217,38,387.4,129.28,15.13,13.45,1.0,-1,-1,-1
217,39,409.41,124.02,15.18,12.34,1.0,-1,-1,-1
218,1,416.61,206.11,44.76,38.38,1.0,-1,-1,-1
218,2,490.84,172.6,30.36,23.24,1.0,-1,-1,-1
218,3,428.03,146.65,24.96,19.33,1.0,-1,-1,-1
218,4,452.95,128.84,27.65,24.04,1.0,-1,-1,-1
218,5,0,205.87,279.79,154.13,1.0,-1,-1,-1
218,6,220.54,188.16,32.99,28.86,1.0,-1,-1,-1
218,7,397.2,324,153.1,35.48,1.0,-1,-1,-1
218,15,539.69,262,18.36,41.05,1.0,-1,-1,-1
218,16,484.97,240.28,15.46,31.41,1.0,-1,-1,-1
218,17,555.35,208.59,15.45,30.08,1.0,-1,-1,-1
218,19,159.62,164.4,24.19,20.87,1.0,-1,-1,-1
218,20,519.68,276.26,23.95,41.2,1.0,-1,-1,-1
218,22,157.07,185.76,28.14,23.75,1.0,-1,-1,-1
218,23,483.1,149.65,12.08,20.48,1.0,-1,-1,-1
218,29,285.73,121.25,10,13.37,1.0,-1,-1,-1
218,37,296.62,128.64,15.58,13.64,1.0,-1,-1,-1
218,38,387.85,129.24,15.52,13.44,1.0,-1,-1,-1
218,39,410.24,123.66,15.67,12.49,1.0,-1,-1,-1
219,1,416.72,206.67,45.09,38.74,1.0,-1,-1,-1
219,2,491.65,173.1,29.8,23.18,1.0,-1,-1,-1
219,3,428.18,146.97,25.41,19.63,1.0,-1,-1,-1
219,4,453.34,129.22,27.75,24.16,1.0,-1,-1,-1
219,5,0,203.2,277.69,151.44,1.0,-1,-1,-1
219,6,221.99,187.14,32.94,29.05,1.0,-1,-1,-1
219,7,390.9,321.5,155.4,37.48,1.0,-1,-1,-1
219,15,540.43,261.32,19.02,37.86,1.0,-1,-1,-1
219,16,485,241.35,15.76,31.47,1.0,-1,-1,-1
219,17,556.32,209.38,15.1,29.87,1.0,-1,-1,-1
219,19,159.67,164.24,24.45,20.9,1.0,-1,-1,-1
219,20,519.8,274.42,22.61,42.55,1.0,-1,-1,-1
219,22,157.25,185.67,27.76,23.4,1.0,-1,-1,-1
219,23,484.17,150.27,11.86,20.29,1.0,-1,-1,-1
219,29,285.83,120.88,10,13.45,1.0,-1,-1,-1
219,37,297.17,128.46,15.63,13.67,1.0,-1,-1,-1
219,38,387.74,130.6,15.48,13.81,1.0,-1,-1,-1
219,39,410.13,124.17,16.01,12.8,1.0,-1,-1,-1
220,1,416.71,207.07,45.54,39.21,1.0,-1,-1,-1
220,2,491.65,172,29.8,24.28,1.0,-1,-1,-1
220,3,428.21,146.95,26.11,20.08,1.0,-1,-1,-1
220,4,453.72,129.53,27.72,24.17,1.0,-1,-1,-1
220,5,0,205.9,274.35,147.46,1.0,-1,-1,-1
220,6,223.03,186.55,32.5,28.81,1.0,-1,-1,-1
220,7,385.1,322.5,153.1,37.02,1.0,-1,-1,-1
220,15,541.48,261.97,18.3,39.57,1.0,-1,-1,-1
220,16,485.16,241.35,15.33,31.7,1.0,-1,-1,-1
220,17,557.7,210.05,15.79,30.1,1.0,-1,-1,-1
220,19,160.56,163.81,23.57,20.72,1.0,-1,-1,-1
220,20,519.8,276.05,23.81,41.74,1.0,-1,-1,-1
220,22,157.86,184.99,27.73,23.06,1.0,-1,-1,-1
220,23,484.57,150.75,11.99,20.23,1.0,-1,-1,-1
220,29,286.33,120.77,10,12.99,1.0,-1,-1,-1
220,37,297.37,128.18,15.35,13.51,1.0,-1,-1,-1
220,38,388.2,129.96,15.47,13.58,1.0,-1,-1,-1
220,39,410.16,124.44,15.5,12.61,1.0,-1,-1,-1
221,1,416.52,207.26,45.84,39.54,1.0,-1,-1,-1
221,2,492.32,172.72,29.83,24.22,1.0,-1,-1,-1
221,3,428.49,147.16,26.19,20.07,1.0,-1,-1,-1
221,4,453.73,129.49,28,24.46,1.0,-1,-1,-1
221,5,0,201.5,271.59,153.63,1.0,-1,-1,-1
221,6,223.44,186.03,31.78,28.32,1.0,-1,-1,-1
221,7,382.2,318.9,151.9,40.7,1.0,-1,-1,-1
221,15,541.65,262.85,18.32,41.31,1.0,-1,-1,-1
221,16,485.64,241.05,15.47,31.93,1.0,-1,-1,-1
221,17,558.61,210.57,15.82,30.27,1.0,-1,-1,-1
221,19,161.05,163.89,23.93,20.57,1.0,-1,-1,-1
221,20,520.4,275.42,23.37,41.87,1.0,-1,-1,-1
221,22,157.53,184.34,28.08,22.74,1.0,-1,-1,-1
221,23,484.4,150.84,11.8,19.81,1.0,-1,-1,-1
221,29,286.39,120.86,10,12.87,1.0,-1,-1,-1
221,37,297.21,128.03,15.15,13.25,1.0,-1,-1,-1
221,38,387.65,130.08,15.68,13.74,1.0,-1,-1,-1
221,39,410.62,124.31,15.31,12.43,1.0,-1,-1,-1
222,1,416.68,207.47,46.03,39.81,1.0,-1,-1,-1
222,2,492.98,173.44,29.86,24.15,1.0,-1,-1,-1
222,3,428.6,147.29,26.27,20.06,1.0,-1,-1,-1
222,4,453.82,129.3,28.3,24.76,1.0,-1,-1,-1
222,5,0,201.3,269.17,152.61,1.0,-1,-1,-1
222,6,226.12,185.47,31.76,27.76,1.0,-1,-1,-1
222,7,374.63,315.8,154.57,44.2,1.0,-1,-1,-1
222,15,541.27,262.05,18.66,42.14,1.0,-1,-1,-1
222,16,486.1,241.97,15.15,31.38,1.0,-1,-1,-1
222,17,559.51,211.7,15.73,30.46,1.0,-1,-1,-1
222,19,160.45,163.46,24,20.32,1.0,-1,-1,-1
222,20,520.03,276.52,24.06,41.25,1.0,-1,-1,-1
222,22,157.17,183.82,27.97,22.63,1.0,-1,-1,-1
222,23,484.73,151.44,11.66,19.82,1.0,-1,-1,-1
222,29,286.56,119.98,10,13.45,1.0,-1,-1,-1
222,37,297.41,127,15.23,13.24,1.0,-1,-1,-1
222,38,387.98,130.35,15.82,13.68,1.0,-1,-1,-1
222,39,410.66,124.45,15.07,12.6,1.0,-1,-1,-1
223,1,416.68,207.66,46.14,39.97,1.0,-1,-1,-1
223,2,493.65,174.16,29.89,24.09,1.0,-1,-1,-1
223,3,428.63,147.51,26.37,20.06,1.0,-1,-1,-1
223,4,453.23,128.47,29.21,25.71,1.0,-1,-1,-1
223,5,0,202.1,266.32,154.15,1.0,-1,-1,-1
223,6,227.65,184.65,32.42,27.89,1.0,-1,-1,-1
223,7,369.4,317.4,151.8,42.46,1.0,-1,-1,-1
223,15,541.84,262.53,18.31,42.44,1.0,-1,-1,-1
223,16,485.43,241.82,15.45,31.19,1.0,-1,-1,-1
223,17,560.78,212.02,15.73,30.82,1.0,-1,-1,-1
223,19,161.04,162.48,23.9,20.19,1.0,-1,-1,-1
223,20,520.39,275,23.49,42.05,1.0,-1,-1,-1
223,22,156.58,182.43,27.64,22.72,1.0,-1,-1,-1
223,23,485.05,151.51,11.63,20.22,1.0,-1,-1,-1
223,29,286.53,119.5,10,13.66,1.0,-1,-1,-1
223,37,297.9,126.72,15.37,13.13,1.0,-1,-1,-1
223,38,387.32,130.61,16.05,13.76,1.0,-1,-1,-1
223,39,410.61,125.02,15.28,12.48,1.0,-1,-1,-1
224,1,416.57,207.93,46.12,40.07,1.0,-1,-1,-1
224,2,494.32,174.88,29.92,24.03,1.0,-1,-1,-1
224,3,428.72,147.93,26.4,20.03,1.0,-1,-1,-1
224,4,454.03,129.08,28.81,25.36,1.0,-1,-1,-1
224,5,1.41,204.55,256.79,155.45,1.0,-1,-1,-1
224,6,228.2,183.95,32.77,27.9,1.0,-1,-1,-1
224,7,366,316.2,147.9,43.73,1.0,-1,-1,-1
224,15,542.02,262.66,18.59,42.96,1.0,-1,-1,-1
224,16,485.91,243,15.32,31.17,1.0,-1,-1,-1
224,17,560.97,212.95,15.73,31.02,1.0,-1,-1,-1
224,19,160.77,161.88,23.74,20.37,1.0,-1,-1,-1
224,20,520.05,275.62,24,40.71,1.0,-1,-1,-1
224,22,157.02,182.09,27.67,22.64,1.0,-1,-1,-1
224,23,486.41,151.98,11.47,19.8,1.0,-1,-1,-1
224,29,287.03,119.67,10,13.3,1.0,-1,-1,-1
224,37,297.72,127.26,15.02,12.98,1.0,-1,-1,-1
224,38,387.35,130.53,15.92,13.7,1.0,-1,-1,-1
224,39,410.61,124.56,15.69,12.73,1.0,-1,-1,-1
225,1,416.82,208.26,46.1,40.13,1.0,-1,-1,-1
225,2,494.99,175.6,29.95,23.97,1.0,-1,-1,-1
225,3,429.12,148.63,26.13,19.76,1.0,-1,-1,-1
225,4,454.42,129.32,29.1,25.76,1.0,-1,-1,-1
225,5,0,204.1,254.4,155.7,1.0,-1,-1,-1
225,6,228.04,183.58,32.22,27.45,1.0,-1,-1,-1
225,7,361.1,312,146.4,47.74,1.0,-1,-1,-1
225,15,543.02,263.49,18.1,42.47,1.0,-1,-1,-1
225,16,485.68,242.81,15.4,31.57,1.0,-1,-1,-1
225,17,562.99,212.43,16.12,32.43,1.0,-1,-1,-1
225,19,160.74,162.03,23.6,20.14,1.0,-1,-1,-1
225,20,519.44,274.88,23.46,41.61,1.0,-1,-1,-1
225,22,156.45,182.04,27.51,22.83,1.0,-1,-1,-1
225,23,487.05,152.17,11.48,19.91,1.0,-1,-1,-1
225,29,287.56,119.84,10,13.36,1.0,-1,-1,-1
225,37,298.29,126.88,15.05,13.1,1.0,-1,-1,-1
225,38,387.74,130.76,15.55,14.1,1.0,-1,-1,-1
225,39,411.39,125.14,16.34,12.82,1.0,-1,-1,-1
226,1,417.42,208.85,45.91,40,1.0,-1,-1,-1
226,2,494.1,173.2,31.53,27.02,1.0,-1,-1,-1
226,3,429.68,148.82,26.28,19.83,1.0,-1,-1,-1
226,4,454.58,129.18,29.17,25.83,1.0,-1,-1,-1
226,5,0,206.14,250.3,152.21,1.0,-1,-1,-1
226,6,228.35,182.79,31.97,27.22,1.0,-1,-1,-1
226,7,355.6,309.9,145.9,49.59,1.0,-1,-1,-1
226,15,542.91,263.18,18.41,41.94,1.0,-1,-1,-1
226,16,486,243.62,15.32,31.41,1.0,-1,-1,-1
226,17,563.93,212.95,16.11,32.6,1.0,-1,-1,-1
226,19,160.94,161.46,23.93,19.85,1.0,-1,-1,-1
226,20,519.68,275.2,23.23,40.47,1.0,-1,-1,-1
226,22,156.5,181.84,27.96,22.13,1.0,-1,-1,-1
226,23,487.16,152.77,11.36,19.37,1.0,-1,-1,-1
226,29,287.26,119.19,10,13.22,1.0,-1,-1,-1
226,37,298.74,126.91,14.75,13,1.0,-1,-1,-1
226,38,387.85,131.7,15.72,13.76,1.0,-1,-1,-1
226,39,410.91,124.57,15.57,12.99,1.0,-1,-1,-1
227,1,417.8,209.68,46.07,40.17,1.0,-1,-1,-1
227,2,495,172.3,31.33,28.58,1.0,-1,-1,-1
227,3,430.12,149.1,26.32,19.82,1.0,-1,-1,-1
227,4,455.32,129.81,28.95,25.68,1.0,-1,-1,-1
227,5,0,205.89,253.12,154.11,1.0,-1,-1,-1
227,6,228.91,181.92,31.73,27.11,1.0,-1,-1,-1
227,7,350.8,311,145.3,48.13,1.0,-1,-1,-1
227,15,543.75,263.45,18.08,42.45,1.0,-1,-1,-1
227,16,486.64,243.47,15.23,31.78,1.0,-1,-1,-1
227,17,565.49,214.41,15.96,31.99,1.0,-1,-1,-1
227,19,161.8,161.1,23.43,19.59,1.0,-1,-1,-1
227,20,520,275.09,23.01,39.4,1.0,-1,-1,-1
227,22,156.81,180.97,27.81,21.57,1.0,-1,-1,-1
227,23,488.51,153.16,11.02,19.26,1.0,-1,-1,-1
227,29,288.14,119.51,10,12.86,1.0,-1,-1,-1
227,37,298.73,125.97,15.02,13.15,1.0,-1,-1,-1
227,38,387.86,131.32,15.86,13.47,1.0,-1,-1,-1
227,39,412.07,124.98,15.18,12.92,1.0,-1,-1,-1
228,1,417.97,210.15,46.35,40.39,1.0,-1,-1,-1
228,2,494.5,173,30.83,28.34,1.0,-1,-1,-1
228,3,430.14,149.2,26.57,19.94,1.0,-1,-1,-1
228,4,455.4,129.96,29.26,26.04,1.0,-1,-1,-1
228,5,0,204.73,245.3,155.27,1.0,-1,-1,-1
228,6,229.51,180.38,33.01,28.19,1.0,-1,-1,-1
228,7,345.4,309.6,143.24,49.12,1.0,-1,-1,-1
228,15,543.74,262.78,17.99,43.36,1.0,-1,-1,-1
228,16,486.25,243.72,15.29,32.01,1.0,-1,-1,-1
228,17,565.9,215.07,16.43,32.14,1.0,-1,-1,-1
228,19,160.78,160.71,23.51,19.74,1.0,-1,-1,-1
228,20,519.64,275.32,23.37,40.83,1.0,-1,-1,-1
228,22,156.04,180.07,26.97,22.25,1.0,-1,-1,-1
228,23,487.92,152.72,11.58,18.9,1.0,-1,-1,-1
228,29,287.62,119.75,10,12.76,1.0,-1,-1,-1
228,37,299.57,125.26,14.72,12.89,1.0,-1,-1,-1
228,38,388.03,131.76,15.79,13.7,1.0,-1,-1,-1
228,39,411.48,125.83,15.68,13.01,1.0,-1,-1,-1
229,1,418.1,210.52,46.69,40.7,1.0,-1,-1,-1
229,2,494.8,172.7,31.2,28.87,1.0,-1,-1,-1
229,3,430.17,149.28,26.63,19.97,1.0,-1,-1,-1
229,4,455.62,130.32,28.82,25.55,1.0,-1,-1,-1
229,5,0,204.81,246.38,155.19,1.0,-1,-1,-1
229,6,230.11,179.16,33.31,28.46,1.0,-1,-1,-1
229,7,342.3,308.1,140.2,50.88,1.0,-1,-1,-1
229,15,543.59,263.68,18.11,42.87,1.0,-1,-1,-1
229,16,486.48,244.03,15.04,31.68,1.0,-1,-1,-1
229,17,567.1,216.72,15.77,31.56,1.0,-1,-1,-1
229,19,160.71,159.94,23.34,19.82,1.0,-1,-1,-1
229,20,520.57,275.45,22.61,40.58,1.0,-1,-1,-1
229,22,155.56,179.9,27.22,21.83,1.0,-1,-1,-1
229,23,487.63,153.27,11.72,19.21,1.0,-1,-1,-1
229,24,238.9,254.69,27.76,37.84,1.0,-1,-1,-1
229,29,287.97,118.65,10,13,1.0,-1,-1,-1
229,37,299.78,125.62,14.71,12.99,1.0,-1,-1,-1
229,38,387.87,131.22,15.86,13.64,1.0,-1,-1,-1
229,39,411.43,125.16,15.66,13.16,1.0,-1,-1,-1
230,1,418,210.99,47.07,41.04,1.0,-1,-1,-1
230,2,495.6,172.7,30.4,28.87,1.0,-1,-1,-1
230,3,430.53,149.39,26.76,20.05,1.0,-1,-1,-1
230,4,455.83,130.67,28.56,25.17,1.0,-1,-1,-1
230,5,2.05,205.02,238.9,153.6,1.0,-1,-1,-1
230,6,230.78,178.65,31.94,27.34,1.0,-1,-1,-1
230,7,338.6,306.4,135.7,52.44,1.0,-1,-1,-1
230,15,544.15,262.72,18.09,42.85,1.0,-1,-1,-1
230,16,486.3,245.07,15.16,31.28,1.0,-1,-1,-1
230,17,568.01,217.99,16.02,31.46,1.0,-1,-1,-1
230,19,161.82,159.86,23.16,19.76,1.0,-1,-1,-1
230,20,520.07,274.39,22.64,40.82,1.0,-1,-1,-1
230,22,156.23,179.34,26.98,21.39,1.0,-1,-1,-1
230,23,488.91,153.83,11.14,19.53,1.0,-1,-1,-1
230,24,234.74,252.24,29.09,39.58,1.0,-1,-1,-1
230,29,288.67,117.92,10,13.65,1.0,-1,-1,-1
230,37,299.11,124.88,14.79,12.79,1.0,-1,-1,-1
230,38,387.99,131.94,15.75,13.67,1.0,-1,-1,-1
230,39,411.74,125.99,15.49,13.16,1.0,-1,-1,-1
231,1,418.16,211.54,47.2,41.16,1.0,-1,-1,-1
231,2,496.1,173.8,30.45,28.29,1.0,-1,-1,-1
231,3,430.65,149.68,27.31,20.46,1.0,-1,-1,-1
231,4,456.12,131.17,28.6,24.92,1.0,-1,-1,-1
231,5,2.74,203.37,233.91,154.47,1.0,-1,-1,-1
231,6,231.47,178.27,31.21,26.87,1.0,-1,-1,-1
231,7,332.5,304.9,138.5,54.05,1.0,-1,-1,-1
231,15,544.12,263.33,18.41,41.53,1.0,-1,-1,-1
231,16,486.93,245.16,15.36,31.5,1.0,-1,-1,-1
231,17,569.43,218.22,16.02,31.59,1.0,-1,-1,-1
231,19,161.72,159.93,22.75,19.61,1.0,-1,-1,-1
231,20,520.88,274.53,22.6,42.34,1.0,-1,-1,-1
231,22,156.08,178.98,26.94,21.63,1.0,-1,-1,-1
231,23,489.24,154.35,10.88,19.03,1.0,-1,-1,-1
231,24,231.87,250.77,29.22,39.61,1.0,-1,-1,-1
231,29,288.86,119.18,10,12.88,1.0,-1,-1,-1
231,37,300.3,124.99,14.46,12.75,1.0,-1,-1,-1
231,38,388.33,131.66,15.68,14.26,1.0,-1,-1,-1
231,39,412.3,125.9,14.87,13.11,1.0,-1,-1,-1
232,1,418.31,212.18,47.28,41.24,1.0,-1,-1,-1
232,2,496.6,174.9,30.5,27.71,1.0,-1,-1,-1
232,3,430.64,150.04,27.59,20.73,1.0,-1,-1,-1
232,4,456.58,131.66,29.14,25,1.0,-1,-1,-1
232,5,3.74,202.13,230.79,157.87,1.0,-1,-1,-1
232,6,231.84,177.74,31.05,26.87,1.0,-1,-1,-1
232,7,326.6,305.5,138.2,53.63,1.0,-1,-1,-1
232,15,544.34,263.46,18.2,42.11,1.0,-1,-1,-1
232,16,487.17,246.3,15.36,32.03,1.0,-1,-1,-1
232,17,570.85,219.7,16.08,31.11,1.0,-1,-1,-1
232,19,161.89,159.28,22.74,19.42,1.0,-1,-1,-1
232,20,520.19,274.21,22.71,42.42,1.0,-1,-1,-1
232,22,156.11,178.97,27.16,21.75,1.0,-1,-1,-1
232,23,490.54,155.28,11.22,18.84,1.0,-1,-1,-1
232,24,228.94,248.68,30.27,40.78,1.0,-1,-1,-1
232,29,289.03,119.1,10,12.83,1.0,-1,-1,-1
232,37,299.79,125.76,14.44,12.55,1.0,-1,-1,-1
232,38,388.05,132.37,15.92,14.71,1.0,-1,-1,-1
232,39,412.73,126.19,14.81,13.12,1.0,-1,-1,-1
233,1,417.92,212.38,48.06,41.96,1.0,-1,-1,-1
233,2,497.1,176,30.55,27.13,1.0,-1,-1,-1
233,3,431.53,150.22,27.65,20.94,1.0,-1,-1,-1
233,4,456.9,132.09,29.74,25.1,1.0,-1,-1,-1
233,5,1.41,203.58,229.31,156.42,1.0,-1,-1,-1
233,6,233.36,176.72,31.57,27.2,1.0,-1,-1,-1
233,7,323.4,299.9,136.64,60.05,1.0,-1,-1,-1
233,15,545.33,263.64,18.26,40.19,1.0,-1,-1,-1
233,16,487.23,246.76,15.4,31.92,1.0,-1,-1,-1
233,17,571.36,220.64,16.67,31.49,1.0,-1,-1,-1
233,19,162.24,159.3,22.88,19.74,1.0,-1,-1,-1
233,20,520.7,274.35,22.43,43.15,1.0,-1,-1,-1
233,22,156.6,178.61,26.51,21.43,1.0,-1,-1,-1
233,23,489.81,155.2,11.66,19.1,1.0,-1,-1,-1
233,24,225.79,247.41,30.92,41.36,1.0,-1,-1,-1
233,29,288.59,118.37,10,13.27,1.0,-1,-1,-1
233,37,300.09,124.36,14.43,12.79,1.0,-1,-1,-1
233,38,388.03,132.64,15.77,14.28,1.0,-1,-1,-1
233,39,412.46,127.07,15.09,13.07,1.0,-1,-1,-1
234,1,417.81,212.48,48.57,42.51,1.0,-1,-1,-1
234,2,497.6,177.1,30.6,26.55,1.0,-1,-1,-1
234,3,431.97,150.6,27.5,20.94,1.0,-1,-1,-1
234,4,456.72,131.96,30.65,25.54,1.0,-1,-1,-1
234,5,1.31,202.67,225.24,157.33,1.0,-1,-1,-1
234,6,234.23,176.05,31.46,27.05,1.0,-1,-1,-1
234,7,318.8,302.7,137.4,56.92,1.0,-1,-1,-1
234,15,545.53,263.72,18.03,41.9,1.0,-1,-1,-1
234,16,487.49,246.39,15.3,32.3,1.0,-1,-1,-1
234,17,572.4,221.38,16.38,32.01,1.0,-1,-1,-1
234,19,162.03,158.59,22.8,19.5,1.0,-1,-1,-1
234,20,520.62,274.71,22.31,42.04,1.0,-1,-1,-1
234,22,156.67,177.49,26.43,21.09,1.0,-1,-1,-1
234,23,491.12,155.37,11.44,19.42,1.0,-1,-1,-1
234,24,223.65,246.53,30.64,40.48,1.0,-1,-1,-1
234,29,288.67,118.35,10,13.09,1.0,-1,-1,-1
234,37,301.22,124.32,14.36,12.77,1.0,-1,-1,-1
234,38,388.39,132.34,15.89,14.14,1.0,-1,-1,-1
234,39,412.74,126.4,15.39,13.04,1.0,-1,-1,-1
235,1,417.95,212.71,48.55,42.57,1.0,-1,-1,-1
235,2,498.11,176.5,30.65,27.66,1.0,-1,-1,-1
235,3,431.95,150.47,27.64,21.18,1.0,-1,-1,-1
235,4,456.6,131.9,31.25,25.72,1.0,-1,-1,-1
235,5,3.88,200.89,219.83,154.82,1.0,-1,-1,-1
235,6,234.22,175.37,30.94,26.79,1.0,-1,-1,-1
235,7,314.5,300.9,133.5,58.6,1.0,-1,-1,-1
235,15,545.13,264.11,18.24,41.36,1.0,-1,-1,-1
235,16,487.73,246.31,15.29,32.35,1.0,-1,-1,-1
235,17,573.14,222.06,17,32.08,1.0,-1,-1,-1
235,19,162.61,158.66,22.69,19.59,1.0,-1,-1,-1
235,20,520.44,274.33,21.47,42.07,1.0,-1,-1,-1
235,22,156.93,176.54,25.79,21.15,1.0,-1,-1,-1
235,23,491.59,155.05,11.64,19.07,1.0,-1,-1,-1
235,24,222.12,245.87,30.14,39.19,1.0,-1,-1,-1
235,29,288.82,117.91,10,13.19,1.0,-1,-1,-1
235,37,301.23,123.6,14.38,12.9,1.0,-1,-1,-1
235,38,388.42,133.05,16.39,14.48,1.0,-1,-1,-1
235,39,413.18,126.63,15.43,13.19,1.0,-1,-1,-1
236,1,418.08,212.85,48.69,42.74,1.0,-1,-1,-1
236,2,498.61,177.8,30.7,26.88,1.0,-1,-1,-1
236,3,432.65,150.84,27.4,21.09,1.0,-1,-1,-1
236,4,457.06,132.43,31.32,25.49,1.0,-1,-1,-1
236,5,1.5,205.89,218.42,153.08,1.0,-1,-1,-1
236,6,234.96,174.77,30.42,26.46,1.0,-1,-1,-1
236,7,311.6,300.7,132.1,57.72,1.0,-1,-1,-1
236,15,545.48,263.37,18.42,39.5,1.0,-1,-1,-1
236,16,487.92,247.41,15.5,32.25,1.0,-1,-1,-1
236,17,574.63,221.79,17.11,32.56,1.0,-1,-1,-1
236,19,162.33,157.94,22.33,19.88,1.0,-1,-1,-1
236,20,520.35,275.4,22.07,42.13,1.0,-1,-1,-1
236,22,156.8,176.35,25.79,21.08,1.0,-1,-1,-1
236,23,491.47,155.3,11.74,19.94,1.0,-1,-1,-1
236,24,219.79,244.67,30.54,38.85,1.0,-1,-1,-1
236,29,289.26,118.49,10,13.07,1.0,-1,-1,-1
236,37,301.72,123.73,14.42,12.8,1.0,-1,-1,-1
236,38,388.72,132.4,16.03,14.46,1.0,-1,-1,-1
236,39,413.58,126.44,15.4,13.2,1.0,-1,-1,-1
237,1,418.06,213,49.21,43.3,1.0,-1,-1,-1
237,2,499.11,176.5,30.75,28.7,1.0,-1,-1,-1
237,3,433.35,151.11,27.55,21.28,1.0,-1,-1,-1
237,4,458.04,133.22,31.46,25.48,1.0,-1,-1,-1
237,5,0,200.86,217.72,159.14,1.0,-1,-1,-1
237,6,236.38,174.24,29.52,25.68,1.0,-1,-1,-1
237,7,308,300,130.8,56.74,1.0,-1,-1,-1
237,15,545.61,263.67,18.46,41.62,1.0,-1,-1,-1
237,16,488.07,247.45,15.68,32.02,1.0,-1,-1,-1
237,17,575.65,222.66,16.68,32.84,1.0,-1,-1,-1
237,19,163.2,157.18,22.36,19.69,1.0,-1,-1,-1
237,20,520.8,275.67,22.05,41.92,1.0,-1,-1,-1
237,22,156.86,176.61,25.73,20.98,1.0,-1,-1,-1
237,23,492.22,155.67,11.36,19.02,1.0,-1,-1,-1
237,24,218.86,243.97,30.93,38.58,1.0,-1,-1,-1
237,29,289.81,117.89,10,12.89,1.0,-1,-1,-1
237,37,301.55,123.77,14.46,12.78,1.0,-1,-1,-1
237,38,388.46,132.17,16.27,14.71,1.0,-1,-1,-1
237,39,413.45,126.31,15.14,13.48,1.0,-1,-1,-1
238,1,417.73,212.99,49.76,44.01,1.0,-1,-1,-1
238,2,499.61,176,30.8,29.72,1.0,-1,-1,-1
238,3,433.93,151.42,27.47,21.32,1.0,-1,-1,-1
238,4,458.04,133.22,31.46,25.48,1.0,-1,-1,-1
238,5,4.05,200.58,211.12,155.32,1.0,-1,-1,-1
238,6,237.95,173.4,29.42,25.52,1.0,-1,-1,-1
238,7,303.8,297.6,130.5,57.6,1.0,-1,-1,-1
238,15,545.54,264.24,18.81,42.81,1.0,-1,-1,-1
238,16,488.65,248.03,15.37,31.94,1.0,-1,-1,-1
238,17,577.5,224.23,16.28,33.02,1.0,-1,-1,-1
238,19,163.21,157.27,21.95,19.5,1.0,-1,-1,-1
238,20,520.94,274.01,21.75,42.57,1.0,-1,-1,-1
238,22,157.1,175.48,25.34,20.73,1.0,-1,-1,-1
238,23,492.87,156.37,11.17,19.48,1.0,-1,-1,-1
238,24,216.63,242.62,32.06,39.04,1.0,-1,-1,-1
238,29,290.06,117.75,10,12.74,1.0,-1,-1,-1
238,37,301.65,123.75,14.29,12.59,1.0,-1,-1,-1
238,38,388.75,133.42,16.21,14.24,1.0,-1,-1,-1
238,39,413.05,126.53,15.94,13.85,1.0,-1,-1,-1
239,1,418.51,214.04,49.49,43.93,1.0,-1,-1,-1
239,2,497.88,176.1,35.77,30.94,1.0,-1,-1,-1
239,3,434.12,151.87,27.55,21.51,1.0,-1,-1,-1
239,4,460.35,134.77,30.96,25.11,1.0,-1,-1,-1
239,5,4.56,198.24,204.66,158.15,1.0,-1,-1,-1
239,6,239.58,171.87,28.69,24.87,1.0,-1,-1,-1
239,7,296.2,295.6,127.8,56.85,1.0,-1,-1,-1
239,15,545.12,264.1,18.98,41.88,1.0,-1,-1,-1
239,16,488.62,248.68,15.63,33.1,1.0,-1,-1,-1
239,17,579.45,225.52,17.19,33.44,1.0,-1,-1,-1
239,19,163.24,156.46,21.95,19.52,1.0,-1,-1,-1
239,20,520.42,274.32,21.64,42.93,1.0,-1,-1,-1
239,22,156.23,174.72,25.21,20.68,1.0,-1,-1,-1
239,23,493.91,157.62,11.1,18.16,1.0,-1,-1,-1
239,24,218.36,240.85,33.52,39.48,1.0,-1,-1,-1
239,29,289.91,117.38,10,12.83,1.0,-1,-1,-1
239,37,302.99,122.92,13.95,12.44,1.0,-1,-1,-1
239,38,388.77,133.14,16.12,14.64,1.0,-1,-1,-1
239,39,413.33,127.54,15.12,13.68,1.0,-1,-1,-1
240,1,419.22,215.11,49.08,43.56,1.0,-1,-1,-1
240,2,497.88,178.5,35.77,28.54,1.0,-1,-1,-1
240,3,434.5,152.42,27.26,21.46,1.0,-1,-1,-1
240,4,459.88,134.58,31.36,25.64,1.0,-1,-1,-1
240,5,5.57,197.53,200.18,156.31,1.0,-1,-1,-1
240,6,239.75,170.91,28.62,24.91,1.0,-1,-1,-1
240,7,294.2,295.9,122.3,54.98,1.0,-1,-1,-1
240,15,544.68,264.28,20.06,40.43,1.0,-1,-1,-1
240,16,487.98,248.98,16.16,33.28,1.0,-1,-1,-1
240,17,580.61,226.99,17.96,32.84,1.0,-1,-1,-1
240,19,163.42,156.27,21.23,19.19,1.0,-1,-1,-1
240,20,520.33,275.22,22.6,42.37,1.0,-1,-1,-1
240,22,156.13,173.54,25.56,20.84,1.0,-1,-1,-1
240,23,494.13,157.82,12.18,20.39,1.0,-1,-1,-1
240,24,215.17,240.06,33.78,38.62,1.0,-1,-1,-1
240,29,290.26,117.95,10,12.5,1.0,-1,-1,-1
240,37,302.53,122.98,13.88,12.47,1.0,-1,-1,-1
240,38,388.95,133.35,16.3,14.8,1.0,-1,-1,-1
240,39,414.63,127.41,14.45,13.64,1.0,-1,-1,-1
241,1,419.14,215.26,49.72,44.24,1.0,-1,-1,-1
241,2,498.94,179.2,35.5,28.59,1.0,-1,-1,-1
241,3,434.82,152.78,27.02,21.42,1.0,-1,-1,-1
241,4,460.15,134.56,31.42,25.85,1.0,-1,-1,-1
241,5,3.53,196.64,197.96,157,1.0,-1,-1,-1
241,6,240.76,170.12,28.85,25.07,1.0,-1,-1,-1
241,7,289.4,296.2,124.2,53.9,1.0,-1,-1,-1
241,15,544.55,264.96,20.13,42.63,1.0,-1,-1,-1
241,16,488.1,249.07,16.02,33.33,1.0,-1,-1,-1
241,17,581.99,227.16,17.81,33.33,1.0,-1,-1,-1
241,19,163.67,155.5,21.23,19.27,1.0,-1,-1,-1
241,20,520.39,275.17,22.6,42.26,1.0,-1,-1,-1
241,22,156.2,173.69,25.05,20.64,1.0,-1,-1,-1
241,23,493.87,157.93,12.32,20.7,1.0,-1,-1,-1
241,24,215.86,239.12,35.68,38.69,1.0,-1,-1,-1
241,29,290.54,117.96,10,12.48,1.0,-1,-1,-1
241,37,303.15,122.71,14.07,12.58,1.0,-1,-1,-1
241,38,389.01,133.24,16.22,14.72,1.0,-1,-1,-1
241,39,414.01,127.72,15.66,13.83,1.0,-1,-1,-1
242,1,419.32,215.42,50.11,44.68,1.0,-1,-1,-1
242,2,499.99,180.3,35.23,28.23,1.0,-1,-1,-1
242,3,434.94,153.06,26.83,21.39,1.0,-1,-1,-1
242,4,460.94,135.16,30.93,25.52,1.0,-1,-1,-1
242,5,2.74,196.79,195.93,158.7,1.0,-1,-1,-1
242,6,241.24,169.65,28.46,24.79,1.0,-1,-1,-1
242,7,288.2,292.9,120.8,55.34,1.0,-1,-1,-1
242,15,544.96,264.53,20.04,42.39,1.0,-1,-1,-1
242,16,488.33,249.47,16.11,33.22,1.0,-1,-1,-1
242,17,583.19,227.74,17.36,34.15,1.0,-1,-1,-1
242,19,163.94,155.24,21.6,19.28,1.0,-1,-1,-1
242,20,520.44,275.26,23,42.09,1.0,-1,-1,-1
242,22,157.17,172.66,24.23,20.16,1.0,-1,-1,-1
242,23,495.15,158.26,11.59,20.5,1.0,-1,-1,-1
242,24,215.58,238.2,32.82,38.6,1.0,-1,-1,-1
242,29,290.32,117.55,10,12.16,1.0,-1,-1,-1
242,37,303.05,121.94,13.83,12.39,1.0,-1,-1,-1
242,38,388.72,134.34,16.44,14.45,1.0,-1,-1,-1
242,39,414.13,127.31,15.62,14.12,1.0,-1,-1,-1
243,1,419.4,215.39,50.49,45.1,1.0,-1,-1,-1
243,2,501.05,179.5,34.96,29.78,1.0,-1,-1,-1
243,3,434.84,153.37,27.05,21.54,1.0,-1,-1,-1
243,4,461.53,135.42,30.94,25.54,1.0,-1,-1,-1
243,5,4.43,194.92,191.13,157.97,1.0,-1,-1,-1
243,6,242.06,169.15,28.61,24.84,1.0,-1,-1,-1
243,7,284.7,291.1,119.9,55.7,1.0,-1,-1,-1
243,15,545.08,264.52,19.75,41.07,1.0,-1,-1,-1
243,16,488.86,250.21,16.22,33.2,1.0,-1,-1,-1
243,17,584.41,228.28,17.31,34.34,1.0,-1,-1,-1
243,19,163.92,155.14,21.56,19.46,1.0,-1,-1,-1
243,20,520.8,274.72,22.72,42.64,1.0,-1,-1,-1
243,22,156.76,172.47,24.93,20.74,1.0,-1,-1,-1
243,23,496.24,158.16,11.55,20.92,1.0,-1,-1,-1
243,24,205.5,236.8,41.1,38.84,1.0,-1,-1,-1
243,29,291.07,116.94,10,12.22,1.0,-1,-1,-1
243,37,303.4,122.4,14.12,12.33,1.0,-1,-1,-1
243,38,389.65,134.42,16.53,14.42,1.0,-1,-1,-1
243,39,415.3,127.67,15.8,14.28,1.0,-1,-1,-1
244,1,419.36,215.35,51.18,45.84,1.0,-1,-1,-1
244,2,501.05,179.7,34.96,29.58,1.0,-1,-1,-1
244,3,435.1,153.89,26.8,21.39,1.0,-1,-1,-1
244,4,461.6,135.67,30.72,25.38,1.0,-1,-1,-1
244,5,4.86,196.99,186.62,157.47,1.0,-1,-1,-1
244,6,242.91,168.63,28.86,24.95,1.0,-1,-1,-1
244,7,279.1,290,121.1,55.51,1.0,-1,-1,-1
244,8,403.4,119.6,14.38,12.82,1.0,-1,-1,-1
244,15,545.6,264.4,19.93,39.62,1.0,-1,-1,-1
244,16,488.41,250.46,16.17,33.35,1.0,-1,-1,-1
244,17,585.7,228.9,17.45,35.65,1.0,-1,-1,-1
244,19,163.47,154.47,21.45,19.1,1.0,-1,-1,-1
244,20,520.48,274.01,22.36,43.55,1.0,-1,-1,-1
244,22,156.54,172.95,24.3,20.39,1.0,-1,-1,-1
244,23,496.68,158.49,11.19,21.36,1.0,-1,-1,-1
244,24,206.6,232.2,42.2,42.57,1.0,-1,-1,-1
244,29,290.84,117.44,10,12.11,1.0,-1,-1,-1
244,37,303.86,121.66,14.08,12.3,1.0,-1,-1,-1
244,38,389.7,134.47,16.54,14.9,1.0,-1,-1,-1
244,39,415.21,127.82,15.34,14.2,1.0,-1,-1,-1
245,1,419.87,215.93,50.43,45.12,1.0,-1,-1,-1
245,2,501.37,180.3,36.95,29.99,1.0,-1,-1,-1
245,3,435.56,154.47,26.56,21.27,1.0,-1,-1,-1
245,4,461.78,135.93,30.71,25.37,1.0,-1,-1,-1
245,5,5.23,191.39,183.48,160.97,1.0,-1,-1,-1
245,6,243.64,168.03,29.24,25.23,1.0,-1,-1,-1
245,7,278.7,287.8,116.3,56.42,1.0,-1,-1,-1
245,8,405.4,120.5,12.46,12.05,1.0,-1,-1,-1
245,15,544.44,264.8,20.7,40.34,1.0,-1,-1,-1
245,16,488.93,250.81,16.28,33.6,1.0,-1,-1,-1
245,17,586.78,229.31,18.08,35.56,1.0,-1,-1,-1
245,19,163.61,153.78,21.48,19.22,1.0,-1,-1,-1
245,20,520.44,273.89,22.43,44.13,1.0,-1,-1,-1
245,22,155.62,171.81,25.92,20.16,1.0,-1,-1,-1
245,23,497.36,159.24,11.52,20.59,1.0,-1,-1,-1
245,24,206.67,232.9,42.04,39.13,1.0,-1,-1,-1
245,29,290.74,117.63,10,12.3,1.0,-1,-1,-1
245,37,303.52,121.39,14.18,12.46,1.0,-1,-1,-1
245,38,389.13,134.2,16.84,14.98,1.0,-1,-1,-1
245,39,415.45,128.59,15.69,14.52,1.0,-1,-1,-1
246,1,420.07,216.54,50.35,45.03,1.0,-1,-1,-1
246,2,501.37,180.1,36.95,30.19,1.0,-1,-1,-1
246,3,436,154.96,26.21,21.03,1.0,-1,-1,-1
246,4,461.75,136.02,30.93,25.56,1.0,-1,-1,-1
246,5,3.89,194.01,181.87,158.81,1.0,-1,-1,-1
246,6,244.44,167.46,29.33,25.22,1.0,-1,-1,-1
246,7,276,286.2,115.6,56.4,1.0,-1,-1,-1
246,8,404.6,120.1,13.36,12.51,1.0,-1,-1,-1
246,15,545.14,265.25,20.48,41.55,1.0,-1,-1,-1
246,16,488.1,251.39,16.13,33.46,1.0,-1,-1,-1
246,17,587.63,229.45,18.04,36.06,1.0,-1,-1,-1
246,19,163.69,153.69,21.25,18.96,1.0,-1,-1,-1
246,20,520.15,273.35,22.29,44.02,1.0,-1,-1,-1
246,22,155.09,171.33,25.54,20.81,1.0,-1,-1,-1
246,23,497.52,159,11.14,19.87,1.0,-1,-1,-1
246,24,207.91,231.31,42.14,38,1.0,-1,-1,-1
246,29,290.92,116.72,10,12.47,1.0,-1,-1,-1
246,37,303.72,121.45,14.18,12.35,1.0,-1,-1,-1
246,38,389.31,134.77,16.72,14.96,1.0,-1,-1,-1
246,39,415.39,128.42,15.68,13.99,1.0,-1,-1,-1
247,1,420.17,217.04,50.62,45.3,1.0,-1,-1,-1
247,2,502.21,179.5,36.09,31.2,1.0,-1,-1,-1
247,3,436.1,155.01,26.58,21.4,1.0,-1,-1,-1
247,4,462.05,136.36,30.8,25.38,1.0,-1,-1,-1
247,5,5.3,194.4,177.45,159.39,1.0,-1,-1,-1
247,6,245.01,166.84,28.95,24.81,1.0,-1,-1,-1
247,7,272.4,285.8,113.9,56.32,1.0,-1,-1,-1
247,8,404.3,120.2,13.67,12.32,1.0,-1,-1,-1
247,15,544.73,263.79,20.07,40.24,1.0,-1,-1,-1
247,16,488.62,252.16,16.18,32.42,1.0,-1,-1,-1
247,17,589.42,231.12,18.34,34.97,1.0,-1,-1,-1
247,19,164.31,153.5,21.18,18.89,1.0,-1,-1,-1
247,20,520.68,273.29,22.7,45.01,1.0,-1,-1,-1
247,22,155.61,170.62,25.38,20.57,1.0,-1,-1,-1
247,23,497.52,160.06,11.24,20.14,1.0,-1,-1,-1
247,24,206.49,229.61,43.37,38.14,1.0,-1,-1,-1
247,27,383.66,123.89,17.13,15.99,1.0,-1,-1,-1
247,29,291.12,116.81,10,12.24,1.0,-1,-1,-1
247,37,304.23,121.12,14.12,12.28,1.0,-1,-1,-1
247,38,389.43,134.34,16.93,14.77,1.0,-1,-1,-1
247,39,415.07,128.56,15.81,13.98,1.0,-1,-1,-1
248,1,420.21,217.3,50.76,45.53,1.0,-1,-1,-1
248,2,503.06,179.95,35.24,31.15,1.0,-1,-1,-1
248,3,436.03,154.94,26.84,21.71,1.0,-1,-1,-1
248,4,462.74,136.9,30.32,24.87,1.0,-1,-1,-1
248,5,4.7,195,176.94,157.94,1.0,-1,-1,-1
248,6,245.85,165.83,28.65,24.42,1.0,-1,-1,-1
248,7,268.4,284.4,112.5,55.47,1.0,-1,-1,-1
248,8,405.5,120.3,12.53,12.14,1.0,-1,-1,-1
248,15,544.29,264.29,20.17,41.64,1.0,-1,-1,-1
248,16,488.35,252.42,16.06,32.14,1.0,-1,-1,-1
248,17,589.9,231.89,18.64,34.78,1.0,-1,-1,-1
248,19,164.29,152.72,20.9,18.6,1.0,-1,-1,-1
248,20,520.75,272.97,22.52,44.01,1.0,-1,-1,-1
248,22,155.84,170.83,25.11,20.3,1.0,-1,-1,-1
248,23,498.75,159.91,11.27,20.9,1.0,-1,-1,-1
248,24,203.96,229.03,44.22,38.27,1.0,-1,-1,-1
248,27,383.56,123.69,18.39,15.03,1.0,-1,-1,-1
248,29,291.73,116.24,10,12.39,1.0,-1,-1,-1
248,37,304.71,121.08,14.2,12.17,1.0,-1,-1,-1
248,38,390,134.94,16.64,14.87,1.0,-1,-1,-1
248,39,415.98,128.59,15.69,14.13,1.0,-1,-1,-1
249,1,420.65,218.15,50.31,45.17,1.0,-1,-1,-1
249,2,503.9,180.4,34.38,31.11,1.0,-1,-1,-1
249,3,436.55,155.32,26.53,21.53,1.0,-1,-1,-1
249,4,463.34,137.26,29.99,24.51,1.0,-1,-1,-1
249,5,4.51,193.9,174.68,157.64,1.0,-1,-1,-1
249,6,246.82,164.82,28.45,24.21,1.0,-1,-1,-1
249,7,265.5,284.5,112.5,53.47,1.0,-1,-1,-1
249,8,405,120.7,13.09,11.77,1.0,-1,-1,-1
249,15,544.79,264.22,19.88,41.9,1.0,-1,-1,-1
249,16,489.15,252.56,16.25,32.57,1.0,-1,-1,-1
249,17,592.13,233.34,18.87,35.01,1.0,-1,-1,-1
249,19,164.41,152.79,20.6,18.3,1.0,-1,-1,-1
249,20,520.19,273.42,22.67,43.76,1.0,-1,-1,-1
249,22,156.73,169.83,24.59,20.48,1.0,-1,-1,-1
249,23,499.31,160.59,11.49,20.83,1.0,-1,-1,-1
249,24,205.91,227.33,42.99,36.69,1.0,-1,-1,-1
249,26,80.54,340.65,99.7,19.2,1.0,-1,-1,-1
249,27,383.31,124.07,18.29,15.01,1.0,-1,-1,-1
249,29,291.32,116.66,10,12.45,1.0,-1,-1,-1
249,37,304.52,120.73,14.14,12.14,1.0,-1,-1,-1
249,38,389.47,134.57,16.59,14.88,1.0,-1,-1,-1
249,39,416.13,128.98,15.58,14.23,1.0,-1,-1,-1
250,1,419.84,217.31,51.75,46.69,1.0,-1,-1,-1
250,2,504.74,180,33.52,31.91,1.0,-1,-1,-1
250,3,436.82,155.66,26.7,21.82,1.0,-1,-1,-1
250,4,463.34,137.25,30.19,24.56,1.0,-1,-1,-1
250,5,5.93,193.4,171.07,162.98,1.0,-1,-1,-1
250,6,247.78,164.31,28.22,23.84,1.0,-1,-1,-1
250,7,265.4,284,107.7,52.77,1.0,-1,-1,-1
250,8,404.6,120.1,14.48,12.74,1.0,-1,-1,-1
250,15,544.79,264.26,20.05,41.19,1.0,-1,-1,-1
250,16,488.23,252.96,16.43,32.63,1.0,-1,-1,-1
250,17,593.07,234.48,18.28,35.11,1.0,-1,-1,-1
250,19,164.98,153.02,20.76,18.49,1.0,-1,-1,-1
250,20,519.67,273.46,22.33,43.7,1.0,-1,-1,-1
250,22,156.4,169.89,24.4,19.62,1.0,-1,-1,-1
250,23,499.54,160.81,11.51,21.54,1.0,-1,-1,-1
250,24,205.92,229.03,42.77,36.03,1.0,-1,-1,-1
250,26,72.01,339.32,106.76,20.61,1.0,-1,-1,-1
250,27,383.84,123.98,18.3,15.03,1.0,-1,-1,-1
250,29,292.25,115.71,10,12.73,1.0,-1,-1,-1
250,37,304.36,120.39,14.11,11.91,1.0,-1,-1,-1
250,38,389.39,135.42,16.8,14.81,1.0,-1,-1,-1
250,39,416.34,129,15.3,13.96,1.0,-1,-1,-1
251,1,419.65,217.03,52.54,47.67,1.0,-1,-1,-1
251,2,505.58,181.6,32.67,30.72,1.0,-1,-1,-1
251,3,437.04,155.71,26.98,22.23,1.0,-1,-1,-1
251,4,463.35,137.22,30.85,24.95,1.0,-1,-1,-1
251,5,0,194.7,173.9,150.4,1.0,-1,-1,-1
251,6,248.77,163.89,28.33,23.67,1.0,-1,-1,-1
251,7,260.4,284.7,108.6,50.59,1.0,-1,-1,-1
251,8,403.8,119.7,15.97,13.33,1.0,-1,-1,-1
251,15,544.13,264.49,20.34,42.27,1.0,-1,-1,-1
251,16,488.89,253.08,16.34,32.92,1.0,-1,-1,-1
251,17,595.17,235.33,18.75,34.9,1.0,-1,-1,-1
251,19,165.31,152.64,20.57,18.33,1.0,-1,-1,-1
251,20,520.52,274.41,22.24,42.74,1.0,-1,-1,-1
251,22,155.77,169.26,24.54,19.29,1.0,-1,-1,-1
251,23,499.59,161.16,11.68,21.73,1.0,-1,-1,-1
251,24,204.21,227.44,44.19,36.44,1.0,-1,-1,-1
251,26,61.14,338.03,113.47,21.96,1.0,-1,-1,-1
251,27,383.49,125,18.03,15.15,1.0,-1,-1,-1
251,29,291.75,115.08,10,13.03,1.0,-1,-1,-1
251,37,305.53,120.96,13.97,11.91,1.0,-1,-1,-1
251,38,390.03,135.98,16.85,14.78,1.0,-1,-1,-1
251,39,415.83,129.55,15.88,14.12,1.0,-1,-1,-1
252,1,419.88,217.29,52.71,48.08,1.0,-1,-1,-1
252,2,506.43,180.6,31.81,32.13,1.0,-1,-1,-1
252,3,437.17,155.8,27.07,22.47,1.0,-1,-1,-1
252,4,463.24,137.32,31.43,25.3,1.0,-1,-1,-1
252,5,0,194.2,171.44,152.2,1.0,-1,-1,-1
252,6,249.26,163.25,28.5,23.65,1.0,-1,-1,-1
252,7,261.9,281.8,102.8,52.46,1.0,-1,-1,-1
252,8,403.9,119.7,16.12,13.4,1.0,-1,-1,-1
252,15,544.61,264.17,20.28,41.42,1.0,-1,-1,-1
252,16,489.09,252.96,16.2,33.15,1.0,-1,-1,-1
252,17,596.32,236.42,17.6,34.92,1.0,-1,-1,-1
252,19,165.37,152.25,20.31,18.63,1.0,-1,-1,-1
252,20,520.16,274.58,22.3,42.49,1.0,-1,-1,-1
252,22,155.67,169.53,24.27,19.81,1.0,-1,-1,-1
252,23,500.75,161.18,11.85,21.61,1.0,-1,-1,-1
252,24,202.4,226.32,45.05,36.44,1.0,-1,-1,-1
252,26,50.18,337.71,114.91,22.25,1.0,-1,-1,-1
252,27,383.06,124.08,18.01,15.18,1.0,-1,-1,-1
252,29,291.89,115.26,10,12.8,1.0,-1,-1,-1
252,37,305.21,120.69,13.79,11.99,1.0,-1,-1,-1
252,38,389.74,135.64,17.03,14.89,1.0,-1,-1,-1
252,39,416.3,129.84,16.06,14.28,1.0,-1,-1,-1
253,1,419.98,217.39,52.89,48.48,1.0,-1,-1,-1
253,2,507.27,180.4,30.95,32.73,1.0,-1,-1,-1
253,3,437.38,156.12,26.83,22.41,1.0,-1,-1,-1
253,4,463.39,137.31,31.9,25.64,1.0,-1,-1,-1
253,5,0,192.6,167.7,153.2,1.0,-1,-1,-1
253,6,249.57,162.39,28.61,23.61,1.0,-1,-1,-1
253,7,255.4,279.4,106.2,53.27,1.0,-1,-1,-1
253,8,404.3,121.1,15.79,12.05,1.0,-1,-1,-1
253,15,544.07,264.45,20.47,43.03,1.0,-1,-1,-1
253,16,489.27,253.46,16.15,32.78,1.0,-1,-1,-1
253,17,597.44,236.69,18.5,34.83,1.0,-1,-1,-1
253,19,165.17,151.58,20.54,18.3,1.0,-1,-1,-1
253,20,519.82,274.36,22.4,42.8,1.0,-1,-1,-1
253,22,155.6,168.91,24.58,20.6,1.0,-1,-1,-1
253,23,500.38,161.7,11.95,20.72,1.0,-1,-1,-1
253,24,203.07,225.24,45.09,35.76,1.0,-1,-1,-1
253,26,43.15,337.27,116.25,22.57,1.0,-1,-1,-1
253,27,383.44,124.32,17.97,15.08,1.0,-1,-1,-1
253,29,292.72,115.73,10,12.86,1.0,-1,-1,-1
253,37,305.11,120.24,13.82,11.88,1.0,-1,-1,-1
253,38,389.62,135.32,16.97,15.13,1.0,-1,-1,-1
253,39,416.46,129.85,15.86,14.05,1.0,-1,-1,-1
254,1,420.14,217.37,52.98,48.84,1.0,-1,-1,-1
254,2,506.5,181.7,32.24,32.1,1.0,-1,-1,-1
254,3,437.72,156.34,26.75,22.46,1.0,-1,-1,-1
254,4,463.75,137.27,32.1,25.82,1.0,-1,-1,-1
254,5,0,192,165.94,151,1.0,-1,-1,-1
254,6,250.51,161.92,28.14,23.2,1.0,-1,-1,-1
254,7,256.4,279.9,102.3,50.87,1.0,-1,-1,-1
254,8,405.7,121.8,14.6,11.44,1.0,-1,-1,-1
254,15,544.82,264.38,19.79,41.68,1.0,-1,-1,-1
254,16,489.1,254.36,16.12,33.09,1.0,-1,-1,-1
254,17,598.39,237.53,18.58,35.03,1.0,-1,-1,-1
254,19,165.46,151.18,20.31,18.29,1.0,-1,-1,-1
254,20,519.49,274,22.37,43.07,1.0,-1,-1,-1
254,22,155.99,167.95,24.57,20.41,1.0,-1,-1,-1
254,23,501.24,161.05,11.71,20.87,1.0,-1,-1,-1
254,24,204.55,225.24,45.09,35.76,1.0,-1,-1,-1
254,26,36.32,336.43,117.56,22.92,1.0,-1,-1,-1
254,27,383.93,124.5,18.31,15.25,1.0,-1,-1,-1
254,29,293.01,114.38,10,13.12,1.0,-1,-1,-1
254,37,305.34,119.11,14.13,12.1,1.0,-1,-1,-1
254,38,390.15,135.35,16.65,15.42,1.0,-1,-1,-1
254,39,416.56,130.17,15.91,14.35,1.0,-1,-1,-1
255,1,421.37,219.45,51.12,47.12,1.0,-1,-1,-1
255,2,505.8,181,34.5,33.08,1.0,-1,-1,-1
255,3,437.92,156.53,26.57,22.42,1.0,-1,-1,-1
255,4,463.71,137.09,32.32,26.03,1.0,-1,-1,-1
255,5,4.21,191.1,160.41,149.6,1.0,-1,-1,-1
255,6,250.86,161.02,28.52,23.67,1.0,-1,-1,-1
255,7,255,278.4,100.6,50.86,1.0,-1,-1,-1
255,8,405.3,120.9,15.14,12.39,1.0,-1,-1,-1
255,15,544.39,264.41,19.43,42.15,1.0,-1,-1,-1
255,16,489.69,254.23,15.98,32.63,1.0,-1,-1,-1
255,17,599.13,238.35,19.7,34.85,1.0,-1,-1,-1
255,19,165.87,150.37,20.31,18.19,1.0,-1,-1,-1
255,20,519.72,274.9,23.21,41.79,1.0,-1,-1,-1
255,22,155.75,167.08,24.53,20.14,1.0,-1,-1,-1
255,23,502.04,161.87,11.51,21.47,1.0,-1,-1,-1
255,24,206.2,224.48,41.28,35.56,1.0,-1,-1,-1
255,26,25.61,335.03,123.31,24.16,1.0,-1,-1,-1
255,27,383.33,124.33,18.27,15.24,1.0,-1,-1,-1
255,29,292.78,114.45,10,13.15,1.0,-1,-1,-1
255,37,306.32,119.45,14.01,11.67,1.0,-1,-1,-1
255,38,390.44,135.77,16.96,15.26,1.0,-1,-1,-1
255,39,416.27,130.43,16.1,14.25,1.0,-1,-1,-1
256,1,422.26,220.63,50.12,46.15,1.0,-1,-1,-1
256,2,505.8,183.8,32.38,30.55,1.0,-1,-1,-1
256,3,437.95,156.54,26.74,22.69,1.0,-1,-1,-1
256,4,463.94,137.5,32.01,25.85,1.0,-1,-1,-1
256,5,0.19,191.1,156.31,150.78,1.0,-1,-1,-1
256,6,251.11,160.27,28.46,23.76,1.0,-1,-1,-1
256,7,249.7,276.7,107.8,51.13,1.0,-1,-1,-1
256,8,405,121.3,15.48,12.14,1.0,-1,-1,-1
256,15,544.63,264.73,19.25,41.93,1.0,-1,-1,-1
256,16,489.19,253.82,15.99,32.84,1.0,-1,-1,-1
256,17,600.51,238.66,19.47,35.18,1.0,-1,-1,-1
256,19,165.86,150.62,20.17,18.11,1.0,-1,-1,-1
256,20,519.8,274.5,22.49,42.37,1.0,-1,-1,-1
256,22,155.36,166.45,24.45,20.62,1.0,-1,-1,-1
256,23,502.35,161.76,12.02,22.39,1.0,-1,-1,-1
256,24,207.2,223.5,40.28,35.55,1.0,-1,-1,-1
256,26,15.87,333.45,130.46,25.79,1.0,-1,-1,-1
256,27,383.53,125.07,18.32,15.4,1.0,-1,-1,-1
256,29,292.65,114.39,10,13.2,1.0,-1,-1,-1
256,37,305.98,119.15,13.9,11.51,1.0,-1,-1,-1
256,38,390.28,136.28,16.59,15.36,1.0,-1,-1,-1
256,39,416.86,129.48,15.76,14.44,1.0,-1,-1,-1
257,1,421.26,219.33,51.86,47.99,1.0,-1,-1,-1
257,2,505.5,182.5,36.6,33.4,1.0,-1,-1,-1
257,3,438.2,156.78,26.65,22.71,1.0,-1,-1,-1
257,4,464.36,137.97,31.88,25.86,1.0,-1,-1,-1
257,5,0.9,191.1,157.18,147,1.0,-1,-1,-1
257,6,251.33,159.67,28.25,23.78,1.0,-1,-1,-1
257,7,249.3,275.4,96.6,51.49,1.0,-1,-1,-1
257,8,405.1,121.6,15.48,12.23,1.0,-1,-1,-1
257,15,544.34,264.24,19.47,41.38,1.0,-1,-1,-1
257,16,489.15,254.25,16.21,33.59,1.0,-1,-1,-1
257,17,602.27,239.46,19.19,35.92,1.0,-1,-1,-1
257,19,165.8,149.79,20.12,18.14,1.0,-1,-1,-1
257,20,519.71,274.4,22.33,42.41,1.0,-1,-1,-1
257,22,155.55,166.24,24.35,20.66,1.0,-1,-1,-1
257,23,502.92,162.29,11.92,21.98,1.0,-1,-1,-1
257,24,207,223.34,40.16,35.04,1.0,-1,-1,-1
257,26,8.51,332.57,133.04,26.53,1.0,-1,-1,-1
257,27,383.75,125.05,18.28,15.55,1.0,-1,-1,-1
257,29,292.66,114.3,10,13.25,1.0,-1,-1,-1
257,37,306.16,119.18,13.97,11.33,1.0,-1,-1,-1
257,38,390.33,136.45,16.96,15.55,1.0,-1,-1,-1
257,39,416.63,129.99,16.17,14.49,1.0,-1,-1,-1
258,1,420.58,218.66,53.23,49.57,1.0,-1,-1,-1
258,2,505.73,182.8,37.46,33.09,1.0,-1,-1,-1
258,3,438.52,157.04,26.59,22.74,1.0,-1,-1,-1
258,4,464.65,138.31,31.78,25.8,1.0,-1,-1,-1
258,5,0,189.7,155.13,156.46,1.0,-1,-1,-1
258,6,252.01,159.19,27.89,23.55,1.0,-1,-1,-1
258,7,247.9,275.2,96.1,50.71,1.0,-1,-1,-1
258,8,404.7,122.1,16.02,12.32,1.0,-1,-1,-1
258,15,543.8,264.64,19.68,42.77,1.0,-1,-1,-1
258,16,489.53,254.71,16,33.35,1.0,-1,-1,-1
258,17,604.43,240.53,19.2,36.13,1.0,-1,-1,-1
258,19,165.96,150.01,20.03,17.74,1.0,-1,-1,-1
258,20,521.05,275.38,22.07,42.24,1.0,-1,-1,-1
258,22,155.87,165.91,24.14,20.39,1.0,-1,-1,-1
258,23,503.69,162.08,12.6,22.44,1.0,-1,-1,-1
258,24,208.8,222.2,38,35.51,1.0,-1,-1,-1
258,26,2.83,331.69,135.17,27.25,1.0,-1,-1,-1
258,27,383.88,125.6,18.44,15.38,1.0,-1,-1,-1
258,29,292.93,114.5,10,13.24,1.0,-1,-1,-1
258,37,306.73,118.59,13.71,11.87,1.0,-1,-1,-1
258,38,390.45,136.24,16.93,15.17,1.0,-1,-1,-1
258,39,417.42,130.4,15.71,14.38,1.0,-1,-1,-1
259,1,422.23,222.12,50.41,46.77,1.0,-1,-1,-1
259,2,506.02,183.37,37.24,33.23,1.0,-1,-1,-1
259,3,438.81,157.64,26.29,22.48,1.0,-1,-1,-1
259,4,464.99,138.59,31.88,25.8,1.0,-1,-1,-1
259,5,0,189.7,153.49,142.84,1.0,-1,-1,-1
259,6,253.2,158.87,27.05,22.89,1.0,-1,-1,-1
259,7,245.5,274.2,94.8,50.63,1.0,-1,-1,-1
259,8,405.7,121.8,14.98,12.89,1.0,-1,-1,-1
259,15,543.87,264.03,20.04,41.13,1.0,-1,-1,-1
259,16,489.36,256.17,15.93,33.82,1.0,-1,-1,-1
259,17,604.94,241.16,19.87,36.68,1.0,-1,-1,-1
259,19,166.61,149.76,20.02,17.96,1.0,-1,-1,-1
259,20,520.38,273.32,22.18,43.04,1.0,-1,-1,-1
259,22,156.29,165.13,24.43,21,1.0,-1,-1,-1
259,23,503.74,162.21,12.76,22.19,1.0,-1,-1,-1
259,24,208.5,221.39,39.62,34.71,1.0,-1,-1,-1
259,26,0,330.3,134.52,28.59,1.0,-1,-1,-1
259,27,383.27,125.16,18.5,15.29,1.0,-1,-1,-1
259,29,293.32,114.31,10,13.38,1.0,-1,-1,-1
259,37,306.87,118.65,13.44,11.56,1.0,-1,-1,-1
259,38,390.25,136.45,16.7,15.44,1.0,-1,-1,-1
259,39,417.31,130.57,15.9,14.11,1.0,-1,-1,-1
260,1,422.79,223.42,49.69,45.99,1.0,-1,-1,-1
260,2,505.98,183.57,37.69,33.75,1.0,-1,-1,-1
260,3,439.17,158.1,25.89,22.06,1.0,-1,-1,-1
260,4,465.06,138.66,32.22,26.07,1.0,-1,-1,-1
260,5,0.3,190.5,149.21,143.4,1.0,-1,-1,-1
260,6,255.2,159,25.02,21.11,1.0,-1,-1,-1
260,7,240.72,273.6,97.58,50.02,1.0,-1,-1,-1
260,8,406.1,121.4,14.58,13.24,1.0,-1,-1,-1
260,15,544.5,264.25,19.84,41.23,1.0,-1,-1,-1
260,16,489.79,255.44,15.74,33.96,1.0,-1,-1,-1
260,17,606.61,241.68,19.09,36.79,1.0,-1,-1,-1
260,19,166.71,149.51,19.68,17.83,1.0,-1,-1,-1
260,20,520.92,274.28,22.01,42.95,1.0,-1,-1,-1
260,22,155.8,164.77,23.92,20.99,1.0,-1,-1,-1
260,23,503.7,162.38,12.43,22.19,1.0,-1,-1,-1
260,24,208.68,220.7,38.52,35.33,1.0,-1,-1,-1
260,26,0,328.98,137.23,29.56,1.0,-1,-1,-1
260,27,383.57,125.63,18.35,15.36,1.0,-1,-1,-1
260,29,293.7,114.08,10,13.24,1.0,-1,-1,-1
260,37,306.83,118.8,13.6,11.52,1.0,-1,-1,-1
260,38,389.96,136.74,17.21,15.65,1.0,-1,-1,-1
260,39,417.31,130.55,16.37,14.3,1.0,-1,-1,-1
261,1,422.93,223.91,49.64,45.87,1.0,-1,-1,-1
261,2,506.45,184.02,37.5,34.19,1.0,-1,-1,-1
261,3,439.25,158.27,26.05,22.14,1.0,-1,-1,-1
261,4,464.8,138.51,32.71,26.46,1.0,-1,-1,-1
261,5,4.38,185.9,145.14,151.1,1.0,-1,-1,-1
261,6,256.58,158.72,24.59,20.5,1.0,-1,-1,-1
261,7,239.87,272.2,94.23,49.54,1.0,-1,-1,-1
261,8,405.03,121.02,14.97,13.48,1.0,-1,-1,-1
261,15,543.64,264.47,20.27,41.36,1.0,-1,-1,-1
261,16,489.81,256.6,15.95,33.44,1.0,-1,-1,-1
261,17,607.2,242.41,20.07,36.8,1.0,-1,-1,-1
261,19,166.7,148.95,19.7,17.53,1.0,-1,-1,-1
261,20,520.69,274.52,21.84,42.18,1.0,-1,-1,-1
261,22,156.93,164.18,23.49,19.19,1.0,-1,-1,-1
261,23,504.84,162.65,12.15,22.95,1.0,-1,-1,-1
261,24,212.1,219.3,35.6,34.89,1.0,-1,-1,-1
261,26,0,327.29,136.15,31.79,1.0,-1,-1,-1
261,27,383.74,125.07,18.34,15.39,1.0,-1,-1,-1
261,29,293,113.69,10,13.1,1.0,-1,-1,-1
261,37,306.88,117.43,13.56,11.68,1.0,-1,-1,-1
261,38,390.39,136.68,17.07,15.55,1.0,-1,-1,-1
261,39,417.34,131.08,15.98,14.58,1.0,-1,-1,-1
262,1,423.15,224.53,49.54,45.69,1.0,-1,-1,-1
262,2,506.69,184.01,37.67,33.86,1.0,-1,-1,-1
262,3,439.29,158.45,26.49,22.53,1.0,-1,-1,-1
262,4,464.71,138.46,33.03,26.76,1.0,-1,-1,-1
262,5,3.13,187.8,143.12,148.95,1.0,-1,-1,-1
262,6,257.04,158.07,24.85,20.62,1.0,-1,-1,-1
262,7,237.53,271.7,93.87,48.91,1.0,-1,-1,-1
262,8,405.1,120.6,15.37,14.03,1.0,-1,-1,-1
262,15,543.63,264.06,19.87,40.74,1.0,-1,-1,-1
262,16,490.13,256.56,15.83,33.74,1.0,-1,-1,-1
262,17,608.74,243.76,20.16,37.33,1.0,-1,-1,-1
262,19,166.26,148.31,19.54,17.31,1.0,-1,-1,-1
262,20,519.97,274.67,22.32,41.61,1.0,-1,-1,-1
262,22,156.67,164.3,23.37,19.24,1.0,-1,-1,-1
262,23,505.23,162.54,11.85,22.61,1.0,-1,-1,-1
262,24,210.1,218.8,38.1,35.39,1.0,-1,-1,-1
262,26,0,325.51,139.98,34.01,1.0,-1,-1,-1
262,27,384.08,125.72,18.4,15.44,1.0,-1,-1,-1
262,29,293.41,113.75,10,13.19,1.0,-1,-1,-1
262,37,307.28,117.88,13.28,11.79,1.0,-1,-1,-1
262,38,390.84,136.82,17.34,15.4,1.0,-1,-1,-1
262,39,417.27,130.68,15.75,14.76,1.0,-1,-1,-1
263,1,422.85,224.52,50.17,46.23,1.0,-1,-1,-1
263,2,507.34,184.69,37.97,34.42,1.0,-1,-1,-1
263,3,439.44,158.65,26.61,22.72,1.0,-1,-1,-1
263,4,464.61,138.4,33.18,26.91,1.0,-1,-1,-1
263,5,4.27,187.2,139.64,147.71,1.0,-1,-1,-1
263,6,257.52,157.36,25.25,20.97,1.0,-1,-1,-1
263,7,236.94,271.1,87.36,47.56,1.0,-1,-1,-1
263,8,405.8,121.1,15.09,13.87,1.0,-1,-1,-1
263,15,543.15,264.39,20.34,41.66,1.0,-1,-1,-1
263,16,490.42,256.89,15.79,33.64,1.0,-1,-1,-1
263,17,609.97,244.47,19.75,37.93,1.0,-1,-1,-1
263,19,166.23,148.59,19.96,17.86,1.0,-1,-1,-1
263,20,519.46,274.52,22.3,41.61,1.0,-1,-1,-1
263,22,156.52,164.21,23.02,18.8,1.0,-1,-1,-1
263,23,505.37,163.08,11.75,22.32,1.0,-1,-1,-1
263,24,210.64,218.3,38.06,33.34,1.0,-1,-1,-1
263,26,0,325.51,139.98,34.01,1.0,-1,-1,-1
263,27,383.67,125.49,18.32,15.67,1.0,-1,-1,-1
263,29,293.81,113.79,10,13.3,1.0,-1,-1,-1
263,37,307.76,117.2,13.13,11.7,1.0,-1,-1,-1
263,38,390.52,136.88,17.23,15.73,1.0,-1,-1,-1
263,39,417.29,130.83,15.96,14.67,1.0,-1,-1,-1
264,1,422.64,224.59,50.72,46.77,1.0,-1,-1,-1
264,2,508.22,184.68,38.06,34.73,1.0,-1,-1,-1
264,3,439.83,158.89,26.78,23,1.0,-1,-1,-1
264,4,464.39,138.09,33.9,27.62,1.0,-1,-1,-1
264,5,4.4,186.1,138.43,152.12,1.0,-1,-1,-1
264,6,258.08,156.45,25.86,21.54,1.0,-1,-1,-1
264,7,235.93,269.9,86.27,47.5,1.0,-1,-1,-1
264,8,406.5,121.5,14.3,13.49,1.0,-1,-1,-1
264,15,543.38,263.44,20.22,40.34,1.0,-1,-1,-1
264,16,490.96,256.49,15.96,34.36,1.0,-1,-1,-1
264,17,611.7,245.19,19.37,37.13,1.0,-1,-1,-1
264,19,166.51,147.71,19.99,18.01,1.0,-1,-1,-1
264,20,520.41,275.09,21.76,41.62,1.0,-1,-1,-1
264,22,156.47,163.45,23.01,18.8,1.0,-1,-1,-1
264,23,505.08,163.58,11.93,21.35,1.0,-1,-1,-1
264,26,0,323.44,146.16,35.98,1.0,-1,-1,-1
264,27,383.87,125.36,18.73,16.17,1.0,-1,-1,-1
264,29,293.78,113.87,10,13.1,1.0,-1,-1,-1
264,37,307.94,116.73,13.05,11.7,1.0,-1,-1,-1
264,38,390.35,137.46,17.13,15.71,1.0,-1,-1,-1
264,39,417.71,131.25,16.56,14.6,1.0,-1,-1,-1
265,1,422.41,224.67,51.13,47.21,1.0,-1,-1,-1
265,2,508.28,184.65,37.81,34.88,1.0,-1,-1,-1
265,3,439.99,159.02,26.77,23.1,1.0,-1,-1,-1
265,4,464.45,138.08,34.16,27.97,1.0,-1,-1,-1
265,5,4.5,184.7,137.56,144.68,1.0,-1,-1,-1
265,6,258.71,155.68,26.24,21.84,1.0,-1,-1,-1
265,7,234.92,269,84.18,46.71,1.0,-1,-1,-1
265,8,405.6,122.6,15.44,12.81,1.0,-1,-1,-1
265,15,543.7,263.6,20.09,39.69,1.0,-1,-1,-1
265,16,490.6,256.81,16.13,34.3,1.0,-1,-1,-1
265,17,613.14,245.53,19.57,37.01,1.0,-1,-1,-1
265,19,166.94,147.59,19.82,17.83,1.0,-1,-1,-1
265,20,520.27,274.37,22.16,42.54,1.0,-1,-1,-1
265,22,157.48,163.7,22.91,18.46,1.0,-1,-1,-1
265,23,506.13,164.52,11.95,22.32,1.0,-1,-1,-1
265,26,0,321.36,152.35,37.96,1.0,-1,-1,-1
265,27,383.46,125.57,18.91,16.16,1.0,-1,-1,-1
265,29,294.05,113.91,10,12.7,1.0,-1,-1,-1
265,37,308.31,117.33,13.01,11.3,1.0,-1,-1,-1
265,38,391.09,137.47,17.16,15.32,1.0,-1,-1,-1
265,39,418.03,131.31,16.09,14.55,1.0,-1,-1,-1
266,1,422.18,224.48,51.51,47.63,1.0,-1,-1,-1
266,2,508.51,184.84,38.1,35.2,1.0,-1,-1,-1
266,3,440.17,159.17,26.84,23.23,1.0,-1,-1,-1
266,4,464.63,138.02,34.33,28.23,1.0,-1,-1,-1
266,5,4.2,185.9,133.81,144.8,1.0,-1,-1,-1
266,6,259.29,155.41,26.09,21.69,1.0,-1,-1,-1
266,7,234.32,266.88,82.58,47.07,1.0,-1,-1,-1
266,8,406.8,122.6,14.39,13.18,1.0,-1,-1,-1
266,15,543.57,263.89,20.21,40.19,1.0,-1,-1,-1
266,16,490.35,257.35,15.94,34.33,1.0,-1,-1,-1
266,17,613.87,246.63,19.67,37.26,1.0,-1,-1,-1
266,19,167.23,147.01,19.82,17.75,1.0,-1,-1,-1
266,20,520.39,274.29,22.2,42.26,1.0,-1,-1,-1
266,22,157.02,162.43,22.95,19.01,1.0,-1,-1,-1
266,23,506.67,164.02,12.22,22.56,1.0,-1,-1,-1
266,24,211.8,216.26,45.57,33,1.0,-1,-1,-1
266,26,0,319.59,122.3,40.01,1.0,-1,-1,-1
266,27,383.56,125.19,18.92,16.03,1.0,-1,-1,-1
266,29,294.02,113,10,12.63,1.0,-1,-1,-1
266,37,308.63,116.7,12.82,11.48,1.0,-1,-1,-1
266,38,390.58,137.51,17.16,15.73,1.0,-1,-1,-1
266,39,417.97,131.84,16.1,14.71,1.0,-1,-1,-1
267,1,422.06,224.29,51.73,47.91,1.0,-1,-1,-1
267,2,508.56,185.69,37.82,35.07,1.0,-1,-1,-1
267,3,440.21,159.3,26.77,23.22,1.0,-1,-1,-1
267,4,464.77,138,34.25,28.28,1.0,-1,-1,-1
267,5,5.46,181.6,132.03,148.5,1.0,-1,-1,-1
267,6,259.46,155.33,26.06,21.64,1.0,-1,-1,-1
267,7,234.47,266.49,82.43,46.83,1.0,-1,-1,-1
267,8,406.1,121.8,15.11,13.98,1.0,-1,-1,-1
267,15,542.88,263.9,21.08,40.57,1.0,-1,-1,-1
267,16,490.85,256.74,15.94,34.37,1.0,-1,-1,-1
267,17,614.13,246.44,19.72,37,1.0,-1,-1,-1
267,19,166.58,147.39,19.96,17.53,1.0,-1,-1,-1
267,20,520.72,275.08,22.01,42.13,1.0,-1,-1,-1
267,22,156.95,162.89,22.91,18.93,1.0,-1,-1,-1
267,23,506.68,164.23,12.16,21.98,1.0,-1,-1,-1
267,24,212.11,216.06,45.73,33,1.0,-1,-1,-1
267,26,0,318.94,124.3,40.76,1.0,-1,-1,-1
267,27,383.31,125.36,18.88,16.12,1.0,-1,-1,-1
267,29,293.91,113.08,10,12.66,1.0,-1,-1,-1
267,37,308.88,117.17,12.8,11.53,1.0,-1,-1,-1
267,38,390.68,137.37,17.02,15.51,1.0,-1,-1,-1
267,39,417.83,131.34,15.89,14.7,1.0,-1,-1,-1
268,1,423.6,226.08,49.83,45.95,1.0,-1,-1,-1
268,2,509.66,185.31,38.31,35.3,1.0,-1,-1,-1
268,3,440.68,159.65,26.77,23.26,1.0,-1,-1,-1
268,4,465.33,138.18,34.19,28.27,1.0,-1,-1,-1
268,5,4.3,183.4,132.83,143.71,1.0,-1,-1,-1
268,6,260.07,155.15,25.82,21.41,1.0,-1,-1,-1
268,7,233.51,265.15,82.69,46.84,1.0,-1,-1,-1
268,8,405.3,121.5,15.91,14.38,1.0,-1,-1,-1
268,15,543.62,263.86,19.94,38.84,1.0,-1,-1,-1
268,16,490.65,257.55,16.24,34.33,1.0,-1,-1,-1
268,17,615.65,247.49,20.34,37.57,1.0,-1,-1,-1
268,19,166.56,146.81,20.02,17.55,1.0,-1,-1,-1
268,20,520.08,273.7,22.8,42.3,1.0,-1,-1,-1
268,22,156.73,161.98,22.9,19.19,1.0,-1,-1,-1
268,23,506.93,164.61,11.92,22.36,1.0,-1,-1,-1
268,24,213.62,215.49,38.48,32.8,1.0,-1,-1,-1
268,26,0,318.04,121.1,41.71,1.0,-1,-1,-1
268,27,383.86,125.62,19.22,16.05,1.0,-1,-1,-1
268,29,294.82,113.21,10,12.43,1.0,-1,-1,-1
268,37,309.3,116.23,12.86,11.65,1.0,-1,-1,-1
268,38,390.71,137.15,17.12,15.55,1.0,-1,-1,-1
268,39,418.59,132.35,17.24,14.55,1.0,-1,-1,-1
269,1,424.02,226.98,49.1,45.17,1.0,-1,-1,-1
269,2,510.41,186.69,38.26,35.18,1.0,-1,-1,-1
269,3,441.03,159.87,26.97,23.39,1.0,-1,-1,-1
269,4,465.79,138.78,34.01,28.15,1.0,-1,-1,-1
269,5,5.7,184.9,129.01,143.42,1.0,-1,-1,-1
269,6,260.64,155.14,25.25,20.87,1.0,-1,-1,-1
269,7,230.7,263.62,84.6,47.49,1.0,-1,-1,-1
269,8,406.2,121.8,14.52,14.48,1.0,-1,-1,-1
269,15,543.15,263.39,20.36,40.15,1.0,-1,-1,-1
269,16,490.64,257.27,16,34.66,1.0,-1,-1,-1
269,17,616.3,247.37,20.4,38.28,1.0,-1,-1,-1
269,19,167.42,146.35,20.13,17.95,1.0,-1,-1,-1
269,20,519.95,274.28,22.06,42.59,1.0,-1,-1,-1
269,22,157.23,161.07,22.64,18.72,1.0,-1,-1,-1
269,23,507.4,163.95,12.31,23.5,1.0,-1,-1,-1
269,24,214.83,214.48,36.37,31.96,1.0,-1,-1,-1
269,26,0,316.12,114.8,41.87,1.0,-1,-1,-1
269,27,384.16,125.52,19.12,16,1.0,-1,-1,-1
269,29,294.08,113.11,10,12.66,1.0,-1,-1,-1
269,37,309.52,115.79,12.84,11.39,1.0,-1,-1,-1
269,38,390.9,138.25,16.95,15.61,1.0,-1,-1,-1
269,39,418.34,132.29,16.89,14.85,1.0,-1,-1,-1
270,1,424.49,228.21,48.66,44.7,1.0,-1,-1,-1
270,2,510.48,187.68,38.41,34.78,1.0,-1,-1,-1
270,3,441.83,160.86,26.64,23.07,1.0,-1,-1,-1
270,4,467.6,140.21,33.18,27.52,1.0,-1,-1,-1
270,5,6.05,184.6,126.39,144.91,1.0,-1,-1,-1
270,6,260.99,154.48,25.72,21.21,1.0,-1,-1,-1
270,7,230.17,262.91,79.83,47.07,1.0,-1,-1,-1
270,8,406.4,122.4,15.12,14.65,1.0,-1,-1,-1
270,15,543.4,264.36,20.94,39.98,1.0,-1,-1,-1
270,16,490.43,258.18,16.25,34.34,1.0,-1,-1,-1
270,17,616.93,248.49,20.61,37.82,1.0,-1,-1,-1
270,19,167.96,146.77,19.33,17.14,1.0,-1,-1,-1
270,20,520.41,275.38,21.9,40.99,1.0,-1,-1,-1
270,22,156.39,162.08,22.99,18.59,1.0,-1,-1,-1
270,23,507.97,165.01,12.98,23.81,1.0,-1,-1,-1
270,24,214.73,213.71,39.17,31.51,1.0,-1,-1,-1
270,26,0,316.12,111.4,41.87,1.0,-1,-1,-1
270,27,383.56,125.89,19.45,16.24,1.0,-1,-1,-1
270,29,293.99,112.02,10,13.38,1.0,-1,-1,-1
270,37,309.54,116.79,12.92,11.35,1.0,-1,-1,-1
270,38,390.97,137.89,17.39,15.6,1.0,-1,-1,-1
270,39,418.87,132.83,16.75,15.08,1.0,-1,-1,-1
271,1,424.81,228.83,48.58,44.54,1.0,-1,-1,-1
271,2,511.59,187.81,38.31,35.43,1.0,-1,-1,-1
271,3,442.78,162.53,25.84,22.15,1.0,-1,-1,-1
271,4,468.53,140.69,33.31,27.72,1.0,-1,-1,-1
271,5,7.9,182.9,124.86,145.83,1.0,-1,-1,-1
271,6,259.77,153.35,25.85,21.33,1.0,-1,-1,-1
271,7,230.02,262.45,78.18,46.46,1.0,-1,-1,-1
271,8,406.4,122.9,15.26,14.93,1.0,-1,-1,-1
271,15,543.39,264.24,20.48,39.23,1.0,-1,-1,-1
271,16,490.58,259.27,16.49,34.47,1.0,-1,-1,-1
271,17,619.22,250.18,20.18,37.41,1.0,-1,-1,-1
271,19,167.44,147.01,18.86,17.23,1.0,-1,-1,-1
271,20,520.23,276.51,22.23,41.02,1.0,-1,-1,-1
271,22,157.86,161.37,22.42,18.46,1.0,-1,-1,-1
271,23,508.27,165.85,13.04,23.58,1.0,-1,-1,-1
271,24,213.46,213.38,39.54,30.83,1.0,-1,-1,-1
271,26,0,315.6,111.9,42.54,1.0,-1,-1,-1
271,27,383.57,126.11,19.52,16.21,1.0,-1,-1,-1
271,29,294.65,112.46,10,13.22,1.0,-1,-1,-1
271,37,309.68,116.67,13.17,11.49,1.0,-1,-1,-1
271,38,391.4,138.74,17.55,16.08,1.0,-1,-1,-1
271,39,418.53,133.06,17.36,14.96,1.0,-1,-1,-1
272,1,424.8,229.15,48.97,44.83,1.0,-1,-1,-1
272,2,512.32,188.16,38.7,35.74,1.0,-1,-1,-1
272,3,443.36,163.97,25.23,21.36,1.0,-1,-1,-1
272,4,469.14,141.25,33.05,27.57,1.0,-1,-1,-1
272,5,6.12,179.72,123.27,147.08,1.0,-1,-1,-1
272,6,261.64,153.25,25.7,21.11,1.0,-1,-1,-1
272,7,228.52,261.45,74.48,46.29,1.0,-1,-1,-1
272,8,406.5,123.3,15.19,14.8,1.0,-1,-1,-1
272,15,543.16,264.69,20.44,40.35,1.0,-1,-1,-1
272,16,491.25,259.47,16.7,34.64,1.0,-1,-1,-1
272,17,620.83,250.37,19.12,38.77,1.0,-1,-1,-1
272,19,167.56,145.67,19.51,17.41,1.0,-1,-1,-1
272,20,520.67,276.33,22.35,40.79,1.0,-1,-1,-1
272,22,156.76,161,22.84,18.37,1.0,-1,-1,-1
272,23,509.53,165.83,11.96,24.03,1.0,-1,-1,-1
272,24,214.81,212.93,35.09,30.45,1.0,-1,-1,-1
272,26,0,315.08,101.7,43.21,1.0,-1,-1,-1
272,27,383.58,126.49,19.64,16.21,1.0,-1,-1,-1
272,29,294.27,112.53,10,13.44,1.0,-1,-1,-1
272,37,309.85,115.64,12.78,11.77,1.0,-1,-1,-1
272,38,391.05,139,17.38,16.16,1.0,-1,-1,-1
272,39,419.02,132.8,17.23,15.15,1.0,-1,-1,-1
273,1,424.79,229.3,49.13,44.9,1.0,-1,-1,-1
273,2,512.36,188.6,38.45,35.32,1.0,-1,-1,-1
273,3,443.53,164.39,25.29,21.17,1.0,-1,-1,-1
273,4,469.61,141.58,32.77,27.36,1.0,-1,-1,-1
273,5,6.34,185.8,123.57,142.75,1.0,-1,-1,-1
273,6,262.44,152.52,25.1,20.5,1.0,-1,-1,-1
273,7,227.77,260.17,71.93,45.86,1.0,-1,-1,-1
273,8,406.7,123.6,13.9,12.4,1.0,-1,-1,-1
273,15,542.84,264.67,20.74,39.86,1.0,-1,-1,-1
273,16,490.45,259.15,16.91,34.97,1.0,-1,-1,-1
273,17,621.87,250.99,18.13,39.72,1.0,-1,-1,-1
273,19,167.55,145.16,19.35,17.7,1.0,-1,-1,-1
273,20,520.36,275.69,22.17,40.45,1.0,-1,-1,-1
273,22,157.39,160.29,22.99,18.61,1.0,-1,-1,-1
273,23,509.39,165.63,12.41,24.47,1.0,-1,-1,-1
273,24,216.47,211.54,43.81,31.07,1.0,-1,-1,-1
273,26,0,314.56,96.1,43.88,1.0,-1,-1,-1
273,27,383.73,126.7,19.4,16.26,1.0,-1,-1,-1
273,29,294.91,112.57,10,12.86,1.0,-1,-1,-1
273,37,309.78,115.38,12.98,11.65,1.0,-1,-1,-1
273,38,391.52,138.54,17.57,15.69,1.0,-1,-1,-1
273,39,418.76,133.7,17.64,15.18,1.0,-1,-1,-1
274,1,424.92,229.37,49.21,44.88,1.0,-1,-1,-1
274,2,513.21,188.38,38.43,35.41,1.0,-1,-1,-1
274,3,443.66,164.38,25.52,21.16,1.0,-1,-1,-1
274,4,469.82,141.26,33.38,27.94,1.0,-1,-1,-1
274,5,9.36,180.8,118.12,146.79,1.0,-1,-1,-1
274,6,263.07,151.79,24.7,20.18,1.0,-1,-1,-1
274,7,227.29,258.95,70.71,45.66,1.0,-1,-1,-1
274,8,407.5,123.1,14.51,14.63,1.0,-1,-1,-1
274,15,543.54,263,21.8,36.9,1.0,-1,-1,-1
274,16,491.29,259.52,16.62,34.97,1.0,-1,-1,-1
274,17,623.24,251.75,16.76,39.54,1.0,-1,-1,-1
274,19,167.88,144.86,19.56,17.43,1.0,-1,-1,-1
274,20,520.52,276.35,22.38,40.32,1.0,-1,-1,-1
274,22,157.6,159.5,22.62,18.5,1.0,-1,-1,-1
274,23,510.1,166.21,12.37,23.62,1.0,-1,-1,-1
274,24,216.47,211.54,43.81,31.07,1.0,-1,-1,-1
274,26,0,314.53,92.5,44.55,1.0,-1,-1,-1
274,27,383.73,126.6,19.53,16.37,1.0,-1,-1,-1
274,29,295.46,111.38,10,12.53,1.0,-1,-1,-1
274,37,310.16,114.46,13.08,11.66,1.0,-1,-1,-1
274,38,391.67,138.47,17.57,16.51,1.0,-1,-1,-1
274,39,419.09,132.46,17.52,15.46,1.0,-1,-1,-1
275,1,424.99,229.38,49.5,45.03,1.0,-1,-1,-1
275,2,513.48,188.13,38.78,36.19,1.0,-1,-1,-1
275,3,443.56,164.15,25.77,21.25,1.0,-1,-1,-1
275,4,470.24,141.28,33.22,27.75,1.0,-1,-1,-1
275,5,5.28,178.2,121.03,150.59,1.0,-1,-1,-1
275,6,263.46,151.22,24.67,20.15,1.0,-1,-1,-1
275,7,227.2,257.85,72.8,44.78,1.0,-1,-1,-1
275,8,406,123.3,16.03,14.22,1.0,-1,-1,-1
275,15,542.97,263.18,19.59,38.02,1.0,-1,-1,-1
275,16,490.67,259.44,16.74,35.13,1.0,-1,-1,-1
275,17,624.02,251.94,15.98,38.52,1.0,-1,-1,-1
275,19,168.08,144.7,19.15,17.46,1.0,-1,-1,-1
275,20,520.21,275.93,22.38,39.69,1.0,-1,-1,-1
275,22,157.12,158.78,22.6,18.39,1.0,-1,-1,-1
275,23,510.14,165.57,12.63,24.06,1.0,-1,-1,-1
275,24,216.65,209.74,44.2,31.37,1.0,-1,-1,-1
275,26,0,311.6,92.66,47.59,1.0,-1,-1,-1
275,27,383.78,126.58,19.48,16.41,1.0,-1,-1,-1
275,29,294.96,111.87,10,12.62,1.0,-1,-1,-1
275,37,310.85,114.38,12.78,11.51,1.0,-1,-1,-1
275,38,391.94,138.42,17.41,15.93,1.0,-1,-1,-1
275,39,419.49,132.74,17.75,15.26,1.0,-1,-1,-1
276,1,424.73,229.23,50.25,45.7,1.0,-1,-1,-1
276,2,514.49,188.72,39,36.54,1.0,-1,-1,-1
276,3,443.81,164.49,26.2,21.48,1.0,-1,-1,-1
276,4,470.67,141.66,33.07,27.55,1.0,-1,-1,-1
276,5,7.76,179.9,117.33,148.84,1.0,-1,-1,-1
276,6,264,150.77,24.89,20.33,1.0,-1,-1,-1
276,7,225.54,256.03,69.86,45.35,1.0,-1,-1,-1
276,8,406.4,123.7,15.47,13.49,1.0,-1,-1,-1
276,15,542.76,263.7,19.98,37.22,1.0,-1,-1,-1
276,16,490.56,259.19,16.65,35.15,1.0,-1,-1,-1
276,17,625.68,253.29,14.32,38.32,1.0,-1,-1,-1
276,19,168.38,144.59,18.87,17.31,1.0,-1,-1,-1
276,20,520.02,276.32,22.02,40.44,1.0,-1,-1,-1
276,22,157.49,159.6,22.16,18.04,1.0,-1,-1,-1
276,23,510.85,167.32,13.04,23.65,1.0,-1,-1,-1
276,24,216.83,207.94,44.6,31.66,1.0,-1,-1,-1
276,26,0,311.28,82.7,46.23,1.0,-1,-1,-1
276,27,383.88,127.13,19.48,16.23,1.0,-1,-1,-1
276,29,295.64,111.7,10,12.34,1.0,-1,-1,-1
276,37,311.17,114.73,12.91,11.52,1.0,-1,-1,-1
276,38,391.6,140.11,17.35,15.54,1.0,-1,-1,-1
276,39,419.82,133.76,17.78,15.23,1.0,-1,-1,-1
277,1,424.35,229.2,51.46,46.84,1.0,-1,-1,-1
277,2,515.23,190.97,38.97,35.97,1.0,-1,-1,-1
277,3,443.65,164.95,26.72,21.82,1.0,-1,-1,-1
277,4,469.21,140.51,35.38,29.6,1.0,-1,-1,-1
277,5,7.09,179.3,116.63,147.98,1.0,-1,-1,-1
277,6,265.05,151.21,24.54,20.01,1.0,-1,-1,-1
277,7,224.34,255.37,69.66,45.13,1.0,-1,-1,-1
277,8,407.2,124.2,15,13.04,1.0,-1,-1,-1
277,15,543.03,264.22,21.73,35.61,1.0,-1,-1,-1
277,16,491.97,260.85,16.4,35.31,1.0,-1,-1,-1
277,17,626.54,255.13,13.46,37.52,1.0,-1,-1,-1
277,19,168.2,145.22,19.19,17.04,1.0,-1,-1,-1
277,20,519.98,275.01,22.75,41.85,1.0,-1,-1,-1
277,22,157.31,158.76,22.6,17.96,1.0,-1,-1,-1
277,23,511.74,167.72,12.03,23.05,1.0,-1,-1,-1
277,24,216.83,207.94,44.6,31.66,1.0,-1,-1,-1
277,26,0,310.86,80.7,47.81,1.0,-1,-1,-1
277,27,384.32,127.26,18.19,15.91,1.0,-1,-1,-1
277,29,294.99,112.36,10,11.73,1.0,-1,-1,-1
277,37,311.13,115.58,12.22,11,1.0,-1,-1,-1
277,38,391.79,139.9,17.49,16.28,1.0,-1,-1,-1
277,39,419.92,134.66,16.52,15.05,1.0,-1,-1,-1
278,1,424.14,229.37,52.2,47.59,1.0,-1,-1,-1
278,2,515.53,192.01,39.2,35.89,1.0,-1,-1,-1
278,3,443.42,165.38,27.35,22.29,1.0,-1,-1,-1
278,4,468.8,141.08,35.47,29.57,1.0,-1,-1,-1
278,5,7.43,178.6,114.56,148.06,1.0,-1,-1,-1
278,6,265.1,150.74,24.69,20.25,1.0,-1,-1,-1
278,7,223.75,254.85,67.95,44.55,1.0,-1,-1,-1
278,8,406.86,123.85,15.14,14.45,1.0,-1,-1,-1
278,15,543.01,264.3,22.43,35.29,1.0,-1,-1,-1
278,16,491.74,260.75,16.54,35.29,1.0,-1,-1,-1
278,17,627.8,256.04,12.2,37.3,1.0,-1,-1,-1
278,19,168.12,144.53,19.18,17.31,1.0,-1,-1,-1
278,20,520.17,275.29,22.7,41.71,1.0,-1,-1,-1
278,22,157.8,159.68,22.53,17.57,1.0,-1,-1,-1
278,23,512.47,168.24,12.53,23.23,1.0,-1,-1,-1
278,24,216.97,207.23,44.6,31.66,1.0,-1,-1,-1
278,26,0,308.59,77.7,49.91,1.0,-1,-1,-1
278,27,384.38,128.04,18.69,16.31,1.0,-1,-1,-1
278,29,295.75,112.22,10,12.06,1.0,-1,-1,-1
278,37,311.8,115.19,12.14,10.94,1.0,-1,-1,-1
278,38,392.15,139.8,17.5,15.94,1.0,-1,-1,-1
278,39,419.72,134.59,17.06,14.66,1.0,-1,-1,-1
279,1,424.27,230.01,52.09,47.57,1.0,-1,-1,-1
279,2,515.9,192.08,39.18,36.06,1.0,-1,-1,-1
279,3,443.49,165.66,27.64,22.51,1.0,-1,-1,-1
279,4,468.76,141.36,35.64,29.56,1.0,-1,-1,-1
279,5,8.9,178.6,111.64,149.21,1.0,-1,-1,-1
279,6,265.19,149.97,24.59,20.34,1.0,-1,-1,-1
279,7,225.2,254,66.89,44.16,1.0,-1,-1,-1
279,8,405.2,122.4,17.31,15.17,1.0,-1,-1,-1
279,15,542.56,264.75,19.49,38.44,1.0,-1,-1,-1
279,16,491.05,261.2,16.8,35.44,1.0,-1,-1,-1
279,17,628.78,256.39,11.22,37.15,1.0,-1,-1,-1
279,19,168.22,144.81,19.03,17.33,1.0,-1,-1,-1
279,20,519.11,274.65,22.75,42.98,1.0,-1,-1,-1
279,22,158.05,159.33,22.36,17.64,1.0,-1,-1,-1
279,23,512.55,169.01,12.44,23.16,1.0,-1,-1,-1
279,24,217.11,206.53,44.6,31.66,1.0,-1,-1,-1
279,26,0,307.12,73.7,51.6,1.0,-1,-1,-1
279,27,384.31,127.63,18.59,16.09,1.0,-1,-1,-1
279,29,295.22,112.47,10,11.85,1.0,-1,-1,-1
279,37,311.8,113.99,12.15,11.57,1.0,-1,-1,-1
279,38,391.99,139.75,17.61,16.48,1.0,-1,-1,-1
279,39,419.87,134.97,17.23,15.39,1.0,-1,-1,-1
280,1,424.38,230.18,52.1,47.63,1.0,-1,-1,-1
280,2,516.72,191.97,39.49,36.53,1.0,-1,-1,-1
280,3,443.71,165.87,27.65,22.45,1.0,-1,-1,-1
280,4,470.55,141.71,35.34,29.3,1.0,-1,-1,-1
280,5,7.46,174.4,110.27,151.69,1.0,-1,-1,-1
280,6,265.34,149.15,24.65,20.62,1.0,-1,-1,-1
280,7,223.11,252.46,64.49,44.22,1.0,-1,-1,-1
280,8,406,123,16.57,14.52,1.0,-1,-1,-1
280,15,542.63,264.85,21.57,38.92,1.0,-1,-1,-1
280,16,492.29,261.65,16.76,35.35,1.0,-1,-1,-1
280,19,168.46,144.37,18.98,17.19,1.0,-1,-1,-1
280,20,519.76,275.32,23.31,41.92,1.0,-1,-1,-1
280,22,157.7,157.99,22.47,17.69,1.0,-1,-1,-1
280,23,512.7,168.16,12.13,23.85,1.0,-1,-1,-1
280,24,217.25,205.82,44.6,31.66,1.0,-1,-1,-1
280,26,0,305.64,69.5,53.56,1.0,-1,-1,-1
280,27,384.27,127.99,18.44,16.01,1.0,-1,-1,-1
280,29,295.39,111.87,10,11.68,1.0,-1,-1,-1
280,37,312.32,114.46,12.18,10.91,1.0,-1,-1,-1
280,38,391.9,139.61,17.6,16.74,1.0,-1,-1,-1
280,39,420.02,134.56,17.39,15.38,1.0,-1,-1,-1
281,1,424.4,230.23,52.07,47.66,1.0,-1,-1,-1
281,2,517.21,192.12,39.66,36.72,1.0,-1,-1,-1
281,3,443.86,165.84,27.71,22.45,1.0,-1,-1,-1
281,4,471.65,142.23,34.78,28.77,1.0,-1,-1,-1
281,5,8.87,176.3,108.86,148.63,1.0,-1,-1,-1
281,6,265.73,148.51,24.58,20.79,1.0,-1,-1,-1
281,7,223.08,251.43,64.72,43.74,1.0,-1,-1,-1
281,8,405.1,121.2,17.2,16,1.0,-1,-1,-1
281,15,543.04,264.14,21,39.07,1.0,-1,-1,-1
281,16,491.89,261.15,16.92,35.49,1.0,-1,-1,-1
281,19,168.8,143.55,18.91,17.02,1.0,-1,-1,-1
281,20,520.14,276.28,23.39,41.4,1.0,-1,-1,-1
281,22,158.32,157.25,21.93,17.6,1.0,-1,-1,-1
281,23,513.71,168.11,12.66,23.67,1.0,-1,-1,-1
281,24,217.39,205.12,44.6,31.66,1.0,-1,-1,-1
281,26,0,304.07,63.6,55.49,1.0,-1,-1,-1
281,27,384.61,127.42,19.12,16.3,1.0,-1,-1,-1
281,29,295.36,111.82,10,11.84,1.0,-1,-1,-1
281,37,312.58,113.4,12.33,11.14,1.0,-1,-1,-1
281,38,391.83,139.47,17.69,16.6,1.0,-1,-1,-1
281,39,420.44,134.11,17.31,15.21,1.0,-1,-1,-1
282,1,424.51,230.19,52.13,47.75,1.0,-1,-1,-1
282,2,517.22,192.71,39.74,36.84,1.0,-1,-1,-1
282,3,443.86,165.89,27.9,22.55,1.0,-1,-1,-1
282,4,472.08,142.46,34.76,28.67,1.0,-1,-1,-1
282,5,9.38,176.1,105.57,148.97,1.0,-1,-1,-1
282,6,266.71,148.49,23.98,20.35,1.0,-1,-1,-1
282,7,222.91,250.41,59.89,43.09,1.0,-1,-1,-1
282,8,407.1,123.4,15.42,13.6,1.0,-1,-1,-1
282,15,542.51,263.56,20.72,39.26,1.0,-1,-1,-1
282,16,492.13,261.22,16.96,35.49,1.0,-1,-1,-1
282,19,168.95,142.61,18.4,17.05,1.0,-1,-1,-1
282,20,520.24,274.53,22.89,43.18,1.0,-1,-1,-1
282,22,158.07,156.49,22.1,17.51,1.0,-1,-1,-1
282,23,513.91,168.8,12.33,23.61,1.0,-1,-1,-1
282,24,217.54,204.41,44.6,31.66,1.0,-1,-1,-1
282,26,0,302.77,65.9,57.03,1.0,-1,-1,-1
282,27,384.67,127.08,18.53,16.14,1.0,-1,-1,-1
282,29,295.47,111.68,10,12.05,1.0,-1,-1,-1
282,37,312.17,112.92,12.31,11.35,1.0,-1,-1,-1
282,38,391.76,139.3,17.85,16.73,1.0,-1,-1,-1
282,39,420.02,134.52,18.04,15.31,1.0,-1,-1,-1
283,1,424.38,230.38,52.31,47.97,1.0,-1,-1,-1
283,2,517.57,192.94,40,36.52,1.0,-1,-1,-1
283,3,443.94,166.16,28.31,22.91,1.0,-1,-1,-1
283,4,472.48,142.92,34.66,28.56,1.0,-1,-1,-1
283,5,10.02,177.3,104.18,143.88,1.0,-1,-1,-1
283,6,267.47,148.36,23.71,20.19,1.0,-1,-1,-1
283,7,222.56,249.43,58.74,42.63,1.0,-1,-1,-1
283,8,406.9,123.2,15.85,14.25,1.0,-1,-1,-1
283,15,543.05,263.59,21.62,39.48,1.0,-1,-1,-1
283,16,491.73,261.67,17.15,35.37,1.0,-1,-1,-1
283,19,169.45,143.25,18.45,16.87,1.0,-1,-1,-1
283,20,520.01,272.7,22.85,44.27,1.0,-1,-1,-1
283,22,158.01,156.23,22.04,17.77,1.0,-1,-1,-1
283,23,514.14,169.43,12.66,24.2,1.0,-1,-1,-1
283,24,217.68,203.71,44.6,31.66,1.0,-1,-1,-1
283,26,0,301.53,59.5,58.36,1.0,-1,-1,-1
283,27,384.62,127.64,19.08,16.51,1.0,-1,-1,-1
283,29,296.8,110.88,10,12.17,1.0,-1,-1,-1
283,37,312.45,113.3,12.37,11.26,1.0,-1,-1,-1
283,38,392.68,140.18,17.71,16.75,1.0,-1,-1,-1
283,39,420.88,135.02,17.88,15.4,1.0,-1,-1,-1
284,1,424.19,230.54,52.62,48.34,1.0,-1,-1,-1
284,2,518.51,193.09,40.06,37.44,1.0,-1,-1,-1
284,3,444.16,166.73,28.35,22.95,1.0,-1,-1,-1
284,4,472.87,143.53,34.58,28.3,1.0,-1,-1,-1
284,5,12.21,174.5,101.43,144.47,1.0,-1,-1,-1
284,6,268.17,148.03,23.71,20.32,1.0,-1,-1,-1
284,7,222.11,248.56,74.54,42.51,1.0,-1,-1,-1
284,8,407.3,123.7,15.37,14.13,1.0,-1,-1,-1
284,15,542.99,263.54,21.12,40.26,1.0,-1,-1,-1
284,16,492.61,262.87,16.95,35.41,1.0,-1,-1,-1
284,19,169.29,142.76,18.07,16.75,1.0,-1,-1,-1
284,20,519.75,274.49,23.14,43.19,1.0,-1,-1,-1
284,22,158.16,156.16,21.69,17.62,1.0,-1,-1,-1
284,23,514.84,169.75,12.36,24.04,1.0,-1,-1,-1
284,24,217.82,203,44.6,31.66,1.0,-1,-1,-1
284,26,0,300.25,57.7,59.69,1.0,-1,-1,-1
284,27,384.02,128.61,19.04,16.58,1.0,-1,-1,-1
284,29,295.81,111.07,10,12.44,1.0,-1,-1,-1
284,37,313.13,113.81,12.22,11.09,1.0,-1,-1,-1
284,38,392,140.3,18.12,16.55,1.0,-1,-1,-1
284,39,420.63,134.7,17.93,15.67,1.0,-1,-1,-1
285,1,424.17,231.3,52.48,48.25,1.0,-1,-1,-1
285,2,518.53,194.13,40.28,37.31,1.0,-1,-1,-1
285,3,443.93,167.34,28.56,23.11,1.0,-1,-1,-1
285,4,473.19,144.39,34.34,27.92,1.0,-1,-1,-1
285,5,14.23,176,98.56,143.62,1.0,-1,-1,-1
285,6,268.76,147.86,23.53,20.28,1.0,-1,-1,-1
285,7,221.85,247.71,58.85,42.12,1.0,-1,-1,-1
285,8,408.3,123.6,14.74,14.75,1.0,-1,-1,-1
285,15,542.25,263.77,21.29,40.62,1.0,-1,-1,-1
285,16,492.73,262.46,17.16,35.41,1.0,-1,-1,-1
285,19,169.32,142.91,18.17,16.71,1.0,-1,-1,-1
285,20,520.64,275.46,23.25,42.34,1.0,-1,-1,-1
285,22,158.77,156.62,21.62,17.91,1.0,-1,-1,-1
285,23,515.24,169.97,12.76,24.3,1.0,-1,-1,-1
285,24,217.82,203,44.6,31.66,1.0,-1,-1,-1
285,26,0,302.88,51,57.12,1.0,-1,-1,-1
285,27,384.29,129.15,19.16,16.66,1.0,-1,-1,-1
285,29,295.96,111.55,10,12.26,1.0,-1,-1,-1
285,37,313.16,113.64,12.26,11.16,1.0,-1,-1,-1
285,38,392.1,141.48,18.1,16.42,1.0,-1,-1,-1
285,39,421.12,135.42,18.5,16.02,1.0,-1,-1,-1
286,1,424.15,231.68,52.24,48.09,1.0,-1,-1,-1
286,2,519.67,195.31,40.22,37.15,1.0,-1,-1,-1
286,3,443.97,167.78,28.58,23.1,1.0,-1,-1,-1
286,4,472.99,144.67,34.8,28.22,1.0,-1,-1,-1
286,5,12.57,174.05,104.95,144.75,1.0,-1,-1,-1
286,6,269.37,147.34,23,19.9,1.0,-1,-1,-1
286,7,222.06,246.57,71.2,41.37,1.0,-1,-1,-1
286,8,407.5,123.2,15.82,15.31,1.0,-1,-1,-1
286,15,543.42,263.44,21.23,40.14,1.0,-1,-1,-1
286,16,492.86,263.2,17.17,35.38,1.0,-1,-1,-1
286,19,169.55,142.87,18.61,16.66,1.0,-1,-1,-1
286,20,520.12,272.78,23.14,44.4,1.0,-1,-1,-1
286,22,158.92,156.52,22.1,17.56,1.0,-1,-1,-1
286,23,515.97,169.72,12.73,24.25,1.0,-1,-1,-1
286,24,221.17,201.26,41,30.98,1.0,-1,-1,-1
286,26,0,298.36,47.3,61.64,1.0,-1,-1,-1
286,27,384.63,128.69,19.56,16.67,1.0,-1,-1,-1
286,29,296.57,110.91,10,12.12,1.0,-1,-1,-1
286,37,313.47,113.33,12.37,11.08,1.0,-1,-1,-1
286,38,392.27,141.54,18.15,16.76,1.0,-1,-1,-1
286,39,420.92,135.63,18.55,15.83,1.0,-1,-1,-1
287,1,424.16,231.86,52.09,47.99,1.0,-1,-1,-1
287,2,519.77,194.89,40.4,37.64,1.0,-1,-1,-1
287,3,444.08,167.92,28.62,23.11,1.0,-1,-1,-1
287,4,472.68,144.01,35.93,29.12,1.0,-1,-1,-1
287,5,18,178.7,90.54,136.55,1.0,-1,-1,-1
287,6,270.13,146.65,22.48,19.55,1.0,-1,-1,-1
287,7,221.95,245.2,55.25,41.39,1.0,-1,-1,-1
287,8,406.6,122.9,16.8,15.58,1.0,-1,-1,-1
287,15,542.8,263.24,20.42,40.57,1.0,-1,-1,-1
287,16,493.12,262.79,17.11,35.64,1.0,-1,-1,-1
287,19,169.6,142.69,18.37,16.91,1.0,-1,-1,-1
287,20,519.7,274.1,22.96,43.61,1.0,-1,-1,-1
287,22,159.69,155.53,21.58,17.56,1.0,-1,-1,-1
287,23,515.98,170.71,12.51,24.01,1.0,-1,-1,-1
287,24,222,200.67,40.97,30.97,1.0,-1,-1,-1
287,26,0,296.8,47.6,63.2,1.0,-1,-1,-1
287,27,384.76,128.58,19.29,16.44,1.0,-1,-1,-1
287,29,296.3,111.06,10,11.72,1.0,-1,-1,-1
287,37,313.24,112.58,12.29,10.89,1.0,-1,-1,-1
287,38,392.52,141.78,18,16.4,1.0,-1,-1,-1
287,39,421.35,134.96,18.43,15.97,1.0,-1,-1,-1
288,1,424.16,231.92,52.13,48.05,1.0,-1,-1,-1
288,2,520.29,194.96,40.64,37.67,1.0,-1,-1,-1
288,3,444.13,167.9,28.88,23.33,1.0,-1,-1,-1
288,4,472.79,143.67,36.46,29.54,1.0,-1,-1,-1
288,5,20,176.7,87.71,135.76,1.0,-1,-1,-1
288,6,270.13,146.65,22.48,19.55,1.0,-1,-1,-1
288,7,219.22,244.08,59.58,40.84,1.0,-1,-1,-1
288,8,406.8,122.6,16.3,16.1,1.0,-1,-1,-1
288,15,542.42,263.34,19.92,42.05,1.0,-1,-1,-1
288,16,492.77,263.05,17.73,35.6,1.0,-1,-1,-1
288,19,169.89,142.15,18.42,16.95,1.0,-1,-1,-1
288,20,520.46,274.71,22.35,41.71,1.0,-1,-1,-1
288,22,159.94,155.23,21.46,17.66,1.0,-1,-1,-1
288,23,516.52,170.05,13.51,24.94,1.0,-1,-1,-1
288,24,223.13,199.21,40.46,30.43,1.0,-1,-1,-1
288,26,0,298.71,45,61.29,1.0,-1,-1,-1
288,27,384.42,128.79,19.13,16.69,1.0,-1,-1,-1
288,29,296.55,111.18,10,11.72,1.0,-1,-1,-1
288,37,313.97,112.2,12.3,11.02,1.0,-1,-1,-1
288,38,392.23,141.46,18.06,16.29,1.0,-1,-1,-1
288,39,420.88,135.43,18.47,15.78,1.0,-1,-1,-1
289,1,424.18,231.84,52.35,48.25,1.0,-1,-1,-1
289,2,520.58,195.36,40.56,37.66,1.0,-1,-1,-1
289,3,445.24,168.52,27.67,22.18,1.0,-1,-1,-1
289,4,472.99,143.63,36.62,29.7,1.0,-1,-1,-1
289,5,21.4,177.2,87.68,135.54,1.0,-1,-1,-1
289,6,270.74,145.54,22.6,19.7,1.0,-1,-1,-1
289,7,218.33,242.94,60.47,40.27,1.0,-1,-1,-1
289,8,407.7,123.8,15.84,14.67,1.0,-1,-1,-1
289,15,542.85,263.23,21.9,39.89,1.0,-1,-1,-1
289,16,492.47,262.45,17.51,36.06,1.0,-1,-1,-1
289,19,170.24,141.1,18.47,16.87,1.0,-1,-1,-1
289,20,520.31,274.1,22.56,42.07,1.0,-1,-1,-1
289,22,159.28,154.55,21.27,17.69,1.0,-1,-1,-1
289,23,517.06,169.97,13.02,24.32,1.0,-1,-1,-1
289,24,223.95,198.63,40.1,30.16,1.0,-1,-1,-1
289,26,0,298.73,39.8,61.27,1.0,-1,-1,-1
289,27,384.51,128.06,19.68,16.84,1.0,-1,-1,-1
289,29,296.74,110.04,10,11.98,1.0,-1,-1,-1
289,37,313.99,111.46,12.33,11.04,1.0,-1,-1,-1
289,38,392.92,141.09,18.27,16.48,1.0,-1,-1,-1
289,39,421.37,135.93,18.63,15.96,1.0,-1,-1,-1
290,1,424.34,231.73,52.74,48.64,1.0,-1,-1,-1
290,2,521.31,196.06,41.09,38.04,1.0,-1,-1,-1
290,3,444.77,168.82,28.87,23.08,1.0,-1,-1,-1
290,4,472.73,143.37,37.39,30.53,1.0,-1,-1,-1
290,5,23.6,177.4,81.5,137.74,1.0,-1,-1,-1
290,6,271.34,144.43,22.72,19.85,1.0,-1,-1,-1
290,7,221.52,242.59,63.28,39.1,1.0,-1,-1,-1
290,8,407.2,123,16.6,15.74,1.0,-1,-1,-1
290,15,543.08,263.07,20.16,41.46,1.0,-1,-1,-1
290,16,493.32,263.84,17.37,35.57,1.0,-1,-1,-1
290,19,170.78,141.11,18.17,16.92,1.0,-1,-1,-1
290,20,519.22,274.36,23.7,42.05,1.0,-1,-1,-1
290,22,160.1,154.69,21.26,17.4,1.0,-1,-1,-1
290,23,516.95,171.31,12.86,23.74,1.0,-1,-1,-1
290,24,224.82,197.86,40.03,30.32,1.0,-1,-1,-1
290,26,0,299.23,40.9,60.77,1.0,-1,-1,-1
290,27,384.24,128.92,19.75,16.81,1.0,-1,-1,-1
290,29,297.56,110.26,10,12.06,1.0,-1,-1,-1
290,37,314.21,112.16,12.35,10.85,1.0,-1,-1,-1
290,38,392.75,141.79,18.12,16.57,1.0,-1,-1,-1
290,39,421.88,136.83,18.29,15.78,1.0,-1,-1,-1
291,1,424.46,231.81,52.96,48.89,1.0,-1,-1,-1
291,2,521.73,196.79,40.95,38.25,1.0,-1,-1,-1
291,3,444.77,169.22,29.34,23.46,1.0,-1,-1,-1
291,4,472.39,143.24,38.06,31.27,1.0,-1,-1,-1
291,5,22.5,177.1,83.91,138.58,1.0,-1,-1,-1
291,6,271.95,144.06,22.53,19.77,1.0,-1,-1,-1
291,7,222.9,242.1,52.1,38.72,1.0,-1,-1,-1
291,8,406.4,125.1,17.4,13.64,1.0,-1,-1,-1
291,15,543.05,263.69,20.3,39.82,1.0,-1,-1,-1
291,16,492.71,263.83,17.31,35.77,1.0,-1,-1,-1
291,19,170.05,141.04,18.28,16.97,1.0,-1,-1,-1
291,20,519.61,273.58,23.37,43.04,1.0,-1,-1,-1
291,22,159.81,154.62,21.29,17.33,1.0,-1,-1,-1
291,23,518.1,171.66,12.78,22.47,1.0,-1,-1,-1
291,24,225.16,197.53,40.13,30.32,1.0,-1,-1,-1
291,26,0,297.99,36,62.01,1.0,-1,-1,-1
291,27,383.74,129.04,19.77,16.97,1.0,-1,-1,-1
291,29,296.92,111.09,10,11.94,1.0,-1,-1,-1
291,37,314.44,111.72,12.41,10.86,1.0,-1,-1,-1
291,38,393.45,142.04,18.01,16.57,1.0,-1,-1,-1
291,39,421.82,136.38,18.77,15.9,1.0,-1,-1,-1
292,1,424.43,232.2,53.12,49.19,1.0,-1,-1,-1
292,2,522.52,196.63,41.68,39.26,1.0,-1,-1,-1
292,3,445.5,169.5,29.1,23.26,1.0,-1,-1,-1
292,4,473.06,144.02,37.5,31,1.0,-1,-1,-1
292,5,22.6,176.4,85.72,137.32,1.0,-1,-1,-1
292,6,272.45,143.76,22.45,19.78,1.0,-1,-1,-1
292,7,223.12,241.22,50.28,38.38,1.0,-1,-1,-1
292,8,407.8,125.6,16.04,13.37,1.0,-1,-1,-1
292,15,542.73,264.31,21.76,38.61,1.0,-1,-1,-1
292,16,493.31,264.16,17.48,36.45,1.0,-1,-1,-1
292,19,170.69,141.05,17.83,16.63,1.0,-1,-1,-1
292,20,520.17,274.94,23.27,42.74,1.0,-1,-1,-1
292,22,159.8,154.47,21.32,16.98,1.0,-1,-1,-1
292,23,519.19,171.85,12.68,22.71,1.0,-1,-1,-1
292,24,226.12,196.91,40.05,29.82,1.0,-1,-1,-1
292,26,0,297.05,32.2,61.9,1.0,-1,-1,-1
292,27,384.68,129.68,19.58,16.97,1.0,-1,-1,-1
292,29,297.95,110.29,10,12.06,1.0,-1,-1,-1
292,37,313.94,111.99,12.82,10.97,1.0,-1,-1,-1
292,38,393.19,142.31,18.39,16.94,1.0,-1,-1,-1
292,39,421.63,136.73,18.84,16.21,1.0,-1,-1,-1
293,1,424.47,232.37,53.34,49.53,1.0,-1,-1,-1
293,2,522.92,196.75,41.56,39.39,1.0,-1,-1,-1
293,3,445.95,169.63,29.45,23.52,1.0,-1,-1,-1
293,4,473.23,143.96,37.7,31.34,1.0,-1,-1,-1
293,5,24.2,176,80.22,136.82,1.0,-1,-1,-1
293,6,272.9,143.45,22.22,19.65,1.0,-1,-1,-1
293,7,220.8,239.73,53.2,37.95,1.0,-1,-1,-1
293,8,408.7,125.9,15.17,13.29,1.0,-1,-1,-1
293,15,542.65,263.53,19.75,39.06,1.0,-1,-1,-1
293,16,492.93,263.92,17.46,35.96,1.0,-1,-1,-1
293,19,170.32,141.8,17.54,15.85,1.0,-1,-1,-1
293,20,520.34,274.54,22.97,41.66,1.0,-1,-1,-1
293,22,160.57,154.18,21.14,16.65,1.0,-1,-1,-1
293,23,518.53,172.1,12.73,24.42,1.0,-1,-1,-1
293,24,226.71,196.52,39.64,29.98,1.0,-1,-1,-1
293,26,0,295.31,32.1,61.84,1.0,-1,-1,-1
293,27,384.59,129.25,19.37,16.84,1.0,-1,-1,-1
293,29,297.75,110.94,10,11.8,1.0,-1,-1,-1
293,37,314.45,111.63,12.42,10.82,1.0,-1,-1,-1
293,38,393.65,142.38,18.53,16.77,1.0,-1,-1,-1
293,39,422.2,136.77,18.94,16.1,1.0,-1,-1,-1
294,1,424.67,232.57,53.26,49.56,1.0,-1,-1,-1
294,2,523.63,196.86,42.03,39.72,1.0,-1,-1,-1
294,3,446.23,169.64,29.99,23.9,1.0,-1,-1,-1
294,4,473.27,143.49,38.2,31.97,1.0,-1,-1,-1
294,5,24.1,174.2,78.11,135.08,1.0,-1,-1,-1
294,6,273.3,143.01,21.82,19.36,1.0,-1,-1,-1
294,7,223.19,238.28,49.61,38.13,1.0,-1,-1,-1
294,8,408.5,125.3,15.41,14.12,1.0,-1,-1,-1
294,9,250.86,343.89,95.36,16.11,1.0,-1,-1,-1
294,15,543.14,263.67,21.82,38.58,1.0,-1,-1,-1
294,16,493.14,263.96,17.68,36.18,1.0,-1,-1,-1
294,19,170.98,140.2,17.78,16.13,1.0,-1,-1,-1
294,20,519.38,275.56,23.84,41.42,1.0,-1,-1,-1
294,22,160.17,153.43,20.93,16.7,1.0,-1,-1,-1
294,23,519.35,172.19,13.01,23.84,1.0,-1,-1,-1
294,24,227.4,195.2,39.92,29.77,1.0,-1,-1,-1
294,27,385.26,129.06,18.91,17.02,1.0,-1,-1,-1
294,29,297.87,110.62,10,11.49,1.0,-1,-1,-1
294,37,314.54,111.36,12.26,10.69,1.0,-1,-1,-1
294,38,393.18,142.28,18.67,17,1.0,-1,-1,-1
294,39,421.85,136.81,18.59,16.02,1.0,-1,-1,-1
295,1,424.92,232.77,53.1,49.46,1.0,-1,-1,-1
295,2,523.97,197.39,42.54,39.83,1.0,-1,-1,-1
295,3,446.63,169.98,30.15,23.96,1.0,-1,-1,-1
295,4,473.14,143.18,38.61,32.5,1.0,-1,-1,-1
295,5,23.3,173.7,81.6,134.02,1.0,-1,-1,-1
295,6,274.6,143.65,20.4,18.02,1.0,-1,-1,-1
295,7,221.87,236.51,51.03,38.85,1.0,-1,-1,-1
295,8,409.5,126.2,14.82,13.62,1.0,-1,-1,-1
295,9,243.66,343.38,98.51,16.61,1.0,-1,-1,-1
295,15,542.97,263.66,18.68,40.25,1.0,-1,-1,-1
295,16,493.93,263.18,18.06,37.02,1.0,-1,-1,-1
295,19,171.08,140.1,17.67,16.2,1.0,-1,-1,-1
295,20,520.03,274.57,23.54,42.2,1.0,-1,-1,-1
295,22,160.33,153.59,21.14,16.27,1.0,-1,-1,-1
295,23,520.28,171.97,13.33,25.18,1.0,-1,-1,-1
295,24,228.87,193.85,38.81,29.82,1.0,-1,-1,-1
295,27,385.16,129.6,19.13,16.94,1.0,-1,-1,-1
295,29,297.8,110.53,10,11.83,1.0,-1,-1,-1
295,37,315.31,111.36,12.18,10.45,1.0,-1,-1,-1
295,38,393.52,142.75,18.38,17.18,1.0,-1,-1,-1
295,39,421.87,137.7,18.78,15.86,1.0,-1,-1,-1
296,1,425.09,232.96,53.02,49.45,1.0,-1,-1,-1
296,2,524.41,197.8,42.76,40.07,1.0,-1,-1,-1
296,3,446.57,170.22,30.45,24.19,1.0,-1,-1,-1
296,4,472.68,142.82,39.32,33.3,1.0,-1,-1,-1
296,5,24.4,174,78.35,131.95,1.0,-1,-1,-1
296,6,275.23,143.67,19.89,17.47,1.0,-1,-1,-1
296,7,222.8,235.67,47.4,38.44,1.0,-1,-1,-1
296,8,408.56,123.21,15.82,16.64,1.0,-1,-1,-1
296,9,230.23,342.27,105.02,17.68,1.0,-1,-1,-1
296,15,542.9,264.15,20.54,40.29,1.0,-1,-1,-1
296,16,493.64,263.92,18.28,37.09,1.0,-1,-1,-1
296,19,171.26,139.93,17.8,16.06,1.0,-1,-1,-1
296,20,520.35,274.56,23.11,42.14,1.0,-1,-1,-1
296,22,160.1,152.43,21.4,16.66,1.0,-1,-1,-1
296,23,520.17,171.75,13.22,25.51,1.0,-1,-1,-1
296,24,229.51,193.93,38.7,29.53,1.0,-1,-1,-1
296,27,384.98,129.63,18.85,16.95,1.0,-1,-1,-1
296,29,298.09,109.78,10,12.01,1.0,-1,-1,-1
296,37,315.02,110.94,12.17,10.78,1.0,-1,-1,-1
296,38,393.55,142.63,18.58,17.01,1.0,-1,-1,-1
296,39,422.04,137.47,18.3,15.96,1.0,-1,-1,-1
297,1,425.29,233.61,53.13,49.55,1.0,-1,-1,-1
297,2,525.04,198.32,42.87,40.42,1.0,-1,-1,-1
297,3,446.29,170.28,31.37,25.01,1.0,-1,-1,-1
297,4,473.11,143.89,39.16,33.37,1.0,-1,-1,-1
297,5,23.3,174.1,79.31,131.15,1.0,-1,-1,-1
297,6,275.65,143.54,19.86,17.38,1.0,-1,-1,-1
297,7,223.33,234.95,49.37,38.11,1.0,-1,-1,-1
297,8,409.02,124.62,15.27,15.59,1.0,-1,-1,-1
297,9,217.22,340.54,115.27,19.44,1.0,-1,-1,-1
297,15,542.84,263.99,19.31,39.25,1.0,-1,-1,-1
297,16,493.2,264.61,18.39,37.42,1.0,-1,-1,-1
297,19,170.55,140.6,17.92,16.35,1.0,-1,-1,-1
297,20,519.88,273.24,23.04,42.68,1.0,-1,-1,-1
297,22,159.98,152.59,21.5,16.49,1.0,-1,-1,-1
297,23,520.99,172.88,13.47,25.83,1.0,-1,-1,-1
297,24,230.77,193.08,38.33,29.33,1.0,-1,-1,-1
297,27,384.9,129.54,19,16.87,1.0,-1,-1,-1
297,29,298.06,109.83,10,11.73,1.0,-1,-1,-1
297,37,315,110.77,11.97,10.66,1.0,-1,-1,-1
297,38,393.74,143,18.72,17.07,1.0,-1,-1,-1
297,39,422.79,138.52,18.91,16.24,1.0,-1,-1,-1
298,1,425.35,234.04,53.29,49.7,1.0,-1,-1,-1
298,2,525.92,198.55,42.96,40.42,1.0,-1,-1,-1
298,3,446.18,170.42,31.97,25.61,1.0,-1,-1,-1
298,4,473.77,144.53,38.64,33.18,1.0,-1,-1,-1
298,5,26,172.7,75.16,135.12,1.0,-1,-1,-1
298,6,276.03,143.37,19.72,17.23,1.0,-1,-1,-1
298,7,224.19,234.08,44.81,37.89,1.0,-1,-1,-1
298,8,409.25,125.12,15.37,15.31,1.0,-1,-1,-1
298,9,206.95,339.5,121.19,20.49,1.0,-1,-1,-1
298,15,543.52,263.94,20.52,38.81,1.0,-1,-1,-1
298,16,493.07,264.23,18.76,37.57,1.0,-1,-1,-1
298,19,170.53,139.63,17.97,16.68,1.0,-1,-1,-1
298,20,519.82,275.21,23.55,41.4,1.0,-1,-1,-1
298,22,160.7,152.66,21.22,16.73,1.0,-1,-1,-1
298,23,521.05,174.2,13.34,24.85,1.0,-1,-1,-1
298,24,232.19,193.03,38.16,29.19,1.0,-1,-1,-1
298,27,384.65,130.64,19.11,17.16,1.0,-1,-1,-1
298,29,297.85,110.33,10,11.42,1.0,-1,-1,-1
298,37,316.2,110.5,11.98,10.6,1.0,-1,-1,-1
298,38,393.3,143.69,18.82,17.2,1.0,-1,-1,-1
298,39,423.01,137.95,19.22,16.21,1.0,-1,-1,-1
299,1,425.66,234.68,53.27,49.65,1.0,-1,-1,-1
299,2,526.47,199.95,43.13,39.87,1.0,-1,-1,-1
299,3,446.1,170.37,32.73,26.35,1.0,-1,-1,-1
299,4,474.08,144.85,38.32,33.1,1.0,-1,-1,-1
299,5,22.86,166.16,79.08,137.19,1.0,-1,-1,-1
299,6,276.04,142.31,20.49,17.95,1.0,-1,-1,-1
299,7,224.65,233.28,45.25,38.01,1.0,-1,-1,-1
299,8,409.02,125.09,15.82,15.48,1.0,-1,-1,-1
299,9,196.88,338.98,124.04,21.01,1.0,-1,-1,-1
299,10,537.88,341.34,102.12,18.66,1.0,-1,-1,-1
299,15,542.91,264.58,18.71,38.82,1.0,-1,-1,-1
299,16,493.74,264.63,18.92,37.49,1.0,-1,-1,-1
299,19,171.11,140.37,18.01,16.65,1.0,-1,-1,-1
299,20,520.06,275.82,23.31,41.79,1.0,-1,-1,-1
299,22,160.36,151.78,21.1,16.6,1.0,-1,-1,-1
299,23,521.71,174.05,13.26,25.53,1.0,-1,-1,-1
299,24,232.6,191.92,38.43,29.11,1.0,-1,-1,-1
299,27,385.03,130.67,19.46,17.21,1.0,-1,-1,-1
299,29,298,110.27,10,11.27,1.0,-1,-1,-1
299,37,315.54,111.38,11.85,10.41,1.0,-1,-1,-1
299,38,393.44,144.17,18.96,17.46,1.0,-1,-1,-1
299,39,422.97,138.16,18.78,16.47,1.0,-1,-1,-1
300,1,425.71,234.85,53.22,49.58,1.0,-1,-1,-1
300,2,526.16,200.9,43.32,39.87,1.0,-1,-1,-1
300,3,446.3,170.67,32.74,26.45,1.0,-1,-1,-1
300,4,475.82,145.93,36.83,31.76,1.0,-1,-1,-1
300,5,25.94,169.4,74.78,133.35,1.0,-1,-1,-1
300,6,276.74,141.39,20.7,18.16,1.0,-1,-1,-1
300,7,225.28,232.03,48.92,37.7,1.0,-1,-1,-1
300,8,409.72,125.35,15.7,15.2,1.0,-1,-1,-1
300,9,186.16,338.2,127.64,21.62,1.0,-1,-1,-1
300,10,524.71,339.15,115.29,20.85,1.0,-1,-1,-1
300,15,543.5,263.78,20.52,39.37,1.0,-1,-1,-1
300,16,493.13,265.06,19.61,37.75,1.0,-1,-1,-1
300,19,170.95,139.45,17.29,16.03,1.0,-1,-1,-1
300,20,520.47,274.57,22.41,43.65,1.0,-1,-1,-1
300,22,161.35,151.46,21.07,16.06,1.0,-1,-1,-1
300,23,522.44,174.94,13.27,25.42,1.0,-1,-1,-1
300,24,233.53,191.38,38.23,28.81,1.0,-1,-1,-1
300,27,385.1,130.17,19.47,17.01,1.0,-1,-1,-1
300,29,298.48,109.89,10,11.14,1.0,-1,-1,-1
300,37,316.55,110.16,12.27,10.74,1.0,-1,-1,-1
300,38,393.7,144.02,18.93,17.11,1.0,-1,-1,-1
300,39,423.9,138.38,18.25,16.62,1.0,-1,-1,-1
301,1,425.72,234.9,53.21,49.53,1.0,-1,-1,-1
301,2,526.89,200.7,43.46,40.13,1.0,-1,-1,-1
301,3,446.45,171.06,32.58,26.38,1.0,-1,-1,-1
301,4,474.99,144.78,38.1,33.15,1.0,-1,-1,-1
301,5,28.76,170.03,72.05,129.4,1.0,-1,-1,-1
301,6,277.47,140.72,20.65,18.08,1.0,-1,-1,-1
301,7,224.2,230.94,54.56,37.35,1.0,-1,-1,-1
301,8,409.86,125.34,15.77,15.11,1.0,-1,-1,-1
301,9,178.35,337.27,131.83,22.42,1.0,-1,-1,-1
301,10,508.81,337.63,124.59,22.37,1.0,-1,-1,-1
301,15,543.28,263.69,20.74,38.79,1.0,-1,-1,-1
301,16,492.49,264.75,20.31,37.85,1.0,-1,-1,-1
301,19,171.29,139.16,17.13,16.03,1.0,-1,-1,-1
301,20,520.75,274.83,22.21,42.97,1.0,-1,-1,-1
301,22,161.14,151.77,21.11,16.04,1.0,-1,-1,-1
301,23,522.25,174.72,13.32,25.57,1.0,-1,-1,-1
301,24,234.02,191.17,38.26,28.82,1.0,-1,-1,-1
301,27,385.04,130.24,19.18,16.91,1.0,-1,-1,-1
301,29,298.98,109.74,10,11.71,1.0,-1,-1,-1
301,37,316.03,109.65,11.94,10.54,1.0,-1,-1,-1
301,38,394.08,143.79,18.76,17.09,1.0,-1,-1,-1
301,39,423.47,138.73,17.98,16.09,1.0,-1,-1,-1
302,1,425.86,235.04,53.14,49.44,1.0,-1,-1,-1
302,2,527.46,201.36,43.93,40.41,1.0,-1,-1,-1
302,3,446.49,171.65,32.35,26.28,1.0,-1,-1,-1
302,4,475.41,145.28,37.45,32.76,1.0,-1,-1,-1
302,5,29.74,169.4,71.61,131.08,1.0,-1,-1,-1
302,6,278.08,140.48,20.22,17.65,1.0,-1,-1,-1
302,7,224.03,229.73,53.53,37.09,1.0,-1,-1,-1
302,8,409.78,125.23,16.04,15.2,1.0,-1,-1,-1
302,9,168.6,336.63,134.3,22.84,1.0,-1,-1,-1
302,10,496.88,336.24,132.14,23.76,1.0,-1,-1,-1
302,15,543.19,263.74,21.27,38.79,1.0,-1,-1,-1
302,16,492.93,264.99,20.26,37.78,1.0,-1,-1,-1
302,19,171.3,138.61,17.49,16.16,1.0,-1,-1,-1
302,20,520.82,275.17,22.71,42.23,1.0,-1,-1,-1
302,22,161.19,150.75,20.99,16.17,1.0,-1,-1,-1
302,23,523.74,175.15,13.86,25.55,1.0,-1,-1,-1
302,24,234.56,190.05,38.37,28.1,1.0,-1,-1,-1
302,27,384.65,130.18,19.44,17.04,1.0,-1,-1,-1
302,29,299.03,109.19,10,11.72,1.0,-1,-1,-1
302,37,316.42,110.03,11.87,10.29,1.0,-1,-1,-1
302,38,394.12,144.08,18.82,17.25,1.0,-1,-1,-1
302,39,424.41,138.24,18.17,16.37,1.0,-1,-1,-1
303,1,425.92,235.21,53.11,49.4,1.0,-1,-1,-1
303,2,528.71,201.08,43.66,40.55,1.0,-1,-1,-1
303,3,446.5,172.48,32.03,25.92,1.0,-1,-1,-1
303,4,477.75,147.46,34.79,30.2,1.0,-1,-1,-1
303,5,28.48,169.31,71.35,130.66,1.0,-1,-1,-1
303,6,278.63,140.51,19.8,17.16,1.0,-1,-1,-1
303,7,223.89,228.85,52.5,36.86,1.0,-1,-1,-1
303,8,409.87,125.16,16.44,15.39,1.0,-1,-1,-1
303,9,157.71,335.55,140.08,23.9,1.0,-1,-1,-1
303,10,486.06,335.18,137.75,24.82,1.0,-1,-1,-1
303,15,543.67,263.28,19.28,40.3,1.0,-1,-1,-1
303,16,491.82,265.23,20.67,38.1,1.0,-1,-1,-1
303,19,171.43,138.39,17.1,16.05,1.0,-1,-1,-1
303,20,520.12,274.62,22.56,42.77,1.0,-1,-1,-1
303,22,161.23,150.57,21,16.05,1.0,-1,-1,-1
303,23,523.44,175.19,13.47,25.84,1.0,-1,-1,-1
303,24,235.38,189.85,37.66,28.06,1.0,-1,-1,-1
303,27,385.5,130.37,19.46,17.1,1.0,-1,-1,-1
303,29,298.17,108.65,10,11.59,1.0,-1,-1,-1
303,37,317.02,110.31,11.69,10.13,1.0,-1,-1,-1
303,38,393.77,144.17,18.79,17.38,1.0,-1,-1,-1
303,39,423.9,138.43,19.08,16.61,1.0,-1,-1,-1
304,1,425.93,235.28,53.31,49.61,1.0,-1,-1,-1
304,2,528.23,202.03,43.45,41.1,1.0,-1,-1,-1
304,3,446.16,172.06,32.97,26.84,1.0,-1,-1,-1
304,4,478.77,148.43,34.07,29.33,1.0,-1,-1,-1
304,5,29.53,168.56,70.08,128.65,1.0,-1,-1,-1
304,6,278.95,140.24,19.88,17.17,1.0,-1,-1,-1
304,7,225.39,227.95,52.77,37.16,1.0,-1,-1,-1
304,8,409.61,124.99,17.15,15.84,1.0,-1,-1,-1
304,9,147.23,334.18,145.88,25.02,1.0,-1,-1,-1
304,10,479.42,334.25,142.7,25.75,1.0,-1,-1,-1
304,15,543.8,264.24,21.13,37.38,1.0,-1,-1,-1
304,16,491.75,264.61,20.85,37.92,1.0,-1,-1,-1
304,19,171.53,138.36,17.8,16.36,1.0,-1,-1,-1
304,20,520.82,275.79,22.84,41.74,1.0,-1,-1,-1
304,22,161.41,150.21,20.85,15.86,1.0,-1,-1,-1
304,23,524.37,176.37,14.53,25.82,1.0,-1,-1,-1
304,24,235.95,189.56,37.38,28.23,1.0,-1,-1,-1
304,27,385.12,131.24,19.57,17.72,1.0,-1,-1,-1
304,29,298.47,108.56,10,11.95,1.0,-1,-1,-1
304,37,317.08,109.93,11.86,10.2,1.0,-1,-1,-1
304,38,394.39,144.62,19.27,17.62,1.0,-1,-1,-1
304,39,423.83,138.66,18.95,17.06,1.0,-1,-1,-1
305,1,425.88,235.51,53.29,49.62,1.0,-1,-1,-1
305,2,529.69,202.71,44.27,41.07,1.0,-1,-1,-1
305,3,446.48,172.98,32.68,26.55,1.0,-1,-1,-1
305,4,479.15,149.21,33.63,28.69,1.0,-1,-1,-1
305,5,27.64,169.4,70.89,129.01,1.0,-1,-1,-1
305,6,279.4,140.06,19.76,17.03,1.0,-1,-1,-1
305,7,226.43,227.21,51.61,36.31,1.0,-1,-1,-1
305,8,409.26,125.01,17.65,16.11,1.0,-1,-1,-1
305,9,137.13,332.41,154.28,26.69,1.0,-1,-1,-1
305,10,474.31,333.05,149.55,26.95,1.0,-1,-1,-1
305,15,543.6,263.73,19.36,40.44,1.0,-1,-1,-1
305,16,491.71,264.98,20.99,37.89,1.0,-1,-1,-1
305,19,172.01,137.3,17.74,15.7,1.0,-1,-1,-1
305,20,520.49,273.34,22.66,43.96,1.0,-1,-1,-1
305,22,162.07,150.01,20.76,15.8,1.0,-1,-1,-1
305,23,524.16,176.48,13.7,26.11,1.0,-1,-1,-1
305,24,237.15,188.84,37.31,27.87,1.0,-1,-1,-1
305,27,385.21,131.19,19.66,17.67,1.0,-1,-1,-1
305,29,299.06,108.25,10,12.5,1.0,-1,-1,-1
305,37,317.07,110.13,11.71,10.2,1.0,-1,-1,-1
305,38,393.75,145.1,19.39,17.66,1.0,-1,-1,-1
305,39,424.51,138.89,18.79,17.26,1.0,-1,-1,-1
306,1,426.05,236.01,53.67,49.98,1.0,-1,-1,-1
306,2,529.78,203.33,44.14,41.37,1.0,-1,-1,-1
306,3,447.08,173.88,31.95,25.9,1.0,-1,-1,-1
306,4,479.58,149.64,33.78,28.57,1.0,-1,-1,-1
306,5,28.88,168.93,69.55,127.28,1.0,-1,-1,-1
306,6,279.79,140,19.44,16.77,1.0,-1,-1,-1
306,7,224.24,226.8,48.93,35.05,1.0,-1,-1,-1
306,8,409.72,125.42,17.66,15.99,1.0,-1,-1,-1
306,9,130.04,331.75,156.6,27.38,1.0,-1,-1,-1
306,10,464.2,332.45,152.72,27.55,1.0,-1,-1,-1
306,15,543.04,264.63,20.03,38.25,1.0,-1,-1,-1
306,16,491.94,265.95,20.82,37.7,1.0,-1,-1,-1
306,19,171.41,138.1,17.47,16.11,1.0,-1,-1,-1
306,20,520.14,273.62,22.65,44.85,1.0,-1,-1,-1
306,22,161.9,150.75,20.62,15.81,1.0,-1,-1,-1
306,23,524.44,176.98,13.94,26.21,1.0,-1,-1,-1
306,24,237.36,188.23,36.79,27.51,1.0,-1,-1,-1
306,27,385.49,131.41,19.68,17.52,1.0,-1,-1,-1
306,29,299.3,107.76,10,12.32,1.0,-1,-1,-1
306,37,317.6,109.35,11.9,10.37,1.0,-1,-1,-1
306,38,394.82,145.37,19.28,17.82,1.0,-1,-1,-1
306,39,424.13,138.6,19.25,17.19,1.0,-1,-1,-1
307,1,426.23,236.2,53.81,50.11,1.0,-1,-1,-1
307,2,530.4,203.37,44.33,41.66,1.0,-1,-1,-1
307,3,447.75,174.3,31.73,25.71,1.0,-1,-1,-1
307,4,479.86,149.54,34.23,28.82,1.0,-1,-1,-1
307,5,28.06,167.59,70.15,128.93,1.0,-1,-1,-1
307,6,280.45,139.82,19.21,16.5,1.0,-1,-1,-1
307,7,223.45,225.86,47.99,34.99,1.0,-1,-1,-1
307,8,410.45,125.94,17.41,15.68,1.0,-1,-1,-1
307,9,122.95,330.58,160.69,28.46,1.0,-1,-1,-1
307,10,455.9,331.94,155.42,28.06,1.0,-1,-1,-1
307,15,543.8,263.74,20.27,38.11,1.0,-1,-1,-1
307,16,493.1,265.36,20.45,37.64,1.0,-1,-1,-1
307,19,171.26,136.86,17.64,16.48,1.0,-1,-1,-1
307,20,520.9,274.84,22.62,43.15,1.0,-1,-1,-1
307,22,162.24,149.53,20.79,15.99,1.0,-1,-1,-1
307,23,525.88,177.32,14.28,26.43,1.0,-1,-1,-1
307,24,238.2,187.7,37.01,27.48,1.0,-1,-1,-1
307,27,386.12,131.62,19.16,17.54,1.0,-1,-1,-1
307,29,299.59,107.62,10,12.78,1.0,-1,-1,-1
307,37,317.03,108.78,11.65,10.43,1.0,-1,-1,-1
307,38,394.96,145.86,19.34,17.92,1.0,-1,-1,-1
307,39,424.18,139.27,18.94,17.19,1.0,-1,-1,-1
308,1,426.33,236.41,53.74,50,1.0,-1,-1,-1
308,2,531.32,203.19,44.24,41.82,1.0,-1,-1,-1
308,3,448.26,174.47,31.62,25.65,1.0,-1,-1,-1
308,4,479.87,149.21,35.38,29.73,1.0,-1,-1,-1
308,5,28.17,167.75,69.73,126.02,1.0,-1,-1,-1
308,6,281.2,139.44,19.14,16.34,1.0,-1,-1,-1
308,7,223.46,224.65,47.37,35.19,1.0,-1,-1,-1
308,8,410.6,125.51,18.01,16.17,1.0,-1,-1,-1
308,9,113.85,329.09,166.66,29.97,1.0,-1,-1,-1
308,10,441.37,329.55,167.05,30.45,1.0,-1,-1,-1
308,15,542.95,263.45,18.36,38.77,1.0,-1,-1,-1
308,16,492.55,264.87,20.6,37.89,1.0,-1,-1,-1
308,19,172.57,136.73,16.97,16.55,1.0,-1,-1,-1
308,20,520.19,272.67,22.33,45.06,1.0,-1,-1,-1
308,22,162.42,148.69,20.64,16.39,1.0,-1,-1,-1
308,23,525.5,176.96,13.72,26.55,1.0,-1,-1,-1
308,24,239.04,187.03,36.95,27.31,1.0,-1,-1,-1
308,27,386.34,130.98,19.66,17.72,1.0,-1,-1,-1
308,29,299.83,106.47,10,13,1.0,-1,-1,-1
308,37,317.58,109.13,11.76,10.18,1.0,-1,-1,-1
308,38,394.49,145.36,19.4,17.88,1.0,-1,-1,-1
308,39,424.42,139.16,19.17,16.84,1.0,-1,-1,-1
309,1,426.34,236.34,53.62,49.83,1.0,-1,-1,-1
309,2,531.66,203.7,44.45,41.83,1.0,-1,-1,-1
309,3,448.09,174.54,31.92,25.9,1.0,-1,-1,-1
309,4,479.39,148.66,36.35,30.62,1.0,-1,-1,-1
309,5,27.68,166.73,70.34,125.7,1.0,-1,-1,-1
309,6,281.51,138.83,19.25,16.28,1.0,-1,-1,-1
309,7,223.76,223.04,46.7,35.29,1.0,-1,-1,-1
309,8,410.67,125.29,18.44,16.44,1.0,-1,-1,-1
309,9,118.8,327.2,142.6,31.88,1.0,-1,-1,-1
309,10,428.84,327.36,176.66,32.64,1.0,-1,-1,-1
309,15,542.79,264.29,18.87,35.6,1.0,-1,-1,-1
309,16,492.01,264.4,21.13,38.41,1.0,-1,-1,-1
309,19,171.42,135.71,17.2,16.59,1.0,-1,-1,-1
309,20,520.6,273.36,22.43,43.6,1.0,-1,-1,-1
309,22,161.95,148.05,20.27,16.15,1.0,-1,-1,-1
309,23,526.55,177.55,13.81,26.38,1.0,-1,-1,-1
309,24,239.5,185.2,36.04,27.36,1.0,-1,-1,-1
309,27,385.88,130.78,19.43,17.87,1.0,-1,-1,-1
309,29,299.79,107.08,10,12.91,1.0,-1,-1,-1
309,37,317.57,108.01,11.75,10.41,1.0,-1,-1,-1
309,38,394.74,145.98,19.3,17.75,1.0,-1,-1,-1
309,39,423.94,139.36,19.76,16.94,1.0,-1,-1,-1
310,1,426.34,236.34,53.87,50.02,1.0,-1,-1,-1
310,2,531.9,203.41,44.48,42.21,1.0,-1,-1,-1
310,3,448.65,174.7,32.05,26.14,1.0,-1,-1,-1
310,4,479.41,148.71,36.82,30.96,1.0,-1,-1,-1
310,5,29.22,167.88,69.21,124.38,1.0,-1,-1,-1
310,6,281.69,138.33,19.42,16.33,1.0,-1,-1,-1
310,7,225.43,222.23,45.71,34.85,1.0,-1,-1,-1
310,8,410.32,125.04,18.87,16.79,1.0,-1,-1,-1
310,9,111.5,325.58,147.7,33.59,1.0,-1,-1,-1
310,10,431.2,326.32,156,33.68,1.0,-1,-1,-1
310,15,543.54,264.34,17.3,33.77,1.0,-1,-1,-1
310,16,492.16,264.2,20.74,38.44,1.0,-1,-1,-1
310,19,171.64,136.69,17.09,16.58,1.0,-1,-1,-1
310,20,520.54,272.53,22.59,43.82,1.0,-1,-1,-1
310,22,162.52,147.88,20.09,16.52,1.0,-1,-1,-1
310,23,527.79,177.38,13.91,26.62,1.0,-1,-1,-1
310,24,240.57,184.72,36.02,27.42,1.0,-1,-1,-1
310,27,385.51,130.89,19.24,17.75,1.0,-1,-1,-1
310,29,299.78,106.7,10,12.92,1.0,-1,-1,-1
310,37,318.15,108.56,11.65,10.38,1.0,-1,-1,-1
310,38,395.03,145.56,19.2,17.81,1.0,-1,-1,-1
310,39,425.04,139.5,19.3,17.11,1.0,-1,-1,-1
311,1,426.42,237.12,53.73,49.84,1.0,-1,-1,-1
311,2,532.02,205.41,45.04,41.35,1.0,-1,-1,-1
311,3,449.31,175.22,32.34,26.53,1.0,-1,-1,-1
311,4,479.62,148.75,37.27,31.35,1.0,-1,-1,-1
311,5,28.09,167.38,71.11,123.34,1.0,-1,-1,-1
311,6,282.21,138.08,19.4,16.28,1.0,-1,-1,-1
311,7,226.45,221.01,45.23,34.97,1.0,-1,-1,-1
311,8,411.4,127.4,18.1,15.04,1.0,-1,-1,-1
311,9,110.8,324.57,141.3,34.7,1.0,-1,-1,-1
311,10,422.5,324.14,154.3,35.86,1.0,-1,-1,-1
311,15,542.86,264.19,17.55,37.42,1.0,-1,-1,-1
311,16,492.38,265.78,20.46,38.35,1.0,-1,-1,-1
311,19,171.84,136.97,17.11,15.86,1.0,-1,-1,-1
311,20,520.5,272.56,21.78,45.25,1.0,-1,-1,-1
311,22,162.75,147.82,20.08,16.07,1.0,-1,-1,-1
311,23,527.62,178.31,13.64,26.44,1.0,-1,-1,-1
311,24,241.66,185.01,35.85,27.45,1.0,-1,-1,-1
311,27,385.25,131.97,20.18,18.1,1.0,-1,-1,-1
311,29,300.28,106.79,10,12.71,1.0,-1,-1,-1
311,37,318.19,107.95,11.51,10.81,1.0,-1,-1,-1
311,38,394.68,146.89,19.21,18.07,1.0,-1,-1,-1
311,39,424.97,139.8,19.08,17.54,1.0,-1,-1,-1
312,1,426.29,237.47,53.9,49.96,1.0,-1,-1,-1
312,2,532.03,205.02,45.66,42.74,1.0,-1,-1,-1
312,3,449.46,175.84,32.44,26.77,1.0,-1,-1,-1
312,4,479.52,149.56,37.01,31.03,1.0,-1,-1,-1
312,5,28.37,166.64,70.24,122.89,1.0,-1,-1,-1
312,6,282.42,137.86,19.68,16.51,1.0,-1,-1,-1
312,7,227.76,220.05,44.12,34.41,1.0,-1,-1,-1
312,8,410.9,128.1,18.79,14.84,1.0,-1,-1,-1
312,9,104.1,323.38,146.8,36.19,1.0,-1,-1,-1
312,10,417,322.54,153.1,37.46,1.0,-1,-1,-1
312,15,543.29,265.14,17.71,36.37,1.0,-1,-1,-1
312,16,493.06,265.84,20.52,38.99,1.0,-1,-1,-1
312,19,172.25,136.75,17.03,16.06,1.0,-1,-1,-1
312,20,520.51,273.95,22.09,43.19,1.0,-1,-1,-1
312,22,162.68,147.85,19.9,16.47,1.0,-1,-1,-1
312,23,528.35,179.42,14.12,26.56,1.0,-1,-1,-1
312,24,242.43,184.06,35.37,27.15,1.0,-1,-1,-1
312,25,428.14,111.95,15.62,16.42,1.0,-1,-1,-1
312,27,386.21,132.63,20.42,17.61,1.0,-1,-1,-1
312,29,299.73,106.98,10,12.75,1.0,-1,-1,-1
312,37,318.42,109.11,11.46,10.51,1.0,-1,-1,-1
312,38,395.52,146.78,19.28,18.46,1.0,-1,-1,-1
312,39,425.54,140.48,19.06,17.31,1.0,-1,-1,-1
313,1,426.21,237.83,53.93,49.94,1.0,-1,-1,-1
313,2,532.65,206.03,45.53,42.71,1.0,-1,-1,-1
313,3,449.7,176.36,32.53,27,1.0,-1,-1,-1
313,4,479.4,149.96,37.02,30.88,1.0,-1,-1,-1
313,5,28.4,167.08,72.19,120.08,1.0,-1,-1,-1
313,6,282.67,137.27,19.85,16.66,1.0,-1,-1,-1
313,7,228.93,218.98,43.82,34.27,1.0,-1,-1,-1
313,8,410.58,127.92,18.82,14.88,1.0,-1,-1,-1
313,9,100.3,322.18,141.5,37.43,1.0,-1,-1,-1
313,10,410.6,321.74,151.7,38.26,1.0,-1,-1,-1
313,15,542.82,264.77,19.26,35.77,1.0,-1,-1,-1
313,16,493.44,266.06,20.26,39.11,1.0,-1,-1,-1
313,19,172.14,136,17.16,16.61,1.0,-1,-1,-1
313,20,518.94,274.3,23.65,43.21,1.0,-1,-1,-1
313,22,162.81,147.72,20.1,16.24,1.0,-1,-1,-1
313,23,528.24,179.44,14.18,26.96,1.0,-1,-1,-1
313,24,243.79,183.45,34.88,26.77,1.0,-1,-1,-1
313,25,428.18,111.96,15.63,16.42,1.0,-1,-1,-1
313,27,386.39,132.95,20.27,17.67,1.0,-1,-1,-1
313,29,300.24,107.16,10,12.5,1.0,-1,-1,-1
313,37,318.24,108.58,11.35,10.3,1.0,-1,-1,-1
313,38,394.9,146.52,19.3,18.26,1.0,-1,-1,-1
313,39,425.56,140.75,19.8,17.48,1.0,-1,-1,-1
314,1,426.45,238.15,54.19,50.14,1.0,-1,-1,-1
314,2,533.39,205.93,46.95,43.65,1.0,-1,-1,-1
314,3,449.94,176.65,32.65,27.33,1.0,-1,-1,-1
314,4,479.37,150.27,37.21,30.88,1.0,-1,-1,-1
314,5,28.07,165.62,72.16,119.72,1.0,-1,-1,-1
314,6,283.49,136.72,19.41,16.29,1.0,-1,-1,-1
314,7,229.52,218,43.26,34.01,1.0,-1,-1,-1
314,8,410.9,128.8,19.07,14.38,1.0,-1,-1,-1
314,9,96.1,320.73,141.8,38.89,1.0,-1,-1,-1
314,10,405.7,321.73,149.2,38.27,1.0,-1,-1,-1
314,15,543.55,265.18,19.05,36.32,1.0,-1,-1,-1
314,16,493.02,265.54,20.24,39.06,1.0,-1,-1,-1
314,19,172.39,135.38,17.32,16.62,1.0,-1,-1,-1
314,20,520.04,276.39,23.6,42.03,1.0,-1,-1,-1
314,22,163.12,146.87,20.03,16.27,1.0,-1,-1,-1
314,23,529.25,179.82,14.44,26.96,1.0,-1,-1,-1
314,24,243.95,183.28,34.85,26.73,1.0,-1,-1,-1
314,25,428.14,111.47,16.38,17.21,1.0,-1,-1,-1
314,27,386.27,132.55,19.86,17.96,1.0,-1,-1,-1
314,29,300.56,107.35,10,12.42,1.0,-1,-1,-1
314,37,319.18,108.23,11.32,10.55,1.0,-1,-1,-1
314,38,395.3,147.25,19.38,18.17,1.0,-1,-1,-1
314,39,426.26,141.15,19.69,17.45,1.0,-1,-1,-1
315,1,426.65,238.08,54.63,50.51,1.0,-1,-1,-1
315,2,533.95,206.46,47.21,43.46,1.0,-1,-1,-1
315,3,450.74,176.94,32.61,27.48,1.0,-1,-1,-1
315,4,479.6,150.15,37.64,31.08,1.0,-1,-1,-1
315,5,27.07,164.94,74.56,118.75,1.0,-1,-1,-1
315,6,283.84,136.14,19.36,16.3,1.0,-1,-1,-1
315,7,229.8,216.93,42.57,33.72,1.0,-1,-1,-1
315,8,411.2,128.1,18.84,15.01,1.0,-1,-1,-1
315,9,93.4,319.63,140.6,40.04,1.0,-1,-1,-1
315,10,398.9,319.77,147.3,40.23,1.0,-1,-1,-1
315,15,544.06,265.23,20.24,34.88,1.0,-1,-1,-1
315,16,493.57,265.91,20.38,38.47,1.0,-1,-1,-1
315,19,171.9,135.4,16.84,16.21,1.0,-1,-1,-1
315,20,520.43,274.38,22.99,43.57,1.0,-1,-1,-1
315,22,163.6,146.56,19.78,16.16,1.0,-1,-1,-1
315,23,530.27,180.53,14.35,26.68,1.0,-1,-1,-1
315,24,244.74,182.27,34.92,26.56,1.0,-1,-1,-1
315,25,428.6,111.7,18.12,18.09,1.0,-1,-1,-1
315,27,385.85,132.31,20.03,17.98,1.0,-1,-1,-1
315,29,299.84,106.18,10,12.44,1.0,-1,-1,-1
315,37,318.92,107.66,11.22,10.39,1.0,-1,-1,-1
315,38,395.77,147.08,19.31,18.01,1.0,-1,-1,-1
315,39,425.99,140.59,19.5,17.41,1.0,-1,-1,-1
316,1,426.35,237.83,54.78,50.59,1.0,-1,-1,-1
316,2,533.76,205.67,47.26,43.56,1.0,-1,-1,-1
316,3,451.18,177.17,32.34,27.39,1.0,-1,-1,-1
316,4,479.53,149.88,38.19,31.37,1.0,-1,-1,-1
316,5,27.33,164.14,75.69,119.07,1.0,-1,-1,-1
316,6,284.23,135.75,19.19,16.21,1.0,-1,-1,-1
316,7,230.71,215.99,41.82,33.27,1.0,-1,-1,-1
316,8,410.8,128.6,19.24,14.44,1.0,-1,-1,-1
316,9,89.6,317.77,136,40.62,1.0,-1,-1,-1
316,10,393,317.56,147.2,42.44,1.0,-1,-1,-1
316,15,542.69,264.48,17.92,37.48,1.0,-1,-1,-1
316,16,493.21,264.91,20.46,39.09,1.0,-1,-1,-1
316,19,172.63,133.89,17.32,16.38,1.0,-1,-1,-1
316,20,519.86,273.57,22.7,43.64,1.0,-1,-1,-1
316,22,163.29,146.23,20.04,16.29,1.0,-1,-1,-1
316,23,529.86,180.44,14.39,27.32,1.0,-1,-1,-1
316,24,245.78,180.74,34.55,26.5,1.0,-1,-1,-1
316,25,428,111.1,18.81,18.71,1.0,-1,-1,-1
316,27,385.92,132.51,20.32,18.05,1.0,-1,-1,-1
316,29,300.32,106.64,10,12.79,1.0,-1,-1,-1
316,37,318.98,107.62,11.34,10.35,1.0,-1,-1,-1
316,38,395.7,147.35,19.6,18.28,1.0,-1,-1,-1
316,39,426.12,140.38,19.69,17.82,1.0,-1,-1,-1
317,1,426.17,237.78,54.88,50.6,1.0,-1,-1,-1
317,2,534.73,206.88,46.71,43.17,1.0,-1,-1,-1
317,3,451.38,177.37,32.52,27.72,1.0,-1,-1,-1
317,4,478.75,149.25,39.03,31.98,1.0,-1,-1,-1
317,5,27.03,162.58,74.98,120.82,1.0,-1,-1,-1
317,6,284.55,135.47,19.15,16.24,1.0,-1,-1,-1
317,7,232.44,215.08,41.8,33.07,1.0,-1,-1,-1
317,8,411.5,127.8,18.38,15.23,1.0,-1,-1,-1
317,9,88.94,316.6,126.86,43.4,1.0,-1,-1,-1
317,10,387.6,316.61,143.2,43.39,1.0,-1,-1,-1
317,15,542.75,264.56,19.96,36.42,1.0,-1,-1,-1
317,16,494.54,265.74,19.46,38.68,1.0,-1,-1,-1
317,19,172.25,134.76,16.67,15.25,1.0,-1,-1,-1
317,20,520.25,274.66,22.69,42.58,1.0,-1,-1,-1
317,22,163.81,146.22,19.76,16.41,1.0,-1,-1,-1
317,23,530.05,180.31,14.18,26.97,1.0,-1,-1,-1
317,24,246.22,180.25,33.94,26.4,1.0,-1,-1,-1
317,25,428.6,110.6,18.34,19.17,1.0,-1,-1,-1
317,27,386.22,131.93,20.08,17.98,1.0,-1,-1,-1
317,29,300.39,105.99,10,12.48,1.0,-1,-1,-1
317,37,319.1,107.58,11.29,10.31,1.0,-1,-1,-1
317,38,395.27,147.61,19.52,17.93,1.0,-1,-1,-1
317,39,426.13,140.75,19.66,17.98,1.0,-1,-1,-1
318,1,426.51,238.24,54.89,50.58,1.0,-1,-1,-1
318,2,534.56,207.23,47.35,43.76,1.0,-1,-1,-1
318,3,451.58,177.46,33.02,28.38,1.0,-1,-1,-1
318,4,479.58,150,38.43,31.38,1.0,-1,-1,-1
318,5,27.36,162.99,75.41,121.19,1.0,-1,-1,-1
318,6,285.13,135.29,19.03,16.21,1.0,-1,-1,-1
318,7,233.75,214.32,42.18,33.03,1.0,-1,-1,-1
318,8,411.1,128,18.8,15.5,1.0,-1,-1,-1
318,9,89.8,314.67,126.4,44.81,1.0,-1,-1,-1
318,10,378,315.25,147.8,44.75,1.0,-1,-1,-1
318,15,542.67,264.18,20.15,38.11,1.0,-1,-1,-1
318,16,493.04,265.41,20.19,38.83,1.0,-1,-1,-1
318,19,172.58,135.02,16.76,15.33,1.0,-1,-1,-1
318,20,519.67,273.9,22.95,42.96,1.0,-1,-1,-1
318,22,163.31,146.21,19.59,16.51,1.0,-1,-1,-1
318,23,531.29,181.41,13.68,26.73,1.0,-1,-1,-1
318,24,247.14,180.32,33.86,26.48,1.0,-1,-1,-1
318,25,427.8,111.5,20.18,18.75,1.0,-1,-1,-1
318,27,386.53,132.57,20.02,18.09,1.0,-1,-1,-1
318,29,301.11,106.82,10,12.58,1.0,-1,-1,-1
318,37,319.45,107.56,11.02,10.23,1.0,-1,-1,-1
318,38,395.57,147.4,19.36,18.51,1.0,-1,-1,-1
318,39,426.64,141.13,19.78,18.04,1.0,-1,-1,-1
319,1,426.37,239.19,54.92,50.54,1.0,-1,-1,-1
319,2,535.21,208.48,48.35,43.9,1.0,-1,-1,-1
319,3,452.05,178.7,32.52,28.16,1.0,-1,-1,-1
319,4,480.21,151.19,38.1,31.07,1.0,-1,-1,-1
319,5,27.77,162.97,76.93,120.57,1.0,-1,-1,-1
319,6,285.38,135.27,18.86,16.12,1.0,-1,-1,-1
319,7,233.35,213.93,41.63,32.73,1.0,-1,-1,-1
319,8,411.5,129.1,19.06,15.09,1.0,-1,-1,-1
319,9,86.6,313.57,120.7,46.15,1.0,-1,-1,-1
319,10,371.3,314.8,145.8,45.2,1.0,-1,-1,-1
319,15,543.5,264.91,21.06,37,1.0,-1,-1,-1
319,16,494.35,266.94,19.01,39.26,1.0,-1,-1,-1
319,19,172.33,134.65,16.87,15.59,1.0,-1,-1,-1
319,20,519.95,274.5,22.55,43.11,1.0,-1,-1,-1
319,22,164.1,146.74,19.66,16.26,1.0,-1,-1,-1
319,23,531.55,182.41,13.43,26.71,1.0,-1,-1,-1
319,24,247.39,179.55,33.97,26.34,1.0,-1,-1,-1
319,25,428.43,112.3,16.88,17.75,1.0,-1,-1,-1
319,27,385.82,132.9,20.45,18.11,1.0,-1,-1,-1
319,29,300.1,106.58,10,12.48,1.0,-1,-1,-1
319,37,319.17,107.32,11.12,10.17,1.0,-1,-1,-1
319,38,395.14,148.95,19.81,18.3,1.0,-1,-1,-1
319,39,426.41,141.06,20.35,18.08,1.0,-1,-1,-1
320,1,426.57,239.72,54.9,50.48,1.0,-1,-1,-1
320,2,536.2,209.51,48.42,44.27,1.0,-1,-1,-1
320,3,453.14,180.18,31.55,27.27,1.0,-1,-1,-1
320,4,478.96,149.88,40.84,33.52,1.0,-1,-1,-1
320,5,28.72,163.83,74.94,119.88,1.0,-1,-1,-1
320,6,285.75,135.12,18.91,16.27,1.0,-1,-1,-1
320,7,234.36,213.11,41.05,32.38,1.0,-1,-1,-1
320,8,411,129.9,19.96,14.9,1.0,-1,-1,-1
320,9,78.6,312.5,125.1,47.34,1.0,-1,-1,-1
320,10,366.4,315.13,144,44.87,1.0,-1,-1,-1
320,15,543.06,264.9,20.42,39.81,1.0,-1,-1,-1
320,16,493.33,266.34,20.4,39.07,1.0,-1,-1,-1
320,19,172.1,135.6,16.96,15.34,1.0,-1,-1,-1
320,20,520.41,276.61,23.14,41.62,1.0,-1,-1,-1
320,22,164.91,146.98,19.62,15.88,1.0,-1,-1,-1
320,23,532.79,183.23,14.2,26.88,1.0,-1,-1,-1
320,24,248.6,179.44,33.79,26.34,1.0,-1,-1,-1
320,25,430,113.6,14.5,17.83,1.0,-1,-1,-1
320,27,385.88,134.25,20.32,18.16,1.0,-1,-1,-1
320,29,301.05,107.17,10,12.39,1.0,-1,-1,-1
320,37,319.24,108.49,11.32,10,1.0,-1,-1,-1
320,38,395.8,149.38,19.94,18.5,1.0,-1,-1,-1
320,39,426.08,142.31,19.81,18.08,1.0,-1,-1,-1
321,1,426.52,239.76,55.11,50.64,1.0,-1,-1,-1
321,2,536.21,208.92,48.29,45.01,1.0,-1,-1,-1
321,3,453.69,181.05,31.06,26.75,1.0,-1,-1,-1
321,4,478.97,149.61,41.57,34.34,1.0,-1,-1,-1
321,5,28.73,160.94,78.1,121.62,1.0,-1,-1,-1
321,6,286.78,135,18.45,15.95,1.0,-1,-1,-1
321,7,234.77,211.82,41.14,32.57,1.0,-1,-1,-1
321,8,410.2,129.3,21.12,15.77,1.0,-1,-1,-1
321,9,74.9,311.14,123.6,48.72,1.0,-1,-1,-1
321,10,359.1,313.87,144.9,46.13,1.0,-1,-1,-1
321,15,543.41,264.54,20.74,38.69,1.0,-1,-1,-1
321,16,493.63,266.7,19.65,38.65,1.0,-1,-1,-1
321,19,172.35,135,16.73,15.77,1.0,-1,-1,-1
321,20,521.17,274.96,22.69,42.47,1.0,-1,-1,-1
321,22,164.41,146.47,19.64,15.55,1.0,-1,-1,-1
321,23,533.03,183.56,13.74,26.91,1.0,-1,-1,-1
321,24,249.25,178.34,33.87,26.28,1.0,-1,-1,-1
321,25,431,112.5,14,19.28,1.0,-1,-1,-1
321,27,386.42,134.14,20.25,18.17,1.0,-1,-1,-1
321,29,301.28,107.35,10,12.36,1.0,-1,-1,-1
321,37,319.53,108.11,11.47,10,1.0,-1,-1,-1
321,38,395.53,149.01,20.15,18.31,1.0,-1,-1,-1
321,39,427.17,142.2,19.97,17.99,1.0,-1,-1,-1
322,1,426.21,239.36,55.27,50.74,1.0,-1,-1,-1
322,2,536.7,209.83,48.73,44.49,1.0,-1,-1,-1
322,3,453.8,181.17,31.02,26.66,1.0,-1,-1,-1
322,4,479.75,150.37,40.35,33.38,1.0,-1,-1,-1
322,5,27.37,158.36,76.23,122.18,1.0,-1,-1,-1
322,6,287.05,134.45,18.18,15.8,1.0,-1,-1,-1
322,7,235.41,210.99,40.3,31.93,1.0,-1,-1,-1
322,8,411.1,127.2,19.87,17.55,1.0,-1,-1,-1
322,9,74.5,309.54,119.3,49.94,1.0,-1,-1,-1
322,10,355.2,312.26,137.6,47.74,1.0,-1,-1,-1
322,15,542.66,264.16,19.21,39.47,1.0,-1,-1,-1
322,16,494.62,266.7,19.08,38.52,1.0,-1,-1,-1
322,19,171.9,133.9,16.71,15.44,1.0,-1,-1,-1
322,20,519.71,273.95,22.94,42.68,1.0,-1,-1,-1
322,22,164.72,145.87,19.12,15.4,1.0,-1,-1,-1
322,23,533.26,182.94,13.28,26.79,1.0,-1,-1,-1
322,24,249.51,177.97,33.19,26.34,1.0,-1,-1,-1
322,25,430.09,114.46,15.68,16.31,1.0,-1,-1,-1
322,27,385.21,133.57,21.09,18.09,1.0,-1,-1,-1
322,29,300.49,105.87,10,12.51,1.0,-1,-1,-1
322,37,319.43,107.12,11.63,10,1.0,-1,-1,-1
322,38,395.12,149.1,19.96,18.69,1.0,-1,-1,-1
322,39,426.21,141.8,19.75,17.82,1.0,-1,-1,-1
323,1,426.31,239.39,55.15,50.56,1.0,-1,-1,-1
323,2,536.77,208.97,49.08,44.94,1.0,-1,-1,-1
323,3,454.14,181.55,30.9,26.43,1.0,-1,-1,-1
323,4,479.89,150.2,40.43,33.56,1.0,-1,-1,-1
323,5,29.44,160.63,77.65,119.21,1.0,-1,-1,-1
323,6,287.54,133.53,18.14,15.84,1.0,-1,-1,-1
323,7,236.06,209.54,40.28,31.94,1.0,-1,-1,-1
323,8,412.1,128.8,18.64,15.65,1.0,-1,-1,-1
323,9,72.8,308.15,118.4,51.16,1.0,-1,-1,-1
323,10,348.6,310.78,139.6,49.22,1.0,-1,-1,-1
323,15,543.45,263.68,20.53,36.15,1.0,-1,-1,-1
323,16,494.36,265.94,19.09,38.77,1.0,-1,-1,-1
323,19,171.66,132.75,17.61,15.49,1.0,-1,-1,-1
323,20,520.2,274.64,22.9,42.75,1.0,-1,-1,-1
323,22,164.19,144.85,19.11,15.72,1.0,-1,-1,-1
323,23,533.83,183.01,14.36,26.83,1.0,-1,-1,-1
323,24,249.77,176.33,32.65,25.6,1.0,-1,-1,-1
323,25,431.27,115.72,14.56,14.81,1.0,-1,-1,-1
323,27,385.61,132.53,20.8,17.96,1.0,-1,-1,-1
323,29,301.09,105.72,10,11.79,1.0,-1,-1,-1
323,37,319.25,106.02,11.26,10,1.0,-1,-1,-1
323,38,395.04,148.85,19.97,18.26,1.0,-1,-1,-1
323,39,426.41,141.5,20.1,18.23,1.0,-1,-1,-1
324,1,426.5,239.52,55.01,50.38,1.0,-1,-1,-1
324,2,538.65,210.61,48.77,44.55,1.0,-1,-1,-1
324,3,454.32,182,31.03,26.4,1.0,-1,-1,-1
324,4,479.35,149.08,42.22,35.41,1.0,-1,-1,-1
324,5,28.24,158.22,77.11,119.91,1.0,-1,-1,-1
324,6,287.93,133.21,18.04,15.79,1.0,-1,-1,-1
324,7,237.27,208.49,40.99,32.34,1.0,-1,-1,-1
324,8,412.4,129.1,18.4,15.63,1.0,-1,-1,-1
324,9,69.3,307.22,116,52.52,1.0,-1,-1,-1
324,10,341,308.38,141.8,51.13,1.0,-1,-1,-1
324,15,543.62,264.06,20.06,35.31,1.0,-1,-1,-1
324,16,494.76,266.16,19.11,38.17,1.0,-1,-1,-1
324,19,171.54,134.01,17.74,14.97,1.0,-1,-1,-1
324,20,519.93,272.99,23.15,43.41,1.0,-1,-1,-1
324,22,164.93,145.11,18.78,14.89,1.0,-1,-1,-1
324,23,533.82,184.21,14.44,26.96,1.0,-1,-1,-1
324,24,251.1,176.26,32.56,25.7,1.0,-1,-1,-1
324,25,430.61,114.87,15.95,16.18,1.0,-1,-1,-1
324,27,385.87,133.53,20.64,17.89,1.0,-1,-1,-1
324,29,300.5,105.99,10,12.17,1.0,-1,-1,-1
324,37,319.54,106.38,11.37,10.11,1.0,-1,-1,-1
324,38,395.81,149.18,19.94,18.78,1.0,-1,-1,-1
324,39,427.56,141.41,19.9,18.29,1.0,-1,-1,-1
325,1,426.48,239.7,55.33,50.66,1.0,-1,-1,-1
325,2,539.37,210.37,48.54,45.25,1.0,-1,-1,-1
325,3,454.66,182.6,31.6,26.85,1.0,-1,-1,-1
325,4,480.64,151.09,40.69,34.16,1.0,-1,-1,-1
325,5,29.99,160.11,79.05,117.67,1.0,-1,-1,-1
325,6,288.44,133.19,17.84,15.61,1.0,-1,-1,-1
325,7,238.51,207.69,41.37,32.52,1.0,-1,-1,-1
325,8,410.91,127,19.34,18.18,1.0,-1,-1,-1
325,9,66,305.6,115.7,54.01,1.0,-1,-1,-1
325,10,337.9,308.84,137.3,51.16,1.0,-1,-1,-1
325,15,542.99,263.66,20.03,36.44,1.0,-1,-1,-1
325,16,494.94,266.56,18.85,39.04,1.0,-1,-1,-1
325,19,170.77,133.76,18.12,15.26,1.0,-1,-1,-1
325,20,519.34,273.31,22.6,43.82,1.0,-1,-1,-1
325,22,165.4,145.08,18.62,15.88,1.0,-1,-1,-1
325,23,534.82,184.59,14.99,26.62,1.0,-1,-1,-1
325,24,252.03,176.18,32.58,25.64,1.0,-1,-1,-1
325,25,431.16,115.61,15.93,16.1,1.0,-1,-1,-1
325,27,385.86,133.97,21.15,18.25,1.0,-1,-1,-1
325,29,301.99,106.74,10,11.76,1.0,-1,-1,-1
325,37,320.39,107.34,11.5,10.02,1.0,-1,-1,-1
325,38,396.35,149.83,19.98,19.03,1.0,-1,-1,-1
325,39,427.08,141.95,19.93,18.41,1.0,-1,-1,-1
326,1,426.53,240.29,55.41,50.65,1.0,-1,-1,-1
326,2,539.86,212.59,48.62,44.53,1.0,-1,-1,-1
326,3,454.39,183.07,32.37,27.47,1.0,-1,-1,-1
326,4,481.3,152.17,40.34,33.87,1.0,-1,-1,-1
326,5,29.44,158.73,76.28,118.59,1.0,-1,-1,-1
326,6,288.81,133.34,17.59,15.38,1.0,-1,-1,-1
326,7,239.25,207.37,40.3,31.56,1.0,-1,-1,-1
326,8,411.1,127.83,18.96,17.65,1.0,-1,-1,-1
326,9,65.5,304.83,112,55.03,1.0,-1,-1,-1
326,10,333.8,307.61,135.2,52.39,1.0,-1,-1,-1
326,15,543.28,264.36,21.3,35.1,1.0,-1,-1,-1
326,16,493.85,266.3,19.16,38.89,1.0,-1,-1,-1
326,19,170.97,134.38,17.73,14.91,1.0,-1,-1,-1
326,20,519.25,275.97,22.91,42.2,1.0,-1,-1,-1
326,22,165.24,145.29,18.85,15.33,1.0,-1,-1,-1
326,23,534.64,186.11,15.67,26.82,1.0,-1,-1,-1
326,24,252.48,176.02,32.65,25.32,1.0,-1,-1,-1
326,25,430.95,115.42,16.48,16.75,1.0,-1,-1,-1
326,27,386.95,135.01,20.77,17.94,1.0,-1,-1,-1
326,29,302.12,107.1,10,12.06,1.0,-1,-1,-1
326,37,319.83,107.03,11.32,10,1.0,-1,-1,-1
326,38,396.33,151.14,20.28,18.57,1.0,-1,-1,-1
326,39,427.21,143.36,20.19,18.24,1.0,-1,-1,-1
327,1,426.51,240.39,55.57,50.72,1.0,-1,-1,-1
327,2,540.9,211.77,48.29,45.44,1.0,-1,-1,-1
327,3,454.01,183.51,32.78,27.73,1.0,-1,-1,-1
327,4,481.59,152.86,40.06,33.57,1.0,-1,-1,-1
327,5,29.94,159.93,80.29,116.79,1.0,-1,-1,-1
327,6,289.12,133.29,17.39,15.21,1.0,-1,-1,-1
327,7,240.36,207.19,38.72,30.18,1.0,-1,-1,-1
327,8,411.05,128.34,18.94,17.45,1.0,-1,-1,-1
327,9,60.5,303.96,113.1,55.81,1.0,-1,-1,-1
327,10,325,307.56,136.1,52.44,1.0,-1,-1,-1
327,15,543.23,264.36,21.36,36.87,1.0,-1,-1,-1
327,16,493.82,266.93,19.35,39.01,1.0,-1,-1,-1
327,19,171.68,134.42,17.33,14.57,1.0,-1,-1,-1
327,20,520.5,277.22,23.83,39.97,1.0,-1,-1,-1
327,22,165.48,145.16,18.56,15.47,1.0,-1,-1,-1
327,23,535.74,185.6,15.45,26.78,1.0,-1,-1,-1
327,24,252.64,175.73,32.66,25.34,1.0,-1,-1,-1
327,25,430.97,115.42,16.68,17.07,1.0,-1,-1,-1
327,27,386.47,135.16,20.61,18.29,1.0,-1,-1,-1
327,29,301.66,107.25,10,11.91,1.0,-1,-1,-1
327,37,320.73,107.1,11.33,10,1.0,-1,-1,-1
327,38,396.04,150.93,20.37,18.89,1.0,-1,-1,-1
327,39,427.47,144.28,20.55,17.73,1.0,-1,-1,-1
328,1,426.55,240.48,55.79,50.87,1.0,-1,-1,-1
328,2,540.76,212.13,48.27,45.82,1.0,-1,-1,-1
328,3,453.9,183.71,32.99,27.82,1.0,-1,-1,-1
328,4,482.32,153.4,39.62,33.19,1.0,-1,-1,-1
328,5,29.39,157.93,76.17,117.73,1.0,-1,-1,-1
328,6,289.37,132.7,17.42,15.27,1.0,-1,-1,-1
328,7,240.89,206.54,38.11,29.57,1.0,-1,-1,-1
328,8,411.05,128.48,18.94,17.3,1.0,-1,-1,-1
328,9,56.6,302.61,112.8,56.46,1.0,-1,-1,-1
328,10,321.2,305.93,136,54.07,1.0,-1,-1,-1
328,15,543.16,264.08,20.8,41.06,1.0,-1,-1,-1
328,16,494.06,267.23,19.59,38.55,1.0,-1,-1,-1
328,19,170.79,133.49,17.32,14.92,1.0,-1,-1,-1
328,20,520.79,275.12,22.95,41.72,1.0,-1,-1,-1
328,22,165.3,144.78,18.71,14.88,1.0,-1,-1,-1
328,23,535.88,186.06,15.43,27.16,1.0,-1,-1,-1
328,24,252.95,174.82,33.04,24.59,1.0,-1,-1,-1
328,25,431,115.39,16.6,17.07,1.0,-1,-1,-1
328,27,386.69,134.49,20.75,18.13,1.0,-1,-1,-1
328,29,301.39,105.8,10,12.35,1.0,-1,-1,-1
328,37,320.47,106.46,11.37,10.16,1.0,-1,-1,-1
328,38,396.38,151.29,20.26,19.12,1.0,-1,-1,-1
328,39,427.49,143.73,20.25,18.19,1.0,-1,-1,-1
329,1,426.67,240.52,55.76,50.8,1.0,-1,-1,-1
329,2,541.4,212.19,48.78,46.09,1.0,-1,-1,-1
329,3,454.21,183.92,33.09,27.86,1.0,-1,-1,-1
329,4,483.94,153.76,39.59,32.91,1.0,-1,-1,-1
329,5,30.02,159.29,80.78,116.45,1.0,-1,-1,-1
329,6,289.59,132.18,17.49,15.35,1.0,-1,-1,-1
329,7,241.52,205.36,38.02,29.39,1.0,-1,-1,-1
329,8,411.54,128.77,18.85,17.15,1.0,-1,-1,-1
329,9,55.8,301.42,110.9,58.13,1.0,-1,-1,-1
329,10,313.3,303.65,134.1,56.35,1.0,-1,-1,-1
329,15,542.98,264.26,20.21,38.93,1.0,-1,-1,-1
329,16,494.15,266.49,19.06,38.8,1.0,-1,-1,-1
329,19,171.37,133.28,16.94,14.77,1.0,-1,-1,-1
329,20,519.77,275.41,22.7,42.64,1.0,-1,-1,-1
329,22,166.37,143.83,18.09,15.29,1.0,-1,-1,-1
329,23,535.47,185.67,15.54,27.2,1.0,-1,-1,-1
329,24,252.96,173.64,32.7,24.82,1.0,-1,-1,-1
329,25,431.28,115.25,16.56,17.07,1.0,-1,-1,-1
329,27,386.36,134.51,20.47,18.22,1.0,-1,-1,-1
329,29,301.92,105.82,10,12.16,1.0,-1,-1,-1
329,37,320.09,105.94,11.22,10,1.0,-1,-1,-1
329,38,395.69,151.02,20.55,18.82,1.0,-1,-1,-1
329,39,427.69,143.37,20.32,18.05,1.0,-1,-1,-1
330,1,426.5,240.21,56.03,51.04,1.0,-1,-1,-1
330,2,542.6,213.18,48.95,45.11,1.0,-1,-1,-1
330,3,454.44,183.71,33.44,28.18,1.0,-1,-1,-1
330,4,483.74,152.53,41.09,34.29,1.0,-1,-1,-1
330,5,29.53,156,84.8,116.01,1.0,-1,-1,-1
330,6,290.04,131.69,17.72,15.47,1.0,-1,-1,-1
330,7,242.42,204.04,38.14,29.45,1.0,-1,-1,-1
330,8,412.3,129.4,18.24,16.45,1.0,-1,-1,-1
330,9,54.9,300.27,108.5,59.27,1.0,-1,-1,-1
330,10,312.2,302.42,131.9,56.82,1.0,-1,-1,-1
330,15,542.68,264.08,21.54,39.59,1.0,-1,-1,-1
330,16,493.96,266.48,18.85,38.84,1.0,-1,-1,-1
330,19,170.03,132.92,18.58,15.32,1.0,-1,-1,-1
330,20,520.35,274.01,22.97,43.02,1.0,-1,-1,-1
330,22,166.61,143.71,18.69,15.46,1.0,-1,-1,-1
330,23,536.33,185.82,14.57,27.33,1.0,-1,-1,-1
330,24,254.41,173.44,32.28,24.61,1.0,-1,-1,-1
330,25,432.91,117.9,14.29,14.38,1.0,-1,-1,-1
330,27,387.26,134.75,20.13,17.89,1.0,-1,-1,-1
330,29,301.73,105.99,10,11.91,1.0,-1,-1,-1
330,37,320.27,105.35,11.33,10.03,1.0,-1,-1,-1
330,38,396.23,151.46,20.75,19.26,1.0,-1,-1,-1
330,39,428.03,144.64,20.52,17.53,1.0,-1,-1,-1
331,1,426.43,239.94,56.17,51.16,1.0,-1,-1,-1
331,2,542.96,213.63,48.81,45.2,1.0,-1,-1,-1
331,3,454.69,183.69,33.59,28.34,1.0,-1,-1,-1
331,4,483.5,151.74,42.05,35.34,1.0,-1,-1,-1
331,5,30.9,156.75,84.98,114.18,1.0,-1,-1,-1
331,6,290.4,131.4,17.78,15.4,1.0,-1,-1,-1
331,7,243.03,203.14,38.52,29.71,1.0,-1,-1,-1
331,8,412.55,129.5,18.48,16.55,1.0,-1,-1,-1
331,9,51.9,298.42,106.7,60.65,1.0,-1,-1,-1
331,10,305.8,300.92,132.3,57,1.0,-1,-1,-1
331,15,542.99,264.18,21.61,40.1,1.0,-1,-1,-1
331,16,494.3,265.86,18.59,38.96,1.0,-1,-1,-1
331,19,170.03,132.53,18.46,15.71,1.0,-1,-1,-1
331,20,520.39,272.01,22.56,44.74,1.0,-1,-1,-1
331,22,166.49,143.43,18.37,15.33,1.0,-1,-1,-1
331,23,537.06,186.43,15.03,27.61,1.0,-1,-1,-1
331,24,254.97,172.93,31.98,24.62,1.0,-1,-1,-1
331,25,433.17,118.48,14.11,13.95,1.0,-1,-1,-1
331,27,387.41,134.41,20.52,17.92,1.0,-1,-1,-1
331,29,302.32,106.94,10,11.56,1.0,-1,-1,-1
331,37,320.65,105.84,11.48,10.08,1.0,-1,-1,-1
331,38,396.13,151.53,20.57,18.98,1.0,-1,-1,-1
331,39,428.57,144.88,20.37,17.68,1.0,-1,-1,-1
332,1,426.45,240.05,56.21,51.27,1.0,-1,-1,-1
332,2,543.31,214.57,49.37,45.35,1.0,-1,-1,-1
332,3,454.84,183.9,33.97,28.71,1.0,-1,-1,-1
332,4,484.63,152.98,40.95,34.42,1.0,-1,-1,-1
332,5,32.78,156.33,87.05,115.27,1.0,-1,-1,-1
332,7,243.54,202.05,39.17,30.28,1.0,-1,-1,-1
332,8,413.48,131.56,17.17,15.16,1.0,-1,-1,-1
332,9,53.4,297.34,102.5,61.89,1.0,-1,-1,-1
332,10,301.1,299.5,131.1,57.53,1.0,-1,-1,-1
332,15,543.53,263.77,20.33,40.46,1.0,-1,-1,-1
332,16,493.3,266.5,18.75,39.42,1.0,-1,-1,-1
332,19,170.42,132.86,18.58,15.2,1.0,-1,-1,-1
332,20,520.03,271.52,22.46,46.79,1.0,-1,-1,-1
332,22,166.89,142.85,18.48,15.21,1.0,-1,-1,-1
332,23,537.43,186.56,14.79,27.73,1.0,-1,-1,-1
332,24,256.26,172.1,31.53,24.53,1.0,-1,-1,-1
332,25,432.66,117.88,15.08,14.82,1.0,-1,-1,-1
332,27,386.86,135.5,20.32,18.09,1.0,-1,-1,-1
332,29,301.63,106.78,10,11.81,1.0,-1,-1,-1
332,37,320.71,105.85,11.24,10.01,1.0,-1,-1,-1
332,38,396.48,151.54,20.53,19.26,1.0,-1,-1,-1
332,39,428.12,144.2,20.73,18.32,1.0,-1,-1,-1
333,1,426.71,240.29,56.35,51.49,1.0,-1,-1,-1
333,2,544.19,215.16,50.02,45.47,1.0,-1,-1,-1
333,3,455.24,184.42,34.39,29.09,1.0,-1,-1,-1
333,4,484.86,152.51,41.56,35.3,1.0,-1,-1,-1
333,5,33.83,156.26,85.25,114.75,1.0,-1,-1,-1
333,6,291.63,131.18,17.34,14.84,1.0,-1,-1,-1
333,7,244.63,200.99,40.08,31.06,1.0,-1,-1,-1
333,8,413.68,132.16,17.03,14.84,1.0,-1,-1,-1
333,9,47.88,297.17,104.72,62.45,1.0,-1,-1,-1
333,10,293.6,298.59,130.9,57.11,1.0,-1,-1,-1
333,15,543.75,264.78,21.6,40.11,1.0,-1,-1,-1
333,16,494.34,266.16,18.39,39.2,1.0,-1,-1,-1
333,19,170.57,133.43,18.4,15.21,1.0,-1,-1,-1
333,20,519.97,272.87,22.95,45.23,1.0,-1,-1,-1
333,22,166.32,143.28,18.37,15.15,1.0,-1,-1,-1
333,23,537.72,187.99,15.33,28.19,1.0,-1,-1,-1
333,24,256.46,172.28,31.33,24.88,1.0,-1,-1,-1
333,25,432.26,117.41,15.96,15.69,1.0,-1,-1,-1
333,27,387.31,135.06,20.32,18.24,1.0,-1,-1,-1
333,29,302.06,106.85,10,11.71,1.0,-1,-1,-1
333,37,321.21,105.52,11.12,10,1.0,-1,-1,-1
333,38,396.97,152.14,20.67,19.31,1.0,-1,-1,-1
333,39,429.13,145.71,20.28,18.06,1.0,-1,-1,-1
334,1,426.57,240.61,56.36,51.51,1.0,-1,-1,-1
334,2,543.92,215.41,50.2,46.11,1.0,-1,-1,-1
334,3,455.36,185.13,34.61,29.32,1.0,-1,-1,-1
334,4,485.17,152.65,41.38,35.47,1.0,-1,-1,-1
334,5,33.05,156.64,84.53,113.74,1.0,-1,-1,-1
334,6,291.59,130.8,17.6,14.93,1.0,-1,-1,-1
334,7,245.4,200.16,39.73,30.87,1.0,-1,-1,-1
334,8,413.64,131.92,17.74,15.32,1.0,-1,-1,-1
334,9,49,296.6,98.2,62.57,1.0,-1,-1,-1
334,10,288,297.58,131.6,56.48,1.0,-1,-1,-1
334,15,542.74,264.69,20.9,37.82,1.0,-1,-1,-1
334,16,493.27,266.31,18.22,39,1.0,-1,-1,-1
334,19,168.75,132.63,18.4,16.07,1.0,-1,-1,-1
334,20,520.05,273,22.62,44.98,1.0,-1,-1,-1
334,22,164.47,144.56,18.24,15.45,1.0,-1,-1,-1
334,23,538.72,188.14,15.63,27.96,1.0,-1,-1,-1
334,24,256.93,171.48,31.26,24.52,1.0,-1,-1,-1
334,25,432.22,117.42,16.09,15.83,1.0,-1,-1,-1
334,27,387.45,135.31,20.23,18.18,1.0,-1,-1,-1
334,29,301.42,106.73,10,11.91,1.0,-1,-1,-1
334,37,320.67,105.33,11.16,10,1.0,-1,-1,-1
334,38,396.35,152.72,20.78,19.98,1.0,-1,-1,-1
334,39,429.56,145.91,19.91,17.55,1.0,-1,-1,-1
335,1,426.52,240.65,56.34,51.52,1.0,-1,-1,-1
335,2,544.19,216.23,50.55,46.15,1.0,-1,-1,-1
335,3,455.85,185.6,34.63,29.38,1.0,-1,-1,-1
335,4,485.75,152.66,41.2,35.58,1.0,-1,-1,-1
335,5,33.58,155.98,87.6,112.39,1.0,-1,-1,-1
335,6,291.95,130.31,17.24,14.56,1.0,-1,-1,-1
335,7,246.91,199.79,38.67,29.84,1.0,-1,-1,-1
335,8,413.72,132.08,17.79,15.19,1.0,-1,-1,-1
335,9,44,294.8,99.8,64.2,1.0,-1,-1,-1
335,10,286.7,296.53,127.6,55.79,1.0,-1,-1,-1
335,15,542.6,264.32,21.37,41.66,1.0,-1,-1,-1
335,16,493.45,266.56,18.78,39.47,1.0,-1,-1,-1
335,19,171.12,132.27,17.94,14.93,1.0,-1,-1,-1
335,20,520.59,274.25,22.26,44.06,1.0,-1,-1,-1
335,22,167.15,142.48,18.13,15.06,1.0,-1,-1,-1
335,23,538.45,188.38,15.61,28.13,1.0,-1,-1,-1
335,24,257.66,171.23,31.01,24.22,1.0,-1,-1,-1
335,25,432.44,118.03,15.79,15.45,1.0,-1,-1,-1
335,27,386.93,136.14,20.36,18.09,1.0,-1,-1,-1
335,29,301.74,106.63,10,11.84,1.0,-1,-1,-1
335,37,321.4,105.94,10.84,10,1.0,-1,-1,-1
335,38,396.81,152.91,20.81,19.67,1.0,-1,-1,-1
335,39,428.6,146.04,20.25,17.59,1.0,-1,-1,-1
336,1,426.58,240.61,56.15,51.35,1.0,-1,-1,-1
336,2,544.78,215.28,50.39,46.35,1.0,-1,-1,-1
336,3,456.63,185.66,34.57,29.34,1.0,-1,-1,-1
336,4,486.87,153.77,39.89,34.59,1.0,-1,-1,-1
336,5,33.82,155.04,85.86,112.44,1.0,-1,-1,-1
336,6,292.19,129.21,17.85,15.11,1.0,-1,-1,-1
336,7,247.9,199.1,37.91,29.08,1.0,-1,-1,-1
336,8,414.06,132.48,17.57,14.77,1.0,-1,-1,-1
336,9,44.6,292.63,96.6,66.35,1.0,-1,-1,-1
336,10,281.1,295.08,125.2,55.42,1.0,-1,-1,-1
336,15,543.09,263.47,20.66,41.32,1.0,-1,-1,-1
336,16,493.69,266.31,18.3,38.55,1.0,-1,-1,-1
336,19,169.57,131.76,18.07,16.43,1.0,-1,-1,-1
336,20,519.93,271.6,21.77,46.27,1.0,-1,-1,-1
336,22,165.08,141.76,17.99,15.18,1.0,-1,-1,-1
336,23,539.37,188.3,15.51,28.16,1.0,-1,-1,-1
336,24,258.46,170.37,30.84,24.27,1.0,-1,-1,-1
336,25,433.02,117.96,15.61,15.21,1.0,-1,-1,-1
336,27,387.61,135.7,20.9,18.22,1.0,-1,-1,-1
336,29,303.04,106.04,10,11.94,1.0,-1,-1,-1
336,37,321.7,105.65,10.89,10,1.0,-1,-1,-1
336,38,397.11,152.6,21.09,19.61,1.0,-1,-1,-1
336,39,430.13,146.39,19.77,18,1.0,-1,-1,-1
337,1,426.72,240.36,56.24,51.37,1.0,-1,-1,-1
337,2,545.96,216.03,51.39,46.39,1.0,-1,-1,-1
337,3,457.26,185.79,34.93,29.72,1.0,-1,-1,-1
337,4,487.45,154.6,39.02,33.89,1.0,-1,-1,-1
337,5,34.38,154.85,85.06,112.18,1.0,-1,-1,-1
337,6,292.71,128.34,18.11,15.37,1.0,-1,-1,-1
337,7,248.62,198.23,37.88,28.89,1.0,-1,-1,-1
337,8,414.41,132.78,17.58,14.56,1.0,-1,-1,-1
337,9,41.7,290.79,91.7,68.3,1.0,-1,-1,-1
337,10,276.1,293.37,123.7,56.01,1.0,-1,-1,-1
337,15,543.37,263.33,21.59,39.29,1.0,-1,-1,-1
337,16,494.13,265.88,18.56,38.25,1.0,-1,-1,-1
337,19,169.17,128.95,18.22,16.87,1.0,-1,-1,-1
337,20,520.64,273.12,22.71,44.25,1.0,-1,-1,-1
337,22,167.56,141.4,18.14,15.44,1.0,-1,-1,-1
337,23,539.63,188.38,15.31,28.25,1.0,-1,-1,-1
337,24,258.77,169.77,30.73,24.12,1.0,-1,-1,-1
337,25,433.24,117.87,15.77,15.27,1.0,-1,-1,-1
337,27,387.77,135.26,21.07,18.22,1.0,-1,-1,-1
337,29,302.44,105.37,10,11.78,1.0,-1,-1,-1
337,37,321.47,105.03,10.35,10,1.0,-1,-1,-1
337,38,397.23,152.7,20.91,19.68,1.0,-1,-1,-1
337,39,429.34,146.13,19.68,17.59,1.0,-1,-1,-1
338,1,426.73,240.3,56.31,51.4,1.0,-1,-1,-1
338,2,545.8,215.28,51.46,47.8,1.0,-1,-1,-1
338,3,457.16,185.75,35.68,30.51,1.0,-1,-1,-1
338,4,486.95,153.46,40.57,35.5,1.0,-1,-1,-1
338,5,34.3,153.81,85.46,113.23,1.0,-1,-1,-1
338,6,293.09,128.07,18.07,15.4,1.0,-1,-1,-1
338,7,248.97,197.56,37.53,28.57,1.0,-1,-1,-1
338,8,414.09,132.44,18.41,15.13,1.0,-1,-1,-1
338,9,37.7,289.18,95.3,69.84,1.0,-1,-1,-1
338,10,270.7,291.73,122,56.21,1.0,-1,-1,-1
338,15,543.2,263.97,21.36,41.9,1.0,-1,-1,-1
338,16,493.69,265.35,18.35,38.12,1.0,-1,-1,-1
338,19,168.84,128.87,18.94,18.73,1.0,-1,-1,-1
338,20,520.92,273.25,21.99,43.83,1.0,-1,-1,-1
338,22,167.51,140.93,17.99,15.1,1.0,-1,-1,-1
338,23,540.73,188.29,15.69,28.59,1.0,-1,-1,-1
338,24,258.98,169.13,30.4,24.42,1.0,-1,-1,-1
338,25,433.23,117.64,16.09,15.59,1.0,-1,-1,-1
338,27,387.9,136.12,21.09,18.3,1.0,-1,-1,-1
338,29,302.74,105.65,10,11.91,1.0,-1,-1,-1
338,37,321.48,105.11,10.26,10,1.0,-1,-1,-1
338,38,397.39,153.11,20.8,20.11,1.0,-1,-1,-1
338,39,430.06,146.56,20.02,17.63,1.0,-1,-1,-1
339,1,426.64,240.52,56.28,51.42,1.0,-1,-1,-1
339,2,546.07,216.75,51.37,47.69,1.0,-1,-1,-1
339,3,457.23,186.16,36.09,31.04,1.0,-1,-1,-1
339,4,485.7,151.52,42.91,37.92,1.0,-1,-1,-1
339,5,32.99,154.76,88.62,112.72,1.0,-1,-1,-1
339,6,293.3,127.94,18.07,15.47,1.0,-1,-1,-1
339,7,249.35,197.02,36.89,28.11,1.0,-1,-1,-1
339,8,413.74,132.15,19.29,15.77,1.0,-1,-1,-1
339,9,38.8,288.47,93,70.27,1.0,-1,-1,-1
339,10,266,291.13,121.9,55.43,1.0,-1,-1,-1
339,15,543.03,263.92,21.15,41.12,1.0,-1,-1,-1
339,16,493.38,266.44,18.66,38.33,1.0,-1,-1,-1
339,19,166.82,131.81,19.29,15.29,1.0,-1,-1,-1
339,20,520.86,273.79,22.38,43.44,1.0,-1,-1,-1
339,22,167.68,142.06,18.31,14.88,1.0,-1,-1,-1
339,23,540.58,189.72,15.34,27.77,1.0,-1,-1,-1
339,24,259.59,168.38,30.23,24.18,1.0,-1,-1,-1
339,25,433.02,117.25,16.87,16.52,1.0,-1,-1,-1
339,27,388.47,136.44,20.7,18.47,1.0,-1,-1,-1
339,29,303.03,106.38,10,11.76,1.0,-1,-1,-1
339,37,321.45,105.28,10.27,10,1.0,-1,-1,-1
339,38,397.48,153.59,21.18,19.88,1.0,-1,-1,-1
339,39,429.59,146.49,20.32,18.45,1.0,-1,-1,-1
340,1,426.77,240.65,56.46,51.65,1.0,-1,-1,-1
340,2,546.72,217.1,51.65,47.6,1.0,-1,-1,-1
340,3,457.91,187.24,35.41,30.51,1.0,-1,-1,-1
340,4,485.15,151.26,43.36,38.55,1.0,-1,-1,-1
340,5,33.22,154.99,92.66,112.77,1.0,-1,-1,-1
340,6,293.55,127.95,17.93,15.41,1.0,-1,-1,-1
340,7,249.84,196.7,36.41,27.79,1.0,-1,-1,-1
340,8,413.64,132.58,19.36,15.73,1.0,-1,-1,-1
340,9,36.8,288.18,95.1,69.97,1.0,-1,-1,-1
340,10,261.4,290.37,122.1,55.37,1.0,-1,-1,-1
340,15,542.56,264.52,21.72,41.71,1.0,-1,-1,-1
340,16,493.88,266.5,18.41,38.36,1.0,-1,-1,-1
340,19,167.04,130.92,19.45,15.28,1.0,-1,-1,-1
340,20,520.28,271.2,21.61,46.76,1.0,-1,-1,-1
340,22,167.18,141.21,18,14.65,1.0,-1,-1,-1
340,23,541.98,190.59,15.46,27.81,1.0,-1,-1,-1
340,24,260.06,168.57,30.03,24.65,1.0,-1,-1,-1
340,25,432.41,116.7,17.62,17.45,1.0,-1,-1,-1
340,27,387.5,136.52,21.08,18.23,1.0,-1,-1,-1
340,29,302.3,105.99,10,12.24,1.0,-1,-1,-1
340,37,321.36,105.58,10.4,10,1.0,-1,-1,-1
340,38,397.28,154.07,20.87,19.79,1.0,-1,-1,-1
340,39,430.43,147.57,20.29,18.24,1.0,-1,-1,-1
341,1,426.8,240.78,56.51,51.73,1.0,-1,-1,-1
341,2,546.89,218.29,51.7,47.43,1.0,-1,-1,-1
341,3,458.41,187.98,35.11,30.29,1.0,-1,-1,-1
341,4,484.76,150.95,43.77,39.13,1.0,-1,-1,-1
341,5,34.48,154.01,90.91,113.32,1.0,-1,-1,-1
341,6,293.8,127.91,17.66,15.24,1.0,-1,-1,-1
341,7,250.42,196.18,36.31,27.73,1.0,-1,-1,-1
341,8,413.9,133.04,18.89,15.22,1.0,-1,-1,-1
341,9,39.2,287.49,83.5,69.59,1.0,-1,-1,-1
341,10,257,289.33,122.5,54.82,1.0,-1,-1,-1
341,15,543.28,264.62,22.19,40.4,1.0,-1,-1,-1
341,16,492.9,266.87,18.47,38.11,1.0,-1,-1,-1
341,19,167.52,130.56,19.19,15.74,1.0,-1,-1,-1
341,20,519.87,274.26,22.86,43.1,1.0,-1,-1,-1
341,22,167.14,141.27,18.19,14.95,1.0,-1,-1,-1
341,23,541.83,191.98,15.49,28.11,1.0,-1,-1,-1
341,24,260.03,168.27,29.88,24.27,1.0,-1,-1,-1
341,25,432.41,116.7,17.62,17.45,1.0,-1,-1,-1
341,27,387.85,136.48,20.93,18.41,1.0,-1,-1,-1
341,29,303.07,106.3,10,12.25,1.0,-1,-1,-1
341,37,321.25,105.03,10.49,10,1.0,-1,-1,-1
341,38,397.39,155.08,21.04,19.79,1.0,-1,-1,-1
341,39,430.06,148.14,20.82,17.95,1.0,-1,-1,-1
342,1,426.71,240.76,56.45,51.74,1.0,-1,-1,-1
342,2,547.9,218.58,51.91,47.6,1.0,-1,-1,-1
342,3,458.97,188.42,35.07,30.27,1.0,-1,-1,-1
342,4,484.88,149.88,44.52,40.18,1.0,-1,-1,-1
342,5,35.64,154.32,84.83,109.48,1.0,-1,-1,-1
342,6,294.47,127.84,17.22,14.87,1.0,-1,-1,-1
342,7,251.66,194.56,36.23,27.65,1.0,-1,-1,-1
342,8,413.91,132.5,19.97,16.14,1.0,-1,-1,-1
342,9,33.4,286.52,91.1,69.43,1.0,-1,-1,-1
342,10,256.3,287.48,116.4,55,1.0,-1,-1,-1
342,15,543.4,263.9,21.25,40.99,1.0,-1,-1,-1
342,16,493.75,266.34,18.13,38.28,1.0,-1,-1,-1
342,19,167.16,130.55,19.12,14.65,1.0,-1,-1,-1
342,20,520.03,275.06,22.64,42.9,1.0,-1,-1,-1
342,22,167.78,140.3,18.27,15.02,1.0,-1,-1,-1
342,23,542.66,191.75,15.19,28.02,1.0,-1,-1,-1
342,24,261.48,167.6,29.78,24.01,1.0,-1,-1,-1
342,25,432.51,116.77,17.73,17.62,1.0,-1,-1,-1
342,27,388.35,136.37,21.25,18.47,1.0,-1,-1,-1
342,29,303.3,105.86,10,12.58,1.0,-1,-1,-1
342,37,322.85,104.73,10.67,10,1.0,-1,-1,-1
342,38,397.97,155.46,21.03,19.48,1.0,-1,-1,-1
342,39,430.56,147.73,20.94,17.75,1.0,-1,-1,-1
343,1,426.92,240.75,56.37,51.75,1.0,-1,-1,-1
343,2,549.43,218.97,51.82,46.74,1.0,-1,-1,-1
343,3,459.56,188.76,34.86,30.03,1.0,-1,-1,-1
343,4,486.94,152.44,41.61,37.57,1.0,-1,-1,-1
343,5,34.54,152.62,90.67,111.06,1.0,-1,-1,-1
343,6,294.89,127.62,16.92,14.59,1.0,-1,-1,-1
343,7,253.29,193.43,35.68,27.09,1.0,-1,-1,-1
343,8,414,132.42,20.13,16.31,1.0,-1,-1,-1
343,9,35.8,285.01,86.4,69.58,1.0,-1,-1,-1
343,10,251.9,286.33,116.5,54.35,1.0,-1,-1,-1
343,15,543.36,263.94,21.28,39.89,1.0,-1,-1,-1
343,16,493.81,266.69,18.4,37.49,1.0,-1,-1,-1
343,19,167.74,130.07,19.06,15.83,1.0,-1,-1,-1
343,20,520.65,274.49,23.37,42.61,1.0,-1,-1,-1
343,22,167.73,139.85,17.93,14.92,1.0,-1,-1,-1
343,23,544.17,191.52,15.32,27.64,1.0,-1,-1,-1
343,24,262.13,166.75,29.04,23.46,1.0,-1,-1,-1
343,25,432.61,116.85,17.85,17.79,1.0,-1,-1,-1
343,27,388.68,136.97,21.3,18.01,1.0,-1,-1,-1
343,29,302.8,104.68,10,12.4,1.0,-1,-1,-1
343,37,321.79,104.79,10.58,10,1.0,-1,-1,-1
343,38,397.73,154.52,21.3,19.55,1.0,-1,-1,-1
343,39,431.02,147.78,20.32,18.26,1.0,-1,-1,-1
344,1,427.14,240.83,56.1,51.55,1.0,-1,-1,-1
344,2,549.44,219.12,51.59,47.08,1.0,-1,-1,-1
344,3,459.82,189.1,35.15,30.25,1.0,-1,-1,-1
344,4,488.22,154.32,39.68,35.72,1.0,-1,-1,-1
344,5,35.2,152.85,91.72,108.31,1.0,-1,-1,-1
344,6,295.54,127.57,16.35,14.08,1.0,-1,-1,-1
344,7,254.39,192.99,34.73,26.28,1.0,-1,-1,-1
344,8,414,132.3,20.3,16.48,1.0,-1,-1,-1
344,9,32.9,283.53,87.8,69.3,1.0,-1,-1,-1
344,10,241.3,285.36,122.4,53.74,1.0,-1,-1,-1
344,15,543.59,263.98,21.57,40.17,1.0,-1,-1,-1
344,16,493.07,265.79,18.49,38.05,1.0,-1,-1,-1
344,19,167.83,130.26,18.7,14.24,1.0,-1,-1,-1
344,20,520.63,271.76,21.93,45.71,1.0,-1,-1,-1
344,22,167.98,139.33,18.03,15.11,1.0,-1,-1,-1
344,23,544.73,191.82,14.75,27.57,1.0,-1,-1,-1
344,24,262.16,166.18,29.45,23.74,1.0,-1,-1,-1
344,25,432.71,116.92,17.96,17.96,1.0,-1,-1,-1
344,27,388.65,136.88,21.42,18.13,1.0,-1,-1,-1
344,29,302.81,104.92,10,12.56,1.0,-1,-1,-1
344,37,321.85,104.76,10.22,10,1.0,-1,-1,-1
344,38,397.5,154.89,21.44,19.53,1.0,-1,-1,-1
344,39,431.19,148.1,20.24,18.3,1.0,-1,-1,-1
345,1,427.22,240.84,56.06,51.56,1.0,-1,-1,-1
345,2,550.04,220.11,51.39,47.31,1.0,-1,-1,-1
345,3,459.74,189.52,35.65,30.73,1.0,-1,-1,-1
345,4,488.71,155.84,38.99,34.92,1.0,-1,-1,-1
345,5,36,154.01,88.86,108.03,1.0,-1,-1,-1
345,6,295.88,127.58,16.05,13.78,1.0,-1,-1,-1
345,7,254.98,192.65,34.43,26.01,1.0,-1,-1,-1
345,8,414.08,132.42,20.68,16.78,1.0,-1,-1,-1
345,9,33.11,281.62,83.99,67.75,1.0,-1,-1,-1
345,10,237.04,283.98,119.36,53.23,1.0,-1,-1,-1
345,15,542.86,263.4,21.16,38.99,1.0,-1,-1,-1
345,16,493.99,265.87,18.51,37.87,1.0,-1,-1,-1
345,19,167.45,129.45,18.54,14.65,1.0,-1,-1,-1
345,20,520.06,272.48,22.15,44.51,1.0,-1,-1,-1
345,22,167.77,138.55,18.06,16.04,1.0,-1,-1,-1
345,23,544.81,192.14,14.87,28.12,1.0,-1,-1,-1
345,24,262.82,165.52,29.5,23.55,1.0,-1,-1,-1
345,25,432.8,116.99,18.08,18.13,1.0,-1,-1,-1
345,27,388.34,137.74,21.34,18.32,1.0,-1,-1,-1
345,37,322.45,104.26,10.16,10,1.0,-1,-1,-1
345,38,397.31,155.67,21.44,19.81,1.0,-1,-1,-1
345,39,431.37,147.95,20.2,18.3,1.0,-1,-1,-1
346,1,427.14,241.01,56.24,51.66,1.0,-1,-1,-1
346,2,550.95,221,51.95,47.52,1.0,-1,-1,-1
346,3,459.74,190.39,36.1,31.2,1.0,-1,-1,-1
346,4,488.81,156.16,39.63,35.52,1.0,-1,-1,-1
346,5,36.48,151.07,96.92,109.17,1.0,-1,-1,-1
346,6,296.01,127.6,15.97,13.68,1.0,-1,-1,-1
346,7,255.7,192.5,33.99,25.63,1.0,-1,-1,-1
346,8,413.78,132.38,21.15,17.22,1.0,-1,-1,-1
346,9,30.9,282.66,80.9,66.36,1.0,-1,-1,-1
346,10,235.26,283.29,118.14,52.89,1.0,-1,-1,-1
346,15,543.24,264.44,21.19,41.79,1.0,-1,-1,-1
346,16,493.53,265.99,18.9,38.21,1.0,-1,-1,-1
346,19,167.77,130.26,18.47,13.54,1.0,-1,-1,-1
346,20,520.13,274.57,23.08,43.21,1.0,-1,-1,-1
346,22,167.8,139.2,17.94,15.09,1.0,-1,-1,-1
346,23,544.56,192.79,14.88,27.62,1.0,-1,-1,-1
346,24,263.13,165.59,29.08,23.68,1.0,-1,-1,-1
346,25,432.9,117.07,18.19,18.3,1.0,-1,-1,-1
346,27,388.04,138.07,21.1,18.48,1.0,-1,-1,-1
346,37,322.06,104.9,10.02,10,1.0,-1,-1,-1
346,38,397.65,155.78,21.38,19.92,1.0,-1,-1,-1
346,39,431.6,148.72,20.92,18.68,1.0,-1,-1,-1
347,1,426.78,241.13,56.4,51.81,1.0,-1,-1,-1
347,2,551.06,221.81,51.78,46.72,1.0,-1,-1,-1
347,3,459.71,190.94,36.77,31.92,1.0,-1,-1,-1
347,4,486.34,154.26,42.89,38.71,1.0,-1,-1,-1
347,5,38.43,152.97,92.07,104.93,1.0,-1,-1,-1
347,6,296.12,127.39,16.16,13.83,1.0,-1,-1,-1
347,7,256.88,192.63,33,24.68,1.0,-1,-1,-1
347,8,413.17,132.2,21.76,17.86,1.0,-1,-1,-1
347,9,30.1,282.59,80.7,64.71,1.0,-1,-1,-1
347,10,232.16,282.15,116.04,52.97,1.0,-1,-1,-1
347,15,543.52,264.19,21.26,41.57,1.0,-1,-1,-1
347,16,494,265.99,18.7,38.28,1.0,-1,-1,-1
347,19,167.67,130.18,18.27,14.32,1.0,-1,-1,-1
347,20,519.98,271.39,22.27,46.71,1.0,-1,-1,-1
347,22,168.16,140.4,18.32,14.51,1.0,-1,-1,-1
347,23,545.55,193.27,14.68,28.25,1.0,-1,-1,-1
347,24,264.07,165.12,28.8,23.41,1.0,-1,-1,-1
347,25,433,117.14,18.31,18.47,1.0,-1,-1,-1
347,27,388.24,137.72,21.47,18.83,1.0,-1,-1,-1
347,37,322.62,104.08,10.22,10,1.0,-1,-1,-1
347,38,398.06,156.44,21.46,19.89,1.0,-1,-1,-1
347,39,430.99,148.64,21.22,18.79,1.0,-1,-1,-1
348,1,426.7,241.14,56.48,51.9,1.0,-1,-1,-1
348,2,551.57,222.38,52.1,47.08,1.0,-1,-1,-1
348,3,459.78,190.98,37.16,32.41,1.0,-1,-1,-1
348,4,486.08,153.75,43.86,39.82,1.0,-1,-1,-1
348,5,38.22,152.89,92.13,108.3,1.0,-1,-1,-1
348,6,296.69,127.04,16.26,13.84,1.0,-1,-1,-1
348,7,257.19,191.62,33.27,24.82,1.0,-1,-1,-1
348,8,413.13,132.34,21.6,17.88,1.0,-1,-1,-1
348,9,29.7,281.57,82.5,64.28,1.0,-1,-1,-1
348,10,228.6,281.08,115.5,52.39,1.0,-1,-1,-1
348,15,542.41,264.63,20.9,39.76,1.0,-1,-1,-1
348,16,493.17,266.15,18.8,38.41,1.0,-1,-1,-1
348,19,167.74,129.96,18.21,11.74,1.0,-1,-1,-1
348,20,519.61,271.13,22.94,46.73,1.0,-1,-1,-1
348,22,168.03,139.1,18.58,14.09,1.0,-1,-1,-1
348,23,546.02,193.71,14.96,26.95,1.0,-1,-1,-1
348,24,264.95,164.39,28.42,23.22,1.0,-1,-1,-1
348,25,433.75,117.48,17.72,18.14,1.0,-1,-1,-1
348,27,388.28,138,21.4,18.89,1.0,-1,-1,-1
348,37,322.35,104.2,10.21,10,1.0,-1,-1,-1
348,38,397.79,157.12,21.43,20.02,1.0,-1,-1,-1
348,39,431.41,149.25,21.49,18.17,1.0,-1,-1,-1
349,1,427.02,241.07,56.32,51.83,1.0,-1,-1,-1
349,2,551.83,222.18,52.31,47.31,1.0,-1,-1,-1
349,3,459.82,190.98,37.18,32.53,1.0,-1,-1,-1
349,4,486.08,153.75,43.86,39.82,1.0,-1,-1,-1
349,5,39.74,153.73,86.96,104.28,1.0,-1,-1,-1
349,6,296.91,126.31,16.54,14.08,1.0,-1,-1,-1
349,7,258.34,190.65,33.77,25.02,1.0,-1,-1,-1
349,8,413.56,132.38,21.19,17.62,1.0,-1,-1,-1
349,9,29.5,280.36,76,64.46,1.0,-1,-1,-1
349,10,226.97,279.88,113.83,52.13,1.0,-1,-1,-1
349,15,543.5,263.34,22.18,37.1,1.0,-1,-1,-1
349,16,493.96,265.76,18.44,38.19,1.0,-1,-1,-1
349,19,169.36,127.65,18.43,14.73,1.0,-1,-1,-1
349,20,520.49,273.15,23.13,45.08,1.0,-1,-1,-1
349,22,167.96,140.6,18.64,12.4,1.0,-1,-1,-1
349,23,546.21,193.53,14.16,28.43,1.0,-1,-1,-1
349,24,264.89,164.03,27.94,23.27,1.0,-1,-1,-1
349,25,433.75,117.48,17.72,18.14,1.0,-1,-1,-1
349,27,388.25,138.34,21.9,18.83,1.0,-1,-1,-1
349,37,323.15,103.72,10.29,10,1.0,-1,-1,-1
349,38,397.65,156.79,21.6,20.06,1.0,-1,-1,-1
349,39,431.26,149.13,21.44,18.52,1.0,-1,-1,-1
350,1,427.18,241.02,56.06,51.65,1.0,-1,-1,-1
350,2,553.12,222.89,52.28,47.27,1.0,-1,-1,-1
350,3,461.09,191.07,36.72,32.11,1.0,-1,-1,-1
350,4,489.35,157.26,39.81,36.01,1.0,-1,-1,-1
350,5,39.73,152.74,88.56,104.11,1.0,-1,-1,-1
350,6,296.89,125.45,17.07,14.55,1.0,-1,-1,-1
350,7,259.62,189.3,34.18,25.03,1.0,-1,-1,-1
350,8,413.94,132.63,20.71,17.27,1.0,-1,-1,-1
350,9,29.5,278.6,83.02,64.38,1.0,-1,-1,-1
350,10,222.32,278.04,108.38,52.32,1.0,-1,-1,-1
350,15,542.48,263.27,20.38,40.05,1.0,-1,-1,-1
350,16,493.64,265.49,18.87,37.99,1.0,-1,-1,-1
350,19,168.2,129.13,18.23,11.57,1.0,-1,-1,-1
350,20,520.15,270.85,21.77,46.41,1.0,-1,-1,-1
350,22,167.86,136.9,18.57,13.9,1.0,-1,-1,-1
350,23,547.12,193.76,14.45,29.56,1.0,-1,-1,-1
350,24,265.52,162.39,28.1,22.97,1.0,-1,-1,-1
350,25,434.29,117.27,17.34,17.96,1.0,-1,-1,-1
350,27,388.19,137.96,21.67,18.78,1.0,-1,-1,-1
350,37,323.12,102.89,10,10,1.0,-1,-1,-1
350,38,398.02,157,21.86,20.1,1.0,-1,-1,-1
350,39,432.43,149.33,21.42,18.37,1.0,-1,-1,-1
351,1,427.42,241.06,55.78,51.44,1.0,-1,-1,-1
351,2,552.92,222.76,52.41,47.53,1.0,-1,-1,-1
351,3,461.49,191.96,36.32,31.76,1.0,-1,-1,-1
351,4,489.35,157.26,39.81,36.01,1.0,-1,-1,-1
351,5,38.93,152.52,92.63,104.17,1.0,-1,-1,-1
351,6,297.12,125.11,17.13,14.63,1.0,-1,-1,-1
351,7,259.88,188.25,34.37,24.96,1.0,-1,-1,-1
351,8,413.95,132.73,20.94,17.52,1.0,-1,-1,-1
351,9,29.6,276.89,73.3,64.23,1.0,-1,-1,-1
351,10,220.18,276.9,104.22,51.99,1.0,-1,-1,-1
351,15,542.87,263.74,21.08,40.53,1.0,-1,-1,-1
351,16,492.83,265.67,18.87,38.25,1.0,-1,-1,-1
351,19,167.67,128.5,18,10.8,1.0,-1,-1,-1
351,20,519.52,270.82,23.06,45.46,1.0,-1,-1,-1
351,22,167.63,136.9,18.57,15.06,1.0,-1,-1,-1
351,23,546.6,194.24,14.73,29.22,1.0,-1,-1,-1
351,24,265.48,161.88,27.87,23.17,1.0,-1,-1,-1
351,25,434.84,117.06,16.96,17.78,1.0,-1,-1,-1
351,27,388.32,138.24,21.77,18.81,1.0,-1,-1,-1
351,37,322.95,103.23,10,10,1.0,-1,-1,-1
351,38,398.71,156.24,21.67,20.28,1.0,-1,-1,-1
351,39,431.65,149.53,21.6,18.49,1.0,-1,-1,-1
352,1,427.5,241.24,55.68,51.39,1.0,-1,-1,-1
352,2,553.27,223.8,52.88,47.43,1.0,-1,-1,-1
352,3,461.88,193.03,36.32,31.78,1.0,-1,-1,-1
352,4,490.39,156.29,41.33,37.51,1.0,-1,-1,-1
352,5,40.15,153.44,87.92,102.16,1.0,-1,-1,-1
352,6,297.4,124.98,17.13,14.68,1.0,-1,-1,-1
352,7,260.56,187.89,34.3,24.75,1.0,-1,-1,-1
352,8,414.2,133.38,20.56,17.2,1.0,-1,-1,-1
352,9,27.1,275.45,72.3,64.29,1.0,-1,-1,-1
352,10,219.11,276,103.79,51.6,1.0,-1,-1,-1
352,15,543.56,263.79,21.25,38.94,1.0,-1,-1,-1
352,16,493.01,265.94,19.07,38.58,1.0,-1,-1,-1
352,19,167.26,128.11,18.24,13.58,1.0,-1,-1,-1
352,20,520.17,271.4,22.77,45.42,1.0,-1,-1,-1
352,22,168.19,139.3,18.79,12.97,1.0,-1,-1,-1
352,23,548.15,195.39,15.24,29.68,1.0,-1,-1,-1
352,24,267.13,162.5,27.47,23.15,1.0,-1,-1,-1
352,25,435.1,117.54,16.62,17.69,1.0,-1,-1,-1
352,27,388.05,138.32,21.75,18.97,1.0,-1,-1,-1
352,37,322.95,103.23,10,10,1.0,-1,-1,-1
352,38,398.44,157.47,21.66,20.29,1.0,-1,-1,-1
352,39,432.12,149.34,21.87,19.31,1.0,-1,-1,-1
353,1,427.62,241.79,55.61,51.36,1.0,-1,-1,-1
353,2,553.91,224.47,52.79,47.36,1.0,-1,-1,-1
353,3,462.4,194.18,36.26,31.6,1.0,-1,-1,-1
353,4,489.7,155.42,42.46,38.72,1.0,-1,-1,-1
353,5,41.75,153.49,85.68,100.79,1.0,-1,-1,-1
353,6,297.67,125.14,16.91,14.52,1.0,-1,-1,-1
353,7,260.69,186.79,34.98,25.17,1.0,-1,-1,-1
353,8,414.88,134.28,20.33,16.84,1.0,-1,-1,-1
353,9,26,274.07,73.3,64.22,1.0,-1,-1,-1
353,10,214.74,275.35,101.96,50.83,1.0,-1,-1,-1
353,15,543.81,264.34,21.07,40.03,1.0,-1,-1,-1
353,16,492.89,266.23,18.6,38.81,1.0,-1,-1,-1
353,19,166.58,129.63,18.33,12.97,1.0,-1,-1,-1
353,20,520.18,270.73,21.87,47.14,1.0,-1,-1,-1
353,22,168.47,139.6,17.68,12.6,1.0,-1,-1,-1
353,23,549.06,195.98,14.36,29.52,1.0,-1,-1,-1
353,24,267.25,161.85,27.48,22.7,1.0,-1,-1,-1
353,25,435.07,117.99,17.01,18.26,1.0,-1,-1,-1
353,26,0.81,228.83,15.36,37.07,1.0,-1,-1,-1
353,27,388.75,139.31,21.58,19.11,1.0,-1,-1,-1
353,37,322.95,103.23,10,10,1.0,-1,-1,-1
353,38,398.25,158.51,21.68,20.45,1.0,-1,-1,-1
353,39,431.77,150.31,22,19.24,1.0,-1,-1,-1
354,1,427.47,241.9,55.8,51.59,1.0,-1,-1,-1
354,2,555.21,225.89,52.73,47.23,1.0,-1,-1,-1
354,3,463.01,195.4,35.94,31.1,1.0,-1,-1,-1
354,4,489.7,155.42,42.46,38.72,1.0,-1,-1,-1
354,5,42.44,153.73,84.95,99.88,1.0,-1,-1,-1
354,6,298.18,125.58,16.2,13.86,1.0,-1,-1,-1
354,7,261.28,186.63,34.8,24.95,1.0,-1,-1,-1
354,8,415.41,134.99,20.03,16.43,1.0,-1,-1,-1
354,9,19.93,273.4,84.54,64.07,1.0,-1,-1,-1
354,10,216.9,275.05,97.2,50.26,1.0,-1,-1,-1
354,15,543.47,264.23,20.92,39.78,1.0,-1,-1,-1
354,16,493.42,266.08,18.51,38.57,1.0,-1,-1,-1
354,19,168.53,128.78,18.32,13.51,1.0,-1,-1,-1
354,20,519.67,270.82,21.97,47.47,1.0,-1,-1,-1
354,22,168.58,139.6,17.85,12.79,1.0,-1,-1,-1
354,23,549.29,197.41,14.62,29.16,1.0,-1,-1,-1
354,24,267.28,161.94,27.79,23.08,1.0,-1,-1,-1
354,25,435.48,118.56,16.62,17.99,1.0,-1,-1,-1
354,26,2.21,229.36,13.98,33.49,1.0,-1,-1,-1
354,27,388.87,139.27,21.25,19.54,1.0,-1,-1,-1
354,38,398.67,158.49,21.86,20.7,1.0,-1,-1,-1
354,39,432.16,150.52,21.93,19.51,1.0,-1,-1,-1
355,1,427.27,241.99,55.86,51.72,1.0,-1,-1,-1
355,2,555.22,225.67,52.87,47.8,1.0,-1,-1,-1
355,3,463.49,195.92,35.94,30.93,1.0,-1,-1,-1
355,4,485.52,150.42,47.91,43.96,1.0,-1,-1,-1
355,5,43.72,153.89,84.4,99.43,1.0,-1,-1,-1
355,6,298.41,125.24,16.04,13.69,1.0,-1,-1,-1
355,7,261.52,185.54,35.49,25.5,1.0,-1,-1,-1
355,8,415.58,135.33,19.92,16.18,1.0,-1,-1,-1
355,9,20.42,272.48,82.16,63.43,1.0,-1,-1,-1
355,10,206.8,273.44,108.73,50.11,1.0,-1,-1,-1
355,15,544.28,263.9,20.68,39.94,1.0,-1,-1,-1
355,16,493.54,266.19,18.39,38.69,1.0,-1,-1,-1
355,19,167.38,128.61,18.43,12.39,1.0,-1,-1,-1
355,20,519.22,271.21,22.56,46.52,1.0,-1,-1,-1
355,22,167.81,137.4,17.87,14.48,1.0,-1,-1,-1
355,23,550.24,197.72,15.39,29.49,1.0,-1,-1,-1
355,24,267.59,161.44,27.54,22.09,1.0,-1,-1,-1
355,25,435.77,118.67,16.45,17.93,1.0,-1,-1,-1
355,26,2.79,227.98,14.18,33.61,1.0,-1,-1,-1
355,27,388.65,138.61,21.68,19.45,1.0,-1,-1,-1
355,38,398.62,159.23,22.07,20.55,1.0,-1,-1,-1
355,39,432.6,151.02,22.2,19.5,1.0,-1,-1,-1
356,1,427.39,241.62,55.94,51.84,1.0,-1,-1,-1
356,2,555.9,225.81,53.01,47.85,1.0,-1,-1,-1
356,3,463.8,196.09,36.22,31.06,1.0,-1,-1,-1
356,4,485.66,149.67,48.33,44.74,1.0,-1,-1,-1
356,5,44.43,153.11,84.37,99.14,1.0,-1,-1,-1
356,6,298.81,124.56,15.8,13.42,1.0,-1,-1,-1
356,7,262.4,184.88,34.63,24.9,1.0,-1,-1,-1
356,8,415.87,135.48,19.76,15.91,1.0,-1,-1,-1
356,9,20.91,271.38,79.4,62.32,1.0,-1,-1,-1
356,10,204.75,272.05,106.09,49.6,1.0,-1,-1,-1
356,15,543.22,263.88,21.21,39.9,1.0,-1,-1,-1
356,16,493.68,265.96,18.3,38.96,1.0,-1,-1,-1
356,19,167.76,128.2,16.96,13.51,1.0,-1,-1,-1
356,20,519.4,271.47,22.62,46.31,1.0,-1,-1,-1
356,22,167.91,136.49,17.59,14.3,1.0,-1,-1,-1
356,23,550.52,197.16,15.29,29.63,1.0,-1,-1,-1
356,24,268.34,160.52,27.17,22.06,1.0,-1,-1,-1
356,25,436.09,118.49,16.44,17.97,1.0,-1,-1,-1
356,27,388.63,138.83,22.05,19.58,1.0,-1,-1,-1
356,38,398.87,158.7,22.08,20.65,1.0,-1,-1,-1
356,39,432.77,150.85,22.21,19.41,1.0,-1,-1,-1
357,1,427.5,241.45,55.77,51.7,1.0,-1,-1,-1
357,2,556.11,226.19,53.21,47.78,1.0,-1,-1,-1
357,3,463.96,196.16,36.62,31.32,1.0,-1,-1,-1
357,4,484.72,148.71,49.2,45.74,1.0,-1,-1,-1
357,5,44.08,152.26,84.57,98.57,1.0,-1,-1,-1
357,6,299.12,124.26,15.58,13.16,1.0,-1,-1,-1
357,7,263.7,184.98,33.05,23.64,1.0,-1,-1,-1
357,8,416.15,135.22,20.17,16.11,1.0,-1,-1,-1
357,9,21.6,270.43,76.59,61.05,1.0,-1,-1,-1
357,10,202.61,270.3,103.72,49.14,1.0,-1,-1,-1
357,15,544.19,263.76,20.68,40.16,1.0,-1,-1,-1
357,16,493.31,265.79,18.42,38.87,1.0,-1,-1,-1
357,19,167.68,127.44,17.27,13.53,1.0,-1,-1,-1
357,20,519.62,271.21,22.58,46.41,1.0,-1,-1,-1
357,22,168.28,136.4,17.78,14.57,1.0,-1,-1,-1
357,23,550.25,198,15.33,29.43,1.0,-1,-1,-1
357,24,268.65,159.41,26.97,21.85,1.0,-1,-1,-1
357,25,436.64,118.88,16.11,17.59,1.0,-1,-1,-1
357,26,2.87,224.38,16.34,38.12,1.0,-1,-1,-1
357,27,388.74,138.69,21.78,19.32,1.0,-1,-1,-1
357,38,399.07,158.24,22.17,20.64,1.0,-1,-1,-1
357,39,433.12,151.08,22.28,19.11,1.0,-1,-1,-1
358,1,427.63,241.45,55.64,51.57,1.0,-1,-1,-1
358,2,556.9,225.81,52.99,47.75,1.0,-1,-1,-1
358,3,464.32,196.52,36.73,31.24,1.0,-1,-1,-1
358,4,483.4,147.59,50.6,47.09,1.0,-1,-1,-1
358,5,45.5,152.16,83.62,97.89,1.0,-1,-1,-1
358,6,299.28,123.89,15.65,13.17,1.0,-1,-1,-1
358,7,264.75,185.15,32.25,22.89,1.0,-1,-1,-1
358,8,416.26,135.11,20.6,16.32,1.0,-1,-1,-1
358,9,22.08,269.57,74.33,60.15,1.0,-1,-1,-1
358,10,203.2,268.89,104.55,49.7,1.0,-1,-1,-1
358,15,543.7,263.75,20.81,39.9,1.0,-1,-1,-1
358,16,493,265.31,18.38,39,1.0,-1,-1,-1
358,19,167.01,127.23,17.26,13.22,1.0,-1,-1,-1
358,20,519.71,271.1,22.77,45.99,1.0,-1,-1,-1
358,22,168.45,135.85,17.45,14.6,1.0,-1,-1,-1
358,23,551.27,198.02,16.9,29.6,1.0,-1,-1,-1
358,24,268.48,159.08,27.6,21.85,1.0,-1,-1,-1
358,25,436.64,118.88,16.11,17.59,1.0,-1,-1,-1
358,26,3.35,223.62,16.85,38.38,1.0,-1,-1,-1
358,27,387.76,139.08,22.09,19.48,1.0,-1,-1,-1
358,38,398.33,158.98,22.26,21.01,1.0,-1,-1,-1
358,39,433.11,150.9,21.85,18.97,1.0,-1,-1,-1
359,1,427.52,241.46,55.52,51.5,1.0,-1,-1,-1
359,2,556.79,226.84,53.44,48.01,1.0,-1,-1,-1
359,3,464.35,196.93,37.07,31.37,1.0,-1,-1,-1
359,4,483.4,147.59,50.6,47.09,1.0,-1,-1,-1
359,5,45.95,152.29,83.59,97.36,1.0,-1,-1,-1
359,6,299.57,123.38,15.62,13.16,1.0,-1,-1,-1
359,7,265.99,185.9,30.56,21.36,1.0,-1,-1,-1
359,8,416.31,135.27,20.86,16.39,1.0,-1,-1,-1
359,9,22.02,268.08,73.37,60.38,1.0,-1,-1,-1
359,10,200.98,268.18,102.96,49.26,1.0,-1,-1,-1
359,15,543.1,263.88,20.89,39.88,1.0,-1,-1,-1
359,16,493.72,265.11,18.14,38.86,1.0,-1,-1,-1
359,19,166.53,127.37,17.01,13.47,1.0,-1,-1,-1
359,20,519.55,270.64,22.1,46.31,1.0,-1,-1,-1
359,22,168.46,136.61,17.48,14.4,1.0,-1,-1,-1
359,23,551.43,198.18,16,29.62,1.0,-1,-1,-1
359,24,270.24,158.84,26.55,22.04,1.0,-1,-1,-1
359,25,436.84,118.99,16.17,17.69,1.0,-1,-1,-1
359,26,3.73,223.4,17.16,37.99,1.0,-1,-1,-1
359,27,388.77,139.35,21.71,19.66,1.0,-1,-1,-1
359,38,399.29,160.05,22.01,20.92,1.0,-1,-1,-1
359,39,432.86,150.84,21.56,20.24,1.0,-1,-1,-1
360,1,427.51,241.62,55.69,51.73,1.0,-1,-1,-1
360,2,557.45,227.56,54.04,48.25,1.0,-1,-1,-1
360,3,464.79,197.56,37.39,31.62,1.0,-1,-1,-1
360,4,487.36,152.13,46.65,43.23,1.0,-1,-1,-1
360,5,46.51,152.87,83.77,96.66,1.0,-1,-1,-1
360,6,299.92,123.11,15.58,13.17,1.0,-1,-1,-1
360,7,266.25,184.5,31.35,21.84,1.0,-1,-1,-1
360,8,416.74,135.64,21,16.36,1.0,-1,-1,-1
360,9,22.33,267.39,71.51,59.86,1.0,-1,-1,-1
360,10,197.84,267.74,99.43,48.12,1.0,-1,-1,-1
360,15,543.87,264.32,20.92,39.68,1.0,-1,-1,-1
360,16,493.76,265.99,18.55,38.78,1.0,-1,-1,-1
360,19,166.74,127.75,16.65,13.38,1.0,-1,-1,-1
360,20,519.68,270.78,21.89,47.01,1.0,-1,-1,-1
360,22,167.9,136.69,17.36,14.57,1.0,-1,-1,-1
360,23,552.65,199.42,17.05,29.48,1.0,-1,-1,-1
360,24,270.33,159.64,27.09,21.52,1.0,-1,-1,-1
360,25,437.04,119.1,16.24,17.79,1.0,-1,-1,-1
360,26,0,222.7,21.73,38.48,1.0,-1,-1,-1
360,27,388.7,140.23,21.21,18.87,1.0,-1,-1,-1
360,38,398.86,160.24,22.39,21,1.0,-1,-1,-1
360,39,434.04,153.04,21.3,19.48,1.0,-1,-1,-1
361,1,427.5,242.03,55.83,51.89,1.0,-1,-1,-1
361,2,558.73,228.29,54.08,48.22,1.0,-1,-1,-1
361,3,465.06,198.11,37.63,31.86,1.0,-1,-1,-1
361,4,491.32,156.68,42.69,39.37,1.0,-1,-1,-1
361,5,47.36,152.33,83.58,96.62,1.0,-1,-1,-1
361,6,299.89,122.81,16.25,13.79,1.0,-1,-1,-1
361,7,266.67,183.06,32.12,22.36,1.0,-1,-1,-1
361,8,416.43,135.6,21.54,16.76,1.0,-1,-1,-1
361,9,23.13,266.8,69.28,58.93,1.0,-1,-1,-1
361,10,196.12,267.44,95.68,46.81,1.0,-1,-1,-1
361,11,411.65,125.7,16.44,12.99,1.0,-1,-1,-1
361,15,543.95,264.38,20.78,39.58,1.0,-1,-1,-1
361,16,493.59,266.4,18.54,38.91,1.0,-1,-1,-1
361,19,166.65,128.16,16.88,13.17,1.0,-1,-1,-1
361,20,520.03,271.22,22.12,46.57,1.0,-1,-1,-1
361,22,168.01,136.7,17.8,14.71,1.0,-1,-1,-1
361,23,553.39,200.04,15.92,30.13,1.0,-1,-1,-1
361,24,271.01,159.03,26.99,21.06,1.0,-1,-1,-1
361,25,437.24,119.2,16.3,17.89,1.0,-1,-1,-1
361,26,0,222.54,22.68,38.33,1.0,-1,-1,-1
361,27,389.11,139.65,21.72,19.31,1.0,-1,-1,-1
361,38,399.02,160.29,22.79,21.23,1.0,-1,-1,-1
361,39,434.85,152.73,21.65,19.94,1.0,-1,-1,-1
362,1,427.31,241.75,56.27,52.4,1.0,-1,-1,-1
362,2,558.54,229.28,53.9,48.46,1.0,-1,-1,-1
362,3,465.47,198.63,37.67,31.89,1.0,-1,-1,-1
362,4,495.28,161.22,38.74,35.51,1.0,-1,-1,-1
362,5,47.52,151.36,83.76,96.13,1.0,-1,-1,-1
362,6,300.36,122.57,15.8,13.49,1.0,-1,-1,-1
362,7,267.5,181.98,31.84,22.1,1.0,-1,-1,-1
362,8,416.38,135.62,21.75,16.9,1.0,-1,-1,-1
362,9,23.2,265.39,68,58.76,1.0,-1,-1,-1
362,10,192.98,265.91,94.43,47.01,1.0,-1,-1,-1
362,11,411.19,127.07,16.49,13.04,1.0,-1,-1,-1
362,15,543.99,264.29,20.73,39.69,1.0,-1,-1,-1
362,16,493.3,265.71,18.58,38.78,1.0,-1,-1,-1
362,19,166.32,127.01,16.96,13.42,1.0,-1,-1,-1
362,20,520.17,271.73,21.96,46.81,1.0,-1,-1,-1
362,22,168.03,135.68,17.35,15.03,1.0,-1,-1,-1
362,23,553.61,200.04,15.61,30.05,1.0,-1,-1,-1
362,24,270.48,158.01,26.82,20.9,1.0,-1,-1,-1
362,25,437.45,119.31,16.36,17.99,1.0,-1,-1,-1
362,26,0,221.92,23.49,37.12,1.0,-1,-1,-1
362,27,388.84,140.21,21.69,19.54,1.0,-1,-1,-1
362,38,399.5,160.38,22.76,21.56,1.0,-1,-1,-1
362,39,434.42,152.35,22.46,20.14,1.0,-1,-1,-1
363,1,427.39,241.73,56.1,52.32,1.0,-1,-1,-1
363,2,559.35,229.3,54.35,47.57,1.0,-1,-1,-1
363,3,465.89,198.85,37.74,32,1.0,-1,-1,-1
363,4,496.52,162.42,38.27,34.76,1.0,-1,-1,-1
363,5,47.97,151.31,83.58,95.37,1.0,-1,-1,-1
363,6,300.9,122.36,15.39,13.21,1.0,-1,-1,-1
363,7,268.11,181.16,31.72,21.98,1.0,-1,-1,-1
363,8,416.54,135.66,21.59,16.73,1.0,-1,-1,-1
363,9,23.84,264.12,66.72,58.42,1.0,-1,-1,-1
363,10,190.92,264.59,92.67,46.78,1.0,-1,-1,-1
363,11,412.35,125.52,16.58,13.13,1.0,-1,-1,-1
363,15,544.06,264.11,20.72,39.78,1.0,-1,-1,-1
363,16,493.06,265.68,18.67,39.14,1.0,-1,-1,-1
363,19,165.45,126.39,17.59,13.11,1.0,-1,-1,-1
363,20,520.43,271.03,21.63,47.27,1.0,-1,-1,-1
363,22,167.49,135.36,17.72,15.07,1.0,-1,-1,-1
363,23,554.14,199.88,16.37,30.19,1.0,-1,-1,-1
363,24,272.3,157.74,26.06,21.04,1.0,-1,-1,-1
363,25,437.65,119.42,16.43,18.09,1.0,-1,-1,-1
363,26,0,220.34,24.7,37.26,1.0,-1,-1,-1
363,27,388.89,139.76,21.53,19.68,1.0,-1,-1,-1
363,38,399,160.72,23.26,21.45,1.0,-1,-1,-1
363,39,434.72,152.23,22.44,19.99,1.0,-1,-1,-1
364,1,427.6,241.59,55.59,51.87,1.0,-1,-1,-1
364,2,559.57,228.77,54.39,48.18,1.0,-1,-1,-1
364,3,466.32,198.94,37.75,32.06,1.0,-1,-1,-1
364,4,489.1,152.75,48.3,44.22,1.0,-1,-1,-1
364,5,49,151.66,83.19,94.84,1.0,-1,-1,-1
364,6,301.21,122.2,15.12,12.98,1.0,-1,-1,-1
364,7,268.11,181.16,31.72,21.98,1.0,-1,-1,-1
364,8,416.48,135.65,21.6,16.72,1.0,-1,-1,-1
364,9,24.65,263.11,65.26,57.69,1.0,-1,-1,-1
364,10,188.59,263.2,90.67,46.48,1.0,-1,-1,-1
364,11,410.65,125.66,16.92,13.44,1.0,-1,-1,-1
364,15,544.17,263.64,20.65,39.81,1.0,-1,-1,-1
364,16,493.27,264.94,18.56,39.46,1.0,-1,-1,-1
364,19,165.66,127.06,17.08,13.05,1.0,-1,-1,-1
364,20,520.12,270.9,21.74,47.04,1.0,-1,-1,-1
364,22,167.58,135.44,17.82,14.61,1.0,-1,-1,-1
364,23,555.16,200.35,16.43,30,1.0,-1,-1,-1
364,24,272.06,157.78,26.53,20.41,1.0,-1,-1,-1
364,25,437.85,119.53,16.49,18.19,1.0,-1,-1,-1
364,26,0,218.38,25.57,37.15,1.0,-1,-1,-1
364,27,388.8,139.36,21.59,19.67,1.0,-1,-1,-1
364,38,399.16,160.46,23.43,21.54,1.0,-1,-1,-1
364,39,434.63,152.96,22.59,19.8,1.0,-1,-1,-1
365,1,427.69,241.55,55.4,51.72,1.0,-1,-1,-1
365,2,560.13,229.53,55.05,48.97,1.0,-1,-1,-1
365,3,466.56,199.31,37.71,32.05,1.0,-1,-1,-1
365,4,487.38,150.02,50.89,47.17,1.0,-1,-1,-1
365,5,48.21,151.19,84.33,94.37,1.0,-1,-1,-1
365,6,301.13,121.75,15.46,13.32,1.0,-1,-1,-1
365,7,268.31,179.49,32.09,22.34,1.0,-1,-1,-1
365,8,416.54,135.7,21.89,16.9,1.0,-1,-1,-1
365,9,24.86,262.07,63.84,57.03,1.0,-1,-1,-1
365,10,187.25,261.67,89.04,46.23,1.0,-1,-1,-1
365,11,411.73,126.54,16.69,13.3,1.0,-1,-1,-1
365,15,544.22,263.36,20.78,39.39,1.0,-1,-1,-1
365,16,493.44,265.27,18.62,39.57,1.0,-1,-1,-1
365,19,165.73,126.03,16.63,13.16,1.0,-1,-1,-1
365,20,520.12,271.2,21.85,46.74,1.0,-1,-1,-1
365,22,168.1,134.23,17.6,15.17,1.0,-1,-1,-1
365,23,555.96,201.15,15.86,30.32,1.0,-1,-1,-1
365,24,272.09,157.72,26.06,20.3,1.0,-1,-1,-1
365,25,438.05,119.64,16.56,18.29,1.0,-1,-1,-1
365,26,0,217.25,26.94,38.24,1.0,-1,-1,-1
365,27,388.77,140.16,21.6,19.78,1.0,-1,-1,-1
365,38,399.53,160.9,23.36,21.35,1.0,-1,-1,-1
365,39,434.61,153.05,22.67,19.57,1.0,-1,-1,-1
366,1,427.56,241.3,56.22,52.64,1.0,-1,-1,-1
366,2,559.97,230.22,54.93,48.56,1.0,-1,-1,-1
366,3,466.71,199.8,38.14,32.48,1.0,-1,-1,-1
366,4,490.78,154.25,46.95,43.82,1.0,-1,-1,-1
366,5,49.49,150.99,83.29,93.81,1.0,-1,-1,-1
366,6,301.37,121.36,15.78,13.7,1.0,-1,-1,-1
366,7,268.51,177.82,32.47,22.71,1.0,-1,-1,-1
366,8,416.78,135.92,22.1,17.04,1.0,-1,-1,-1
366,9,25.53,261.54,61.94,55.82,1.0,-1,-1,-1
366,10,185.59,260.6,86.99,45.87,1.0,-1,-1,-1
366,11,411.58,126.46,16.44,13.18,1.0,-1,-1,-1
366,15,543.58,263.37,21.02,39.69,1.0,-1,-1,-1
366,16,493.65,265.12,18.53,39,1.0,-1,-1,-1
366,19,164.79,126.62,16.97,13.45,1.0,-1,-1,-1
366,20,520.23,270.5,21.75,46.91,1.0,-1,-1,-1
366,22,168,134.95,17.91,15.04,1.0,-1,-1,-1
366,23,556.13,202.1,16.44,30.13,1.0,-1,-1,-1
366,24,272.74,156.87,26.06,20.14,1.0,-1,-1,-1
366,25,438.25,119.74,16.62,18.39,1.0,-1,-1,-1
366,26,0,216.59,28.4,38.7,1.0,-1,-1,-1
366,27,388.66,140.45,22.26,19.81,1.0,-1,-1,-1
366,38,399.01,161.52,23.34,21.7,1.0,-1,-1,-1
366,39,435.03,153.37,23.12,20.09,1.0,-1,-1,-1
367,1,427.72,241.63,55.89,52.39,1.0,-1,-1,-1
367,2,561.3,230.93,55.09,48.18,1.0,-1,-1,-1
367,3,466.98,200.21,38.78,33.1,1.0,-1,-1,-1
367,4,487.31,150.61,51.28,48.38,1.0,-1,-1,-1
367,5,50.15,150.79,83.24,93.63,1.0,-1,-1,-1
367,6,301.63,121.19,15.96,13.92,1.0,-1,-1,-1
367,7,269.19,177.01,32.81,23.06,1.0,-1,-1,-1
367,8,417.1,136.35,22.41,17.39,1.0,-1,-1,-1
367,9,25.85,260.79,60.3,54.69,1.0,-1,-1,-1
367,10,185.02,259.9,84.94,45.41,1.0,-1,-1,-1
367,11,412.73,127.54,17.21,13.92,1.0,-1,-1,-1
367,15,543.28,263.74,21.23,40.04,1.0,-1,-1,-1
367,16,493.51,265.39,18.75,39.31,1.0,-1,-1,-1
367,19,165.5,126.76,16.24,13.82,1.0,-1,-1,-1
367,20,520.17,271.06,22.22,47.05,1.0,-1,-1,-1
367,22,167.93,134.31,18.09,15.3,1.0,-1,-1,-1
367,23,557.63,202.4,17.04,30.97,1.0,-1,-1,-1
367,24,272.76,156.47,26.08,20.91,1.0,-1,-1,-1
367,25,438.45,119.85,16.68,18.49,1.0,-1,-1,-1
367,26,0,215.15,29.59,38.98,1.0,-1,-1,-1
367,27,388.55,140.86,22.61,20.19,1.0,-1,-1,-1
367,38,399.28,162.32,23.38,22.02,1.0,-1,-1,-1
367,39,434.89,154.87,22.82,19.78,1.0,-1,-1,-1
368,1,427.79,241.88,55.9,52.44,1.0,-1,-1,-1
368,2,561.22,231.82,55.07,48.56,1.0,-1,-1,-1
368,3,467.11,200.55,39.46,33.73,1.0,-1,-1,-1
368,4,486.9,149.05,53.11,50.82,1.0,-1,-1,-1
368,5,50.56,150.9,83.03,93.15,1.0,-1,-1,-1
368,6,301.57,120.69,16.26,14.3,1.0,-1,-1,-1
368,7,268.99,174.17,35.78,25.45,1.0,-1,-1,-1
368,8,416.67,136.11,22.95,17.85,1.0,-1,-1,-1
368,9,27.07,260.21,59.42,54.39,1.0,-1,-1,-1
368,10,184.05,259.43,82.06,44.47,1.0,-1,-1,-1
368,11,410.96,127.33,16.68,13.54,1.0,-1,-1,-1
368,15,543.57,263.66,20.87,40.24,1.0,-1,-1,-1
368,16,493.99,265.56,18.6,38.96,1.0,-1,-1,-1
368,19,163.78,125.4,17.7,14.61,1.0,-1,-1,-1
368,20,520.16,270.91,21.71,47.42,1.0,-1,-1,-1
368,22,166.8,134.33,18.37,15.11,1.0,-1,-1,-1
368,23,557.18,203.09,16.59,31.02,1.0,-1,-1,-1
368,24,273.37,156.77,26.13,20.46,1.0,-1,-1,-1
368,25,438.66,119.96,16.75,18.59,1.0,-1,-1,-1
368,26,0,213.05,30.49,39.39,1.0,-1,-1,-1
368,27,389.09,141.11,22.71,20.21,1.0,-1,-1,-1
368,38,399.69,163,23.22,21.7,1.0,-1,-1,-1
368,39,435.22,153.66,22.71,21.11,1.0,-1,-1,-1
369,1,427.5,241.69,55.88,52.5,1.0,-1,-1,-1
369,2,562,231.67,55.14,48.45,1.0,-1,-1,-1
369,3,467.48,200.9,39.83,34.06,1.0,-1,-1,-1
369,4,486.84,148.11,53.83,52.1,1.0,-1,-1,-1
369,5,50.54,151.03,83.58,92.59,1.0,-1,-1,-1
369,6,301.91,120.23,16.24,14.3,1.0,-1,-1,-1
369,7,268.72,171.42,38.18,27.56,1.0,-1,-1,-1
369,8,416.74,136.01,23.06,18.01,1.0,-1,-1,-1
369,9,27.31,259.08,58.57,54.08,1.0,-1,-1,-1
369,10,181.35,257.35,82.06,45.2,1.0,-1,-1,-1
369,11,412.14,126.34,16.49,13.43,1.0,-1,-1,-1
369,15,542.96,263.92,21.13,40.25,1.0,-1,-1,-1
369,16,493.88,265.71,18.68,39.21,1.0,-1,-1,-1
369,19,163.66,125.21,16.78,14.45,1.0,-1,-1,-1
369,20,519.96,270.72,21.64,47.41,1.0,-1,-1,-1
369,22,167.33,134.07,18.1,15.38,1.0,-1,-1,-1
369,23,558.62,202.57,16.64,30.56,1.0,-1,-1,-1
369,24,273.58,155.13,25.81,20.42,1.0,-1,-1,-1
369,25,438.86,120.07,16.81,18.69,1.0,-1,-1,-1
369,26,0,212,31.41,38.67,1.0,-1,-1,-1
369,27,388.84,140.5,22.39,20.01,1.0,-1,-1,-1
369,38,399.31,162.94,23.55,21.88,1.0,-1,-1,-1
369,39,435.74,152.8,22.67,21.42,1.0,-1,-1,-1
370,1,427.38,241.5,55.79,52.49,1.0,-1,-1,-1
370,2,562.09,232.38,55.39,48.73,1.0,-1,-1,-1
370,3,467.64,200.96,40.19,34.38,1.0,-1,-1,-1
370,4,486.4,147.5,54.26,53,1.0,-1,-1,-1
370,5,51.38,150.63,83.27,91.84,1.0,-1,-1,-1
370,6,301.98,119.9,16.04,14.13,1.0,-1,-1,-1
370,7,268.72,171.42,38.18,27.56,1.0,-1,-1,-1
370,8,416.78,135.23,23.05,18.04,1.0,-1,-1,-1
370,9,27.98,257.95,57.89,53.93,1.0,-1,-1,-1
370,10,180.52,256,80.95,45.19,1.0,-1,-1,-1
370,11,411.78,126.32,16.61,13.6,1.0,-1,-1,-1
370,15,543.16,263.67,20.8,40.09,1.0,-1,-1,-1
370,16,493.37,265.53,18.65,39.15,1.0,-1,-1,-1
370,19,163.35,125.3,17.33,14.75,1.0,-1,-1,-1
370,20,520.29,270.88,21.92,46.94,1.0,-1,-1,-1
370,22,167.67,133.51,18.01,15.04,1.0,-1,-1,-1
370,23,558.48,202.75,16.41,31.11,1.0,-1,-1,-1
370,24,274.47,155.66,25.78,19.87,1.0,-1,-1,-1
370,25,439.06,120.17,16.87,18.79,1.0,-1,-1,-1
370,26,0,210.89,32.54,38.29,1.0,-1,-1,-1
370,27,388.61,140.19,22.75,20.29,1.0,-1,-1,-1
370,38,399.76,162.73,23.3,21.6,1.0,-1,-1,-1
370,39,435.74,152.87,23.18,21.14,1.0,-1,-1,-1
371,1,427.37,241.27,55.68,52.4,1.0,-1,-1,-1
371,2,562.24,231.94,55.26,48.74,1.0,-1,-1,-1
371,3,468.44,201.93,39.26,33.39,1.0,-1,-1,-1
371,4,485.71,147.32,54.61,53.61,1.0,-1,-1,-1
371,5,50.98,149.23,83.98,91.63,1.0,-1,-1,-1
371,6,302.23,119.62,15.62,13.73,1.0,-1,-1,-1
371,7,271.32,171.26,34.85,25.19,1.0,-1,-1,-1
371,8,416.67,135.96,23.04,18.06,1.0,-1,-1,-1
371,9,28.8,256.88,56.99,53.53,1.0,-1,-1,-1
371,10,179.63,254.89,78.59,44.43,1.0,-1,-1,-1
371,11,412.15,126.73,16.63,13.68,1.0,-1,-1,-1
371,15,543.76,263.51,20.92,40.31,1.0,-1,-1,-1
371,16,493.54,264.75,18.89,39.12,1.0,-1,-1,-1
371,19,162.63,124.11,17.36,15,1.0,-1,-1,-1
371,20,520.21,270.28,21.58,47.33,1.0,-1,-1,-1
371,22,166.51,133.19,18.25,15.74,1.0,-1,-1,-1
371,23,558.79,203.66,16.72,30.44,1.0,-1,-1,-1
371,24,274.55,154.79,25.41,19.4,1.0,-1,-1,-1
371,25,439.26,120.28,16.94,18.89,1.0,-1,-1,-1
371,26,0,210.73,33.35,36.99,1.0,-1,-1,-1
371,27,388.68,141.16,22.85,19.95,1.0,-1,-1,-1
371,38,399.53,162.81,23.58,22.24,1.0,-1,-1,-1
371,39,436.13,153.92,23.04,21.57,1.0,-1,-1,-1
372,1,427.42,241.26,55.63,52.35,1.0,-1,-1,-1
372,2,563.17,232.47,55.91,49.22,1.0,-1,-1,-1
372,3,468.71,202.31,39.63,33.7,1.0,-1,-1,-1
372,4,488.5,147.8,47.93,53.06,1.0,-1,-1,-1
372,5,52.13,149.18,83.55,91.38,1.0,-1,-1,-1
372,6,302.62,119.37,15.53,13.63,1.0,-1,-1,-1
372,7,272.4,171.62,33.23,24,1.0,-1,-1,-1
372,8,417.08,136.35,22.52,17.67,1.0,-1,-1,-1
372,9,28.6,255.56,56.91,53.94,1.0,-1,-1,-1
372,10,178.36,253.72,77.05,44.23,1.0,-1,-1,-1
372,11,411.97,128,17.05,14.13,1.0,-1,-1,-1
372,15,543.84,263.09,20.78,39.87,1.0,-1,-1,-1
372,16,493.94,265.21,18.75,39.14,1.0,-1,-1,-1
372,19,162.97,124,17.25,14.76,1.0,-1,-1,-1
372,20,519.9,270.59,21.63,47.45,1.0,-1,-1,-1
372,22,167.09,132.66,18.2,15.67,1.0,-1,-1,-1
372,23,560.09,203.75,16.98,31.27,1.0,-1,-1,-1
372,24,274.84,154.31,25.56,19.82,1.0,-1,-1,-1
372,25,439.46,120.39,17,18.99,1.0,-1,-1,-1
372,26,0,209.09,35.8,36.73,1.0,-1,-1,-1
372,27,388.6,140.67,22.73,19.94,1.0,-1,-1,-1
372,38,399.81,163.67,23.49,22.5,1.0,-1,-1,-1
372,39,435.98,151.73,23.32,23.64,1.0,-1,-1,-1
373,1,427.47,241.34,55.64,52.36,1.0,-1,-1,-1
373,2,563.82,233.21,56.02,49.48,1.0,-1,-1,-1
373,3,469.09,203.19,39.55,33.54,1.0,-1,-1,-1
373,4,489.5,147.7,46.56,53.24,1.0,-1,-1,-1
373,5,52.96,149.81,83.31,91.19,1.0,-1,-1,-1
373,6,303.08,119.39,15.37,13.45,1.0,-1,-1,-1
373,7,273.45,171.85,32.23,23.2,1.0,-1,-1,-1
373,8,417.56,136.88,22.23,17.48,1.0,-1,-1,-1
373,9,29.17,254.89,55.88,53.31,1.0,-1,-1,-1
373,10,177.63,252.32,76.28,44.5,1.0,-1,-1,-1
373,11,411.52,127.51,17.43,14.54,1.0,-1,-1,-1
373,15,543.78,263.52,21.31,40.24,1.0,-1,-1,-1
373,16,493.63,265.84,18.96,39.13,1.0,-1,-1,-1
373,19,162.12,124.94,17.13,14.58,1.0,-1,-1,-1
373,20,520.2,270.66,22.12,46.71,1.0,-1,-1,-1
373,22,167.25,133.85,17.54,15.12,1.0,-1,-1,-1
373,23,560.32,205.05,16.44,30.51,1.0,-1,-1,-1
373,24,274.94,154.48,25.73,19.75,1.0,-1,-1,-1
373,25,439.66,120.5,17.07,19.09,1.0,-1,-1,-1
373,26,0,207.54,35.54,37.8,1.0,-1,-1,-1
373,27,390.07,142.11,22.48,20.02,1.0,-1,-1,-1
373,38,400.29,164.45,23.61,22.22,1.0,-1,-1,-1
373,39,436.67,153.91,22.46,22.07,1.0,-1,-1,-1
374,1,427.32,241.38,55.81,52.56,1.0,-1,-1,-1
374,2,563.98,233.69,55.44,49.59,1.0,-1,-1,-1
374,3,469.44,204.16,39.37,33.25,1.0,-1,-1,-1
374,4,489.9,150.4,47.29,51.06,1.0,-1,-1,-1
374,5,52.26,150.22,83.84,90.59,1.0,-1,-1,-1
374,6,303.41,119.39,15.26,13.34,1.0,-1,-1,-1
374,7,274.38,172.08,31.63,22.7,1.0,-1,-1,-1
374,8,417.7,136.99,22.38,17.66,1.0,-1,-1,-1
374,9,29.54,254.83,54.53,52.27,1.0,-1,-1,-1
374,10,176.85,251.94,74.19,43.94,1.0,-1,-1,-1
374,11,412.67,128.47,17.03,14.25,1.0,-1,-1,-1
374,15,544.08,263.54,20.88,39.96,1.0,-1,-1,-1
374,16,493.39,265.83,18.94,39.01,1.0,-1,-1,-1
374,19,162.43,124.31,17.42,14.37,1.0,-1,-1,-1
374,20,520.04,270.32,21.91,47.18,1.0,-1,-1,-1
374,22,167.49,133.58,17.37,15.44,1.0,-1,-1,-1
374,23,561.29,204.83,17.17,31.36,1.0,-1,-1,-1
374,24,275.61,154.5,25.4,19.82,1.0,-1,-1,-1
374,25,439.87,120.61,17.13,19.19,1.0,-1,-1,-1
374,26,0,207.45,41.8,37.32,1.0,-1,-1,-1
374,27,389.25,141.58,22.79,20.19,1.0,-1,-1,-1
374,38,399.66,164.43,24.13,22.24,1.0,-1,-1,-1
374,39,436.8,155.82,22.99,21.19,1.0,-1,-1,-1
375,1,427.29,241.44,55.81,52.6,1.0,-1,-1,-1
375,2,564.22,233.97,55.88,50.57,1.0,-1,-1,-1
375,3,469.49,204.55,39.67,33.49,1.0,-1,-1,-1
375,4,490.5,148.4,46.18,53.45,1.0,-1,-1,-1
375,5,53.88,149.09,83.04,90.15,1.0,-1,-1,-1
375,6,303.7,119.32,15,13.11,1.0,-1,-1,-1
375,7,274.38,172.08,31.63,22.7,1.0,-1,-1,-1
375,8,417.9,137.17,22.16,17.54,1.0,-1,-1,-1
375,9,29.8,253.8,54.21,52.15,1.0,-1,-1,-1
375,10,175.94,251.02,73.03,43.85,1.0,-1,-1,-1
375,11,412.16,126.63,16.82,14.1,1.0,-1,-1,-1
375,15,543.47,263.73,21.19,40.11,1.0,-1,-1,-1
375,16,493.99,265.78,18.83,39,1.0,-1,-1,-1
375,19,161.44,124.26,17.35,14.57,1.0,-1,-1,-1
375,20,520.4,271.3,22.16,47.1,1.0,-1,-1,-1
375,22,167.91,133.66,17.05,15.13,1.0,-1,-1,-1
375,23,561.35,205.24,16.41,30.93,1.0,-1,-1,-1
375,24,276.23,154,25.43,19.55,1.0,-1,-1,-1
375,25,440.07,120.71,17.19,19.29,1.0,-1,-1,-1
375,26,0,207.04,38.25,37.33,1.0,-1,-1,-1
375,27,389.69,142.23,22.49,20.51,1.0,-1,-1,-1
375,38,399.87,164.33,23.97,22,1.0,-1,-1,-1
375,39,436.77,154.54,23.12,22.66,1.0,-1,-1,-1
376,1,427.32,241.44,55.85,52.67,1.0,-1,-1,-1
376,2,564.89,233.99,56.1,50.44,1.0,-1,-1,-1
376,3,469.34,204.82,40.24,34.02,1.0,-1,-1,-1
376,4,488.5,148.3,48.34,53.74,1.0,-1,-1,-1
376,5,54.9,149.16,82.53,90.39,1.0,-1,-1,-1
376,6,303.7,119.32,15,13.11,1.0,-1,-1,-1
376,7,275.01,170.49,32.27,23.21,1.0,-1,-1,-1
376,8,417.9,137.39,21.89,17.34,1.0,-1,-1,-1
376,9,30.25,252.49,53.62,51.77,1.0,-1,-1,-1
376,10,176.79,249.59,72.82,43.91,1.0,-1,-1,-1
376,11,413.85,128.23,16.7,14.03,1.0,-1,-1,-1
376,15,543.69,263.46,20.75,40.17,1.0,-1,-1,-1
376,16,493.65,265.59,18.85,39.08,1.0,-1,-1,-1
376,19,160.62,124.11,17.12,14.34,1.0,-1,-1,-1
376,20,520.06,271.47,22.28,46.74,1.0,-1,-1,-1
376,22,168.6,134.06,17.23,15.1,1.0,-1,-1,-1
376,23,561.93,205.39,17.01,31.21,1.0,-1,-1,-1
376,24,276.87,153.41,25.23,19.13,1.0,-1,-1,-1
376,25,440.27,120.82,17.26,19.39,1.0,-1,-1,-1
376,26,0,205.82,39.92,37.89,1.0,-1,-1,-1
376,27,389.69,142.14,22.84,20.34,1.0,-1,-1,-1
376,38,400.58,164.69,23.97,22.41,1.0,-1,-1,-1
376,39,436.64,155.96,22.73,21.47,1.0,-1,-1,-1
377,1,427.46,241.46,55.59,52.43,1.0,-1,-1,-1
377,2,565.73,233.65,56.1,50.47,1.0,-1,-1,-1
377,3,469.6,204.84,40.79,34.51,1.0,-1,-1,-1
377,4,491.8,149.5,46.31,52.6,1.0,-1,-1,-1
377,5,54.18,148.81,83.6,89.29,1.0,-1,-1,-1
377,6,304.07,118.9,14.92,13.05,1.0,-1,-1,-1
377,7,275.64,168.9,32.9,23.73,1.0,-1,-1,-1
377,8,418.02,137.54,21.7,17.18,1.0,-1,-1,-1
377,9,30.64,250.8,53.6,51.89,1.0,-1,-1,-1
377,10,178.38,248.64,72.41,43.5,1.0,-1,-1,-1
377,11,412.66,128.51,16.89,14.24,1.0,-1,-1,-1
377,15,543.05,263.72,20.94,40.05,1.0,-1,-1,-1
377,16,493.18,265.43,19.01,38.96,1.0,-1,-1,-1
377,19,161.48,124.44,16.66,13.83,1.0,-1,-1,-1
377,20,519.85,271.35,22.18,46.74,1.0,-1,-1,-1
377,22,168.39,133.12,16.98,15.3,1.0,-1,-1,-1
377,23,563.7,206.33,16.93,30.5,1.0,-1,-1,-1
377,24,277.01,152.31,25.63,19.27,1.0,-1,-1,-1
377,25,440.47,120.93,17.32,19.49,1.0,-1,-1,-1
377,26,0,205.48,40.9,37.05,1.0,-1,-1,-1
377,27,389.65,142.44,22.86,20.27,1.0,-1,-1,-1
377,38,399.93,164.8,24.29,22.55,1.0,-1,-1,-1
377,39,437.28,155.5,22.59,21.02,1.0,-1,-1,-1
378,1,427.49,241.2,55.42,52.29,1.0,-1,-1,-1
378,2,566.16,234.69,55.78,50.34,1.0,-1,-1,-1
378,3,469.92,205.1,40.93,34.62,1.0,-1,-1,-1
378,4,489.8,145.3,49.58,56.92,1.0,-1,-1,-1
378,5,55.99,148.1,82.33,89.67,1.0,-1,-1,-1
378,6,304.21,118.71,14.78,12.9,1.0,-1,-1,-1
378,7,276,168.08,32.75,23.82,1.0,-1,-1,-1
378,8,418.07,137.81,21.48,16.96,1.0,-1,-1,-1
378,9,30.99,249.22,53.41,51.89,1.0,-1,-1,-1
378,10,175.66,247.7,70.38,42.68,1.0,-1,-1,-1
378,11,414.34,127.77,17.19,14.54,1.0,-1,-1,-1
378,15,543.8,263.72,20.65,40.31,1.0,-1,-1,-1
378,16,493.95,265.96,18.67,39.2,1.0,-1,-1,-1
378,19,160.95,124.31,16.93,13.9,1.0,-1,-1,-1
378,20,520.13,271.39,22.46,46.37,1.0,-1,-1,-1
378,22,167.92,132.82,17.05,15.63,1.0,-1,-1,-1
378,23,563.6,206.55,17.32,30.11,1.0,-1,-1,-1
378,24,277.28,152.18,25.74,19.81,1.0,-1,-1,-1
378,25,440.78,121,16.94,19.39,1.0,-1,-1,-1
378,26,0,205.03,42.09,36.38,1.0,-1,-1,-1
378,27,389.53,141.85,23.29,20.26,1.0,-1,-1,-1
378,38,399.95,164.66,24.23,22.47,1.0,-1,-1,-1
378,39,436.92,156.33,23.01,20.35,1.0,-1,-1,-1
379,1,427.51,241.28,55.17,52.06,1.0,-1,-1,-1
379,2,566.41,234.75,56.12,50.4,1.0,-1,-1,-1
379,3,470.19,205.65,41.1,34.78,1.0,-1,-1,-1
379,4,490.8,148.3,50.72,54.45,1.0,-1,-1,-1
379,5,56.08,148.52,82.05,89.1,1.0,-1,-1,-1
379,6,304.39,118.84,14.49,12.63,1.0,-1,-1,-1
379,7,277.01,168.11,31.71,23.15,1.0,-1,-1,-1
379,8,418.15,138.24,21.2,16.63,1.0,-1,-1,-1
379,9,31.52,248.48,52.9,51.47,1.0,-1,-1,-1
379,10,174.08,246.41,69.98,42.9,1.0,-1,-1,-1
379,11,414.35,128.23,17.48,14.81,1.0,-1,-1,-1
379,15,543.06,263.87,20.86,40.13,1.0,-1,-1,-1
379,16,493.31,265.66,19.07,38.94,1.0,-1,-1,-1
379,19,160.55,123.27,17.05,14.25,1.0,-1,-1,-1
379,20,520.16,270.74,21.91,46.96,1.0,-1,-1,-1
379,22,168.14,133.09,16.77,15.39,1.0,-1,-1,-1
379,23,564.69,206.3,17.3,31.17,1.0,-1,-1,-1
379,24,277.05,151.22,25.3,19.45,1.0,-1,-1,-1
379,25,441.33,121.71,16.32,18.76,1.0,-1,-1,-1
379,26,0.3,204.1,43.06,36.32,1.0,-1,-1,-1
379,27,389.48,143.17,22.92,20.08,1.0,-1,-1,-1
379,38,400.26,166.13,24.2,22.52,1.0,-1,-1,-1
379,39,437.43,156.97,23.08,20.28,1.0,-1,-1,-1
380,1,427.45,241.42,55.25,52.15,1.0,-1,-1,-1
380,2,566.91,235.5,56.21,50.87,1.0,-1,-1,-1
380,3,470.59,206.2,41.19,34.91,1.0,-1,-1,-1
380,4,489,148.5,55.51,56.69,1.0,-1,-1,-1
380,5,57.2,148.08,81.84,88.93,1.0,-1,-1,-1
380,6,304.39,118.84,14.49,12.63,1.0,-1,-1,-1
380,7,277.97,167.95,31.03,22.65,1.0,-1,-1,-1
380,8,418.27,138.49,21.2,16.57,1.0,-1,-1,-1
380,9,32.04,247.41,52.64,51.29,1.0,-1,-1,-1
380,10,175.79,245.35,69.46,42.43,1.0,-1,-1,-1
380,11,413.32,128.34,17.36,14.73,1.0,-1,-1,-1
380,15,543.76,264.12,20.8,40.3,1.0,-1,-1,-1
380,16,493.84,265.43,18.87,39.15,1.0,-1,-1,-1
380,19,159.76,123.91,17.47,14.41,1.0,-1,-1,-1
380,20,519.85,270.54,21.96,47.02,1.0,-1,-1,-1
380,22,167.72,132.75,16.94,15.19,1.0,-1,-1,-1
380,23,565.55,207.31,17.18,31.12,1.0,-1,-1,-1
380,24,277.59,151.95,25.53,19.83,1.0,-1,-1,-1
380,25,442.5,124.68,14.44,15.94,1.0,-1,-1,-1
380,26,0,203.88,44.17,35.35,1.0,-1,-1,-1
380,27,390.18,142.64,22.97,20.48,1.0,-1,-1,-1
380,38,400.57,166.01,24.39,22.56,1.0,-1,-1,-1
380,39,437.38,157.41,23.01,21.03,1.0,-1,-1,-1
381,1,427.46,241.6,55.5,52.41,1.0,-1,-1,-1
381,2,567.16,235.41,56.08,51.28,1.0,-1,-1,-1
381,3,470.94,206.82,41.17,34.89,1.0,-1,-1,-1
381,4,490.6,152.9,52.69,51.79,1.0,-1,-1,-1
381,5,56.88,147.97,82.49,88.65,1.0,-1,-1,-1
381,6,304.88,118.96,14.12,12.29,1.0,-1,-1,-1
381,7,278.2,166.99,31.34,22.97,1.0,-1,-1,-1
381,8,418.02,138.32,22.15,17.32,1.0,-1,-1,-1
381,9,32.53,246.63,52.48,51.13,1.0,-1,-1,-1
381,10,172.84,244.7,66.73,41.26,1.0,-1,-1,-1
381,11,412.92,127.68,18.26,15.55,1.0,-1,-1,-1
381,15,543.2,264.13,20.58,39.63,1.0,-1,-1,-1
381,16,493.37,265.48,18.98,39.19,1.0,-1,-1,-1
381,19,159.44,123.06,17.23,14.45,1.0,-1,-1,-1
381,20,520.15,270.95,22.32,46.6,1.0,-1,-1,-1
381,22,168.28,133.35,17.11,15.03,1.0,-1,-1,-1
381,23,565.9,208.43,17.7,30.5,1.0,-1,-1,-1
381,24,278.18,151.37,25.09,19.33,1.0,-1,-1,-1
381,25,442.79,125.7,14.23,15.36,1.0,-1,-1,-1
381,26,4.4,204.34,40.56,33.69,1.0,-1,-1,-1
381,27,390.12,143.08,22.28,20.8,1.0,-1,-1,-1
381,38,401.1,166.72,24.41,22.79,1.0,-1,-1,-1
381,39,437.39,158.21,23.14,20.65,1.0,-1,-1,-1
382,1,427.51,241.7,55.49,52.4,1.0,-1,-1,-1
382,2,567.99,235.79,56.12,51.38,1.0,-1,-1,-1
382,3,471.31,207.29,41.1,34.8,1.0,-1,-1,-1
382,4,491,153,52.14,52.38,1.0,-1,-1,-1
382,5,58.87,148.18,81.13,88.31,1.0,-1,-1,-1
382,6,305.37,119.08,13.76,11.95,1.0,-1,-1,-1
382,7,277.67,164.39,33.51,24.92,1.0,-1,-1,-1
382,8,418.49,138.49,22.22,17.33,1.0,-1,-1,-1
382,9,32.89,245.81,52.28,50.86,1.0,-1,-1,-1
382,10,171.2,243.79,64.88,40.79,1.0,-1,-1,-1
382,11,413.22,129.27,15.68,12.53,1.0,-1,-1,-1
382,15,544.22,264.41,20.84,39.72,1.0,-1,-1,-1
382,16,493.91,265.55,18.83,39.35,1.0,-1,-1,-1
382,19,158.17,123.18,17.45,14.27,1.0,-1,-1,-1
382,20,519.99,270.75,22.05,47.1,1.0,-1,-1,-1
382,22,168.15,132.71,16.72,15.09,1.0,-1,-1,-1
382,23,566.7,208.5,17.12,30.8,1.0,-1,-1,-1
382,24,278.08,151.04,24.98,19.12,1.0,-1,-1,-1
382,25,441.8,120.8,15.22,20.26,1.0,-1,-1,-1
382,26,8.77,204.21,37.92,33.24,1.0,-1,-1,-1
382,27,390.62,143.95,22.55,20.64,1.0,-1,-1,-1
382,38,400.98,167.06,24.77,22.95,1.0,-1,-1,-1
382,39,438.2,158.99,22.97,20.31,1.0,-1,-1,-1
383,1,427.55,241.63,55.4,52.28,1.0,-1,-1,-1
383,2,568.05,236.4,56.35,51.46,1.0,-1,-1,-1
383,3,471.69,207.68,41.13,34.82,1.0,-1,-1,-1
383,4,492,153.7,51.56,51.99,1.0,-1,-1,-1
383,5,59.34,147.45,81.69,88.43,1.0,-1,-1,-1
383,6,305.7,119.09,13.26,11.41,1.0,-1,-1,-1
383,7,280.02,165.7,30.55,22.43,1.0,-1,-1,-1
383,8,418.35,138.49,22.24,17.31,1.0,-1,-1,-1
383,9,33.26,244.41,52.51,51.02,1.0,-1,-1,-1
383,10,169.94,241.87,64.73,41.49,1.0,-1,-1,-1
383,11,412.96,128.23,16.54,13.27,1.0,-1,-1,-1
383,15,543.18,264.36,20.74,39.77,1.0,-1,-1,-1
383,16,493.43,265.48,18.95,39.19,1.0,-1,-1,-1
383,19,157.58,122.42,18.31,14.5,1.0,-1,-1,-1
383,20,519.95,270.44,21.59,47.33,1.0,-1,-1,-1
383,22,168.31,132.21,16.44,14.7,1.0,-1,-1,-1
383,23,567.34,209.5,16.94,30.87,1.0,-1,-1,-1
383,24,278.15,150.16,24.9,18.97,1.0,-1,-1,-1
383,25,441.8,120.8,15.22,20.26,1.0,-1,-1,-1
383,26,9.16,201.85,40.29,34.42,1.0,-1,-1,-1
383,27,390.76,143.74,22.18,20.5,1.0,-1,-1,-1
383,38,400.6,167.16,25.06,22.92,1.0,-1,-1,-1
383,39,437.7,159.04,23.13,20.26,1.0,-1,-1,-1
384,1,427.52,241.63,55.21,52.09,1.0,-1,-1,-1
384,2,567.71,236.16,56.5,50.96,1.0,-1,-1,-1
384,3,472.03,207.89,41.35,34.96,1.0,-1,-1,-1
384,4,488.8,148.8,55.13,57.02,1.0,-1,-1,-1
384,5,59.66,146.35,81.65,88.03,1.0,-1,-1,-1
384,6,305.98,118.38,13.45,11.49,1.0,-1,-1,-1
384,7,280.98,165.73,29.62,21.51,1.0,-1,-1,-1
384,8,417.96,138.47,22.26,17.29,1.0,-1,-1,-1
384,9,33.51,242.54,53.18,51.63,1.0,-1,-1,-1
384,10,169.63,240.63,63.6,41.52,1.0,-1,-1,-1
384,11,413.83,128.36,16.37,13.44,1.0,-1,-1,-1
384,15,543.13,264.16,20.19,40.08,1.0,-1,-1,-1
384,16,493.9,265.11,18.84,39.45,1.0,-1,-1,-1
384,19,156.6,122.74,18.45,14.46,1.0,-1,-1,-1
384,20,520.13,270.65,22.08,46.71,1.0,-1,-1,-1
384,22,167.9,131.76,16.31,14.25,1.0,-1,-1,-1
384,23,568.24,209.69,17.48,30.96,1.0,-1,-1,-1
384,24,278.77,149.93,24.68,19.22,1.0,-1,-1,-1
384,25,441.74,120.12,15.97,20.39,1.0,-1,-1,-1
384,26,9.89,200.87,41.18,34.25,1.0,-1,-1,-1
384,27,391.19,143.97,22.1,20.53,1.0,-1,-1,-1
384,38,400.5,167.4,24.94,23.06,1.0,-1,-1,-1
384,39,438.17,159.13,23.2,20.32,1.0,-1,-1,-1
385,1,427.55,241.57,55.02,51.88,1.0,-1,-1,-1
385,2,568.54,235.85,56.71,51.59,1.0,-1,-1,-1
385,3,472.52,207.98,41.82,35.34,1.0,-1,-1,-1
385,4,492.7,149.8,51.99,56.25,1.0,-1,-1,-1
385,5,60.41,146.25,81.48,87.11,1.0,-1,-1,-1
385,6,305.98,118.38,13.45,11.49,1.0,-1,-1,-1
385,7,281.55,165.27,29.26,21.11,1.0,-1,-1,-1
385,8,418.16,138.4,22.74,17.59,1.0,-1,-1,-1
385,9,33.92,241.55,52.93,51.27,1.0,-1,-1,-1
385,10,169.77,239.65,62.41,41.51,1.0,-1,-1,-1
385,11,413.22,128.25,16.08,13.15,1.0,-1,-1,-1
385,15,544.09,264.28,20.17,39.39,1.0,-1,-1,-1
385,16,493.61,264.97,19.18,39.87,1.0,-1,-1,-1
385,19,157.67,123.09,16.95,13.98,1.0,-1,-1,-1
385,20,519.84,270.5,22.15,46.77,1.0,-1,-1,-1
385,22,167.88,132.49,16.15,13.76,1.0,-1,-1,-1
385,23,568.98,209.69,17.06,30.9,1.0,-1,-1,-1
385,24,278.96,149.61,24.31,18.99,1.0,-1,-1,-1
385,25,441.33,120.4,16.04,20.44,1.0,-1,-1,-1
385,26,11.71,197.93,44.13,35.9,1.0,-1,-1,-1
385,27,391.05,143.47,21.87,20.12,1.0,-1,-1,-1
385,30,389.12,134.74,17.22,12.79,1.0,-1,-1,-1
385,31,428.48,119.49,14.76,11.81,1.0,-1,-1,-1
385,38,401.83,168.09,24.87,23.12,1.0,-1,-1,-1
385,39,438.41,157.89,23.6,21.53,1.0,-1,-1,-1
386,1,427.5,241.55,54.9,51.77,1.0,-1,-1,-1
386,2,569.12,236.14,56.46,51.75,1.0,-1,-1,-1
386,3,473.09,208.32,42.19,35.65,1.0,-1,-1,-1
386,4,493.5,152.2,51.37,53.99,1.0,-1,-1,-1
386,5,60.4,146.38,81.59,87.15,1.0,-1,-1,-1
386,6,307.02,117.51,12.54,11.81,1.0,-1,-1,-1
386,7,282.18,165.02,28.81,20.67,1.0,-1,-1,-1
386,8,418.7,138.41,23.13,17.91,1.0,-1,-1,-1
386,9,34.71,240.93,52.39,50.51,1.0,-1,-1,-1
386,10,170.8,239.13,51.6,40.5,1.0,-1,-1,-1
386,11,413.35,128.44,17.55,14.56,1.0,-1,-1,-1
386,15,543.96,263.8,19.97,39.71,1.0,-1,-1,-1
386,16,493.29,265.82,19.07,39.43,1.0,-1,-1,-1
386,19,156.55,121.43,15.81,14.14,1.0,-1,-1,-1
386,20,520.09,271.52,22.49,46.54,1.0,-1,-1,-1
386,22,168.42,131.48,16.48,14.63,1.0,-1,-1,-1
386,23,569.71,209.86,17.19,30.6,1.0,-1,-1,-1
386,24,279.61,149.62,24.38,18.89,1.0,-1,-1,-1
386,25,441.92,120.2,16.2,20.36,1.0,-1,-1,-1
386,26,9.49,197.36,43.99,34.95,1.0,-1,-1,-1
386,27,391.83,144.19,21.91,20.5,1.0,-1,-1,-1
386,30,389.03,134.27,16.39,14.21,1.0,-1,-1,-1
386,31,428.48,119.49,14.76,11.81,1.0,-1,-1,-1
386,38,401.21,168.2,25.03,22.93,1.0,-1,-1,-1
386,39,438.91,157.76,23.67,21.94,1.0,-1,-1,-1
387,1,427.45,241.75,54.71,51.61,1.0,-1,-1,-1
387,2,569.81,236.99,56.72,51.67,1.0,-1,-1,-1
387,3,473.28,208.75,42.24,35.7,1.0,-1,-1,-1
387,4,492.1,149.8,52.77,56.39,1.0,-1,-1,-1
387,5,61,146.53,81.04,86.93,1.0,-1,-1,-1
387,6,307.07,118.27,12.64,11.84,1.0,-1,-1,-1
387,7,282.18,165.02,28.81,20.67,1.0,-1,-1,-1
387,8,419.15,138.65,23.14,18,1.0,-1,-1,-1
387,9,35.44,240.4,51.73,49.54,1.0,-1,-1,-1
387,10,169.52,238.57,57.76,39.74,1.0,-1,-1,-1
387,11,412.69,127.56,16.91,15.74,1.0,-1,-1,-1
387,15,543.49,264.07,20.02,39.26,1.0,-1,-1,-1
387,16,493.29,265.24,18.9,39.17,1.0,-1,-1,-1
387,19,155.57,123.23,17.4,13.99,1.0,-1,-1,-1
387,20,520.13,271.15,21.85,47.01,1.0,-1,-1,-1
387,22,167.38,131.14,16.52,14.16,1.0,-1,-1,-1
387,23,569.78,210.61,17.39,30.45,1.0,-1,-1,-1
387,24,279.46,149.28,24.19,18.99,1.0,-1,-1,-1
387,25,441.35,120.79,16.23,20.58,1.0,-1,-1,-1
387,26,14.38,197.01,44.57,34.76,1.0,-1,-1,-1
387,27,391.15,145.3,21.92,20.33,1.0,-1,-1,-1
387,30,388.55,134.93,16.43,14.38,1.0,-1,-1,-1
387,31,429.79,119.22,13.82,12.87,1.0,-1,-1,-1
387,38,401.9,169.01,24.75,23.08,1.0,-1,-1,-1
387,39,438.46,159.93,24.51,21.09,1.0,-1,-1,-1
388,1,427.32,241.79,54.76,51.7,1.0,-1,-1,-1
388,2,570.28,236.96,56.38,51.51,1.0,-1,-1,-1
388,3,474.46,209.78,41.72,35.22,1.0,-1,-1,-1
388,4,493.35,151.3,51.52,54.89,1.0,-1,-1,-1
388,5,62.5,146.5,79.4,86.39,1.0,-1,-1,-1
388,6,307.35,117.82,12.45,11.74,1.0,-1,-1,-1
388,7,282.27,162.84,30.42,21.98,1.0,-1,-1,-1
388,8,419.86,139.4,22.57,17.57,1.0,-1,-1,-1
388,9,36.26,239.72,51.3,48.85,1.0,-1,-1,-1
388,10,168.64,237.09,57.3,40.13,1.0,-1,-1,-1
388,11,411.79,127.74,19.67,16.65,1.0,-1,-1,-1
388,15,543.81,263.77,19.01,40.14,1.0,-1,-1,-1
388,16,492.75,265.87,19.78,38.6,1.0,-1,-1,-1
388,19,155.32,123.42,17.3,13.79,1.0,-1,-1,-1
388,20,520.09,270.13,21.23,47.98,1.0,-1,-1,-1
388,22,167.65,130.91,16.45,13.55,1.0,-1,-1,-1
388,23,570.68,211.35,17.35,30.52,1.0,-1,-1,-1
388,24,279.57,148.87,24.16,18.57,1.0,-1,-1,-1
388,25,441.95,120.65,16.33,20.74,1.0,-1,-1,-1
388,26,15.53,196.27,45.51,34.86,1.0,-1,-1,-1
388,27,391.17,145.46,22.12,20.33,1.0,-1,-1,-1
388,30,389.07,134.67,16.52,14.2,1.0,-1,-1,-1
388,31,429.94,119.44,13.82,13.06,1.0,-1,-1,-1
388,38,401.34,169.23,25.16,23.21,1.0,-1,-1,-1
388,39,438.87,159.84,24.37,21.29,1.0,-1,-1,-1
389,1,427.32,241.75,54.7,51.68,1.0,-1,-1,-1
389,2,570.66,237.07,55.66,51.63,1.0,-1,-1,-1
389,3,475.25,210.73,41.28,34.74,1.0,-1,-1,-1
389,4,494.6,152.8,50.27,53.39,1.0,-1,-1,-1
389,5,62.94,146.54,78.86,85.13,1.0,-1,-1,-1
389,6,307.04,116.97,12.36,11.64,1.0,-1,-1,-1
389,7,282.97,162.86,29.43,21.27,1.0,-1,-1,-1
389,8,420.34,140.02,22.28,17.4,1.0,-1,-1,-1
389,9,37.02,238.86,51.04,48.28,1.0,-1,-1,-1
389,10,168.74,235.93,56.54,40.25,1.0,-1,-1,-1
389,11,411.49,126.95,19.96,16.95,1.0,-1,-1,-1
389,15,543.17,264.64,19.19,39.91,1.0,-1,-1,-1
389,16,492.23,266.18,19.76,38.96,1.0,-1,-1,-1
389,19,153.13,123.09,18.51,13.5,1.0,-1,-1,-1
389,20,519.56,269.97,21.73,47.38,1.0,-1,-1,-1
389,22,167.62,130.8,16.34,13.23,1.0,-1,-1,-1
389,23,571.26,211.91,17.63,30.05,1.0,-1,-1,-1
389,24,279.7,148.44,24.16,18.57,1.0,-1,-1,-1
389,25,442.27,120.78,16.34,21,1.0,-1,-1,-1
389,26,16.34,196.06,45.05,33.92,1.0,-1,-1,-1
389,27,391.11,145.31,22.24,20.42,1.0,-1,-1,-1
389,30,388.84,135.29,16.25,14.7,1.0,-1,-1,-1
389,31,430.08,119.77,13.9,13.02,1.0,-1,-1,-1
389,38,401.41,169.26,25.03,23.11,1.0,-1,-1,-1
389,39,438.5,159.87,23.83,21.58,1.0,-1,-1,-1
390,1,427.4,241.72,54.76,51.69,1.0,-1,-1,-1
390,2,571.43,237.01,56.14,51.49,1.0,-1,-1,-1
390,3,475.26,211,41.34,34.73,1.0,-1,-1,-1
390,4,493.26,154.3,52.45,49.73,1.0,-1,-1,-1
390,5,63.78,145.52,77.88,84.8,1.0,-1,-1,-1
390,6,307.14,117.19,12.16,11.44,1.0,-1,-1,-1
390,7,282.74,160.89,30.51,22.24,1.0,-1,-1,-1
390,8,420.23,139.29,22.69,17.77,1.0,-1,-1,-1
390,9,37.9,238.09,50.79,47.71,1.0,-1,-1,-1
390,10,168.16,235.17,55,39.76,1.0,-1,-1,-1
390,11,411.27,127.93,20.24,17.26,1.0,-1,-1,-1
390,15,543.4,264.59,19.36,39.67,1.0,-1,-1,-1
390,16,492.31,265.93,19.59,39.19,1.0,-1,-1,-1
390,19,152.24,122.79,18.95,13.24,1.0,-1,-1,-1
390,20,519.49,269.94,21.48,48.09,1.0,-1,-1,-1
390,22,167.7,130.22,16.08,12.7,1.0,-1,-1,-1
390,23,571.49,212.29,18.12,29.85,1.0,-1,-1,-1
390,24,279.82,148.01,24.16,18.57,1.0,-1,-1,-1
390,25,442.89,120.76,16.2,20.89,1.0,-1,-1,-1
390,26,18.21,196.54,43.48,32.1,1.0,-1,-1,-1
390,27,390.77,145.68,22.65,19.98,1.0,-1,-1,-1
390,30,389.42,135.41,16.39,14.23,1.0,-1,-1,-1
390,31,429.67,119.16,13.82,12.68,1.0,-1,-1,-1
390,38,401.55,169.08,25.06,23.37,1.0,-1,-1,-1
390,39,439.63,158.76,23.53,22.51,1.0,-1,-1,-1
391,1,427.46,241.69,54.56,51.41,1.0,-1,-1,-1
391,2,571.07,237.13,56.25,51.76,1.0,-1,-1,-1
391,3,475.3,211.08,41.63,34.89,1.0,-1,-1,-1
391,4,493.49,154.42,52.87,49.39,1.0,-1,-1,-1
391,5,65.31,145.5,77.3,84.58,1.0,-1,-1,-1
391,6,307.64,116.84,12.03,11.45,1.0,-1,-1,-1
391,7,282.74,160.89,30.51,22.24,1.0,-1,-1,-1
391,8,419.42,139.53,22.67,17.79,1.0,-1,-1,-1
391,9,39.15,236.8,50.39,47.01,1.0,-1,-1,-1
391,10,168.05,233.72,54.3,39.88,1.0,-1,-1,-1
391,11,412.8,127.9,17.9,15,1.0,-1,-1,-1
391,15,543,264.24,19.28,39.49,1.0,-1,-1,-1
391,16,492.36,265.22,19.46,39.54,1.0,-1,-1,-1
391,19,151.76,122.33,18.85,13.57,1.0,-1,-1,-1
391,20,519.8,269.33,21.2,48.28,1.0,-1,-1,-1
391,22,167.49,130.22,16.03,12.77,1.0,-1,-1,-1
391,23,572.99,211.62,18.18,29.25,1.0,-1,-1,-1
391,24,279.94,147.58,24.16,18.57,1.0,-1,-1,-1
391,25,442.67,120.74,16.08,20.92,1.0,-1,-1,-1
391,26,19.99,195.95,42.97,31.39,1.0,-1,-1,-1
391,27,390.69,145.83,22.63,20.25,1.0,-1,-1,-1
391,30,389.06,135.27,16.71,14.33,1.0,-1,-1,-1
391,31,430.43,119.13,13.81,12.9,1.0,-1,-1,-1
391,38,401.88,169.15,25.25,23.36,1.0,-1,-1,-1
391,39,439.93,158.45,23.98,23.14,1.0,-1,-1,-1
392,1,427.32,241.42,54.62,51.47,1.0,-1,-1,-1
392,2,570.99,236.92,56.53,51.47,1.0,-1,-1,-1
392,3,475.29,211.31,42.07,35.16,1.0,-1,-1,-1
392,4,493.52,154.77,52.72,49.23,1.0,-1,-1,-1
392,5,65.9,145.38,77.12,84,1.0,-1,-1,-1
392,6,307.55,116.05,12.15,11.19,1.0,-1,-1,-1
392,7,283.16,160.18,30.5,22.22,1.0,-1,-1,-1
392,8,420.61,139.16,22.69,17.86,1.0,-1,-1,-1
392,9,40.12,235.6,50.34,46.58,1.0,-1,-1,-1
392,10,167.9,232.67,52.81,39.34,1.0,-1,-1,-1
392,11,413.23,127.22,17.77,16.08,1.0,-1,-1,-1
392,15,543.33,264.75,19.21,39.47,1.0,-1,-1,-1
392,16,492.3,265.76,19.63,39.19,1.0,-1,-1,-1
392,19,151.87,121.86,18.58,13.41,1.0,-1,-1,-1
392,20,519.81,269.72,21.45,48.17,1.0,-1,-1,-1
392,22,167.31,130.06,15.59,12.84,1.0,-1,-1,-1
392,23,573.96,212.49,17.78,29.23,1.0,-1,-1,-1
392,24,280.07,147.15,24.16,18.57,1.0,-1,-1,-1
392,25,443.05,120.65,16.29,20.78,1.0,-1,-1,-1
392,26,20.69,193.02,45.63,33.31,1.0,-1,-1,-1
392,27,390.54,146.11,22.66,20.32,1.0,-1,-1,-1
392,30,389.51,135.52,16.53,14.5,1.0,-1,-1,-1
392,31,430.12,119.46,14,12.74,1.0,-1,-1,-1
392,38,401.89,169.8,25.85,23.89,1.0,-1,-1,-1
392,39,439.57,159,24.39,23.05,1.0,-1,-1,-1
393,1,427.28,241.28,54.97,51.76,1.0,-1,-1,-1
393,2,571.47,237.48,56.09,51.79,1.0,-1,-1,-1
393,3,475.64,212.09,42.06,35.07,1.0,-1,-1,-1
393,4,494.13,154.86,52.99,49.99,1.0,-1,-1,-1
393,5,65.89,145.6,77.31,83.36,1.0,-1,-1,-1
393,6,307.51,116.04,12.18,11.31,1.0,-1,-1,-1
393,7,283.58,159.47,30.49,22.19,1.0,-1,-1,-1
393,8,420.66,139.69,22.87,18.02,1.0,-1,-1,-1
393,9,40.27,234.8,51.06,46.99,1.0,-1,-1,-1
393,10,167.9,231.92,51.22,38.6,1.0,-1,-1,-1
393,11,413.29,128.79,18.31,15.51,1.0,-1,-1,-1
393,15,543.27,265.15,19.2,39.18,1.0,-1,-1,-1
393,16,492.33,265.3,19.52,39.34,1.0,-1,-1,-1
393,19,150.68,121.66,18.81,13.72,1.0,-1,-1,-1
393,20,519.25,269.5,21.36,48,1.0,-1,-1,-1
393,22,167.12,130.42,15.7,12.8,1.0,-1,-1,-1
393,23,574.64,212.67,17.82,28.84,1.0,-1,-1,-1
393,24,280.19,146.72,24.16,18.57,1.0,-1,-1,-1
393,25,443.03,121.11,16.32,21.06,1.0,-1,-1,-1
393,26,20.69,192,46.35,33.74,1.0,-1,-1,-1
393,27,391.3,145.86,22.7,20.4,1.0,-1,-1,-1
393,30,388.7,135.38,16.79,14.43,1.0,-1,-1,-1
393,31,429.95,119.91,14.01,12.97,1.0,-1,-1,-1
393,38,402.16,170.49,25.67,23.96,1.0,-1,-1,-1
393,39,439.75,159.57,24.04,22.62,1.0,-1,-1,-1
394,1,427.37,241.56,54.92,51.64,1.0,-1,-1,-1
394,2,572.07,237.77,56.1,51.75,1.0,-1,-1,-1
394,3,475.62,212.63,42.81,35.68,1.0,-1,-1,-1
394,4,494.32,156.44,53.19,49.38,1.0,-1,-1,-1
394,5,65.97,145.18,77.34,83.22,1.0,-1,-1,-1
394,6,307.64,116.28,12.19,11.33,1.0,-1,-1,-1
394,7,284,158.76,30.48,22.17,1.0,-1,-1,-1
394,8,421.53,140.63,23.12,18.24,1.0,-1,-1,-1
394,9,41.1,234.67,50.84,46.49,1.0,-1,-1,-1
394,10,167.91,231.39,50.01,38.1,1.0,-1,-1,-1
394,11,413.73,127.48,16.27,15.92,1.0,-1,-1,-1
394,15,543.2,264.7,19.41,38.98,1.0,-1,-1,-1
394,16,492.23,266.26,19.72,38.95,1.0,-1,-1,-1
394,19,149.99,121.78,19.02,13.54,1.0,-1,-1,-1
394,20,519.4,270.34,21.37,47.74,1.0,-1,-1,-1
394,22,166.92,129.81,15.74,12.8,1.0,-1,-1,-1
394,23,575.32,213.24,17.58,28.85,1.0,-1,-1,-1
394,24,280.31,146.29,24.16,18.57,1.0,-1,-1,-1
394,25,443.41,121.28,16.3,21.06,1.0,-1,-1,-1
394,26,21.2,190.66,47.28,34.48,1.0,-1,-1,-1
394,27,391.14,146.71,22.74,20.37,1.0,-1,-1,-1
394,28,152.35,121.85,16.09,11.84,1.0,-1,-1,-1
394,30,389.32,135.61,16.74,14.52,1.0,-1,-1,-1
394,31,431.38,119.85,13.61,13.27,1.0,-1,-1,-1
394,38,403.03,170.55,25.13,24.23,1.0,-1,-1,-1
394,39,440.19,160.73,25.09,23.13,1.0,-1,-1,-1
395,1,427.16,241.59,55.31,51.98,1.0,-1,-1,-1
395,2,572.06,238.31,56.18,52.11,1.0,-1,-1,-1
395,3,475.87,213.04,43.28,36.05,1.0,-1,-1,-1
395,4,495.5,155.49,52.64,50.18,1.0,-1,-1,-1
395,5,66.87,145.1,77.15,83.48,1.0,-1,-1,-1
395,6,308.5,116.76,12.01,11.35,1.0,-1,-1,-1
395,7,284.42,158.05,30.47,22.15,1.0,-1,-1,-1
395,8,420.54,140.69,23.22,18.32,1.0,-1,-1,-1
395,9,42.18,234.05,50.33,45.53,1.0,-1,-1,-1
395,10,167.6,230.85,49.06,37.7,1.0,-1,-1,-1
395,11,413.36,128.87,19.64,16.03,1.0,-1,-1,-1
395,15,543.24,265.43,19.41,39.06,1.0,-1,-1,-1
395,16,492.83,265.79,19.22,39.19,1.0,-1,-1,-1
395,19,149.85,121.8,19.41,13.43,1.0,-1,-1,-1
395,20,518.93,270.11,21.66,47.61,1.0,-1,-1,-1
395,22,167.32,129.64,15.38,12.85,1.0,-1,-1,-1
395,23,576.3,213.88,17.77,29.02,1.0,-1,-1,-1
395,24,280.43,145.86,24.16,18.57,1.0,-1,-1,-1
395,25,442.92,121.64,16.32,21.08,1.0,-1,-1,-1
395,26,22.98,189.92,46.5,33.97,1.0,-1,-1,-1
395,27,390.86,146.83,23.04,20.48,1.0,-1,-1,-1
395,28,151.63,121.5,16.95,12.49,1.0,-1,-1,-1
395,30,388.9,136.22,16.74,14.7,1.0,-1,-1,-1
395,31,430.76,119.96,13.46,13.33,1.0,-1,-1,-1
395,38,402.16,170.77,25.64,24.32,1.0,-1,-1,-1
395,39,439.83,161.47,24.99,22.83,1.0,-1,-1,-1
396,1,426.99,241.54,55.53,52.18,1.0,-1,-1,-1
396,2,572.49,238.88,56.58,51.99,1.0,-1,-1,-1
396,3,476.14,213.1,43.66,36.32,1.0,-1,-1,-1
396,4,495.43,156.26,53.32,49.83,1.0,-1,-1,-1
396,5,66.69,145.15,77.36,82.54,1.0,-1,-1,-1
396,6,308.16,116.36,11.92,11.42,1.0,-1,-1,-1
396,7,284.84,157.34,30.46,22.12,1.0,-1,-1,-1
396,8,420.5,140.87,23.23,18.41,1.0,-1,-1,-1
396,9,42.57,232.62,50.81,45.61,1.0,-1,-1,-1
396,10,167.34,229.26,48.86,38,1.0,-1,-1,-1
396,11,412.06,128.05,19.38,17.01,1.0,-1,-1,-1
396,15,543.21,265.21,19.46,39.16,1.0,-1,-1,-1
396,16,493.22,266.5,19.31,39.06,1.0,-1,-1,-1
396,19,149.43,121.72,19.38,13.27,1.0,-1,-1,-1
396,20,519.76,270.09,21.02,48.37,1.0,-1,-1,-1
396,22,166.72,129.77,15.52,12.71,1.0,-1,-1,-1
396,23,576.48,214.31,17.72,28.57,1.0,-1,-1,-1
396,24,280.56,145.43,24.16,18.57,1.0,-1,-1,-1
396,25,443.6,121.9,16.16,21.25,1.0,-1,-1,-1
396,26,24.85,190.36,44.61,32.54,1.0,-1,-1,-1
396,27,391.02,146.52,23.12,20.29,1.0,-1,-1,-1
396,28,151.62,121.07,16.99,12.54,1.0,-1,-1,-1
396,30,389.47,135.77,16.77,14.46,1.0,-1,-1,-1
396,31,431.29,120.2,13.44,13.23,1.0,-1,-1,-1
396,38,403.18,172.01,25.56,24.43,1.0,-1,-1,-1
396,39,439.99,162.5,24.78,22.16,1.0,-1,-1,-1
397,1,426.99,241.36,55.61,52.26,1.0,-1,-1,-1
397,2,572.68,238.76,56.77,52.19,1.0,-1,-1,-1
397,3,476.34,213.12,43.79,36.38,1.0,-1,-1,-1
397,4,495.88,155.9,52.93,50.16,1.0,-1,-1,-1
397,5,67.44,144.3,76.74,82.32,1.0,-1,-1,-1
397,6,308.93,115.52,11.95,11.19,1.0,-1,-1,-1
397,7,285.26,156.63,30.45,22.1,1.0,-1,-1,-1
397,8,420.66,140.67,23.28,18.53,1.0,-1,-1,-1
397,9,43.54,231.73,50.86,45.25,1.0,-1,-1,-1
397,10,168.06,228,47.52,37.35,1.0,-1,-1,-1
397,11,412.04,128.21,19.17,16.88,1.0,-1,-1,-1
397,15,543.27,264.61,19.59,39.38,1.0,-1,-1,-1
397,16,492.71,265.85,19.63,38.95,1.0,-1,-1,-1
397,19,148.65,121.22,19.16,13.05,1.0,-1,-1,-1
397,20,519.51,269.95,21.55,47.97,1.0,-1,-1,-1
397,22,166.97,129.09,15.41,12.74,1.0,-1,-1,-1
397,23,578.28,213.97,17.08,28.44,1.0,-1,-1,-1
397,24,283.51,143.95,24.16,18.57,1.0,-1,-1,-1
397,25,443.48,121.1,16.32,21.09,1.0,-1,-1,-1
397,26,27.22,190.66,42.6,30.97,1.0,-1,-1,-1
397,27,390.99,146.53,23.13,20.46,1.0,-1,-1,-1
397,30,389.14,136,16.92,14.96,1.0,-1,-1,-1
397,31,431.21,119.93,13.39,13.5,1.0,-1,-1,-1
397,38,403.62,171.38,25.83,24.29,1.0,-1,-1,-1
397,39,439.72,161.75,25.79,22.38,1.0,-1,-1,-1
398,1,427.14,241.35,55.19,51.86,1.0,-1,-1,-1
398,2,572.49,239.02,56.66,51.94,1.0,-1,-1,-1
398,3,476.56,213.28,44.05,36.55,1.0,-1,-1,-1
398,4,496.43,155.79,52.93,50.16,1.0,-1,-1,-1
398,5,68.58,144.17,76.41,82.08,1.0,-1,-1,-1
398,6,308.95,114.92,11.87,11.23,1.0,-1,-1,-1
398,7,285.68,155.92,30.43,22.08,1.0,-1,-1,-1
398,8,420.84,140.57,23.28,18.61,1.0,-1,-1,-1
398,9,44.74,231.34,50.69,44.71,1.0,-1,-1,-1
398,10,168.11,227.01,46.62,36.97,1.0,-1,-1,-1
398,11,412.16,127.5,19.13,16.92,1.0,-1,-1,-1
398,15,542.94,264.31,19.49,39.37,1.0,-1,-1,-1
398,16,492.29,265.96,19.67,38.86,1.0,-1,-1,-1
398,19,148.42,120.54,19.33,13.18,1.0,-1,-1,-1
398,20,519.68,269.26,21.26,48.17,1.0,-1,-1,-1
398,22,165.97,129.1,15.67,12.76,1.0,-1,-1,-1
398,23,578.29,214.55,18.27,28.18,1.0,-1,-1,-1
398,24,283.02,142.48,24.16,18.57,1.0,-1,-1,-1
398,25,443.5,121.13,16.43,21.29,1.0,-1,-1,-1
398,26,29.21,190.42,41.4,30.07,1.0,-1,-1,-1
398,27,391.46,147.18,23.02,20.46,1.0,-1,-1,-1
398,30,389.37,135.88,17.09,14.77,1.0,-1,-1,-1
398,31,431.92,119.93,13.73,13.35,1.0,-1,-1,-1
398,38,402.3,170.94,25.71,24.68,1.0,-1,-1,-1
398,39,439.63,162.55,25.9,21.53,1.0,-1,-1,-1
399,1,427.22,241.17,55.02,51.72,1.0,-1,-1,-1
399,2,573.24,239.2,56.75,51.74,1.0,-1,-1,-1
399,3,476.73,213.63,44.23,36.66,1.0,-1,-1,-1
399,4,496.08,156,53.64,49.88,1.0,-1,-1,-1
399,5,68.68,144.06,76.17,81.16,1.0,-1,-1,-1
399,6,308.98,114.08,11.9,11.24,1.0,-1,-1,-1
399,7,286.1,155.21,30.42,22.06,1.0,-1,-1,-1
399,8,420.9,140.6,23.22,18.61,1.0,-1,-1,-1
399,9,45.48,230.35,50.95,44.63,1.0,-1,-1,-1
399,10,168.04,225.95,45.75,36.63,1.0,-1,-1,-1
399,11,413.56,129.27,18.77,16.63,1.0,-1,-1,-1
399,15,543.31,264.73,19.81,39.52,1.0,-1,-1,-1
399,16,492.76,265.89,19.4,39.08,1.0,-1,-1,-1
399,19,147.38,120.62,19.9,13.31,1.0,-1,-1,-1
399,20,519.73,269.58,21.34,48.09,1.0,-1,-1,-1
399,22,165.43,128.86,15.95,12.86,1.0,-1,-1,-1
399,23,579.7,214.58,18.13,27.61,1.0,-1,-1,-1
399,24,283.02,140.51,24.16,18.57,1.0,-1,-1,-1
399,25,444.07,121.9,16.39,21.06,1.0,-1,-1,-1
399,26,30.01,189.21,41.49,30.21,1.0,-1,-1,-1
399,27,391.45,147.44,23.04,20.3,1.0,-1,-1,-1
399,30,389.59,135.61,17.22,14.84,1.0,-1,-1,-1
399,31,431.39,119.33,13.61,13.41,1.0,-1,-1,-1
399,38,403.16,171.65,25.69,25.01,1.0,-1,-1,-1
399,39,439.93,163.1,25.47,21.77,1.0,-1,-1,-1
400,1,427.37,241.43,54.9,51.57,1.0,-1,-1,-1
400,2,573.14,239.61,56.41,51.48,1.0,-1,-1,-1
400,3,476.97,214.23,44.31,36.63,1.0,-1,-1,-1
400,4,496.81,156.56,53.77,50.68,1.0,-1,-1,-1
400,5,68.83,143.53,76.17,81.02,1.0,-1,-1,-1
400,6,309.37,114.2,11.82,11.32,1.0,-1,-1,-1
400,7,286.52,154.5,30.41,22.03,1.0,-1,-1,-1
400,8,421.11,140.96,23.19,18.61,1.0,-1,-1,-1
400,9,46.13,229.33,51.49,44.93,1.0,-1,-1,-1
400,10,168.04,224.93,45.26,36.66,1.0,-1,-1,-1
400,11,412.72,128.68,18.86,16.75,1.0,-1,-1,-1
400,15,543.51,264.95,19.64,39.54,1.0,-1,-1,-1
400,16,493.16,266.09,19.29,39.08,1.0,-1,-1,-1
400,19,147.26,120.95,19.36,13.05,1.0,-1,-1,-1
400,20,519.88,268.99,21.06,48.16,1.0,-1,-1,-1
400,22,165.16,128.21,15.95,12.79,1.0,-1,-1,-1
400,23,580.56,215.36,17.56,27.5,1.0,-1,-1,-1
400,24,281.05,141.99,24.16,18.57,1.0,-1,-1,-1
400,25,444.28,122.48,16.61,21.41,1.0,-1,-1,-1
400,26,31.21,188.51,41.36,30.29,1.0,-1,-1,-1
400,27,391.64,147.16,22.82,20.55,1.0,-1,-1,-1
400,30,389.45,136.38,17.18,15.13,1.0,-1,-1,-1
400,31,431.84,120,13.71,13.55,1.0,-1,-1,-1
400,38,403.91,172.44,25.69,24.53,1.0,-1,-1,-1
400,39,440.05,162.57,25.71,22.5,1.0,-1,-1,-1
401,1,427.2,241.46,55.11,51.78,1.0,-1,-1,-1
401,2,573.15,239.75,56.77,51.53,1.0,-1,-1,-1
401,3,477.22,214.82,44.7,36.78,1.0,-1,-1,-1
401,4,496.89,157.19,53.6,50.18,1.0,-1,-1,-1
401,5,70.46,143.96,75.71,80.82,1.0,-1,-1,-1
401,6,309.8,114.6,11.94,11.38,1.0,-1,-1,-1
401,7,286.94,153.79,30.4,22.01,1.0,-1,-1,-1
401,8,421.24,141.18,23.4,18.8,1.0,-1,-1,-1
401,9,46.95,228.41,51.82,45.12,1.0,-1,-1,-1
401,10,168.16,224.34,44.42,36.37,1.0,-1,-1,-1
401,11,412.89,128.97,18.84,16.69,1.0,-1,-1,-1
401,15,543.22,264.86,19.47,39.73,1.0,-1,-1,-1
401,16,492.53,265.55,19.64,39.2,1.0,-1,-1,-1
401,19,146.79,121.67,18.92,12.8,1.0,-1,-1,-1
401,20,519.38,269.41,21.5,47.92,1.0,-1,-1,-1
401,22,164.69,128.76,15.84,12.64,1.0,-1,-1,-1
401,23,580.9,216.09,17.97,26.75,1.0,-1,-1,-1
401,24,281.05,141.99,24.16,18.57,1.0,-1,-1,-1
401,25,443.96,122.82,16.26,21.28,1.0,-1,-1,-1
401,26,32.49,187.99,40.57,29.85,1.0,-1,-1,-1
401,27,392.05,148.66,22.63,20.47,1.0,-1,-1,-1
401,30,389.57,137.08,17.01,15.03,1.0,-1,-1,-1
401,31,431.55,120.28,13.9,13.51,1.0,-1,-1,-1
401,38,403.07,173.14,26.19,24.75,1.0,-1,-1,-1
401,39,440.87,163.14,25.26,22.52,1.0,-1,-1,-1
402,1,427.03,241.54,55.31,52,1.0,-1,-1,-1
402,2,573.14,239.78,56.71,51.7,1.0,-1,-1,-1
402,3,476.81,214.83,46.3,38.14,1.0,-1,-1,-1
402,4,497.71,157.01,53.58,50.85,1.0,-1,-1,-1
402,5,70.68,143.65,75.44,80.46,1.0,-1,-1,-1
402,6,309.51,114.89,11.71,11.4,1.0,-1,-1,-1
402,7,287.36,153.08,30.39,21.99,1.0,-1,-1,-1
402,8,421.26,141.18,23.58,19.03,1.0,-1,-1,-1
402,9,47.91,227.82,51.45,44.67,1.0,-1,-1,-1
402,10,168.38,223.88,43.72,36.17,1.0,-1,-1,-1
402,11,413.32,129.83,18.82,16.6,1.0,-1,-1,-1
402,15,543.57,265.08,19.51,39.74,1.0,-1,-1,-1
402,16,492.53,265.57,19.44,39.33,1.0,-1,-1,-1
402,19,145,120.71,19.83,12.89,1.0,-1,-1,-1
402,20,519.48,270.74,21.47,47.45,1.0,-1,-1,-1
402,22,164.46,128.59,15.78,12.77,1.0,-1,-1,-1
402,23,582.09,216.83,18.02,27.35,1.0,-1,-1,-1
402,24,281.05,141.99,24.16,18.57,1.0,-1,-1,-1
402,25,443.85,122.64,16.78,21.43,1.0,-1,-1,-1
402,26,33.21,187.32,40.27,29.88,1.0,-1,-1,-1
402,27,392.31,148.03,22.66,20.96,1.0,-1,-1,-1
402,30,389.49,136.64,17.36,15.11,1.0,-1,-1,-1
402,31,432.37,120.76,13.89,13.31,1.0,-1,-1,-1
402,38,402.95,173.8,25.98,24.8,1.0,-1,-1,-1
402,39,441.47,163.96,24.99,22.23,1.0,-1,-1,-1
403,1,426.9,241.54,55.36,52.08,1.0,-1,-1,-1
403,2,573.35,239.8,56.74,51.9,1.0,-1,-1,-1
403,3,476.94,215.12,46.82,38.59,1.0,-1,-1,-1
403,4,497.91,157.77,54.68,51.07,1.0,-1,-1,-1
403,5,71.91,143.77,75.22,80.33,1.0,-1,-1,-1
403,6,310.31,113.62,11.7,11.52,1.0,-1,-1,-1
403,7,287.78,152.37,30.38,21.96,1.0,-1,-1,-1
403,8,421.3,141.13,23.57,19.1,1.0,-1,-1,-1
403,9,48.82,227.07,51.11,44.17,1.0,-1,-1,-1
403,10,168.46,223.19,43.16,36.06,1.0,-1,-1,-1
403,11,414,128.92,18.84,16.55,1.0,-1,-1,-1
403,15,543.6,264.89,19.43,39.59,1.0,-1,-1,-1
403,16,492.45,265.63,19.42,39.36,1.0,-1,-1,-1
403,19,146.4,120.48,18.73,12.77,1.0,-1,-1,-1
403,20,519.1,270.3,21.49,47.58,1.0,-1,-1,-1
403,22,164.72,128.44,15.48,12.75,1.0,-1,-1,-1
403,23,582.76,216.22,17.99,27.06,1.0,-1,-1,-1
403,24,281.53,142.34,24.32,17.13,1.0,-1,-1,-1
403,25,444.77,123.13,16.68,21.4,1.0,-1,-1,-1
403,26,34.98,186.58,39.67,29.75,1.0,-1,-1,-1
403,27,392.1,148.12,22.89,21.1,1.0,-1,-1,-1
403,30,389.71,137.25,17.26,15.24,1.0,-1,-1,-1
403,31,432.47,121.27,14,13.22,1.0,-1,-1,-1
403,38,404.07,174.28,25.82,24.59,1.0,-1,-1,-1
403,39,441.87,164.4,24.9,22.3,1.0,-1,-1,-1
404,1,426.99,241.3,55.32,52.05,1.0,-1,-1,-1
404,2,574.01,239.93,57.26,52.18,1.0,-1,-1,-1
404,3,477.15,215.28,47.08,38.82,1.0,-1,-1,-1
404,4,498.31,156.78,54.05,51.7,1.0,-1,-1,-1
404,5,71.91,143.28,75.61,80.21,1.0,-1,-1,-1
404,6,310.4,113.92,11.79,11.45,1.0,-1,-1,-1
404,7,288.2,151.66,30.37,21.94,1.0,-1,-1,-1
404,8,421.49,141.23,23.46,19.03,1.0,-1,-1,-1
404,9,50.24,226.81,50.25,43.17,1.0,-1,-1,-1
404,10,168.62,221.57,43.08,36.35,1.0,-1,-1,-1
404,11,412.97,129.73,18.93,16.61,1.0,-1,-1,-1
404,15,543.29,265.03,19.53,39.47,1.0,-1,-1,-1
404,16,492.46,265.32,19.38,39.43,1.0,-1,-1,-1
404,19,146.09,120.17,17.09,12.87,1.0,-1,-1,-1
404,20,519.92,269.37,21,47.97,1.0,-1,-1,-1
404,22,165.02,127.62,15.59,12.41,1.0,-1,-1,-1
404,23,583.79,216.92,18.13,27.51,1.0,-1,-1,-1
404,24,282.33,141.74,23.81,17.45,1.0,-1,-1,-1
404,25,444.88,122.32,16.73,21.49,1.0,-1,-1,-1
404,26,36.77,185.14,39.19,29.58,1.0,-1,-1,-1
404,27,392.14,148.26,22.77,21.17,1.0,-1,-1,-1
404,30,389.74,136.82,17.84,15.05,1.0,-1,-1,-1
404,31,432.85,120.41,13.77,13.4,1.0,-1,-1,-1
404,38,403.79,173.89,26.47,24.69,1.0,-1,-1,-1
404,39,442.86,163.76,24.55,22.31,1.0,-1,-1,-1
405,1,427.07,241.15,55.15,51.95,1.0,-1,-1,-1
405,2,573.84,240.08,57.07,52,1.0,-1,-1,-1
405,3,477.52,215.5,47.18,38.93,1.0,-1,-1,-1
405,4,498.14,157.43,54.85,51.27,1.0,-1,-1,-1
405,5,72.96,142.57,75.5,79.7,1.0,-1,-1,-1
405,6,310.86,113.03,11.54,11.27,1.0,-1,-1,-1
405,7,288.35,150.78,30.7,22.15,1.0,-1,-1,-1
405,8,421.76,141.16,23.52,19.1,1.0,-1,-1,-1
405,9,50.57,226.05,50.55,43.24,1.0,-1,-1,-1
405,10,168.76,220.57,42.3,36.1,1.0,-1,-1,-1
405,11,413.37,130.03,19.01,16.66,1.0,-1,-1,-1
405,15,543.01,264.86,19.63,39.45,1.0,-1,-1,-1
405,16,492.48,264.93,19.42,39.4,1.0,-1,-1,-1
405,19,145.56,120.1,16.71,13.06,1.0,-1,-1,-1
405,20,519.44,269.26,21.36,48.23,1.0,-1,-1,-1
405,22,164.4,127.78,15.91,12.35,1.0,-1,-1,-1
405,23,584.5,216.98,18.31,27.33,1.0,-1,-1,-1
405,24,282.94,142.17,23.89,17.16,1.0,-1,-1,-1
405,25,445.31,122.65,16.69,21.74,1.0,-1,-1,-1
405,26,39.12,185.29,37.19,28.16,1.0,-1,-1,-1
405,27,392.18,148.46,22.95,21.21,1.0,-1,-1,-1
405,30,389.72,136.68,17.68,15.11,1.0,-1,-1,-1
405,31,432.34,120.72,14,13.31,1.0,-1,-1,-1
405,38,403.69,174.85,26.77,24.97,1.0,-1,-1,-1
405,39,442.53,164.72,24.65,22.74,1.0,-1,-1,-1
406,1,427.11,241.1,55.06,51.91,1.0,-1,-1,-1
406,2,574.5,240.1,57.25,52.11,1.0,-1,-1,-1
406,3,478.14,216.17,46.66,38.45,1.0,-1,-1,-1
406,4,497.87,157.25,55.39,51.6,1.0,-1,-1,-1
406,5,73.37,142.49,74.95,79.73,1.0,-1,-1,-1
406,6,310.76,113.58,11.44,11.21,1.0,-1,-1,-1
406,7,288.85,150.59,30.23,21.86,1.0,-1,-1,-1
406,8,421.72,141.18,23.72,19.3,1.0,-1,-1,-1
406,9,51.7,225.29,50.97,43.49,1.0,-1,-1,-1
406,10,168.63,219.5,41.75,36.02,1.0,-1,-1,-1
406,11,412.74,129.37,19.02,16.61,1.0,-1,-1,-1
406,15,543.53,264.57,19.84,39.59,1.0,-1,-1,-1
406,16,492.31,265.76,19.75,39.03,1.0,-1,-1,-1
406,19,144.89,120.1,17.14,13.09,1.0,-1,-1,-1
406,20,519.83,269.58,20.89,48.5,1.0,-1,-1,-1
406,22,164.22,127.43,15.78,12.28,1.0,-1,-1,-1
406,23,585.08,217.06,18.48,27.34,1.0,-1,-1,-1
406,24,282.88,141.39,23.99,17.07,1.0,-1,-1,-1
406,25,444.72,122.3,16.7,21.63,1.0,-1,-1,-1
406,26,40.21,184.87,36.58,27.91,1.0,-1,-1,-1
406,27,391.88,148.4,23.31,21.61,1.0,-1,-1,-1
406,30,389.62,136.95,17.83,15.07,1.0,-1,-1,-1
406,31,433.08,121.13,13.81,13.58,1.0,-1,-1,-1
406,38,403.25,174.81,26.9,25.1,1.0,-1,-1,-1
406,39,442.5,165.1,25.07,21.98,1.0,-1,-1,-1
407,1,427.15,241.18,55.03,51.88,1.0,-1,-1,-1
407,2,574.6,240.45,57.11,52.15,1.0,-1,-1,-1
407,3,478.1,216.6,47.12,38.82,1.0,-1,-1,-1
407,4,498.72,157.74,55.62,51.29,1.0,-1,-1,-1
407,5,74.08,142.48,75.24,79.12,1.0,-1,-1,-1
407,6,310.89,113.21,11.17,11.12,1.0,-1,-1,-1
407,7,290.25,150.69,29.87,21.61,1.0,-1,-1,-1
407,8,422.91,142.93,22.5,18.23,1.0,-1,-1,-1
407,9,52.71,224.68,51.13,43.47,1.0,-1,-1,-1
407,10,168.56,218.62,41.09,35.79,1.0,-1,-1,-1
407,11,414.04,131.6,18.6,16.13,1.0,-1,-1,-1
407,15,543.81,265.31,19.8,39.14,1.0,-1,-1,-1
407,16,492.54,265.54,19.41,38.98,1.0,-1,-1,-1
407,19,145.06,119.84,16.21,12.93,1.0,-1,-1,-1
407,20,519.6,269.52,21.39,48.03,1.0,-1,-1,-1
407,22,163.22,127.11,16.51,12.08,1.0,-1,-1,-1
407,23,585.59,218,18.51,26.71,1.0,-1,-1,-1
407,24,283.36,141.58,23.59,16.96,1.0,-1,-1,-1
407,25,445.15,123.32,16.92,21.75,1.0,-1,-1,-1
407,26,41.98,185.25,34.79,26.53,1.0,-1,-1,-1
407,27,392.25,148.68,23.13,21.48,1.0,-1,-1,-1
407,30,389.92,138.01,17.44,15.03,1.0,-1,-1,-1
407,31,432.51,121.17,14.21,13.62,1.0,-1,-1,-1
407,38,404.16,176.16,26.53,24.91,1.0,-1,-1,-1
407,39,442.86,164.69,25.06,23.35,1.0,-1,-1,-1
408,1,427.03,241.44,55.16,52.02,1.0,-1,-1,-1
408,2,574.69,240.74,57.1,51.78,1.0,-1,-1,-1
408,3,477.97,217.47,46.93,38.55,1.0,-1,-1,-1
408,4,498.07,158.5,56.52,51.79,1.0,-1,-1,-1
408,5,74.45,142.69,74.91,78.77,1.0,-1,-1,-1
408,6,311.32,113.21,11.21,11.17,1.0,-1,-1,-1
408,7,291.56,151.37,28.86,20.66,1.0,-1,-1,-1
408,8,423.19,143.72,22.28,18.01,1.0,-1,-1,-1
408,9,53.49,224.04,50.81,43.02,1.0,-1,-1,-1
408,10,168.6,217.96,40.49,35.5,1.0,-1,-1,-1
408,11,413.66,130.49,18.57,16.03,1.0,-1,-1,-1
408,12,524.7,339.78,115.3,20.22,1.0,-1,-1,-1
408,15,543.77,265.33,19.66,39.59,1.0,-1,-1,-1
408,16,493.25,266.37,19.07,38.86,1.0,-1,-1,-1
408,19,142.25,120.34,17.92,13.1,1.0,-1,-1,-1
408,20,519.61,269.35,21.36,48.28,1.0,-1,-1,-1
408,22,162.4,127.19,16.62,12.12,1.0,-1,-1,-1
408,23,586.28,219.57,18.6,26.07,1.0,-1,-1,-1
408,24,283.31,141.22,23.41,16.73,1.0,-1,-1,-1
408,25,445.31,122.93,16.94,22.1,1.0,-1,-1,-1
408,26,43.5,185.67,33.68,25.7,1.0,-1,-1,-1
408,27,392.67,149.39,23.1,21.43,1.0,-1,-1,-1
408,30,389.42,137.52,17.69,15.73,1.0,-1,-1,-1
408,31,432.94,121.9,13.82,13.52,1.0,-1,-1,-1
408,38,404.58,176.07,26.48,25.41,1.0,-1,-1,-1
408,39,443.06,165.15,25.19,23.7,1.0,-1,-1,-1
409,1,427,241.51,55.23,52.11,1.0,-1,-1,-1
409,2,574.27,240.68,57.3,52.31,1.0,-1,-1,-1
409,3,478.07,218.26,46.82,38.29,1.0,-1,-1,-1
409,4,498.34,158.9,56.35,51.06,1.0,-1,-1,-1
409,5,76.38,141.75,72.29,78.8,1.0,-1,-1,-1
409,6,310.9,112.87,11.7,11.14,1.0,-1,-1,-1
409,7,292.99,152.23,27.52,19.31,1.0,-1,-1,-1
409,8,423.67,144.43,21.86,17.59,1.0,-1,-1,-1
409,9,54.51,223.44,49.97,42.03,1.0,-1,-1,-1
409,10,168.64,217.09,39.97,35.27,1.0,-1,-1,-1
409,11,414.3,130.84,18.9,16.23,1.0,-1,-1,-1
409,12,550.08,338.75,89.92,20.74,1.0,-1,-1,-1
409,15,543.42,265.4,20.05,39.25,1.0,-1,-1,-1
409,16,493,266.28,19.39,39,1.0,-1,-1,-1
409,19,142.15,119.89,17.54,12.68,1.0,-1,-1,-1
409,20,519.82,268.39,20.44,49.32,1.0,-1,-1,-1
409,22,162.13,127.19,16.82,11.26,1.0,-1,-1,-1
409,23,587.39,221.27,19.27,23.78,1.0,-1,-1,-1
409,24,284.17,141.07,23.02,16.66,1.0,-1,-1,-1
409,25,445.18,123.14,17.05,22.12,1.0,-1,-1,-1
409,26,44.09,183.64,35.31,27.27,1.0,-1,-1,-1
409,27,392.54,148.81,22.99,21.4,1.0,-1,-1,-1
409,30,389.78,137.87,17.89,16.38,1.0,-1,-1,-1
409,31,433.19,121.51,13.85,13.49,1.0,-1,-1,-1
409,38,404.64,176.86,27.13,25.51,1.0,-1,-1,-1
409,39,443.42,165.19,25.15,24.03,1.0,-1,-1,-1
410,1,427.06,241.49,55.27,52.16,1.0,-1,-1,-1
410,2,575.2,241.29,57.31,52.01,1.0,-1,-1,-1
410,3,477.93,218.68,47.14,38.41,1.0,-1,-1,-1
410,4,498.24,159.12,55.98,50.87,1.0,-1,-1,-1
410,5,75.82,142.03,72.6,78.05,1.0,-1,-1,-1
410,6,311.58,112.76,11.7,11.04,1.0,-1,-1,-1
410,7,293.92,152.15,27.29,18.94,1.0,-1,-1,-1
410,8,423.85,144.56,21.94,17.6,1.0,-1,-1,-1
410,9,55.1,222.9,50.15,41.99,1.0,-1,-1,-1
410,10,169.05,216.2,39.66,35.22,1.0,-1,-1,-1
410,11,415.3,131.43,19.19,16.38,1.0,-1,-1,-1
410,12,542.19,337.56,95.73,22.04,1.0,-1,-1,-1
410,15,544.17,265.07,20.44,39.53,1.0,-1,-1,-1
410,16,492.53,265.74,19.57,39.1,1.0,-1,-1,-1
410,19,141.58,119.88,16.94,12.81,1.0,-1,-1,-1
410,20,519.7,267.97,20.49,49.37,1.0,-1,-1,-1
410,22,161.24,126.94,16.84,11.12,1.0,-1,-1,-1
410,23,588.21,221.34,19.22,24.06,1.0,-1,-1,-1
410,24,284.65,140.68,22.82,16.9,1.0,-1,-1,-1
410,25,445.22,123.4,17.31,22.22,1.0,-1,-1,-1
410,26,44.63,181.25,36.22,28.33,1.0,-1,-1,-1
410,27,392.6,148.85,23.08,21.26,1.0,-1,-1,-1
410,30,389.27,137.46,17.82,16.3,1.0,-1,-1,-1
410,31,433.42,122.04,14.03,13.67,1.0,-1,-1,-1
410,38,403.83,177.09,27.2,25.55,1.0,-1,-1,-1
410,39,443.62,164.59,25.1,24.32,1.0,-1,-1,-1
411,1,427.1,241.28,55.43,52.35,1.0,-1,-1,-1
411,2,574.96,241.33,56.98,51.84,1.0,-1,-1,-1
411,3,478.42,218.97,47.2,38.41,1.0,-1,-1,-1
411,4,498.44,158.67,56.06,51.35,1.0,-1,-1,-1
411,5,76.12,141.46,72.35,77.25,1.0,-1,-1,-1
411,6,311.47,112.31,11.4,10.75,1.0,-1,-1,-1
411,7,294.26,152.05,26.8,18.39,1.0,-1,-1,-1
411,8,424.03,144.76,21.88,17.47,1.0,-1,-1,-1
411,9,56.23,221.48,49.6,41.34,1.0,-1,-1,-1
411,10,169.26,215.58,38.83,34.66,1.0,-1,-1,-1
411,11,413.73,130.99,19.39,16.47,1.0,-1,-1,-1
411,12,536.48,337.03,97.12,22.58,1.0,-1,-1,-1
411,15,543.43,265.15,20.53,39.28,1.0,-1,-1,-1
411,16,492.94,266.07,19.36,38.89,1.0,-1,-1,-1
411,19,140.9,119.1,16.34,12.57,1.0,-1,-1,-1
411,20,519.59,267.34,20.33,49.13,1.0,-1,-1,-1
411,22,161.49,126.68,16.7,11.25,1.0,-1,-1,-1
411,23,588.55,221.76,19.99,23.65,1.0,-1,-1,-1
411,24,284.31,140.09,22.77,16.83,1.0,-1,-1,-1
411,25,446.07,122.77,17.11,22.79,1.0,-1,-1,-1
411,26,47.54,182.31,33.19,26.21,1.0,-1,-1,-1
411,27,392.73,149.9,23.05,21.04,1.0,-1,-1,-1
411,30,389.67,137.02,17.81,16.31,1.0,-1,-1,-1
411,31,433.36,122.16,14.05,13.6,1.0,-1,-1,-1
411,38,404.2,177.64,27.01,25.76,1.0,-1,-1,-1
411,39,443.62,164.02,25.21,24.72,1.0,-1,-1,-1
412,1,427.18,241.1,55.23,52.18,1.0,-1,-1,-1
412,2,575.02,241.18,57.32,51.46,1.0,-1,-1,-1
412,3,478.81,219.37,47.08,38.22,1.0,-1,-1,-1
412,4,499.57,159.35,56.33,51,1.0,-1,-1,-1
412,5,77.42,141.05,71.55,76.95,1.0,-1,-1,-1
412,6,311.85,112.06,11.68,10.73,1.0,-1,-1,-1
412,7,295.39,152.02,25.98,17.59,1.0,-1,-1,-1
412,8,424.19,144.7,22.21,17.64,1.0,-1,-1,-1
412,9,57.23,220.37,49.36,40.92,1.0,-1,-1,-1
412,10,169.46,214.99,37.74,33.86,1.0,-1,-1,-1
412,11,413.63,130.05,19.65,16.61,1.0,-1,-1,-1
412,15,543.83,265.18,20.12,39.31,1.0,-1,-1,-1
412,16,492.46,265.2,19.52,38.84,1.0,-1,-1,-1
412,19,140.43,119.18,16.4,12.6,1.0,-1,-1,-1
412,20,519.17,267.52,20.59,49.03,1.0,-1,-1,-1
412,22,161.24,126.39,16.96,11.2,1.0,-1,-1,-1
412,23,589.75,221.85,20.22,23.36,1.0,-1,-1,-1
412,24,285.47,140.06,22.56,16.79,1.0,-1,-1,-1
412,25,446.26,122.88,16.92,22.31,1.0,-1,-1,-1
412,26,48.43,180.34,33.49,26.72,1.0,-1,-1,-1
412,27,393.08,149.8,23.36,21.44,1.0,-1,-1,-1
412,30,389.27,137.76,17.87,16.12,1.0,-1,-1,-1
412,31,433.62,122.45,14.07,13.38,1.0,-1,-1,-1
412,38,405.02,177.66,26.77,25.29,1.0,-1,-1,-1
412,39,443.41,165.01,25.65,24.22,1.0,-1,-1,-1
413,1,427.29,241.36,55,51.89,1.0,-1,-1,-1
413,2,575.48,241.69,57.39,51.67,1.0,-1,-1,-1
413,3,478.75,219.91,47.06,38,1.0,-1,-1,-1
413,4,499.11,159.13,56.93,51.43,1.0,-1,-1,-1
413,5,78.19,141.19,71.19,77.19,1.0,-1,-1,-1
413,6,311.71,112.84,11.66,10.7,1.0,-1,-1,-1
413,7,296.75,152.32,25.05,16.8,1.0,-1,-1,-1
413,8,424.24,145.15,22.4,17.7,1.0,-1,-1,-1
413,9,58.25,219.33,49.73,41.01,1.0,-1,-1,-1
413,10,169.46,214.07,37.73,34.05,1.0,-1,-1,-1
413,11,414.57,130.36,19.44,16.29,1.0,-1,-1,-1
413,12,502.7,335.08,106.88,24.77,1.0,-1,-1,-1
413,15,543.55,264.66,20.3,39.49,1.0,-1,-1,-1
413,16,493.1,265.46,19.25,38.69,1.0,-1,-1,-1
413,19,139.96,119.42,16.94,12.43,1.0,-1,-1,-1
413,20,519.97,267.84,20.28,48.91,1.0,-1,-1,-1
413,22,160.61,126.51,16.8,11.14,1.0,-1,-1,-1
413,23,590.76,222.51,20.65,23.19,1.0,-1,-1,-1
413,24,285.31,140.6,22.54,16.69,1.0,-1,-1,-1
413,25,445.99,123.46,17.16,22.58,1.0,-1,-1,-1
413,26,51.31,180.62,30.77,24.67,1.0,-1,-1,-1
413,27,393.21,149.88,23.23,21.53,1.0,-1,-1,-1
413,30,389.55,138.23,17.98,16.46,1.0,-1,-1,-1
413,31,433.55,122.28,14.02,13.57,1.0,-1,-1,-1
413,38,404.93,178.36,27.62,25.87,1.0,-1,-1,-1
413,39,443.99,164.57,25.82,25.05,1.0,-1,-1,-1
414,1,426.95,241.73,55.24,52.15,1.0,-1,-1,-1
414,2,575.73,241.59,57.37,51.9,1.0,-1,-1,-1
414,3,478.52,219.74,48.71,39.25,1.0,-1,-1,-1
414,4,499.31,160.01,57.79,51.79,1.0,-1,-1,-1
414,5,79.56,141.35,70.99,76.28,1.0,-1,-1,-1
414,6,312.07,112.74,11.53,10.56,1.0,-1,-1,-1
414,7,298.46,152.4,24.19,16.14,1.0,-1,-1,-1
414,8,424.57,145.71,22.71,17.84,1.0,-1,-1,-1
414,9,60.04,217.92,49.98,41.06,1.0,-1,-1,-1
414,10,171.88,212.68,38.89,34.57,1.0,-1,-1,-1
414,11,414.53,132.27,19,15.72,1.0,-1,-1,-1
414,15,543.7,265.48,20.26,39.29,1.0,-1,-1,-1
414,16,493.05,266.93,19.55,38.38,1.0,-1,-1,-1
414,19,139.5,119.18,16.03,12.32,1.0,-1,-1,-1
414,20,519.14,268.05,20.81,48.87,1.0,-1,-1,-1
414,22,159.48,126.12,16.71,11.34,1.0,-1,-1,-1
414,23,591.27,223.74,20.96,22.82,1.0,-1,-1,-1
414,24,286.34,140.13,21.61,16.37,1.0,-1,-1,-1
414,25,446.65,124.39,17.33,22.64,1.0,-1,-1,-1
414,26,51.31,180.62,30.77,24.67,1.0,-1,-1,-1
414,27,393.73,151.15,22.96,21.25,1.0,-1,-1,-1
414,30,389.41,138.95,18,16.94,1.0,-1,-1,-1
414,31,434.51,122.43,13.81,13.83,1.0,-1,-1,-1
414,38,406.56,180.2,24.12,23.03,1.0,-1,-1,-1
414,39,444.73,165.9,25.91,24.96,1.0,-1,-1,-1
415,1,426.66,241.52,55.51,52.45,1.0,-1,-1,-1
415,2,576.05,241.73,57.39,51.79,1.0,-1,-1,-1
415,3,479.7,220.44,48.7,39.22,1.0,-1,-1,-1
415,4,500.1,160.68,57.9,51.89,1.0,-1,-1,-1
415,5,79.9,141.39,71.37,76.08,1.0,-1,-1,-1
415,6,312.7,111.94,11.26,10.77,1.0,-1,-1,-1
415,7,299.31,151.83,24.12,16,1.0,-1,-1,-1
415,8,424.62,145.14,23.3,18.22,1.0,-1,-1,-1
415,9,61.27,217.21,50.04,40.94,1.0,-1,-1,-1
415,10,170.55,211.47,38.8,34.63,1.0,-1,-1,-1
415,11,415.95,131.52,19.1,15.67,1.0,-1,-1,-1
415,12,471.5,334.27,114.8,25.58,1.0,-1,-1,-1
415,15,543.36,265.4,20.36,39.29,1.0,-1,-1,-1
415,16,493.24,266.08,19.42,38.69,1.0,-1,-1,-1
415,19,138.14,119.5,16.06,12.53,1.0,-1,-1,-1
415,20,518.93,268.96,20.6,48.71,1.0,-1,-1,-1
415,22,159,126.24,16.91,11.03,1.0,-1,-1,-1
415,23,592.81,223.79,21.31,23.04,1.0,-1,-1,-1
415,24,286.89,139.54,20.79,16.37,1.0,-1,-1,-1
415,25,446.44,124.27,17.82,22.76,1.0,-1,-1,-1
415,26,56.71,179.83,28.78,23.79,1.0,-1,-1,-1
415,27,393.5,150.64,23.18,21.58,1.0,-1,-1,-1
415,30,389.87,138.62,18.07,16.52,1.0,-1,-1,-1
415,31,434.34,122.5,13.93,14.11,1.0,-1,-1,-1
415,38,405.1,179.27,26.9,24.43,1.0,-1,-1,-1
415,39,444.75,165.55,26.41,25.89,1.0,-1,-1,-1
416,1,426.89,241.46,55.23,52.11,1.0,-1,-1,-1
416,2,575.82,242.09,56.96,51.42,1.0,-1,-1,-1
416,3,480.28,220.74,48.64,39.17,1.0,-1,-1,-1
416,4,500.17,160.46,58.1,52.19,1.0,-1,-1,-1
416,5,79.72,141.53,71.55,74.9,1.0,-1,-1,-1
416,6,313.27,111.85,11.19,10.56,1.0,-1,-1,-1
416,7,299.52,150.94,24.58,16.29,1.0,-1,-1,-1
416,8,424.65,144.98,23.47,18.27,1.0,-1,-1,-1
416,9,62.24,216.56,49.83,40.6,1.0,-1,-1,-1
416,10,169.99,210.51,38.11,34.31,1.0,-1,-1,-1
416,11,415.69,131.59,19.01,15.44,1.0,-1,-1,-1
416,12,467.4,333.69,111.79,25.94,1.0,-1,-1,-1
416,15,543.08,265.21,20.26,39.37,1.0,-1,-1,-1
416,16,493.22,266.32,19.54,38.3,1.0,-1,-1,-1
416,19,137.31,118.6,16.26,12.67,1.0,-1,-1,-1
416,20,519.21,267.93,20.31,48.85,1.0,-1,-1,-1
416,22,158.36,126.08,17.34,11.13,1.0,-1,-1,-1
416,23,593.36,224.72,21.52,22.84,1.0,-1,-1,-1
416,24,287.46,138.6,21.16,16.68,1.0,-1,-1,-1
416,25,446.39,124.11,17.71,22.8,1.0,-1,-1,-1
416,26,57.39,179.73,27.86,23.43,1.0,-1,-1,-1
416,27,393.02,150.77,23.05,21.63,1.0,-1,-1,-1
416,30,390.15,138.92,18.36,16.38,1.0,-1,-1,-1
416,31,434.61,122.1,13.98,13.9,1.0,-1,-1,-1
416,38,406.2,179.4,25.1,26.9,1.0,-1,-1,-1
416,39,444.43,165.88,26.55,26.18,1.0,-1,-1,-1
417,1,426.97,241.25,55.14,52.02,1.0,-1,-1,-1
417,2,576.06,242.22,57.18,51.12,1.0,-1,-1,-1
417,3,480.65,220.82,48.59,39.08,1.0,-1,-1,-1
417,4,500.95,159.64,58.71,52.66,1.0,-1,-1,-1
417,5,81.65,140.95,71.04,74.38,1.0,-1,-1,-1
417,6,313.56,110.75,11.15,10.58,1.0,-1,-1,-1
417,7,299.43,149.8,25.22,16.7,1.0,-1,-1,-1
417,8,424.61,144.75,23.83,18.51,1.0,-1,-1,-1
417,9,63.63,215.96,48.96,39.73,1.0,-1,-1,-1
417,10,170.18,209.49,37.44,33.96,1.0,-1,-1,-1
417,11,418.4,132,19.72,15.92,1.0,-1,-1,-1
417,12,454.91,330.86,123.3,28.91,1.0,-1,-1,-1
417,15,543.73,264.79,20.16,39.51,1.0,-1,-1,-1
417,16,493.29,266,19.52,38.58,1.0,-1,-1,-1
417,19,137.7,118.58,15.44,12.6,1.0,-1,-1,-1
417,20,519.19,267.56,20.39,49.11,1.0,-1,-1,-1
417,22,158.47,125.1,17.08,11.37,1.0,-1,-1,-1
417,23,594.43,224.75,20.86,22.59,1.0,-1,-1,-1
417,24,287.33,138.59,20.76,16.8,1.0,-1,-1,-1
417,25,447.09,122.93,17.85,23.27,1.0,-1,-1,-1
417,26,58.2,179.3,27.41,23.27,1.0,-1,-1,-1
417,27,393.44,150.81,23.18,21.78,1.0,-1,-1,-1
417,30,389.45,137.83,18.61,16.9,1.0,-1,-1,-1
417,31,434.79,121.78,13.79,14.21,1.0,-1,-1,-1
417,38,405.25,179.85,28.45,25.25,1.0,-1,-1,-1
417,39,445.17,167.19,26.76,24.8,1.0,-1,-1,-1
418,1,427.07,241.14,55.03,51.91,1.0,-1,-1,-1
418,2,575.75,242.23,57.16,51.13,1.0,-1,-1,-1
418,3,481.51,221.24,48.23,38.71,1.0,-1,-1,-1
418,4,501.38,160.28,58.82,52.81,1.0,-1,-1,-1
418,5,81.3,140.68,71.5,74.09,1.0,-1,-1,-1
418,6,312.83,110.46,11.18,10.73,1.0,-1,-1,-1
418,7,299.76,149.18,25.27,16.71,1.0,-1,-1,-1
418,8,424.57,144.81,23.88,18.48,1.0,-1,-1,-1
418,9,65.16,215.57,47.99,38.73,1.0,-1,-1,-1
418,10,170.73,208.57,36.97,33.8,1.0,-1,-1,-1
418,11,415.25,132.47,19.55,15.64,1.0,-1,-1,-1
418,12,444.61,328.63,131.08,31.19,1.0,-1,-1,-1
418,15,543.31,264.39,20.03,39.3,1.0,-1,-1,-1
418,16,492.56,265.62,19.74,38.59,1.0,-1,-1,-1
418,19,138.39,117.83,14.31,12.5,1.0,-1,-1,-1
418,20,519.8,267.89,20.29,48.7,1.0,-1,-1,-1
418,22,158.32,125.06,16.68,11.25,1.0,-1,-1,-1
418,23,595.69,224.82,20.25,22.67,1.0,-1,-1,-1
418,24,287.83,138.47,20.81,16.67,1.0,-1,-1,-1
418,25,446.77,123.78,17.67,22.73,1.0,-1,-1,-1
418,26,56.94,175.08,31.04,27.15,1.0,-1,-1,-1
418,27,393.09,151.01,23.26,21.93,1.0,-1,-1,-1
418,30,390.18,138.24,18.2,16.63,1.0,-1,-1,-1
418,31,434.74,122.71,13.91,14.25,1.0,-1,-1,-1
418,38,404.46,178.1,28.64,26.9,1.0,-1,-1,-1
418,39,445.11,167,26.78,25.1,1.0,-1,-1,-1
419,1,427.02,241.34,54.9,51.74,1.0,-1,-1,-1
419,2,576.19,242.4,57.28,51.12,1.0,-1,-1,-1
419,3,481.54,221.62,48.75,39.08,1.0,-1,-1,-1
419,4,501.59,160.56,58.98,53.33,1.0,-1,-1,-1
419,5,81.07,140.51,71.08,74.5,1.0,-1,-1,-1
419,6,313.11,111.47,11.15,10.46,1.0,-1,-1,-1
419,7,300.05,148.48,25.68,17.03,1.0,-1,-1,-1
419,8,424.43,145.03,24.24,18.66,1.0,-1,-1,-1
419,9,66.3,215.54,47.37,38.01,1.0,-1,-1,-1
419,10,171.27,208.38,36.03,33.07,1.0,-1,-1,-1
419,11,416.4,132.59,19.76,15.74,1.0,-1,-1,-1
419,12,436.85,327.51,133.93,32.34,1.0,-1,-1,-1
419,15,543.89,265.1,19.99,39.5,1.0,-1,-1,-1
419,16,493.38,266.13,19.22,38.52,1.0,-1,-1,-1
419,19,137.58,117.78,14,12.51,1.0,-1,-1,-1
419,20,519.78,267.52,20.42,49.01,1.0,-1,-1,-1
419,22,157.86,125.52,16.73,11.23,1.0,-1,-1,-1
419,23,596.65,225.43,20.32,22.79,1.0,-1,-1,-1
419,24,288.11,137.81,20.88,16.62,1.0,-1,-1,-1
419,25,446.53,124.61,17.79,22.95,1.0,-1,-1,-1
419,26,57.68,173.62,31.24,28.22,1.0,-1,-1,-1
419,27,393.21,151.09,23.3,22.07,1.0,-1,-1,-1
419,30,389.77,139.02,18.34,16.9,1.0,-1,-1,-1
419,31,434.35,122.79,13.99,14.09,1.0,-1,-1,-1
419,38,403.39,179.7,30.31,28.8,1.0,-1,-1,-1
419,39,444.96,166.72,26.86,26.11,1.0,-1,-1,-1
420,1,427.19,241.45,55.16,52,1.0,-1,-1,-1
420,2,575.81,243.31,57.36,50.86,1.0,-1,-1,-1
420,3,482.57,223,48.44,38.86,1.0,-1,-1,-1
420,4,501.76,161.61,59.19,53.16,1.0,-1,-1,-1
420,5,82.02,140.44,70.57,74.53,1.0,-1,-1,-1
420,6,313.69,111.46,11.41,10.54,1.0,-1,-1,-1
420,7,300.15,147.74,26.37,17.58,1.0,-1,-1,-1
420,8,423.75,145.2,25.09,19.39,1.0,-1,-1,-1
420,9,66.38,214.14,48.23,38.62,1.0,-1,-1,-1
420,10,171.09,207.76,35.94,33.22,1.0,-1,-1,-1
420,11,414.72,133.72,20.28,16.12,1.0,-1,-1,-1
420,12,430.19,326.65,135.26,33.23,1.0,-1,-1,-1
420,15,543.37,265.11,20.1,39.22,1.0,-1,-1,-1
420,16,493.25,266.52,19.61,38.18,1.0,-1,-1,-1
420,19,137.23,117.82,13.39,12.7,1.0,-1,-1,-1
420,20,519.48,268.47,20.52,48.72,1.0,-1,-1,-1
420,22,157,125.13,17.07,11.22,1.0,-1,-1,-1
420,23,597.87,226.39,19.59,22.22,1.0,-1,-1,-1
420,24,288.48,138.25,20.37,16.73,1.0,-1,-1,-1
420,25,447.38,124.26,17.48,23.22,1.0,-1,-1,-1
420,27,393.56,151.98,23.21,22.17,1.0,-1,-1,-1
420,30,389.91,139.78,18.49,17.2,1.0,-1,-1,-1
420,31,435.41,123.46,14.27,14.01,1.0,-1,-1,-1
420,38,404.95,179.41,28.55,28.69,1.0,-1,-1,-1
420,39,444.68,165.36,27.61,28.44,1.0,-1,-1,-1
421,1,427.18,241.51,55.47,52.32,1.0,-1,-1,-1
421,2,576.58,243.1,57.56,51.18,1.0,-1,-1,-1
421,3,483.35,223.94,48.55,38.99,1.0,-1,-1,-1
421,4,502.14,161.72,59.87,53.29,1.0,-1,-1,-1
421,5,83.09,140.16,70.99,73.72,1.0,-1,-1,-1
421,6,313.4,111.49,11.31,10.31,1.0,-1,-1,-1
421,7,301.65,148.08,25.22,16.81,1.0,-1,-1,-1
421,8,423.82,145.44,25.25,19.57,1.0,-1,-1,-1
421,9,67.27,213.12,48.64,38.91,1.0,-1,-1,-1
421,10,171.5,207.35,35.43,32.9,1.0,-1,-1,-1
421,11,415.84,133.16,20.56,16.31,1.0,-1,-1,-1
421,12,434.6,325.5,171.8,34.4,1.0,-1,-1,-1
421,15,544.05,265.15,20.13,39.25,1.0,-1,-1,-1
421,16,492.43,266.96,20.12,38.1,1.0,-1,-1,-1
421,19,136.76,118.44,12.9,12.6,1.0,-1,-1,-1
421,20,519.9,268.83,20.15,49,1.0,-1,-1,-1
421,22,156.34,125.14,17.2,11.03,1.0,-1,-1,-1
421,23,599.2,227.22,19.83,22.1,1.0,-1,-1,-1
421,24,288.91,137.56,20.27,16.53,1.0,-1,-1,-1
421,25,447.18,125.23,17.59,23.19,1.0,-1,-1,-1
421,27,393.84,152.13,23.46,22.33,1.0,-1,-1,-1
421,30,389.61,139.16,18.49,17.29,1.0,-1,-1,-1
421,31,434.9,124.24,14,13.78,1.0,-1,-1,-1
421,38,405.29,181.01,28.51,27.09,1.0,-1,-1,-1
421,39,445.88,166.32,27.56,27.43,1.0,-1,-1,-1
422,1,427.34,241.7,55.24,52.03,1.0,-1,-1,-1
422,2,575.84,244.05,57.92,50.58,1.0,-1,-1,-1
422,3,483.68,224.39,48.74,39.2,1.0,-1,-1,-1
422,4,502.46,161.82,59.45,53.68,1.0,-1,-1,-1
422,5,83.42,139.44,70.49,73.36,1.0,-1,-1,-1
422,6,313.29,110.99,11.33,10.27,1.0,-1,-1,-1
422,7,301.55,146.56,25.99,17.45,1.0,-1,-1,-1
422,8,423.86,145.53,25.25,19.63,1.0,-1,-1,-1
422,9,68.36,212.48,48.47,38.7,1.0,-1,-1,-1
422,10,171.91,206.5,35.08,32.7,1.0,-1,-1,-1
422,11,415.84,133.22,20.67,16.35,1.0,-1,-1,-1
422,12,419.4,325.82,181.2,34.09,1.0,-1,-1,-1
422,15,543.62,265.02,20.27,39.32,1.0,-1,-1,-1
422,16,493.46,266.75,19.47,38.27,1.0,-1,-1,-1
422,19,135.76,117.84,12.85,12.98,1.0,-1,-1,-1
422,20,520.08,268.17,20.27,49.06,1.0,-1,-1,-1
422,22,156.36,124.69,17.04,11.13,1.0,-1,-1,-1
422,23,599.25,227.35,20.26,21.58,1.0,-1,-1,-1
422,24,288.75,137.59,20.33,16.78,1.0,-1,-1,-1
422,25,448.22,125.07,17.56,23.41,1.0,-1,-1,-1
422,27,393.88,151.87,23.34,22.33,1.0,-1,-1,-1
422,30,390.36,139.67,18.46,17.16,1.0,-1,-1,-1
422,31,435.8,123.48,14.02,13.74,1.0,-1,-1,-1
422,38,403.85,182.33,29.05,25.47,1.0,-1,-1,-1
422,39,446.63,167.37,26.28,26.2,1.0,-1,-1,-1
423,1,427.48,241.41,55.17,51.9,1.0,-1,-1,-1
423,2,575.95,243.86,57.42,50.87,1.0,-1,-1,-1
423,3,483.98,224.58,48.7,39.2,1.0,-1,-1,-1
423,4,503.16,161.03,58.95,54.19,1.0,-1,-1,-1
423,5,83.9,139.16,70.31,72.99,1.0,-1,-1,-1
423,6,314.25,110.08,11.34,10.5,1.0,-1,-1,-1
423,7,302.57,146.28,25.16,16.95,1.0,-1,-1,-1
423,8,423.88,145.61,25.3,19.69,1.0,-1,-1,-1
423,9,69.85,212.41,47.66,37.82,1.0,-1,-1,-1
423,10,172.66,205.3,34.87,32.47,1.0,-1,-1,-1
423,11,415.94,134.2,20.56,16.2,1.0,-1,-1,-1
423,12,410.77,323.37,184.93,36.33,1.0,-1,-1,-1
423,15,543.22,264.74,20.23,39.33,1.0,-1,-1,-1
423,16,492.55,267.07,20.15,37.84,1.0,-1,-1,-1
423,19,135.12,117.2,12.46,12.8,1.0,-1,-1,-1
423,20,519.45,268.34,20.65,48.9,1.0,-1,-1,-1
423,22,156.3,124.94,16.57,10.93,1.0,-1,-1,-1
423,23,600.09,227.29,20.29,21.79,1.0,-1,-1,-1
423,24,289.2,136.74,20.27,16.49,1.0,-1,-1,-1
423,25,448.2,124.82,17.89,23.57,1.0,-1,-1,-1
423,27,393.86,151.66,23.38,22.27,1.0,-1,-1,-1
423,30,390.13,139.07,18.44,17.29,1.0,-1,-1,-1
423,31,435.87,123.49,13.98,13.97,1.0,-1,-1,-1
423,38,405.7,178.72,27.2,30.88,1.0,-1,-1,-1
423,39,446.26,168.94,26.37,25.78,1.0,-1,-1,-1
424,1,427.51,241.38,55.07,51.77,1.0,-1,-1,-1
424,2,575.77,243.4,57.62,51.12,1.0,-1,-1,-1
424,3,484.55,224.92,48.56,39.12,1.0,-1,-1,-1
424,4,503.51,161.44,58.48,54.1,1.0,-1,-1,-1
424,5,84.71,138.51,69.63,73.03,1.0,-1,-1,-1
424,6,314.73,109.91,11.13,10.31,1.0,-1,-1,-1
424,7,303.5,146.14,24.36,16.4,1.0,-1,-1,-1
424,8,424.11,145.67,25.23,19.7,1.0,-1,-1,-1
424,9,71.2,211.49,47.41,37.4,1.0,-1,-1,-1
424,10,173.87,204.43,34.48,32.07,1.0,-1,-1,-1
424,11,415.98,132.96,20.85,16.39,1.0,-1,-1,-1
424,12,404.1,321.92,182.5,37.92,1.0,-1,-1,-1
424,15,543.86,265.27,20.25,39.25,1.0,-1,-1,-1
424,16,493.09,266.8,19.42,38.17,1.0,-1,-1,-1
424,19,135.89,116.59,11.32,12.76,1.0,-1,-1,-1
424,20,519.7,267.75,20.13,48.95,1.0,-1,-1,-1
424,22,155.02,124.71,17.27,10.92,1.0,-1,-1,-1
424,23,601.08,228.12,20.92,21.93,1.0,-1,-1,-1
424,24,289.51,136.77,20.22,16.48,1.0,-1,-1,-1
424,25,448.22,124.4,17.67,23.27,1.0,-1,-1,-1
424,27,394.02,152.58,23.45,21.96,1.0,-1,-1,-1
424,30,389.87,139.6,18.66,17.17,1.0,-1,-1,-1
424,31,436.11,123.61,14.08,13.98,1.0,-1,-1,-1
424,39,447.23,167.64,26.38,26.27,1.0,-1,-1,-1
424,40,405.07,181.14,30.13,27.84,1.0,-1,-1,-1
425,1,427.71,241.6,54.85,51.48,1.0,-1,-1,-1
425,2,576.15,243.58,57.66,51.13,1.0,-1,-1,-1
425,3,484.8,225.11,48.75,39.27,1.0,-1,-1,-1
425,4,504.07,161.85,58.74,54.03,1.0,-1,-1,-1
425,5,85.34,138.2,69.54,72.87,1.0,-1,-1,-1
425,6,314.64,110.12,11.16,10.31,1.0,-1,-1,-1
425,7,304.05,146.15,23.81,16.01,1.0,-1,-1,-1
425,8,424.2,145.74,25.44,19.93,1.0,-1,-1,-1
425,9,72.03,210.85,47.25,37.06,1.0,-1,-1,-1
425,10,174.22,203.61,34.05,31.73,1.0,-1,-1,-1
425,11,415.95,132.23,21.62,17.04,1.0,-1,-1,-1
425,12,415.4,320.09,167.4,39.4,1.0,-1,-1,-1
425,15,543.44,264.75,20.18,39.36,1.0,-1,-1,-1
425,16,492.75,266.11,19.55,38.25,1.0,-1,-1,-1
425,19,134.81,117.23,10.89,12.52,1.0,-1,-1,-1
425,20,519.94,267.82,20.19,48.71,1.0,-1,-1,-1
425,22,154.57,124.31,17.08,11.15,1.0,-1,-1,-1
425,23,601.83,227.99,20.74,22.93,1.0,-1,-1,-1
425,24,289.79,135.86,20.34,16.45,1.0,-1,-1,-1
425,25,447.76,124.62,17.45,23.27,1.0,-1,-1,-1
425,27,393.8,152.06,23.45,22.3,1.0,-1,-1,-1
425,30,389.82,139.04,18.53,17.44,1.0,-1,-1,-1
425,31,436.02,123.21,13.9,14.09,1.0,-1,-1,-1
425,39,446.4,167.84,27.18,27.49,1.0,-1,-1,-1
425,40,405.06,182.36,29.81,26.74,1.0,-1,-1,-1
426,1,427.5,241.57,55.33,51.9,1.0,-1,-1,-1
426,2,576.56,243.27,57.98,51.15,1.0,-1,-1,-1
426,3,485.16,225.83,48.77,39.29,1.0,-1,-1,-1
426,4,503.87,162.37,59.17,54.76,1.0,-1,-1,-1
426,5,86.19,137.98,69.61,73.14,1.0,-1,-1,-1
426,6,314.71,110.52,11.25,10.2,1.0,-1,-1,-1
426,7,304.91,146.39,22.97,15.39,1.0,-1,-1,-1
426,8,424.6,146.68,25.29,19.79,1.0,-1,-1,-1
426,9,72.9,210.14,47.5,37.09,1.0,-1,-1,-1
426,10,174.91,202.91,33.8,31.43,1.0,-1,-1,-1
426,11,415.46,132.45,21.96,17.34,1.0,-1,-1,-1
426,12,409.21,318.65,166.09,41.07,1.0,-1,-1,-1
426,15,543.02,265.37,20.25,39.51,1.0,-1,-1,-1
426,16,492.96,266.42,19.48,37.97,1.0,-1,-1,-1
426,19,134.34,118.13,11.45,12.12,1.0,-1,-1,-1
426,20,519.36,267.94,20.47,48.75,1.0,-1,-1,-1
426,22,154.69,124.03,17.07,11.12,1.0,-1,-1,-1
426,23,602.57,229.28,20.56,22.15,1.0,-1,-1,-1
426,24,290.48,135.77,20.04,16.66,1.0,-1,-1,-1
426,25,448.31,125.23,17.65,23.36,1.0,-1,-1,-1
426,27,394.11,152.72,23.66,22.36,1.0,-1,-1,-1
426,30,389.9,140.22,18.52,17.43,1.0,-1,-1,-1
426,31,436.75,123.67,13.92,14.44,1.0,-1,-1,-1
426,39,447.46,167.15,27.17,28.41,1.0,-1,-1,-1
426,40,406.01,183.73,29.66,27.01,1.0,-1,-1,-1
427,1,427.45,241.47,55.7,52.33,1.0,-1,-1,-1
427,2,575.7,243.71,58.16,51.06,1.0,-1,-1,-1
427,3,485.33,226.41,48.96,39.48,1.0,-1,-1,-1
427,4,504.45,162.7,59.4,54.62,1.0,-1,-1,-1
427,5,87.26,138.53,69.37,72.87,1.0,-1,-1,-1
427,6,315.09,109.88,11.44,10.22,1.0,-1,-1,-1
427,7,305.57,146.08,23.11,15.41,1.0,-1,-1,-1
427,8,424.94,147.18,25.32,19.89,1.0,-1,-1,-1
427,9,73.6,209.14,48.32,37.56,1.0,-1,-1,-1
427,10,174.86,201.91,34.58,32.4,1.0,-1,-1,-1
427,11,416.18,133.25,21.94,17.34,1.0,-1,-1,-1
427,12,402.7,317.34,169.7,42.52,1.0,-1,-1,-1
427,15,543.53,265.14,19.91,39.21,1.0,-1,-1,-1
427,16,492.68,267.34,19.9,37.97,1.0,-1,-1,-1
427,19,133.73,117.5,10.84,12.06,1.0,-1,-1,-1
427,20,519.84,268.39,20.28,48.58,1.0,-1,-1,-1
427,22,154.35,123.85,17.38,11.02,1.0,-1,-1,-1
427,23,604.29,229.73,21.16,24.84,1.0,-1,-1,-1
427,24,290.62,135.79,19.84,16.6,1.0,-1,-1,-1
427,25,448.33,126.23,17.62,23.51,1.0,-1,-1,-1
427,27,394.28,153.33,23.79,22.4,1.0,-1,-1,-1
427,30,390,140.85,18.84,17,1.0,-1,-1,-1
427,31,436.27,124.34,14.03,14.1,1.0,-1,-1,-1
427,39,446.68,165.53,27.03,30.42,1.0,-1,-1,-1
427,40,406.12,183.62,29.9,27.44,1.0,-1,-1,-1
428,1,427.35,241.45,55.79,52.5,1.0,-1,-1,-1
428,2,576.03,243.92,58.05,51.23,1.0,-1,-1,-1
428,3,485.41,226.8,49.03,39.55,1.0,-1,-1,-1
428,4,504.72,162.12,59.74,55.5,1.0,-1,-1,-1
428,5,87.2,138.54,69.66,71.59,1.0,-1,-1,-1
428,6,315.22,110.72,11.31,10,1.0,-1,-1,-1
428,7,306.03,146.17,22.78,15.2,1.0,-1,-1,-1
428,8,424.84,147.48,25.27,19.89,1.0,-1,-1,-1
428,9,74.34,208.51,48.39,37.48,1.0,-1,-1,-1
428,10,175.56,201.62,33.82,31.63,1.0,-1,-1,-1
428,11,416.74,135.07,22.62,17.95,1.0,-1,-1,-1
428,12,395.04,316.91,175.96,43.09,1.0,-1,-1,-1
428,15,543.85,265.68,19.95,39.35,1.0,-1,-1,-1
428,16,493.34,267.15,19.28,37.54,1.0,-1,-1,-1
428,20,519.86,268.4,20.27,48.51,1.0,-1,-1,-1
428,22,153.53,124.4,17.34,11.02,1.0,-1,-1,-1
428,23,605.05,229.98,22.26,25.39,1.0,-1,-1,-1
428,24,290.26,136.06,20,16.75,1.0,-1,-1,-1
428,25,449.09,125.68,17.38,23.76,1.0,-1,-1,-1
428,27,394.6,153,23.6,22.96,1.0,-1,-1,-1
428,30,390.42,140.34,18.7,17.11,1.0,-1,-1,-1
428,31,436.83,124.9,14.15,14,1.0,-1,-1,-1
428,39,447.26,165.48,27.3,30.68,1.0,-1,-1,-1
428,40,406,184.61,29.96,27.72,1.0,-1,-1,-1
429,1,427.16,241.45,55.9,52.62,1.0,-1,-1,-1
429,2,576.4,243.3,58.13,51.3,1.0,-1,-1,-1
429,3,485.53,227,49.3,39.77,1.0,-1,-1,-1
429,4,504.63,162.45,59.92,55.16,1.0,-1,-1,-1
429,5,87.73,138.17,69.64,72.08,1.0,-1,-1,-1
429,6,314.91,109.5,11.17,10.17,1.0,-1,-1,-1
429,7,306.03,146.17,22.78,15.2,1.0,-1,-1,-1
429,8,425.13,147.54,25.26,19.98,1.0,-1,-1,-1
429,9,75.13,207.83,48.32,37.34,1.0,-1,-1,-1
429,10,176.21,200.93,33.64,31.35,1.0,-1,-1,-1
429,11,416.31,133.31,22.87,18.21,1.0,-1,-1,-1
429,12,387.74,315.54,175.16,44.31,1.0,-1,-1,-1
429,15,543.66,265.83,19.89,39.4,1.0,-1,-1,-1
429,16,493.33,267.46,19.77,37.94,1.0,-1,-1,-1
429,20,519.85,268.37,20.25,48.44,1.0,-1,-1,-1
429,22,153.43,123.6,16.99,11.22,1.0,-1,-1,-1
429,23,605.36,230.3,22.93,27.96,1.0,-1,-1,-1
429,24,290.71,135.5,19.93,16.42,1.0,-1,-1,-1
429,25,448.74,125.57,17.68,23.45,1.0,-1,-1,-1
429,27,394.41,153.92,23.59,22.36,1.0,-1,-1,-1
429,30,390.83,140.92,18.55,17.44,1.0,-1,-1,-1
429,31,436.44,124.29,14.14,14.05,1.0,-1,-1,-1
429,39,448.28,169.83,26.57,26.92,1.0,-1,-1,-1
429,40,406.37,184.35,29.99,27.95,1.0,-1,-1,-1
430,1,427.38,241.5,55.44,52.11,1.0,-1,-1,-1
430,2,576.74,243.25,58.2,51.51,1.0,-1,-1,-1
430,3,485.57,226.97,49.71,40.14,1.0,-1,-1,-1
430,4,505.02,162.67,60.06,55.01,1.0,-1,-1,-1
430,5,88.02,137.37,69.25,71.61,1.0,-1,-1,-1
430,6,315.57,108.84,11.23,10.04,1.0,-1,-1,-1
430,7,306.65,144.76,23.5,15.74,1.0,-1,-1,-1
430,8,425.59,147.84,24.82,19.65,1.0,-1,-1,-1
430,9,75.84,207.02,48.33,37.35,1.0,-1,-1,-1
430,10,176.77,200.09,33.4,30.93,1.0,-1,-1,-1
430,11,417.63,134.35,20.07,16.25,1.0,-1,-1,-1
430,12,384.24,314.06,165.54,45.86,1.0,-1,-1,-1
430,15,543.37,264.68,19.98,39.36,1.0,-1,-1,-1
430,16,492.79,266.94,19.71,37.7,1.0,-1,-1,-1
430,20,519.73,267.99,20.22,48.58,1.0,-1,-1,-1
430,22,152.2,123.49,17.5,11,1.0,-1,-1,-1
430,23,606.5,229.89,23.11,28.69,1.0,-1,-1,-1
430,24,290.92,134.91,19.76,16.01,1.0,-1,-1,-1
430,25,448.66,126.08,17.82,23.7,1.0,-1,-1,-1
430,27,394.17,153.48,23.57,22.51,1.0,-1,-1,-1
430,30,390.25,140.45,18.64,17.41,1.0,-1,-1,-1
430,31,436.19,124.48,14.09,14.31,1.0,-1,-1,-1
430,39,447.37,169.94,27.3,27.56,1.0,-1,-1,-1
430,40,406.09,184.34,30.11,28.09,1.0,-1,-1,-1
431,1,427.45,241.21,55.57,52.21,1.0,-1,-1,-1
431,2,576.62,242.82,58.17,51.27,1.0,-1,-1,-1
431,3,485.74,226.92,49.85,40.29,1.0,-1,-1,-1
431,4,505.44,162.41,60.58,55.46,1.0,-1,-1,-1
431,5,88.79,137.05,68.22,71.27,1.0,-1,-1,-1
431,6,315.37,108.56,11.22,10.56,1.0,-1,-1,-1
431,7,306.77,143.99,23.85,16.1,1.0,-1,-1,-1
431,8,425.71,147.82,24.73,19.65,1.0,-1,-1,-1
431,9,76.69,206.21,48.16,37.26,1.0,-1,-1,-1
431,10,176.74,199.46,33.24,30.72,1.0,-1,-1,-1
431,11,416.9,133.2,19.06,15.32,1.0,-1,-1,-1
431,12,378.21,313.02,168.84,46.93,1.0,-1,-1,-1
431,15,544.1,265.42,20.07,39.27,1.0,-1,-1,-1
431,16,492.6,266.76,19.7,37.5,1.0,-1,-1,-1
431,20,519.22,268.46,20.59,48.42,1.0,-1,-1,-1
431,22,152.09,122.86,16.91,11.12,1.0,-1,-1,-1
431,23,606.41,229.98,22.61,27.7,1.0,-1,-1,-1
431,24,291.63,135.05,20.03,16.17,1.0,-1,-1,-1
431,25,448.79,125.44,17.64,23.98,1.0,-1,-1,-1
431,27,394.32,153.38,23.72,22.88,1.0,-1,-1,-1
431,30,390.1,140.47,18.76,17.37,1.0,-1,-1,-1
431,31,437.06,124.01,14.35,13.96,1.0,-1,-1,-1
431,39,447.6,169.87,27.34,27.54,1.0,-1,-1,-1
431,40,406.31,185.04,30.04,28.2,1.0,-1,-1,-1
432,1,427.4,241.11,55.56,52.17,1.0,-1,-1,-1
432,2,575.84,244,58.14,51.05,1.0,-1,-1,-1
432,3,486.01,227.23,49.73,40.25,1.0,-1,-1,-1
432,4,505.7,162.71,60.51,55.77,1.0,-1,-1,-1
432,5,89.5,136.51,68.47,71.89,1.0,-1,-1,-1
432,6,316.1,109.12,11.09,10.44,1.0,-1,-1,-1
432,7,306.77,143.99,23.85,16.1,1.0,-1,-1,-1
432,8,425.79,147.91,24.95,19.77,1.0,-1,-1,-1
432,9,77.84,205.93,47.4,36.6,1.0,-1,-1,-1
432,10,176.85,198.71,33.3,30.74,1.0,-1,-1,-1
432,11,417.7,132.8,18.12,15.25,1.0,-1,-1,-1
432,12,372.61,312.02,171.7,47.95,1.0,-1,-1,-1
432,15,543.78,265.17,20.09,39.05,1.0,-1,-1,-1
432,16,493.43,266.42,19.48,37.63,1.0,-1,-1,-1
432,20,519.37,268.23,20.47,48.86,1.0,-1,-1,-1
432,22,151.66,122.92,16.95,10.77,1.0,-1,-1,-1
432,23,607.83,230.4,21.75,28.02,1.0,-1,-1,-1
432,24,291.43,135.05,19.95,15.53,1.0,-1,-1,-1
432,25,449.62,125.77,18.01,23.98,1.0,-1,-1,-1
432,27,394.29,154.59,23.86,22.39,1.0,-1,-1,-1
432,30,391.31,140.75,18.64,17.33,1.0,-1,-1,-1
432,31,437.29,124.61,14.18,14.1,1.0,-1,-1,-1
432,39,448.41,170.11,27.06,27.54,1.0,-1,-1,-1
432,40,406.83,185.11,30.01,28.55,1.0,-1,-1,-1
433,1,427.4,241.38,55.32,51.87,1.0,-1,-1,-1
433,2,576.18,243.28,58.61,51.1,1.0,-1,-1,-1
433,3,486.19,227.84,49.88,40.44,1.0,-1,-1,-1
433,4,505.85,162.16,61.38,56.39,1.0,-1,-1,-1
433,5,90.03,137.72,67.89,71.14,1.0,-1,-1,-1
433,6,315.98,108.61,11.05,10.38,1.0,-1,-1,-1
433,7,307.43,143.79,23.1,15.58,1.0,-1,-1,-1
433,8,426.13,148.45,24.45,19.36,1.0,-1,-1,-1
433,9,79.35,205.64,47.24,36.37,1.0,-1,-1,-1
433,10,177.26,198.35,33.45,30.78,1.0,-1,-1,-1
433,11,418.6,134.3,17.02,13.75,1.0,-1,-1,-1
433,12,369.33,312.44,169.9,47.53,1.0,-1,-1,-1
433,15,544.18,265.78,19.54,38.9,1.0,-1,-1,-1
433,16,492.71,266.96,20.03,37.54,1.0,-1,-1,-1
433,20,519.51,268.35,20.59,48.85,1.0,-1,-1,-1
433,22,150.71,122.8,17.36,10.87,1.0,-1,-1,-1
433,23,609.45,231.48,21.51,28.33,1.0,-1,-1,-1
433,24,292.42,134.6,19.99,15.53,1.0,-1,-1,-1
433,25,449.67,126.56,18.16,24.06,1.0,-1,-1,-1
433,27,394.75,154.49,24.02,22.82,1.0,-1,-1,-1
433,30,391.03,140.92,18.8,17.6,1.0,-1,-1,-1
433,31,437.76,124.55,14.03,14.19,1.0,-1,-1,-1
433,39,448.97,170.16,27.93,28.9,1.0,-1,-1,-1
433,40,407.12,185.72,30.08,28.56,1.0,-1,-1,-1
434,1,427.37,241.61,55.3,51.77,1.0,-1,-1,-1
434,2,576.36,244.34,58.12,51.09,1.0,-1,-1,-1
434,3,486.62,228.35,49.88,40.47,1.0,-1,-1,-1
434,4,506.55,162.91,61.15,56.67,1.0,-1,-1,-1
434,5,91.26,137,67.63,71.72,1.0,-1,-1,-1
434,6,315.6,108.56,10.94,10.58,1.0,-1,-1,-1
434,7,308.09,143.59,22.35,15.06,1.0,-1,-1,-1
434,8,426.45,148.86,24.26,19.18,1.0,-1,-1,-1
434,9,80.5,205.56,47.03,36.09,1.0,-1,-1,-1
434,10,177.46,198.08,33.39,30.6,1.0,-1,-1,-1
434,11,418.5,134.9,17.04,13.31,1.0,-1,-1,-1
434,12,360.31,309.97,176.99,50.01,1.0,-1,-1,-1
434,15,543.84,266.22,19.58,38.37,1.0,-1,-1,-1
434,16,492.78,267.31,19.72,37.28,1.0,-1,-1,-1
434,20,519.5,268.38,20.31,48.54,1.0,-1,-1,-1
434,22,150.94,123.35,17.43,10.88,1.0,-1,-1,-1
434,23,610.03,232.26,21.48,27.78,1.0,-1,-1,-1
434,24,291.88,134.66,20.15,15.64,1.0,-1,-1,-1
434,25,449.45,125.98,18.05,24.45,1.0,-1,-1,-1
434,27,394.95,155.85,24.01,22.43,1.0,-1,-1,-1
434,30,391.29,141.01,18.78,17.92,1.0,-1,-1,-1
434,31,437.22,124.8,14.03,14.51,1.0,-1,-1,-1
434,39,449.26,169.82,27.65,28.97,1.0,-1,-1,-1
434,40,406.49,187.31,30.47,28.18,1.0,-1,-1,-1
435,1,427.23,241.85,55.4,51.87,1.0,-1,-1,-1
435,2,576.66,243.67,58.23,51.81,1.0,-1,-1,-1
435,3,486.63,228.6,50.28,40.9,1.0,-1,-1,-1
435,4,506.49,162.79,61.4,57.23,1.0,-1,-1,-1
435,5,91.67,136.85,67.75,70.63,1.0,-1,-1,-1
435,6,315.63,109.07,10.88,10.42,1.0,-1,-1,-1
435,7,308.74,143.39,21.59,14.53,1.0,-1,-1,-1
435,8,426.45,149,24.44,19.34,1.0,-1,-1,-1
435,9,81.52,205.23,46.77,35.78,1.0,-1,-1,-1
435,10,178.28,197.62,33.18,30.32,1.0,-1,-1,-1
435,11,417.6,134.1,17.89,14.24,1.0,-1,-1,-1
435,12,354.39,308.6,168.61,51.37,1.0,-1,-1,-1
435,15,543.81,266.04,19.49,38.76,1.0,-1,-1,-1
435,16,493.1,268.27,19.46,37.52,1.0,-1,-1,-1
435,20,519.32,268.37,20.36,48.66,1.0,-1,-1,-1
435,22,149.91,123.02,17.06,10.6,1.0,-1,-1,-1
435,23,610.23,232.98,21.69,27.69,1.0,-1,-1,-1
435,24,292.7,134.35,19.85,15.83,1.0,-1,-1,-1
435,25,450.35,126.92,17.98,24.34,1.0,-1,-1,-1
435,27,394.7,155.76,24.12,22.71,1.0,-1,-1,-1
435,30,391.03,141.95,18.91,18.25,1.0,-1,-1,-1
435,31,437.3,124.85,14.07,14.33,1.0,-1,-1,-1
435,39,448.14,170.33,28.07,28.98,1.0,-1,-1,-1
435,40,407.04,187.27,30.38,28.39,1.0,-1,-1,-1
436,1,427.2,241.64,55.55,52.04,1.0,-1,-1,-1
436,2,575.89,243.35,58.5,51.62,1.0,-1,-1,-1
436,3,486.84,228.78,50.43,41.15,1.0,-1,-1,-1
436,4,506.73,162.57,61.78,57.74,1.0,-1,-1,-1
436,5,91.71,136.81,67.59,70.25,1.0,-1,-1,-1
436,6,316.03,108.55,11.09,10.73,1.0,-1,-1,-1
436,7,309.4,143.19,20.84,14.01,1.0,-1,-1,-1
436,8,427.36,149.08,24.43,19.31,1.0,-1,-1,-1
436,9,82.78,205.18,46.09,35.11,1.0,-1,-1,-1
436,10,178.61,196.68,33.28,30.43,1.0,-1,-1,-1
436,11,419.3,134.8,16.21,13.67,1.0,-1,-1,-1
436,12,355.6,307.7,162,52.28,1.0,-1,-1,-1
436,15,543.51,266.45,19.39,38.77,1.0,-1,-1,-1
436,16,493.43,267.02,19.37,37.62,1.0,-1,-1,-1
436,20,519.35,268.75,20.61,48.79,1.0,-1,-1,-1
436,22,149.7,122.52,16.7,10.97,1.0,-1,-1,-1
436,23,611.38,232.66,21.68,27.72,1.0,-1,-1,-1
436,24,292.7,133.76,19.82,15.72,1.0,-1,-1,-1
436,25,450.41,126.63,17.84,24.49,1.0,-1,-1,-1
436,27,394.87,155.41,24.14,22.52,1.0,-1,-1,-1
436,30,391.31,141.56,18.82,18.15,1.0,-1,-1,-1
436,31,437.84,125.37,14.41,14.34,1.0,-1,-1,-1
436,39,447.95,169.79,29.48,29.13,1.0,-1,-1,-1
436,40,406.93,187.73,30.41,28.16,1.0,-1,-1,-1
437,1,426.92,241.33,55.74,52.35,1.0,-1,-1,-1
437,2,576.12,243.56,58.66,51.89,1.0,-1,-1,-1
437,3,486.91,228.8,50.45,41.27,1.0,-1,-1,-1
437,4,508.38,163.49,61.06,56.9,1.0,-1,-1,-1
437,5,93.14,136.21,66.66,71.16,1.0,-1,-1,-1
437,6,316.58,108.72,10.89,10.05,1.0,-1,-1,-1
437,7,310.06,142.99,20.09,13.49,1.0,-1,-1,-1
437,8,426.42,148.74,24.77,19.6,1.0,-1,-1,-1
437,9,83.3,203.94,46.8,35.61,1.0,-1,-1,-1
437,10,179.09,196.24,32.46,29.6,1.0,-1,-1,-1
437,11,418.9,135.8,16.69,13.11,1.0,-1,-1,-1
437,12,354.6,305.4,156.22,54.58,1.0,-1,-1,-1
437,15,543.58,266.42,19.58,38.19,1.0,-1,-1,-1
437,16,492.62,267.26,20.02,38.08,1.0,-1,-1,-1
437,20,519.44,268.63,20.27,48.65,1.0,-1,-1,-1
437,22,147.41,121.97,17.69,10.79,1.0,-1,-1,-1
437,23,612.58,233.23,20.95,26.31,1.0,-1,-1,-1
437,24,293.28,133.63,19.3,15.71,1.0,-1,-1,-1
437,25,450.36,126.41,18.19,24.43,1.0,-1,-1,-1
437,27,395.13,155.6,24.11,22.7,1.0,-1,-1,-1
437,30,390.98,141.75,18.76,17.65,1.0,-1,-1,-1
437,31,437.3,125.53,14.21,14.1,1.0,-1,-1,-1
437,39,448.41,171.19,29.32,27.62,1.0,-1,-1,-1
437,40,406.98,188.46,30.35,27.87,1.0,-1,-1,-1
438,1,426.82,241.14,55.97,52.63,1.0,-1,-1,-1
438,2,576.03,243.2,58.65,52.09,1.0,-1,-1,-1
438,3,487,228.85,50.51,41.4,1.0,-1,-1,-1
438,4,509.32,164.58,60.99,56.72,1.0,-1,-1,-1
438,5,93.86,135.89,66.84,70.07,1.0,-1,-1,-1
438,6,316.11,108.42,10.98,10.07,1.0,-1,-1,-1
438,7,310.93,142.96,19.46,12.9,1.0,-1,-1,-1
438,8,426.51,148.64,24.85,19.69,1.0,-1,-1,-1
438,9,84.37,202.89,46.62,35.37,1.0,-1,-1,-1
438,10,179.3,195.65,32.28,29.35,1.0,-1,-1,-1
438,11,417.8,134.4,18.19,14.87,1.0,-1,-1,-1
438,12,350.8,304.4,154.7,55.58,1.0,-1,-1,-1
438,15,543.74,266.08,19.57,38.2,1.0,-1,-1,-1
438,16,493.28,266.92,19.24,37.6,1.0,-1,-1,-1
438,20,519.57,268.73,20.4,48.77,1.0,-1,-1,-1
438,22,147.92,122.51,17.7,10.66,1.0,-1,-1,-1
438,23,613.53,234.35,20.82,27.22,1.0,-1,-1,-1
438,24,293.69,133.31,19.47,15.31,1.0,-1,-1,-1
438,25,450.25,126.63,18.2,24.56,1.0,-1,-1,-1
438,27,394.47,155.95,24.44,22.8,1.0,-1,-1,-1
438,30,391.02,141.17,19.48,17.7,1.0,-1,-1,-1
438,31,438.37,125.13,14.33,14.08,1.0,-1,-1,-1
438,39,448.21,172.02,29.1,27.85,1.0,-1,-1,-1
438,40,407.67,188.83,30.53,28.2,1.0,-1,-1,-1
439,1,426.93,241.33,55.79,52.55,1.0,-1,-1,-1
439,2,576.14,243.33,58.31,51.84,1.0,-1,-1,-1
439,3,487.19,228.84,50.55,41.53,1.0,-1,-1,-1
439,4,509.59,164.28,61.42,57.7,1.0,-1,-1,-1
439,5,93.99,136.19,66.96,69.42,1.0,-1,-1,-1
439,6,316.61,108.47,10.86,10.15,1.0,-1,-1,-1
439,7,311.57,142.67,19.84,12.95,1.0,-1,-1,-1
439,8,426.66,148.87,24.87,19.74,1.0,-1,-1,-1
439,9,85.27,202.26,46.55,35.2,1.0,-1,-1,-1
439,10,179.71,195.06,32.17,29.21,1.0,-1,-1,-1
439,11,418.4,134.4,17.83,14.97,1.0,-1,-1,-1
439,12,347.2,303,153.7,56.98,1.0,-1,-1,-1
439,15,543.82,265.89,19.74,38.12,1.0,-1,-1,-1
439,16,493.5,267.16,19.63,37.86,1.0,-1,-1,-1
439,20,520.03,268.12,20.5,48.94,1.0,-1,-1,-1
439,22,146.7,121.87,17.84,10.82,1.0,-1,-1,-1
439,23,614.47,234.69,20.94,27.07,1.0,-1,-1,-1
439,24,293.45,133.47,19.72,15.8,1.0,-1,-1,-1
439,25,450.44,127.35,18.55,24.73,1.0,-1,-1,-1
439,27,394.59,156.06,24.53,23.14,1.0,-1,-1,-1
439,30,390.99,142.07,18.86,18.02,1.0,-1,-1,-1
439,31,437.83,125.95,14.19,14.25,1.0,-1,-1,-1
439,39,449.49,172.1,29.26,28.26,1.0,-1,-1,-1
439,40,408.13,189.47,30.73,28.18,1.0,-1,-1,-1
440,1,426.76,241.38,55.8,52.66,1.0,-1,-1,-1
440,2,576.48,244,58.68,51.59,1.0,-1,-1,-1
440,3,487.48,229.18,50.48,41.62,1.0,-1,-1,-1
440,4,509.36,165.03,62.14,57.19,1.0,-1,-1,-1
440,5,95.63,135.75,66.29,69.78,1.0,-1,-1,-1
440,6,316.95,107.83,11.03,10,1.0,-1,-1,-1
440,7,311.89,142.51,20.15,13.03,1.0,-1,-1,-1
440,8,426.52,149.01,25.53,20.37,1.0,-1,-1,-1
440,9,86.08,202.19,46.36,34.97,1.0,-1,-1,-1
440,10,180.12,194.63,32.27,29.18,1.0,-1,-1,-1
440,11,419,136.2,17.18,13.19,1.0,-1,-1,-1
440,12,342.6,303.2,151.1,56.59,1.0,-1,-1,-1
440,15,544.09,266.95,19.55,38.14,1.0,-1,-1,-1
440,16,493.3,267.09,19.87,38.01,1.0,-1,-1,-1
440,20,520.1,268.39,20.33,48.43,1.0,-1,-1,-1
440,22,146.3,122.09,17.65,10.69,1.0,-1,-1,-1
440,23,615.58,235.21,21.13,27.42,1.0,-1,-1,-1
440,24,293.38,133,19.58,15.59,1.0,-1,-1,-1
440,25,450.42,127.06,18.47,24.62,1.0,-1,-1,-1
440,27,395.17,156.42,24.55,23.3,1.0,-1,-1,-1
440,30,390.84,141.93,19.05,18,1.0,-1,-1,-1
440,31,438.3,126.54,14.25,14.09,1.0,-1,-1,-1
440,39,449.34,171.81,28.37,28.68,1.0,-1,-1,-1
440,40,407.62,189.84,31.12,28.36,1.0,-1,-1,-1
441,1,426.47,241.44,56.36,53.35,1.0,-1,-1,-1
441,2,575.97,243.89,58.67,51.56,1.0,-1,-1,-1
441,3,487.77,229.59,50.46,41.74,1.0,-1,-1,-1
441,4,509.31,163.96,62.9,58.69,1.0,-1,-1,-1
441,5,95.09,135.86,66.17,69.06,1.0,-1,-1,-1
441,6,317.56,108.11,10.8,10,1.0,-1,-1,-1
441,7,312.18,142.66,19.87,12.72,1.0,-1,-1,-1
441,8,426.76,149.81,25.49,20.36,1.0,-1,-1,-1
441,9,87.12,202.08,46.13,34.72,1.0,-1,-1,-1
441,10,180.37,194.26,32.28,29.06,1.0,-1,-1,-1
441,11,418.7,134.5,17.61,15.32,1.0,-1,-1,-1
441,12,336.2,301.4,151.5,57.1,1.0,-1,-1,-1
441,15,544.25,266.29,19.64,38.18,1.0,-1,-1,-1
441,16,493.03,266.96,19.62,37.94,1.0,-1,-1,-1
441,20,519.93,268.6,20.51,48.69,1.0,-1,-1,-1
441,22,147.4,122.83,16.16,10.51,1.0,-1,-1,-1
441,23,615.24,236.55,21.28,28.19,1.0,-1,-1,-1
441,24,293.92,133.02,19.79,15.49,1.0,-1,-1,-1
441,25,450.29,128.09,18.65,24.47,1.0,-1,-1,-1
441,27,394.91,156.11,24.47,23.87,1.0,-1,-1,-1
441,30,391.62,142.55,18.96,18.39,1.0,-1,-1,-1
441,31,438.95,126.43,14.19,13.95,1.0,-1,-1,-1
441,39,448.9,173.11,29.33,28.52,1.0,-1,-1,-1
441,40,407.91,190.51,31.01,28.57,1.0,-1,-1,-1
442,1,426.78,241.76,56.12,53.17,1.0,-1,-1,-1
442,2,576.39,243.57,58.57,51.85,1.0,-1,-1,-1
442,3,488.23,230.03,50.4,41.86,1.0,-1,-1,-1
442,4,510.08,165.33,62.32,57.5,1.0,-1,-1,-1
442,5,95.95,136.19,66.31,69.29,1.0,-1,-1,-1
442,6,317.81,107.8,10.68,10.11,1.0,-1,-1,-1
442,7,312.62,142.68,19.47,12.37,1.0,-1,-1,-1
442,8,426.92,150.14,25.77,20.62,1.0,-1,-1,-1
442,9,87.72,200.5,47.11,35.45,1.0,-1,-1,-1
442,10,181.21,193.6,31.96,28.63,1.0,-1,-1,-1
442,11,418.8,135.7,17.83,14.47,1.0,-1,-1,-1
442,12,331.2,301.6,151,57.25,1.0,-1,-1,-1
442,15,543.3,266.61,19.73,38.37,1.0,-1,-1,-1
442,16,492.96,267.19,19.79,37.91,1.0,-1,-1,-1
442,20,519.33,269.46,20.84,48.57,1.0,-1,-1,-1
442,22,145.39,122.08,16.95,10.58,1.0,-1,-1,-1
442,23,616.61,236.77,20.82,29.97,1.0,-1,-1,-1
442,24,293.81,132.56,19.96,15.53,1.0,-1,-1,-1
442,25,450.6,128.09,18.41,24.67,1.0,-1,-1,-1
442,27,395.08,157.16,24.7,23.23,1.0,-1,-1,-1
442,30,391.33,142.68,19.04,18.1,1.0,-1,-1,-1
442,31,438.53,127.25,14.55,14.22,1.0,-1,-1,-1
442,39,450.34,172.68,28.95,28.98,1.0,-1,-1,-1
442,40,407.98,191.18,31.16,28.91,1.0,-1,-1,-1
443,1,426.85,241.82,56.01,53.12,1.0,-1,-1,-1
443,2,575.85,244.76,58.61,51.41,1.0,-1,-1,-1
443,3,488.48,230.14,50.47,42.1,1.0,-1,-1,-1
443,4,509.34,164.43,63.27,58.66,1.0,-1,-1,-1
443,5,95.63,135.11,66.78,68.96,1.0,-1,-1,-1
443,6,317.11,107.95,10.69,10.08,1.0,-1,-1,-1
443,7,312.62,142.68,19.47,12.37,1.0,-1,-1,-1
443,8,427.01,150.25,25.79,20.67,1.0,-1,-1,-1
443,9,88.49,199.32,47.24,35.55,1.0,-1,-1,-1
443,10,181.52,193.22,31.39,27.99,1.0,-1,-1,-1
443,11,418.47,136.47,20.63,15.73,1.0,-1,-1,-1
443,12,328.5,298.7,150.2,60.75,1.0,-1,-1,-1
443,15,543.57,267.14,19.43,38.21,1.0,-1,-1,-1
443,16,493.56,266.92,19.25,37.97,1.0,-1,-1,-1
443,20,519.66,268.54,20.43,49.02,1.0,-1,-1,-1
443,22,144.56,122.28,17.24,10.69,1.0,-1,-1,-1
443,23,616.99,236.93,20.95,29.18,1.0,-1,-1,-1
443,24,294.05,132.72,19.78,15.34,1.0,-1,-1,-1
443,25,450.87,127.99,18.7,24.84,1.0,-1,-1,-1
443,27,395.01,157.25,24.62,23.52,1.0,-1,-1,-1
443,30,391.09,142.37,19.13,18.41,1.0,-1,-1,-1
443,31,438.89,126.33,14.38,14.38,1.0,-1,-1,-1
443,39,450.56,172.47,29.2,29.17,1.0,-1,-1,-1
443,40,407.84,190.95,31.18,28.67,1.0,-1,-1,-1
444,1,426.93,241.78,55.46,52.62,1.0,-1,-1,-1
444,2,576.32,244.29,58.55,51.5,1.0,-1,-1,-1
444,3,489.04,230.12,50.27,42.07,1.0,-1,-1,-1
444,4,510.57,165.99,63.2,57.33,1.0,-1,-1,-1
444,5,95.73,134.52,66.98,68.46,1.0,-1,-1,-1
444,6,317.67,107.77,10.72,10,1.0,-1,-1,-1
444,7,313.09,142.3,19.17,12.16,1.0,-1,-1,-1
444,8,427.34,150.58,25.51,20.42,1.0,-1,-1,-1
444,9,89.48,198.12,47.21,35.53,1.0,-1,-1,-1
444,10,181.72,192.01,31.38,27.88,1.0,-1,-1,-1
444,11,417.85,136.96,21.55,17.84,1.0,-1,-1,-1
444,12,325.3,297.3,147.9,62.13,1.0,-1,-1,-1
444,15,544.2,266.74,19.58,38.03,1.0,-1,-1,-1
444,16,493.46,267.05,19.57,37.68,1.0,-1,-1,-1
444,20,519.51,268.7,20.61,48.73,1.0,-1,-1,-1
444,22,144.47,121.46,16.64,10.66,1.0,-1,-1,-1
444,23,618.61,236.67,20.07,30.34,1.0,-1,-1,-1
444,24,294.43,132.2,19.71,15.01,1.0,-1,-1,-1
444,25,451.14,127.57,18.6,24.75,1.0,-1,-1,-1
444,27,395.43,157.11,24.76,23.35,1.0,-1,-1,-1
444,30,391.74,142.74,19.24,18.17,1.0,-1,-1,-1
444,31,438.71,126.49,14.35,14.51,1.0,-1,-1,-1
444,32,415.33,130.55,15.63,12.96,1.0,-1,-1,-1
444,33,410.37,118.73,16.77,16.77,1.0,-1,-1,-1
444,34,387.12,132.83,16.39,14.1,1.0,-1,-1,-1
444,35,384.45,122.54,17.53,13.34,1.0,-1,-1,-1
444,36,401.6,104.25,16.01,16.39,1.0,-1,-1,-1
444,39,450.5,172.96,29.42,29.08,1.0,-1,-1,-1
444,40,408.36,191.05,31.09,28.94,1.0,-1,-1,-1
445,1,426.88,241.37,55.5,52.67,1.0,-1,-1,-1
445,2,576.03,243.83,58.48,51.16,1.0,-1,-1,-1
445,3,489.54,230.13,50.31,42.21,1.0,-1,-1,-1
445,4,510.17,165.41,63.55,58.68,1.0,-1,-1,-1
445,5,97.98,133.86,65.78,68.26,1.0,-1,-1,-1
445,6,317.44,107.34,10.48,10,1.0,-1,-1,-1
445,7,313.55,141.92,18.87,11.95,1.0,-1,-1,-1
445,8,427.6,150.6,26.11,20.93,1.0,-1,-1,-1
445,9,90.9,198.09,46.23,34.71,1.0,-1,-1,-1
445,10,182.26,190.81,31.57,28.02,1.0,-1,-1,-1
445,11,418.74,136.6,20.06,16,1.0,-1,-1,-1
445,12,324.4,296.3,142.9,63.39,1.0,-1,-1,-1
445,15,543.95,265.94,19.05,38.35,1.0,-1,-1,-1
445,16,493.51,266.82,19.63,37.91,1.0,-1,-1,-1
445,20,520,267.84,20.67,49.07,1.0,-1,-1,-1
445,22,145.95,120.86,14.3,10.99,1.0,-1,-1,-1
445,23,618.71,236.68,20.12,30.57,1.0,-1,-1,-1
445,24,294.78,132.05,19.64,14.67,1.0,-1,-1,-1
445,25,452.05,127.63,18.78,24.83,1.0,-1,-1,-1
445,27,395.1,157.13,25.12,23.3,1.0,-1,-1,-1
445,30,391.97,142.48,19.26,18.36,1.0,-1,-1,-1
445,31,439.54,126.64,14.46,14.53,1.0,-1,-1,-1
445,32,415.72,129.69,14.32,14.12,1.0,-1,-1,-1
445,33,411.25,118.32,16.12,17.2,1.0,-1,-1,-1
445,34,387.36,133.13,17.03,12.9,1.0,-1,-1,-1
445,35,385.49,121.39,15.76,14.54,1.0,-1,-1,-1
445,36,403.1,103.51,13.13,18.66,1.0,-1,-1,-1
445,39,450.84,173.21,28.97,29.07,1.0,-1,-1,-1
445,40,408.49,190.95,31.42,29.16,1.0,-1,-1,-1
446,1,426.97,241.5,55.3,52.48,1.0,-1,-1,-1
446,2,576.09,244,58.44,51.07,1.0,-1,-1,-1
446,3,489.82,230.29,50.29,42.29,1.0,-1,-1,-1
446,4,510.76,165.22,63.94,58.84,1.0,-1,-1,-1
446,5,97.15,134.4,66.01,67.53,1.0,-1,-1,-1
446,6,317.76,107.51,10.39,10,1.0,-1,-1,-1
446,7,314.02,141.54,18.57,11.74,1.0,-1,-1,-1
446,8,427.93,150.69,26.51,21.26,1.0,-1,-1,-1
446,9,92.17,197.94,45.39,33.98,1.0,-1,-1,-1
446,10,182.74,190.05,31.72,28.1,1.0,-1,-1,-1
446,11,419.2,137.6,18.03,12.88,1.0,-1,-1,-1
446,12,320.7,296.8,139.7,63.09,1.0,-1,-1,-1
446,15,544.32,266.39,19.5,38.24,1.0,-1,-1,-1
446,16,493.58,266.53,19.62,38.09,1.0,-1,-1,-1
446,20,519.78,268.59,21.02,48.9,1.0,-1,-1,-1
446,22,144.5,121.55,15.52,10.82,1.0,-1,-1,-1
446,23,619.84,237.26,19.62,31.23,1.0,-1,-1,-1
446,24,294.55,132.36,19.73,14.61,1.0,-1,-1,-1
446,25,451.45,127.74,18.91,24.64,1.0,-1,-1,-1
446,27,394.94,157.34,24.93,23.74,1.0,-1,-1,-1
446,30,391.73,143.29,19.25,18.47,1.0,-1,-1,-1
446,31,439.57,127.44,14.18,14.33,1.0,-1,-1,-1
446,32,415.77,130.6,14.49,13.85,1.0,-1,-1,-1
446,33,411.48,118.88,16.07,17.53,1.0,-1,-1,-1
446,34,387.72,133.58,17.02,13.42,1.0,-1,-1,-1
446,35,386.14,121.46,15.72,15.15,1.0,-1,-1,-1
446,36,403.57,103.76,13.14,18.89,1.0,-1,-1,-1
446,39,451.58,172.92,29.22,29.65,1.0,-1,-1,-1
446,40,408.17,192.02,31.68,29.26,1.0,-1,-1,-1
447,1,426.81,241.59,55.53,52.72,1.0,-1,-1,-1
447,2,576.77,244.08,58.09,51.08,1.0,-1,-1,-1
447,3,490.35,230.95,50.06,42.17,1.0,-1,-1,-1
447,4,511.73,166.52,63.36,58.17,1.0,-1,-1,-1
447,5,97.49,134.27,65.67,66.96,1.0,-1,-1,-1
447,6,318.08,106.83,10.36,10,1.0,-1,-1,-1
447,7,314.48,141.16,18.27,11.52,1.0,-1,-1,-1
447,8,428.06,150.65,26.26,21.15,1.0,-1,-1,-1
447,9,92.82,197.42,45.46,34.01,1.0,-1,-1,-1
447,10,183.15,189.67,31.73,28.08,1.0,-1,-1,-1
447,11,421,138.8,16.27,12.27,1.0,-1,-1,-1
447,12,313.7,293.8,141.5,65.95,1.0,-1,-1,-1
447,15,543.45,266.59,19.67,38.67,1.0,-1,-1,-1
447,16,493.14,266.95,19.67,38.2,1.0,-1,-1,-1
447,20,519.71,268.19,20.78,48.94,1.0,-1,-1,-1
447,22,144.36,121.35,15.36,10.96,1.0,-1,-1,-1
447,23,620.43,238.34,19.45,32.97,1.0,-1,-1,-1
447,24,295.27,131.65,19.76,14.64,1.0,-1,-1,-1
447,25,452.08,128.11,19.06,25.05,1.0,-1,-1,-1
447,27,395.13,158.03,25.08,23.69,1.0,-1,-1,-1
447,30,391.46,143.8,19.3,18.57,1.0,-1,-1,-1
447,31,439.52,127.59,14.35,14.38,1.0,-1,-1,-1
447,32,415.91,130.6,14.52,14.16,1.0,-1,-1,-1
447,33,411.15,119.7,16.29,17.54,1.0,-1,-1,-1
447,34,387.73,134.16,16.8,13.85,1.0,-1,-1,-1
447,35,385.48,121.88,15.7,14.76,1.0,-1,-1,-1
447,36,402.95,103.56,13.42,19.04,1.0,-1,-1,-1
447,39,451,174.44,29.2,29.46,1.0,-1,-1,-1
447,40,407.93,192.78,31.7,29.51,1.0,-1,-1,-1
448,1,426.67,241.78,55.51,52.71,1.0,-1,-1,-1
448,2,576.09,244.37,58.09,51.05,1.0,-1,-1,-1
448,3,490.86,231.46,49.69,41.92,1.0,-1,-1,-1
448,4,511.53,166.36,64.28,59.32,1.0,-1,-1,-1
448,5,98.19,134.84,65.31,66.59,1.0,-1,-1,-1
448,6,318.49,107.21,10.59,10.04,1.0,-1,-1,-1
448,7,314.95,140.78,17.97,11.31,1.0,-1,-1,-1
448,8,428.12,150.77,26.33,21.27,1.0,-1,-1,-1
448,9,94.17,197.53,44.91,33.52,1.0,-1,-1,-1
448,10,183.54,188.99,32.14,28.5,1.0,-1,-1,-1
448,11,418.6,137.9,19,13.49,1.0,-1,-1,-1
448,12,314.2,294.8,134.8,64.38,1.0,-1,-1,-1
448,15,544.03,266.79,19.5,38.48,1.0,-1,-1,-1
448,16,493.8,266.89,19.26,38.31,1.0,-1,-1,-1
448,20,519.71,268.53,20.86,48.82,1.0,-1,-1,-1
448,22,143.92,121.16,14.67,10.83,1.0,-1,-1,-1
448,23,620.38,238.9,19.62,30.99,1.0,-1,-1,-1
448,24,295.58,132.05,19.5,14.5,1.0,-1,-1,-1
448,25,451.57,128.68,18.91,24.86,1.0,-1,-1,-1
448,27,395.53,159.06,24.94,23.56,1.0,-1,-1,-1
448,30,391.15,143.37,19.47,18.88,1.0,-1,-1,-1
448,31,439.52,128.03,14.63,14.5,1.0,-1,-1,-1
448,32,415.73,131.62,14.49,13.8,1.0,-1,-1,-1
448,33,411.16,119.58,16.18,17.54,1.0,-1,-1,-1
448,34,387.08,133.72,17,13.6,1.0,-1,-1,-1
448,35,386.18,122.86,15.88,14.17,1.0,-1,-1,-1
448,36,403.18,103.99,13.21,18.87,1.0,-1,-1,-1
448,39,451.42,174.26,29.84,29.71,1.0,-1,-1,-1
448,40,408.48,192.96,31.66,29.63,1.0,-1,-1,-1
449,1,426.69,241.94,55.4,52.64,1.0,-1,-1,-1
449,2,576.44,244.53,58.5,51.18,1.0,-1,-1,-1
449,3,491.45,232.16,49.4,41.6,1.0,-1,-1,-1
449,4,512.23,165.23,64.21,60.34,1.0,-1,-1,-1
449,5,99.02,133.64,65.53,66.74,1.0,-1,-1,-1
449,6,318.5,106.74,10.8,10.32,1.0,-1,-1,-1
449,7,315.41,140.4,17.67,11.1,1.0,-1,-1,-1
449,8,428.59,150.93,26.04,21.03,1.0,-1,-1,-1
449,9,95.51,197.27,44.55,33.13,1.0,-1,-1,-1
449,10,183.89,188.43,32.19,28.61,1.0,-1,-1,-1
449,11,422.2,140,15.69,11.65,1.0,-1,-1,-1
449,12,307.2,294.1,138.4,63.39,1.0,-1,-1,-1
449,15,544.35,266.56,19.19,38.19,1.0,-1,-1,-1
449,16,493.69,267.35,19.79,37.98,1.0,-1,-1,-1
449,20,519.78,268.86,21.01,48.83,1.0,-1,-1,-1
449,22,143.72,120.67,14.6,10.84,1.0,-1,-1,-1
449,23,621.08,238.39,18.21,31.19,1.0,-1,-1,-1
449,24,295.53,131.26,19.36,14.66,1.0,-1,-1,-1
449,25,451.65,128.56,18.88,25.01,1.0,-1,-1,-1
449,27,395.94,158.92,24.87,24.01,1.0,-1,-1,-1
449,30,391.73,143.74,19.22,18.74,1.0,-1,-1,-1
449,31,439.45,128.29,14.71,14.26,1.0,-1,-1,-1
449,32,416.05,131.03,14.49,13.97,1.0,-1,-1,-1
449,33,411.08,119.67,16.41,17.33,1.0,-1,-1,-1
449,34,387.76,134.18,16.51,13.81,1.0,-1,-1,-1
449,35,386.04,122.38,15.93,15.04,1.0,-1,-1,-1
449,36,403.37,104.42,13.17,18.85,1.0,-1,-1,-1
449,39,451.59,174.97,29.44,29.18,1.0,-1,-1,-1
449,40,409.24,193.75,31.88,29.53,1.0,-1,-1,-1
450,1,427.38,241.87,55.55,52.59,1.0,-1,-1,-1
450,2,576.59,243.6,58.37,51.62,1.0,-1,-1,-1
450,3,491.58,232.31,49.43,41.63,1.0,-1,-1,-1
450,4,512.57,166.11,64.12,59.97,1.0,-1,-1,-1
450,5,99.15,133.55,64.62,66.54,1.0,-1,-1,-1
450,6,318.51,106.23,10.65,10.28,1.0,-1,-1,-1
450,7,315.88,140.02,17.37,10.89,1.0,-1,-1,-1
450,8,428.52,151.19,26.45,21.29,1.0,-1,-1,-1
450,9,97.01,196.57,44.19,32.8,1.0,-1,-1,-1
450,10,184.26,187.52,31.81,28.32,1.0,-1,-1,-1
450,11,421.2,139.4,17.06,12.27,1.0,-1,-1,-1
450,12,304.6,292.2,135,63.72,1.0,-1,-1,-1
450,15,544.2,266.2,18.65,38.54,1.0,-1,-1,-1
450,16,493.32,266.71,19.3,38.37,1.0,-1,-1,-1
450,20,520.02,269.07,21.28,48.84,1.0,-1,-1,-1
450,22,143.21,120.61,14.09,10.53,1.0,-1,-1,-1
450,23,621.87,239.1,18.13,30.58,1.0,-1,-1,-1
450,24,295.61,130.68,18.99,14.81,1.0,-1,-1,-1
450,25,451.95,128.35,18.9,25.11,1.0,-1,-1,-1
450,27,395.4,158.95,24.88,23.91,1.0,-1,-1,-1
450,30,391.75,143.35,19.26,19.13,1.0,-1,-1,-1
450,31,440.34,127.38,14.38,14.59,1.0,-1,-1,-1
450,32,416.41,131.42,15.12,13.87,1.0,-1,-1,-1
450,33,411.31,119.32,16.36,17.4,1.0,-1,-1,-1
450,34,387.83,133.97,16.99,14.33,1.0,-1,-1,-1
450,35,385.54,122.62,16,14.78,1.0,-1,-1,-1
450,36,404.17,104.32,13.29,18.74,1.0,-1,-1,-1
450,39,451.93,175.62,29.62,28.89,1.0,-1,-1,-1
450,40,409.28,193.61,32.07,29.83,1.0,-1,-1,-1
451,1,427.57,241.65,55.63,52.55,1.0,-1,-1,-1
451,2,576.51,243.73,58.21,51.5,1.0,-1,-1,-1
451,3,491.94,232.46,49.33,41.54,1.0,-1,-1,-1
451,4,513.25,166.04,63.75,60.09,1.0,-1,-1,-1
451,5,100.55,132.49,64.14,66.46,1.0,-1,-1,-1
451,6,319.01,105.98,10.47,10.14,1.0,-1,-1,-1
451,7,316.17,139.15,18.05,11.29,1.0,-1,-1,-1
451,8,428.51,151.19,26.58,21.39,1.0,-1,-1,-1
451,9,98.27,195.73,44.15,32.7,1.0,-1,-1,-1
451,10,184.24,186.72,31.71,28.35,1.0,-1,-1,-1
451,11,420.7,138,17.84,13.72,1.0,-1,-1,-1
451,12,302.5,289.66,134.5,64.4,1.0,-1,-1,-1
451,15,544.19,266.22,18.98,38.29,1.0,-1,-1,-1
451,16,493.19,266.57,19.07,38.03,1.0,-1,-1,-1
451,20,520.29,268.39,20.99,49.09,1.0,-1,-1,-1
451,22,142.43,120.72,14.21,10.46,1.0,-1,-1,-1
451,23,623.45,238.46,16.55,30.46,1.0,-1,-1,-1
451,24,295.67,129.88,19.08,14.73,1.0,-1,-1,-1
451,25,452.71,129.33,18.74,24.95,1.0,-1,-1,-1
451,27,395.87,159.05,25.12,23.8,1.0,-1,-1,-1
451,30,392.46,143.71,19.25,19.06,1.0,-1,-1,-1
451,31,440.49,127.84,14.19,14.37,1.0,-1,-1,-1
451,32,416.7,131.12,15.04,13.97,1.0,-1,-1,-1
451,33,411.64,118.68,16.34,17.7,1.0,-1,-1,-1
451,34,388.26,134.19,16.81,13.84,1.0,-1,-1,-1
451,35,386.12,121.87,15.95,14.39,1.0,-1,-1,-1
451,36,404.09,104.14,13.33,18.59,1.0,-1,-1,-1
451,39,452.73,175.26,29.79,28.98,1.0,-1,-1,-1
451,40,409.07,194.09,32.32,29.99,1.0,-1,-1,-1
452,1,427.49,241.58,55.52,52.35,1.0,-1,-1,-1
452,2,576.32,243.9,58.35,51.37,1.0,-1,-1,-1
452,3,492.16,232.64,49.28,41.47,1.0,-1,-1,-1
452,4,513.12,165.17,64.31,60.98,1.0,-1,-1,-1
452,5,100.46,133.48,63.68,65.7,1.0,-1,-1,-1
452,6,318.64,105.64,10.35,10.04,1.0,-1,-1,-1
452,7,316.08,138.79,18.27,11.33,1.0,-1,-1,-1
452,8,428.58,151.29,26.55,21.34,1.0,-1,-1,-1
452,9,99.19,194.89,44.46,32.89,1.0,-1,-1,-1
452,10,184.49,186.3,31.14,27.9,1.0,-1,-1,-1
452,11,420,137.8,18.56,13.96,1.0,-1,-1,-1
452,12,301.9,288.33,130.8,64.34,1.0,-1,-1,-1
452,15,543.91,266.55,18.93,38.45,1.0,-1,-1,-1
452,16,493.42,266.6,19.22,38.41,1.0,-1,-1,-1
452,20,520.12,268.84,21.41,48.88,1.0,-1,-1,-1
452,22,142.45,120.75,13.8,10.5,1.0,-1,-1,-1
452,23,624.91,238.87,15.09,31.24,1.0,-1,-1,-1
452,24,295.82,129.86,19.16,14.94,1.0,-1,-1,-1
452,25,452.38,129.25,18.71,24.94,1.0,-1,-1,-1
452,27,395.46,159.13,25.15,24.03,1.0,-1,-1,-1
452,30,392.18,144.23,19.47,19.24,1.0,-1,-1,-1
452,31,440.47,127.2,14.38,14.48,1.0,-1,-1,-1
452,32,416.47,131.66,15.02,14.04,1.0,-1,-1,-1
452,33,411.27,119.03,16.78,17.72,1.0,-1,-1,-1
452,34,387.85,133.76,17.04,14.37,1.0,-1,-1,-1
452,35,385.99,122.7,16.42,14.04,1.0,-1,-1,-1
452,36,403.98,103.92,13.37,18.71,1.0,-1,-1,-1
452,39,452.5,176.02,30.08,29.26,1.0,-1,-1,-1
452,40,409.52,194.85,32.27,29.76,1.0,-1,-1,-1
453,1,427.36,241.82,55.43,52.16,1.0,-1,-1,-1
453,2,576.18,244.28,58.31,51.18,1.0,-1,-1,-1
453,3,492.26,233.04,49.06,41.25,1.0,-1,-1,-1
453,4,513.97,166.16,63.72,60.31,1.0,-1,-1,-1
453,5,101.27,133.46,63.22,65.25,1.0,-1,-1,-1
453,6,318.85,105.7,10.18,10.07,1.0,-1,-1,-1
453,7,316.08,138.79,18.27,11.33,1.0,-1,-1,-1
453,8,428.95,151.58,26.77,21.5,1.0,-1,-1,-1
453,9,99.94,194.28,44.78,33.14,1.0,-1,-1,-1
453,10,184.76,185.93,30.83,27.61,1.0,-1,-1,-1
453,11,421.3,138.9,17.14,12.89,1.0,-1,-1,-1
453,12,294.8,287.56,131.5,63.66,1.0,-1,-1,-1
453,15,544.4,266.06,19.65,38.37,1.0,-1,-1,-1
453,16,493.1,266.47,19.51,38.05,1.0,-1,-1,-1
453,20,520.44,268.18,21.02,49.17,1.0,-1,-1,-1
453,22,141.69,120.23,13.67,10.68,1.0,-1,-1,-1
453,23,625.73,240.6,14.27,30.3,1.0,-1,-1,-1
453,24,296.49,130.49,18.81,14.95,1.0,-1,-1,-1
453,25,453.02,129.65,19.12,25.14,1.0,-1,-1,-1
453,27,395.51,159.49,25.4,24.11,1.0,-1,-1,-1
453,30,392.88,144.91,19.18,19.13,1.0,-1,-1,-1
453,31,440.73,127.96,14.29,14.56,1.0,-1,-1,-1
453,32,416.21,131.32,14.62,14.12,1.0,-1,-1,-1
453,33,411.06,119.74,16.93,17.73,1.0,-1,-1,-1
453,34,388.17,134.36,17.04,13.99,1.0,-1,-1,-1
453,35,386.19,122.57,16.19,14.32,1.0,-1,-1,-1
453,36,403.33,104.39,13.32,18.69,1.0,-1,-1,-1
453,39,452.37,176.54,29.33,28.72,1.0,-1,-1,-1
453,40,408.86,195.23,32.73,29.92,1.0,-1,-1,-1
454,1,427.33,241.86,55.66,52.3,1.0,-1,-1,-1
454,2,576.69,244.11,58.14,51.15,1.0,-1,-1,-1
454,3,492.26,233.21,49.05,41.22,1.0,-1,-1,-1
454,4,513.48,166.61,63.92,61.13,1.0,-1,-1,-1
454,5,100.58,132.92,63.63,65.73,1.0,-1,-1,-1
454,6,319.02,105.75,10.25,10.12,1.0,-1,-1,-1
454,7,316.34,138.44,18.28,11.32,1.0,-1,-1,-1
454,8,429.1,151.72,26.81,21.49,1.0,-1,-1,-1
454,9,100.09,193.95,45.03,33.36,1.0,-1,-1,-1
454,10,184.82,185.86,30.7,27.49,1.0,-1,-1,-1
454,11,421.9,138.5,16.49,13.33,1.0,-1,-1,-1
454,12,292.7,287.42,134.9,63.22,1.0,-1,-1,-1
454,15,543.83,266.04,19.18,38.38,1.0,-1,-1,-1
454,16,492.8,267.01,19.75,38.42,1.0,-1,-1,-1
454,20,520.34,268.86,21.11,48.67,1.0,-1,-1,-1
454,22,140.89,119.79,13.44,10.71,1.0,-1,-1,-1
454,23,625.47,240.64,14.47,29.2,1.0,-1,-1,-1
454,24,296.5,130.32,19.35,15.1,1.0,-1,-1,-1
454,25,452.37,129.62,19.05,25.03,1.0,-1,-1,-1
454,27,395.03,159.22,25.44,24.28,1.0,-1,-1,-1
454,30,392.85,144.97,19.22,19.15,1.0,-1,-1,-1
454,31,440.98,127.84,14.2,14.48,1.0,-1,-1,-1
454,32,416.19,131.7,14.94,13.92,1.0,-1,-1,-1
454,33,411.39,119.98,16.73,17.55,1.0,-1,-1,-1
454,34,387.36,134.78,17.07,14.15,1.0,-1,-1,-1
454,35,385.68,123.18,16.27,14.5,1.0,-1,-1,-1
454,36,404.13,104.47,13.44,18.77,1.0,-1,-1,-1
454,39,452.81,176.77,29.96,28.68,1.0,-1,-1,-1
454,40,408.94,195.11,32.51,30.04,1.0,-1,-1,-1
455,1,427.16,241.91,55.76,52.36,1.0,-1,-1,-1
455,2,576.03,244.18,58.17,51.08,1.0,-1,-1,-1
455,3,492.56,233.52,49.21,41.31,1.0,-1,-1,-1
455,4,514.72,167.12,63.96,60.5,1.0,-1,-1,-1
455,5,102.1,132.81,63.21,64.81,1.0,-1,-1,-1
455,6,319.28,105.81,10.37,10.28,1.0,-1,-1,-1
455,7,316.6,138.09,18.29,11.31,1.0,-1,-1,-1
455,8,429.15,151.84,27.1,21.75,1.0,-1,-1,-1
455,9,100.44,193.11,45.67,33.94,1.0,-1,-1,-1
455,10,185.24,185.6,30.73,27.51,1.0,-1,-1,-1
455,11,420.3,138.2,17.92,13.91,1.0,-1,-1,-1
455,12,289.2,287.28,135.2,62.65,1.0,-1,-1,-1
455,15,544.31,266.64,19.57,38.67,1.0,-1,-1,-1
455,16,493.13,266.42,19.23,38.47,1.0,-1,-1,-1
455,20,519.86,269,21.25,49.04,1.0,-1,-1,-1
455,22,140.07,120.37,14.1,10.83,1.0,-1,-1,-1
455,23,626.03,241.43,13.97,28.87,1.0,-1,-1,-1
455,24,296.59,129.77,19.21,14.75,1.0,-1,-1,-1
455,25,452.88,129.9,19.28,25.3,1.0,-1,-1,-1
455,27,395.91,159.43,25.33,24.53,1.0,-1,-1,-1
455,30,393.17,144.49,19.07,18.69,1.0,-1,-1,-1
455,31,440.19,127.93,14.59,14.54,1.0,-1,-1,-1
455,32,416.51,132.47,15.06,13.99,1.0,-1,-1,-1
455,33,411.43,119.97,16.84,17.76,1.0,-1,-1,-1
455,34,387.92,134.63,16.93,13.94,1.0,-1,-1,-1
455,35,386.41,123.09,15.93,14.79,1.0,-1,-1,-1
455,36,403.75,104.17,13.2,19.07,1.0,-1,-1,-1
455,39,453.3,176.91,29.78,29.01,1.0,-1,-1,-1
455,40,409.04,195.7,32.61,30.2,1.0,-1,-1,-1
456,1,427.21,242.03,55.92,52.47,1.0,-1,-1,-1
456,2,576.3,244.26,58.45,51.37,1.0,-1,-1,-1
456,3,492.93,233.96,49.99,41.86,1.0,-1,-1,-1
456,4,514.11,167.52,64.5,61.65,1.0,-1,-1,-1
456,5,101.67,132.94,63.21,65.08,1.0,-1,-1,-1
456,6,319.22,106.36,10.45,10,1.0,-1,-1,-1
456,7,316.86,137.74,18.31,11.3,1.0,-1,-1,-1
456,8,429.34,151.96,27.48,22.15,1.0,-1,-1,-1
456,9,101.47,192.58,45.43,33.8,1.0,-1,-1,-1
456,10,185.54,184.83,30.67,27.51,1.0,-1,-1,-1
456,11,419.5,138.6,18.89,13.96,1.0,-1,-1,-1
456,12,285.2,286.97,136.3,61.46,1.0,-1,-1,-1
456,15,544.4,266.58,19,38.61,1.0,-1,-1,-1
456,16,493.31,266.57,19.51,38.96,1.0,-1,-1,-1
456,20,519.85,269.08,21.29,48.91,1.0,-1,-1,-1
456,22,137.97,120.25,15.56,10.87,1.0,-1,-1,-1
456,23,626.28,242.37,13.49,29.02,1.0,-1,-1,-1
456,24,296.68,129.48,19.06,14.8,1.0,-1,-1,-1
456,25,453.33,129.93,19.44,25.33,1.0,-1,-1,-1
456,27,395.86,160.39,25.47,24.19,1.0,-1,-1,-1
456,30,393.05,145.58,19.25,19.03,1.0,-1,-1,-1
456,31,441.61,128.49,14.49,14.8,1.0,-1,-1,-1
456,32,416.6,132.97,14.94,14.3,1.0,-1,-1,-1
456,33,412.11,120.58,16.83,17.98,1.0,-1,-1,-1
456,34,387.59,135.06,17.9,14.54,1.0,-1,-1,-1
456,35,385.86,122.97,16.35,15.15,1.0,-1,-1,-1
456,36,404.4,104.27,13.4,18.84,1.0,-1,-1,-1
456,39,453.13,177.68,30.15,29.01,1.0,-1,-1,-1
456,40,409.4,196.8,32.7,30.42,1.0,-1,-1,-1
457,1,427.11,242.02,55.96,52.5,1.0,-1,-1,-1
457,2,576.1,244.86,58.52,51.34,1.0,-1,-1,-1
457,3,493.16,234.18,50.23,41.95,1.0,-1,-1,-1
457,4,515.03,167.96,64.78,60.82,1.0,-1,-1,-1
457,5,104.44,133.05,61,63.73,1.0,-1,-1,-1
457,6,319.53,105.31,10.69,10.78,1.0,-1,-1,-1
457,7,317.12,137.39,18.32,11.29,1.0,-1,-1,-1
457,8,429.57,151.98,27.63,22.34,1.0,-1,-1,-1
457,9,102.1,191.7,45.79,34.2,1.0,-1,-1,-1
457,10,185.69,183.42,31.33,28.27,1.0,-1,-1,-1
457,11,420.4,139,18.14,13.64,1.0,-1,-1,-1
457,12,280.63,286.06,134.47,61.41,1.0,-1,-1,-1
457,15,544.23,266.48,19.09,38.62,1.0,-1,-1,-1
457,16,493.11,266.69,19.84,38.6,1.0,-1,-1,-1
457,20,519.8,268.83,21.43,49.25,1.0,-1,-1,-1
457,22,136.97,119.53,15.56,10.8,1.0,-1,-1,-1
457,23,627.26,241.82,12.74,29.14,1.0,-1,-1,-1
457,24,296.99,129.71,19.05,14.77,1.0,-1,-1,-1
457,25,453.11,129.98,19.31,25.35,1.0,-1,-1,-1
457,27,395.79,159.84,25.68,24.72,1.0,-1,-1,-1
457,30,392.71,145.47,19.12,18.83,1.0,-1,-1,-1
457,31,440.95,128.28,14.82,14.62,1.0,-1,-1,-1
457,32,416.67,132.65,14.94,14.01,1.0,-1,-1,-1
457,33,411.95,120.24,16.81,17.88,1.0,-1,-1,-1
457,34,387.34,135.22,17.53,14.1,1.0,-1,-1,-1
457,35,385.64,123.12,16.26,14.98,1.0,-1,-1,-1
457,36,404.19,104.23,13.24,18.88,1.0,-1,-1,-1
457,39,453.65,177.61,30.45,29.7,1.0,-1,-1,-1
457,40,409.39,196.9,32.89,30.71,1.0,-1,-1,-1
458,1,427.11,241.74,55.7,52.24,1.0,-1,-1,-1
458,2,576.3,243.93,58.71,51.6,1.0,-1,-1,-1
458,3,493.08,234.17,50.71,42.29,1.0,-1,-1,-1
458,4,515.04,167.25,65.2,61.31,1.0,-1,-1,-1
458,5,104.43,132.15,61.81,64.22,1.0,-1,-1,-1
458,6,319.47,105.05,10,10,1.0,-1,-1,-1
458,7,317.39,137.04,18.33,11.29,1.0,-1,-1,-1
458,8,429.67,151.9,27.9,22.62,1.0,-1,-1,-1
458,9,103.13,191.49,45.24,33.78,1.0,-1,-1,-1
458,10,186.41,182.26,31.44,28.46,1.0,-1,-1,-1
458,11,420.8,140,18.13,12.76,1.0,-1,-1,-1
458,12,280.63,282.6,144.39,64.87,1.0,-1,-1,-1
458,15,544.19,266.18,18.96,38.62,1.0,-1,-1,-1
458,16,493.12,266.34,19.72,38.61,1.0,-1,-1,-1
458,20,519.4,269.32,21.5,49.04,1.0,-1,-1,-1
458,22,136.89,119.14,15.14,10.9,1.0,-1,-1,-1
458,23,627.85,241.54,12.15,29.35,1.0,-1,-1,-1
458,24,297.49,128.54,18.84,14.63,1.0,-1,-1,-1
458,25,453.97,129.95,19.37,25.39,1.0,-1,-1,-1
458,27,395.48,160.14,25.67,24.73,1.0,-1,-1,-1
458,30,392.62,145.64,19.58,19.01,1.0,-1,-1,-1
458,31,441.5,128.01,14.64,14.4,1.0,-1,-1,-1
458,32,416.44,132.41,15.44,14.11,1.0,-1,-1,-1
458,33,412.07,119.6,16.97,17.92,1.0,-1,-1,-1
458,34,387.86,134.31,17.3,15.33,1.0,-1,-1,-1
458,35,386.1,122.49,16.24,15.17,1.0,-1,-1,-1
458,36,404.01,103.91,13.26,18.87,1.0,-1,-1,-1
458,39,453.85,177.97,30.24,29.58,1.0,-1,-1,-1
458,40,410.09,196.88,33.13,30.61,1.0,-1,-1,-1
459,1,427.08,241.62,55.72,52.26,1.0,-1,-1,-1
459,2,576.03,243.65,58.19,51.61,1.0,-1,-1,-1
459,3,493.1,234.19,50.93,42.41,1.0,-1,-1,-1
459,4,515.47,168.37,65.19,60.76,1.0,-1,-1,-1
459,5,105.99,131.79,60.28,63.39,1.0,-1,-1,-1
459,6,319.22,104.2,10.52,10.74,1.0,-1,-1,-1
459,7,317.65,136.69,18.34,11.28,1.0,-1,-1,-1
459,8,429.66,151.86,28.04,22.82,1.0,-1,-1,-1
459,9,105.13,191.84,43.63,32.39,1.0,-1,-1,-1
459,10,187.63,181.19,31.52,28.42,1.0,-1,-1,-1
459,11,420.8,138.7,18.33,14.07,1.0,-1,-1,-1
459,12,272.58,282.94,142.74,61.9,1.0,-1,-1,-1
459,15,544.03,266.55,19.04,39.02,1.0,-1,-1,-1
459,16,493.13,265.75,19.61,38.84,1.0,-1,-1,-1
459,20,519.69,268.32,21.58,49.17,1.0,-1,-1,-1
459,22,137.42,118.74,14.23,11.06,1.0,-1,-1,-1
459,24,297.67,128.38,18.72,14.63,1.0,-1,-1,-1
459,25,453.93,129.98,19.27,25.44,1.0,-1,-1,-1
459,27,396.22,159.75,25.46,24.61,1.0,-1,-1,-1
459,30,392.95,145.01,19.39,19.15,1.0,-1,-1,-1
459,31,440.99,128.37,14.63,14.76,1.0,-1,-1,-1
459,32,416.49,132.21,15.36,14.17,1.0,-1,-1,-1
459,33,412.29,120.16,17.02,17.93,1.0,-1,-1,-1
459,34,388.06,135.03,17.06,15.66,1.0,-1,-1,-1
459,35,386.58,122.92,16.22,15.46,1.0,-1,-1,-1
459,36,403.81,104.46,13.36,18.94,1.0,-1,-1,-1
459,39,454.51,178.15,30.49,29.54,1.0,-1,-1,-1
459,40,409.94,196.96,33.28,31.01,1.0,-1,-1,-1
460,1,427.08,241.53,55.7,52.24,1.0,-1,-1,-1
460,2,575.6,243.33,58.8,52.01,1.0,-1,-1,-1
460,3,493.35,234.4,50.59,41.98,1.0,-1,-1,-1
460,4,515.08,168.1,65.33,61.62,1.0,-1,-1,-1
460,5,104.38,131.27,61.47,63.76,1.0,-1,-1,-1
460,6,319.63,105.18,10.27,10,1.0,-1,-1,-1
460,7,317.91,136.34,18.36,11.27,1.0,-1,-1,-1
460,8,429.4,151.94,28.31,23.17,1.0,-1,-1,-1
460,9,106.56,191.28,43,31.81,1.0,-1,-1,-1
460,10,188.42,180.58,31.01,27.82,1.0,-1,-1,-1
460,11,422.8,140.5,16.04,12.24,1.0,-1,-1,-1
460,12,270.03,281.25,131.67,61.71,1.0,-1,-1,-1
460,15,544.16,265.51,19.64,38.85,1.0,-1,-1,-1
460,16,492.94,266.25,19.71,38.85,1.0,-1,-1,-1
460,20,520.03,268.38,21.37,49.01,1.0,-1,-1,-1
460,22,135.61,119.59,13.82,10.32,1.0,-1,-1,-1
460,24,297.95,128.07,18.57,14.51,1.0,-1,-1,-1
460,25,453.85,130.14,19.48,25.59,1.0,-1,-1,-1
460,27,395.93,160.65,25.69,24.69,1.0,-1,-1,-1
460,30,393.27,145.7,19.44,19.07,1.0,-1,-1,-1
460,31,441.47,128.32,14.77,14.5,1.0,-1,-1,-1
460,32,416.47,132.23,15.31,14.41,1.0,-1,-1,-1
460,33,412.49,119.82,16.89,17.92,1.0,-1,-1,-1
460,34,388.11,135.41,17.31,14.73,1.0,-1,-1,-1
460,35,386.49,123.44,16.28,14.92,1.0,-1,-1,-1
460,36,404.61,104.27,13.31,19.1,1.0,-1,-1,-1
460,39,454.12,178.01,30.2,29.7,1.0,-1,-1,-1
460,40,409.41,198.11,33.67,30.94,1.0,-1,-1,-1
461,1,426.91,241.51,55.78,52.32,1.0,-1,-1,-1
461,2,576.76,243.65,58.67,51.68,1.0,-1,-1,-1
461,3,493.54,234.94,50.56,41.82,1.0,-1,-1,-1
461,4,516.21,169.12,65.61,60.94,1.0,-1,-1,-1
461,5,105.99,131.55,60.19,62.55,1.0,-1,-1,-1
461,6,319.21,106.28,10.8,10,1.0,-1,-1,-1
461,7,318.17,135.99,18.37,11.26,1.0,-1,-1,-1
461,8,429.23,152.21,28.41,23.28,1.0,-1,-1,-1
461,9,107.72,190.77,43.13,31.77,1.0,-1,-1,-1
461,10,188.53,179.85,30.71,27.46,1.0,-1,-1,-1
461,11,421.2,141.3,18.45,13.54,1.0,-1,-1,-1
461,12,267.21,280.27,127.19,61.51,1.0,-1,-1,-1
461,15,544.06,266.1,19.49,38.71,1.0,-1,-1,-1
461,16,492.66,266,19.76,38.54,1.0,-1,-1,-1
461,20,519.68,268.62,21.36,49.13,1.0,-1,-1,-1
461,22,135.44,119.26,13.63,10.3,1.0,-1,-1,-1
461,24,298.34,128.82,18.19,14.46,1.0,-1,-1,-1
461,25,453.69,130.39,19.13,25.5,1.0,-1,-1,-1
461,27,395.58,161.24,26.09,24.53,1.0,-1,-1,-1
461,30,393.43,145.63,19.6,19.16,1.0,-1,-1,-1
461,31,441.49,128.43,14.53,14.57,1.0,-1,-1,-1
461,32,416.47,132.61,14.86,14.29,1.0,-1,-1,-1
461,33,412.56,120.92,17.13,17.75,1.0,-1,-1,-1
461,34,387.93,134.9,17.17,15.01,1.0,-1,-1,-1
461,35,385.95,123.36,16.02,15.27,1.0,-1,-1,-1
461,36,404.42,104.19,13.41,19.31,1.0,-1,-1,-1
461,39,453.92,179.21,30.75,29.66,1.0,-1,-1,-1
461,40,409.77,198.7,33.39,30.8,1.0,-1,-1,-1
462,1,426.87,241.51,55.79,52.35,1.0,-1,-1,-1
462,2,576.23,244.2,59.02,51.81,1.0,-1,-1,-1
462,3,493.68,235.71,50.8,41.89,1.0,-1,-1,-1
462,4,516.07,168.45,65.65,62.19,1.0,-1,-1,-1
462,5,106.81,131.86,59.48,63.23,1.0,-1,-1,-1
462,6,318.48,106.5,12.29,10,1.0,-1,-1,-1
462,7,318.43,135.64,18.38,11.25,1.0,-1,-1,-1
462,8,429.31,152.52,28.53,23.45,1.0,-1,-1,-1
462,9,108.01,189.64,44.28,32.63,1.0,-1,-1,-1
462,10,188.52,179.2,30.73,27.52,1.0,-1,-1,-1
462,11,419.29,139.29,20.12,15.77,1.0,-1,-1,-1
462,12,273.6,280,119.5,60.59,1.0,-1,-1,-1
462,15,544.5,266.17,19.04,38.69,1.0,-1,-1,-1
462,16,492.36,266.43,19.76,39.07,1.0,-1,-1,-1
462,20,519.93,269.13,21.28,48.97,1.0,-1,-1,-1
462,22,135.48,119.42,12.87,10.43,1.0,-1,-1,-1
462,24,298.51,128.19,18.23,14.27,1.0,-1,-1,-1
462,25,454.01,130.33,19.82,25.79,1.0,-1,-1,-1
462,27,396.29,161.73,25.88,24.59,1.0,-1,-1,-1
462,30,393.21,146.17,19.35,19.09,1.0,-1,-1,-1
462,31,441.66,128.8,14.6,14.82,1.0,-1,-1,-1
462,32,416.97,132.69,14.73,14.45,1.0,-1,-1,-1
462,33,412.08,121.17,17.04,17.76,1.0,-1,-1,-1
462,34,387.72,136.12,17.42,14.91,1.0,-1,-1,-1
462,35,386.51,123.69,16.23,15.22,1.0,-1,-1,-1
462,36,403.96,104.91,13.63,19.29,1.0,-1,-1,-1
462,39,454.87,180.19,31.06,28.96,1.0,-1,-1,-1
462,40,410.73,199.31,34.04,31.13,1.0,-1,-1,-1
463,1,427.22,241.69,55.67,52.24,1.0,-1,-1,-1
463,2,576.71,243.29,59.23,52.18,1.0,-1,-1,-1
463,3,493.42,236.2,51.36,42.35,1.0,-1,-1,-1
463,4,517.28,169.4,65.87,61.51,1.0,-1,-1,-1
463,5,107.23,131.4,59.83,61.45,1.0,-1,-1,-1
463,6,317.79,107.05,12.56,10,1.0,-1,-1,-1
463,7,318.43,135.64,18.38,11.25,1.0,-1,-1,-1
463,8,429.67,153.13,28.12,23.17,1.0,-1,-1,-1
463,9,109.14,189.08,44.41,32.76,1.0,-1,-1,-1
463,10,188.53,178.5,30.47,27.51,1.0,-1,-1,-1
463,11,421.24,139.85,20.5,16.05,1.0,-1,-1,-1
463,12,271.7,279.4,115.7,59.8,1.0,-1,-1,-1
463,15,543.94,266.25,19.2,39.04,1.0,-1,-1,-1
463,16,492.85,266.81,19.78,39.14,1.0,-1,-1,-1
463,20,519.81,268.69,21.36,49.48,1.0,-1,-1,-1
463,22,134.79,119.22,13.01,10.82,1.0,-1,-1,-1
463,24,298.43,128.7,18.31,14.37,1.0,-1,-1,-1
463,25,455.42,130.7,19.26,25.68,1.0,-1,-1,-1
463,27,396.53,162.2,25.94,24.59,1.0,-1,-1,-1
463,30,393.25,146.27,19.46,19.21,1.0,-1,-1,-1
463,31,442.17,129.39,14.85,14.95,1.0,-1,-1,-1
463,32,417.72,133.28,15.46,14.09,1.0,-1,-1,-1
463,33,412.84,120.54,16.88,17.86,1.0,-1,-1,-1
463,34,388.73,135.61,17.78,15.04,1.0,-1,-1,-1
463,35,386.16,124.02,16.32,15.41,1.0,-1,-1,-1
463,36,404.82,104.94,13.5,19.23,1.0,-1,-1,-1
463,39,455.2,180.54,31.19,28.69,1.0,-1,-1,-1
463,40,410.33,199.34,34.03,31.48,1.0,-1,-1,-1
464,1,427.26,241.63,55.79,52.34,1.0,-1,-1,-1
464,2,576.52,243.11,59.31,52.92,1.0,-1,-1,-1
464,3,493.56,236.38,51.41,42.39,1.0,-1,-1,-1
464,4,516.97,168.46,66.46,63.04,1.0,-1,-1,-1
464,5,107.83,131.46,59.54,62.18,1.0,-1,-1,-1
464,6,317.2,106.38,12.55,10,1.0,-1,-1,-1
464,7,318.85,135.08,18.35,11.21,1.0,-1,-1,-1
464,8,430.12,153.45,27.86,23,1.0,-1,-1,-1
464,9,109.56,187.33,45.55,33.8,1.0,-1,-1,-1
464,10,189.21,178.57,29.56,26.77,1.0,-1,-1,-1
464,11,420.17,139.97,22.1,17.11,1.0,-1,-1,-1
464,12,266.31,278.5,118.29,59.34,1.0,-1,-1,-1
464,15,543.87,266.04,19.14,38.94,1.0,-1,-1,-1
464,16,493.35,266.4,19.58,39,1.0,-1,-1,-1
464,20,519.94,269.26,21.38,49.16,1.0,-1,-1,-1
464,22,134.44,119.18,12.67,10.5,1.0,-1,-1,-1
464,24,299.17,128.21,17.9,14.29,1.0,-1,-1,-1
464,25,454.51,131.05,19.22,25.71,1.0,-1,-1,-1
464,27,396.31,162.27,26.1,24.51,1.0,-1,-1,-1
464,30,394.15,147.2,19.18,18.97,1.0,-1,-1,-1
464,31,442.4,129.81,14.67,14.47,1.0,-1,-1,-1
464,32,417.17,133.21,16.4,14.02,1.0,-1,-1,-1
464,33,412.58,120.84,17.05,17.99,1.0,-1,-1,-1
464,34,388.74,135.73,17.91,14.92,1.0,-1,-1,-1
464,35,386.29,123.99,16.5,14.96,1.0,-1,-1,-1
464,36,404.69,104.64,13.42,19.32,1.0,-1,-1,-1
464,39,455.48,181.01,31.12,29.09,1.0,-1,-1,-1
464,40,410.43,199.33,34.04,31.48,1.0,-1,-1,-1
465,1,427.27,241.47,55.68,52.25,1.0,-1,-1,-1
465,2,576.53,243.06,59,51.61,1.0,-1,-1,-1
465,3,493.73,236.47,51.29,42.25,1.0,-1,-1,-1
465,4,517.09,170.03,66.2,61.78,1.0,-1,-1,-1
465,5,108.85,130.75,58.72,60.81,1.0,-1,-1,-1
465,6,318.14,106.09,11.94,10,1.0,-1,-1,-1
465,7,319.26,134.52,18.32,11.17,1.0,-1,-1,-1
465,8,430.39,153.61,27.7,22.88,1.0,-1,-1,-1
465,9,109.39,184.77,47.31,35.5,1.0,-1,-1,-1
465,10,190.29,178.34,29.06,26.26,1.0,-1,-1,-1
465,11,419.29,140.23,23.03,17.7,1.0,-1,-1,-1
465,12,267,277.69,112.6,58.24,1.0,-1,-1,-1
465,15,544.08,265.69,19.32,39.13,1.0,-1,-1,-1
465,16,493.15,266.15,19.47,38.84,1.0,-1,-1,-1
465,20,519.7,267.69,21.01,49.97,1.0,-1,-1,-1
465,22,132.99,119.3,12.91,10.45,1.0,-1,-1,-1
465,24,299.31,127.6,18.11,14.34,1.0,-1,-1,-1
465,25,454.65,131.03,19.55,26.03,1.0,-1,-1,-1
465,27,396.18,162.13,26.08,24.68,1.0,-1,-1,-1
465,30,393.26,146.19,19.37,19.22,1.0,-1,-1,-1
465,31,442.09,129.49,14.92,14.49,1.0,-1,-1,-1
465,32,417.71,133.29,16.06,14,1.0,-1,-1,-1
465,33,412.81,120.49,17.13,17.97,1.0,-1,-1,-1
465,34,388.89,135.3,17.46,15.76,1.0,-1,-1,-1
465,35,386.05,124,16.46,14.77,1.0,-1,-1,-1
465,36,404.46,104.23,13.54,19.23,1.0,-1,-1,-1
465,39,454.7,180.81,31.69,28.48,1.0,-1,-1,-1
465,40,410.55,199.38,33.96,31.6,1.0,-1,-1,-1
466,1,427.22,241.46,55.34,51.97,1.0,-1,-1,-1
466,2,575.81,243.3,59.1,52.28,1.0,-1,-1,-1
466,3,493.87,236.5,51.29,42.2,1.0,-1,-1,-1
466,4,516.45,169,67.13,62.84,1.0,-1,-1,-1
466,5,108.81,129.97,58.47,61.68,1.0,-1,-1,-1
466,6,317.29,105.94,11.16,10,1.0,-1,-1,-1
466,7,319.68,133.96,18.29,11.14,1.0,-1,-1,-1
466,8,430.47,153.66,27.76,22.96,1.0,-1,-1,-1
466,9,110.79,184.72,46.17,34.74,1.0,-1,-1,-1
466,10,191.01,177.94,28.58,25.74,1.0,-1,-1,-1
466,11,418.87,138.72,23.54,17.99,1.0,-1,-1,-1
466,12,263.32,276.37,111.68,57.99,1.0,-1,-1,-1
466,15,543.76,265.86,19.59,38.98,1.0,-1,-1,-1
466,16,492.76,265.39,19.54,39.03,1.0,-1,-1,-1
466,20,519.19,268.88,21.37,48.7,1.0,-1,-1,-1
466,22,133.04,118.61,13.04,10.13,1.0,-1,-1,-1
466,24,299.62,126.7,18.07,14.21,1.0,-1,-1,-1
466,25,454.94,130.26,19.58,26.08,1.0,-1,-1,-1
466,27,396.07,162.1,26.09,24.67,1.0,-1,-1,-1
466,30,394.03,147.04,19.33,19.18,1.0,-1,-1,-1
466,31,441.96,129.27,14.88,14.43,1.0,-1,-1,-1
466,32,417.18,133.32,15.73,14.27,1.0,-1,-1,-1
466,33,413.06,121.15,17.21,18.18,1.0,-1,-1,-1
466,34,388.06,135.8,17.33,15.88,1.0,-1,-1,-1
466,35,386.6,123.99,16.49,14.8,1.0,-1,-1,-1
466,36,404.26,104.7,13.64,19.4,1.0,-1,-1,-1
466,39,454.53,181.15,32.02,28.87,1.0,-1,-1,-1
466,40,410.62,199.76,33.99,31.76,1.0,-1,-1,-1
467,1,427.25,241.57,55.09,51.78,1.0,-1,-1,-1
467,2,576.47,243.24,59.42,52.53,1.0,-1,-1,-1
467,3,493.6,236.54,51.9,42.76,1.0,-1,-1,-1
467,4,516.52,168.85,67.48,63,1.0,-1,-1,-1
467,5,110.6,130.24,57.08,61.35,1.0,-1,-1,-1
467,6,318.3,106.19,11.94,10,1.0,-1,-1,-1
467,7,320.1,133.4,18.26,11.1,1.0,-1,-1,-1
467,8,430.83,153.94,27.61,22.9,1.0,-1,-1,-1
467,9,111.08,182.06,47.91,36.45,1.0,-1,-1,-1
467,10,191.33,177.03,28.89,25.95,1.0,-1,-1,-1
467,11,420.21,138.79,23.73,18.02,1.0,-1,-1,-1
467,12,260.52,275.25,109.08,57.48,1.0,-1,-1,-1
467,15,543.58,265.79,19.51,39.13,1.0,-1,-1,-1
467,16,492.42,265.88,19.51,39.04,1.0,-1,-1,-1
467,20,519.64,267.48,21,49.81,1.0,-1,-1,-1
467,22,132.11,118.88,12.09,10,1.0,-1,-1,-1
467,24,299.29,126.74,17.94,14.29,1.0,-1,-1,-1
467,25,455.62,130.69,19.56,26.16,1.0,-1,-1,-1
467,27,396.1,162.49,26.17,24.81,1.0,-1,-1,-1
467,30,393.71,147.01,19.48,19.41,1.0,-1,-1,-1
467,31,443.18,129.93,14.83,14.83,1.0,-1,-1,-1
467,32,417.51,133.66,16.26,14.31,1.0,-1,-1,-1
467,33,412.68,121.13,17.1,17.97,1.0,-1,-1,-1
467,34,388.2,135.42,17.5,15.67,1.0,-1,-1,-1
467,35,386.35,124.11,16.47,14.9,1.0,-1,-1,-1
467,36,404.66,104.89,13.73,19.56,1.0,-1,-1,-1
467,39,455.66,181.56,31.74,29.19,1.0,-1,-1,-1
467,40,410.91,200.7,34.22,31.84,1.0,-1,-1,-1
468,1,427.06,241.57,55.24,51.96,1.0,-1,-1,-1
468,2,575.83,242.93,59.17,52.28,1.0,-1,-1,-1
468,3,493.86,236.69,51.94,42.83,1.0,-1,-1,-1
468,4,517.9,170.28,67.46,62.66,1.0,-1,-1,-1
468,5,110.39,130.13,57.76,61.54,1.0,-1,-1,-1
468,6,318.46,106.25,11.78,10,1.0,-1,-1,-1
468,7,320.1,133.4,18.26,11.1,1.0,-1,-1,-1
468,8,431.06,154.45,27.6,22.97,1.0,-1,-1,-1
468,9,114.69,184.94,43.84,33.2,1.0,-1,-1,-1
468,10,191.46,176.16,29.38,26.25,1.0,-1,-1,-1
468,11,417.75,138.13,23.94,18.08,1.0,-1,-1,-1
468,12,258.19,274.02,116.58,57.22,1.0,-1,-1,-1
468,15,544.19,266.01,19.55,39.14,1.0,-1,-1,-1
468,16,493.26,266.38,19.52,39.41,1.0,-1,-1,-1
468,20,519.22,269.15,21.33,48.6,1.0,-1,-1,-1
468,22,132.55,118.92,11.53,10,1.0,-1,-1,-1
468,24,299.91,127.05,18.34,13.98,1.0,-1,-1,-1
468,25,455.42,131.68,19.79,26.26,1.0,-1,-1,-1
468,27,396.49,163.37,25.97,24.85,1.0,-1,-1,-1
468,30,393.66,147.61,19.57,19.46,1.0,-1,-1,-1
468,31,443.13,129.85,14.68,14.77,1.0,-1,-1,-1
468,32,417.58,133.73,16.64,14.55,1.0,-1,-1,-1
468,33,413.21,121.39,17.1,18.06,1.0,-1,-1,-1
468,34,388.63,136.31,17.32,15.82,1.0,-1,-1,-1
468,35,386.25,123.58,16.25,14.98,1.0,-1,-1,-1
468,36,404.3,104.41,13.76,19.69,1.0,-1,-1,-1
468,39,455.83,182.04,31.96,28.89,1.0,-1,-1,-1
468,40,411.02,201.02,34.21,31.84,1.0,-1,-1,-1
469,1,426.93,241.52,55.59,52.39,1.0,-1,-1,-1
469,2,576.39,243.32,59.34,52.42,1.0,-1,-1,-1
469,3,493.79,236.95,52.2,43.13,1.0,-1,-1,-1
469,4,517.61,168.82,67.72,64.01,1.0,-1,-1,-1
469,5,113.14,130.19,55.26,61.02,1.0,-1,-1,-1
469,6,318.31,106.44,12.12,10,1.0,-1,-1,-1
469,7,320.88,133,18.38,11.2,1.0,-1,-1,-1
469,8,431.27,155.28,27.63,22.97,1.0,-1,-1,-1
469,9,114.16,181.68,46.91,35.88,1.0,-1,-1,-1
469,10,191.98,175.45,29.78,26.46,1.0,-1,-1,-1
469,11,420.43,140.52,23.21,17.33,1.0,-1,-1,-1
469,12,256.23,273.24,114.49,56.95,1.0,-1,-1,-1
469,15,544.33,265.48,18.94,39.02,1.0,-1,-1,-1
469,16,492.54,265.97,19.59,39.08,1.0,-1,-1,-1
469,20,519.73,268.24,20.98,49.51,1.0,-1,-1,-1
469,22,132.2,119.71,11.14,10,1.0,-1,-1,-1
469,24,300.19,127.16,18.03,13.95,1.0,-1,-1,-1
469,25,455.97,131.69,20.12,26.24,1.0,-1,-1,-1
469,27,396.87,164.01,25.99,24.77,1.0,-1,-1,-1
469,30,394.23,147.88,19.68,19.6,1.0,-1,-1,-1
469,31,443.72,130.36,14.82,15.11,1.0,-1,-1,-1
469,32,417.54,134.08,17.26,14.49,1.0,-1,-1,-1
469,33,413.08,121.8,17.14,18.42,1.0,-1,-1,-1
469,34,389.24,136.74,17.48,15.87,1.0,-1,-1,-1
469,35,387.12,124.19,16.32,14.86,1.0,-1,-1,-1
469,36,404.82,105.08,13.99,19.65,1.0,-1,-1,-1
469,39,456.25,182.67,32.28,29.2,1.0,-1,-1,-1
469,40,411.39,201.91,34.26,31.98,1.0,-1,-1,-1
470,1,426.48,241.16,56.05,53.05,1.0,-1,-1,-1
470,2,575.77,243.05,59.04,52.74,1.0,-1,-1,-1
470,3,493.64,237.16,52.49,43.48,1.0,-1,-1,-1
470,4,518.63,170.8,67.42,63.58,1.0,-1,-1,-1
470,5,111.94,130.19,56.14,60.43,1.0,-1,-1,-1
470,6,318.89,106.71,12.38,10,1.0,-1,-1,-1
470,7,321.42,133.14,17.29,10.47,1.0,-1,-1,-1
470,8,432.31,156.79,26.33,21.79,1.0,-1,-1,-1
470,9,114.62,179.71,48.09,37.25,1.0,-1,-1,-1
470,10,192.17,174.67,30.33,26.9,1.0,-1,-1,-1
470,11,419.18,139.97,22.79,16.79,1.0,-1,-1,-1
470,12,254.99,272.35,111.37,56.1,1.0,-1,-1,-1
470,15,544.38,266.24,19.23,39.16,1.0,-1,-1,-1
470,16,493.59,265.81,19.32,39.24,1.0,-1,-1,-1
470,20,519.6,268.35,21.05,49.31,1.0,-1,-1,-1
470,22,131.76,118.92,11.18,10,1.0,-1,-1,-1
470,24,300.17,126.6,17.56,13.93,1.0,-1,-1,-1
470,25,456.02,131.68,19.99,26.3,1.0,-1,-1,-1
470,27,397.16,163.75,26,24.96,1.0,-1,-1,-1
470,30,393.75,146.73,19.93,20.33,1.0,-1,-1,-1
470,31,442.89,130.85,15.08,14.55,1.0,-1,-1,-1
470,32,417.32,133.9,17.7,14.59,1.0,-1,-1,-1
470,33,413.51,120.99,17.05,18.2,1.0,-1,-1,-1
470,34,388.74,136.16,17.54,15.77,1.0,-1,-1,-1
470,35,386.99,124.16,16.64,14.32,1.0,-1,-1,-1
470,36,405.18,105.46,13.92,19.58,1.0,-1,-1,-1
470,39,456.76,183.27,32.17,29.4,1.0,-1,-1,-1
470,40,410.93,202.1,34.62,32.25,1.0,-1,-1,-1
471,1,426.73,241.42,55.77,52.85,1.0,-1,-1,-1
471,2,575.87,243.08,59.38,52.43,1.0,-1,-1,-1
471,3,493.77,237.24,52.53,43.63,1.0,-1,-1,-1
471,4,517.77,169.54,68.83,64.43,1.0,-1,-1,-1
471,5,112.97,129.93,55.19,60.62,1.0,-1,-1,-1
471,6,318.64,105.86,12.34,10,1.0,-1,-1,-1
471,7,321.57,132.64,16.79,10.02,1.0,-1,-1,-1
471,8,432.48,156.99,26.28,21.71,1.0,-1,-1,-1
471,9,117.19,181.11,44.88,34.82,1.0,-1,-1,-1
471,10,193.17,174.68,29.1,25.63,1.0,-1,-1,-1
471,11,421.79,142.67,22.31,16.24,1.0,-1,-1,-1
471,12,252.91,270.92,108.99,55.62,1.0,-1,-1,-1
471,15,544.4,265.51,18.96,39.32,1.0,-1,-1,-1
471,16,493.25,266.58,19.36,39.2,1.0,-1,-1,-1
471,20,519.53,268.19,20.98,49.55,1.0,-1,-1,-1
471,22,131.43,118.8,10.98,10,1.0,-1,-1,-1
471,24,300.66,126.25,16.98,13.65,1.0,-1,-1,-1
471,25,456.27,131.74,19.76,26.3,1.0,-1,-1,-1
471,27,396.29,163.89,26.49,24.84,1.0,-1,-1,-1
471,30,393.57,147.55,19.84,19.74,1.0,-1,-1,-1
471,31,443.25,130.06,15.24,14.59,1.0,-1,-1,-1
471,32,417.85,134.4,17.67,14.31,1.0,-1,-1,-1
471,33,413.44,121.59,17.08,18.3,1.0,-1,-1,-1
471,34,388.36,136.32,17.7,16.09,1.0,-1,-1,-1
471,35,386.51,124.29,16.58,14.14,1.0,-1,-1,-1
471,36,405.09,105.18,13.82,19.74,1.0,-1,-1,-1
471,39,456.89,183.83,32.25,29.11,1.0,-1,-1,-1
471,40,411.15,202.16,34.64,32.54,1.0,-1,-1,-1
472,1,426.51,240.92,55.93,53.2,1.0,-1,-1,-1
472,2,576.24,242.93,59.13,52.2,1.0,-1,-1,-1
472,3,493.88,237.3,52.63,43.8,1.0,-1,-1,-1
472,4,518.69,169.8,68.97,63.68,1.0,-1,-1,-1
472,5,114.09,129.36,54.75,60.11,1.0,-1,-1,-1
472,6,318.39,105.23,12.01,10,1.0,-1,-1,-1
472,7,321.6,131.89,17.03,10.04,1.0,-1,-1,-1
472,8,432.56,157.15,26.33,21.71,1.0,-1,-1,-1
472,9,118.69,181.32,43.47,33.7,1.0,-1,-1,-1
472,10,193.55,174.42,28.53,24.94,1.0,-1,-1,-1
472,11,420.13,143,22.54,16.3,1.0,-1,-1,-1
472,12,252.91,270.92,108.99,55.62,1.0,-1,-1,-1
472,15,543.98,265.6,19.37,39.31,1.0,-1,-1,-1
472,16,492.97,266.31,19.36,38.99,1.0,-1,-1,-1
472,20,519.42,267.96,20.87,49.63,1.0,-1,-1,-1
472,22,132.36,118.87,10.34,10,1.0,-1,-1,-1
472,24,300.33,125.78,17.02,13.6,1.0,-1,-1,-1
472,25,456.38,131.71,19.73,26.43,1.0,-1,-1,-1
472,27,396.31,164.36,26.22,24.88,1.0,-1,-1,-1
472,30,393.74,147.6,19.91,19.71,1.0,-1,-1,-1
472,31,443.81,130.11,15.08,14.9,1.0,-1,-1,-1
472,32,417.9,133.94,16.63,14.75,1.0,-1,-1,-1
472,33,413.41,121,17.06,18.33,1.0,-1,-1,-1
472,34,388.6,135.99,17.39,15.79,1.0,-1,-1,-1
472,35,386.86,123.97,16.78,14.13,1.0,-1,-1,-1
472,36,405.36,104.14,13.82,19.8,1.0,-1,-1,-1
472,39,456.34,183.7,32.78,29.41,1.0,-1,-1,-1
472,40,411.8,203.09,34.63,32.47,1.0,-1,-1,-1
